{
"type": "FeatureCollection",
"name": "Vedas_Power_Plants",
"crs": { "type": "name", "properties": { "name": "urn:ogc:def:crs:OGC::CRS84" } },
"features": [
{ "type": "Feature", "properties": { "id": "hydro_power_plants_public.154", "plant_name": "KADRA", "district": "UTTARA KANNADA", "proj_name": null, "state": "KARNATAKA", "inst_cap": 150.0, "layer": "hydro_power_plants", "xmin": 74.3525, "ymin": 14.8959, "xmax": 74.3525, "ymax": 14.8959 }, "geometry": { "type": "Point", "coordinates": [ 74.3525, 14.8959 ] } },
{ "type": "Feature", "properties": { "id": "hydro_power_plants_public.153", "plant_name": "KODASALLI", "district": "UTTARA KANNADA", "proj_name": null, "state": "KARNATAKA", "inst_cap": 120.0, "layer": "hydro_power_plants", "xmin": 74.5345, "ymin": 14.9202, "xmax": 74.5345, "ymax": 14.9202 }, "geometry": { "type": "Point", "coordinates": [ 74.5345, 14.9202 ] } },
{ "type": "Feature", "properties": { "id": "hydro_power_plants_public.148", "plant_name": "SHARAVATHY", "district": "SHIMOGA", "proj_name": null, "state": "KARNATAKA", "inst_cap": 1035.0, "layer": "hydro_power_plants", "xmin": 74.5559, "ymin": 14.2489, "xmax": 74.5559, "ymax": 14.2489 }, "geometry": { "type": "Point", "coordinates": [ 74.5559, 14.2489 ] } },
{ "type": "Feature", "properties": { "id": "hydro_power_plants_public.150", "plant_name": "GERUSOPPA POWER", "district": "UTTARA KANNADA", "proj_name": null, "state": "KARNATAKA", "inst_cap": 240.0, "layer": "hydro_power_plants", "xmin": 74.6753, "ymin": 14.2516, "xmax": 74.6753, "ymax": 14.2516 }, "geometry": { "type": "Point", "coordinates": [ 74.6753, 14.2516 ] } },
{ "type": "Feature", "properties": { "id": "hydro_power_plants_public.149", "plant_name": "MAHATHMA GANDHI (JOG)", "district": "SHIMOGA", "proj_name": null, "state": "KARNATAKA", "inst_cap": 139.2, "layer": "hydro_power_plants", "xmin": 74.7996, "ymin": 14.2275, "xmax": 74.7996, "ymax": 14.2275 }, "geometry": { "type": "Point", "coordinates": [ 74.7996, 14.2275 ] } },
{ "type": "Feature", "properties": { "id": "hydro_power_plants_public.152", "plant_name": "KALINADI", "district": "UTTARA KANNADA", "proj_name": null, "state": "KARNATAKA", "inst_cap": 855.0, "layer": "hydro_power_plants", "xmin": 74.9017, "ymin": 14.2023, "xmax": 74.9017, "ymax": 14.2023 }, "geometry": { "type": "Point", "coordinates": [ 74.9017, 14.2023 ] } },
{ "type": "Feature", "properties": { "id": "hydro_power_plants_public.147", "plant_name": "LINGANAMAKKI", "district": "SHIMOGA", "proj_name": null, "state": "KARNATAKA", "inst_cap": 55.0, "layer": "hydro_power_plants", "xmin": 74.8384, "ymin": 14.1706, "xmax": 74.8384, "ymax": 14.1706 }, "geometry": { "type": "Point", "coordinates": [ 74.8384, 14.1706 ] } },
{ "type": "Feature", "properties": { "id": "hydro_power_plants_public.155", "plant_name": "VARAHI", "district": "UDUPI", "proj_name": null, "state": "KARNATAKA", "inst_cap": 460.0, "layer": "hydro_power_plants", "xmin": 75.0002, "ymin": 13.6965, "xmax": 75.0002, "ymax": 13.6965 }, "geometry": { "type": "Point", "coordinates": [ 75.0002, 13.6965 ] } },
{ "type": "Feature", "properties": { "id": "natural_gas_power_plants_public.40", "plant_name": "Tanir Bavi CCGT", "district": "Kannada", "proj_name": null, "state": "Karnataka", "inst_cap": 220.0, "layer": "natural_gas_power_plants", "xmin": 74.816, "ymin": 12.9019, "xmax": 74.816, "ymax": 12.9019 }, "geometry": { "type": "Point", "coordinates": [ 74.816, 12.9019 ] } },
{ "type": "Feature", "properties": { "id": "coal_power_plants_public.fid--438479b5_193d56910e1_7813", "plant_name": "Udupi TPP", "district": "Udupi", "proj_name": null, "state": "Karnataka", "inst_cap": 1200.0, "layer": "coal_power_plants", "xmin": 74.783, "ymin": 13.1596, "xmax": 74.783, "ymax": 13.1596 }, "geometry": { "type": "Point", "coordinates": [ 74.783, 13.1596 ] } },
{ "type": "Feature", "properties": { "id": "diesel_power_plants_public.16", "plant_name": "Samalpatti DGPP", "district": "Dharmapuri", "proj_name": null, "state": "TN", "inst_cap": 105.66, "layer": "diesel_power_plants", "xmin": 74.4038, "ymin": 12.2995, "xmax": 74.4038, "ymax": 12.2995 }, "geometry": { "type": "Point", "coordinates": [ 74.4038, 12.2995 ] } },
{ "type": "Feature", "properties": { "id": "diesel_power_plants_public.10", "plant_name": "Kasargode DG", "district": "Kasargode", "proj_name": null, "state": "Kerala", "inst_cap": 21.9, "layer": "diesel_power_plants", "xmin": 74.9929, "ymin": 12.4837, "xmax": 74.9929, "ymax": 12.4837 }, "geometry": { "type": "Point", "coordinates": [ 74.9929, 12.4837 ] } },
{ "type": "Feature", "properties": { "id": "diesel_power_plants_public.11", "plant_name": "DG Set at Lakshwadeep", "district": null, "proj_name": null, "state": "Lakshwadeep", "inst_cap": 3.05, "layer": "diesel_power_plants", "xmin": 73.4, "ymin": 10.49, "xmax": 73.4, "ymax": 10.49 }, "geometry": { "type": "Point", "coordinates": [ 73.4, 10.49 ] } },
{ "type": "Feature", "properties": { "id": "hydro_power_plants_public.134", "plant_name": "SABARIGIRI", "district": "PATHANAMTHITTA", "proj_name": null, "state": "KERALA", "inst_cap": 300.0, "layer": "hydro_power_plants", "xmin": 77.0703, "ymin": 9.3071, "xmax": 77.0703, "ymax": 9.3071 }, "geometry": { "type": "Point", "coordinates": [ 77.0703, 9.3071 ] } },
{ "type": "Feature", "properties": { "id": "natural_gas_power_plants_public.41", "plant_name": "Kayamkulam CCGT", "district": "Allapuzha", "proj_name": null, "state": "Kerala", "inst_cap": 350.0, "layer": "natural_gas_power_plants", "xmin": 76.4283, "ymin": 9.2404, "xmax": 76.4283, "ymax": 9.2404 }, "geometry": { "type": "Point", "coordinates": [ 76.4283, 9.2404 ] } },
{ "type": "Feature", "properties": { "id": "hydro_power_plants_public.143", "plant_name": "KAKKAD", "district": "PATHANAMTHITTA", "proj_name": null, "state": "KERALA", "inst_cap": 50.0, "layer": "hydro_power_plants", "xmin": 76.9705, "ymin": 9.3296, "xmax": 76.9705, "ymax": 9.3296 }, "geometry": { "type": "Point", "coordinates": [ 76.9705, 9.3296 ] } },
{ "type": "Feature", "properties": { "id": "hydro_power_plants_public.133", "plant_name": "IDUKKI", "district": "IDUKKI", "proj_name": null, "state": "KERALA", "inst_cap": 780.0, "layer": "hydro_power_plants", "xmin": 76.8602, "ymin": 9.7895, "xmax": 76.8602, "ymax": 9.7895 }, "geometry": { "type": "Point", "coordinates": [ 76.8602, 9.7895 ] } },
{ "type": "Feature", "properties": { "id": "hydro_power_plants_public.139", "plant_name": "NERIMANGALAM", "district": "IDUKKI", "proj_name": null, "state": "KERALA", "inst_cap": 45.0, "layer": "hydro_power_plants", "xmin": 76.9794, "ymin": 9.9526, "xmax": 76.9794, "ymax": 9.9526 }, "geometry": { "type": "Point", "coordinates": [ 76.9794, 9.9526 ] } },
{ "type": "Feature", "properties": { "id": "hydro_power_plants_public.144", "plant_name": "SENGULAM", "district": "IDUKKI", "proj_name": null, "state": "KERALA", "inst_cap": 48.0, "layer": "hydro_power_plants", "xmin": 77.0287, "ymin": 9.9773, "xmax": 77.0287, "ymax": 9.9773 }, "geometry": { "type": "Point", "coordinates": [ 77.0287, 9.9773 ] } },
{ "type": "Feature", "properties": { "id": "hydro_power_plants_public.146", "plant_name": "PANNIAR", "district": "IDUKKI", "proj_name": null, "state": "KERALA", "inst_cap": 30.0, "layer": "hydro_power_plants", "xmin": 77.031, "ymin": 9.976, "xmax": 77.031, "ymax": 9.976 }, "geometry": { "type": "Point", "coordinates": [ 77.031, 9.976 ] } },
{ "type": "Feature", "properties": { "id": "hydro_power_plants_public.145", "plant_name": "PALLIVASAL", "district": "IDUKKI", "proj_name": null, "state": "KERALA", "inst_cap": 37.5, "layer": "hydro_power_plants", "xmin": 77.0515, "ymin": 10.0339, "xmax": 77.0515, "ymax": 10.0339 }, "geometry": { "type": "Point", "coordinates": [ 77.0515, 10.0339 ] } },
{ "type": "Feature", "properties": { "id": "hydro_power_plants_public.138", "plant_name": "LOWER PERIYAR", "district": "IDUKKI", "proj_name": null, "state": "KERALA", "inst_cap": 180.0, "layer": "hydro_power_plants", "xmin": 76.8514, "ymin": 10.0193, "xmax": 76.8514, "ymax": 10.0193 }, "geometry": { "type": "Point", "coordinates": [ 76.8514, 10.0193 ] } },
{ "type": "Feature", "properties": { "id": "diesel_power_plants_public.8", "plant_name": "Brahmapuram DG", "district": "Ernakulam", "proj_name": null, "state": "Kerala", "inst_cap": 100.0, "layer": "diesel_power_plants", "xmin": 76.3744, "ymin": 9.9975, "xmax": 76.3744, "ymax": 9.9975 }, "geometry": { "type": "Point", "coordinates": [ 76.3744, 9.9975 ] } },
{ "type": "Feature", "properties": { "id": "natural_gas_power_plants_public.42", "plant_name": "Eloor CCGT", "district": "Ernakulam", "proj_name": null, "state": "Kerala", "inst_cap": 174.0, "layer": "natural_gas_power_plants", "xmin": 76.3029, "ymin": 10.0698, "xmax": 76.3029, "ymax": 10.0698 }, "geometry": { "type": "Point", "coordinates": [ 76.3029, 10.0698 ] } },
{ "type": "Feature", "properties": { "id": "diesel_power_plants_public.9", "plant_name": "Kozhikode DG", "district": "Kozikode", "proj_name": null, "state": "Kerala", "inst_cap": 128.0, "layer": "diesel_power_plants", "xmin": 75.8067, "ymin": 11.2054, "xmax": 75.8067, "ymax": 11.2054 }, "geometry": { "type": "Point", "coordinates": [ 75.8067, 11.2054 ] } },
{ "type": "Feature", "properties": { "id": "small_hydro_power_plants_public.10", "plant_name": null, "district": "KOZIKOD", "proj_name": "Kakkayam", "state": "Kerala", "inst_cap": 3.0, "layer": "small_hydro_power_plants", "xmin": 75.895, "ymin": 11.5458, "xmax": 75.895, "ymax": 11.5458 }, "geometry": { "type": "Point", "coordinates": [ 75.895, 11.5458 ] } },
{ "type": "Feature", "properties": { "id": "hydro_power_plants_public.135", "plant_name": "KUTTIYADI", "district": "KOZHIKODE", "proj_name": null, "state": "KERALA", "inst_cap": 75.0, "layer": "hydro_power_plants", "xmin": 75.8992, "ymin": 11.5487, "xmax": 75.8992, "ymax": 11.5487 }, "geometry": { "type": "Point", "coordinates": [ 75.8992, 11.5487 ] } },
{ "type": "Feature", "properties": { "id": "hydro_power_plants_public.137", "plant_name": "KUTTIYADI ADDL.", "district": "KOZHIKODE", "proj_name": null, "state": "KERALA", "inst_cap": 100.0, "layer": "hydro_power_plants", "xmin": 75.8974, "ymin": 11.549, "xmax": 75.8974, "ymax": 11.549 }, "geometry": { "type": "Point", "coordinates": [ 75.8974, 11.549 ] } },
{ "type": "Feature", "properties": { "id": "hydro_power_plants_public.136", "plant_name": "KUTTIYADI EXT.", "district": "KOZHIKODE", "proj_name": null, "state": "KERALA", "inst_cap": 50.0, "layer": "hydro_power_plants", "xmin": 75.8953, "ymin": 11.5511, "xmax": 75.8953, "ymax": 11.5511 }, "geometry": { "type": "Point", "coordinates": [ 75.8953, 11.5511 ] } },
{ "type": "Feature", "properties": { "id": "hydro_power_plants_public.110", "plant_name": "KUNDAH- I", "district": "NILGRIS", "proj_name": null, "state": "TAMIL NADU", "inst_cap": 60.0, "layer": "hydro_power_plants", "xmin": 76.6486, "ymin": 11.2885, "xmax": 76.6486, "ymax": 11.2885 }, "geometry": { "type": "Point", "coordinates": [ 76.6486, 11.2885 ] } },
{ "type": "Feature", "properties": { "id": "hydro_power_plants_public.114", "plant_name": "KUNDAH V", "district": "NILGRIS", "proj_name": null, "state": "TAMIL NADU", "inst_cap": 40.0, "layer": "hydro_power_plants", "xmin": 76.5757, "ymin": 11.3046, "xmax": 76.5757, "ymax": 11.3046 }, "geometry": { "type": "Point", "coordinates": [ 76.5757, 11.3046 ] } },
{ "type": "Feature", "properties": { "id": "hydro_power_plants_public.129", "plant_name": "PYKARA ULTIMATE", "district": "NILGIRIS", "proj_name": null, "state": "TAMIL NADU", "inst_cap": 150.0, "layer": "hydro_power_plants", "xmin": 76.5996, "ymin": 11.5245, "xmax": 76.5996, "ymax": 11.5245 }, "geometry": { "type": "Point", "coordinates": [ 76.5996, 11.5245 ] } },
{ "type": "Feature", "properties": { "id": "hydro_power_plants_public.125", "plant_name": "PYKARA", "district": "NILGRIS", "proj_name": null, "state": "TAMIL NADU", "inst_cap": 59.2, "layer": "hydro_power_plants", "xmin": 76.6005, "ymin": 11.5232, "xmax": 76.6005, "ymax": 11.5232 }, "geometry": { "type": "Point", "coordinates": [ 76.6005, 11.5232 ] } },
{ "type": "Feature", "properties": { "id": "hydro_power_plants_public.123", "plant_name": "Parson's valley", "district": "NILGIRIS", "proj_name": null, "state": "TAMIL NADU", "inst_cap": 30.0, "layer": "hydro_power_plants", "xmin": 76.6044, "ymin": 11.3645, "xmax": 76.6044, "ymax": 11.3645 }, "geometry": { "type": "Point", "coordinates": [ 76.6044, 11.3645 ] } },
{ "type": "Feature", "properties": { "id": "hydro_power_plants_public.121", "plant_name": "MOYAR", "district": "NILGRIS", "proj_name": null, "state": "TAMIL NADU", "inst_cap": 36.0, "layer": "hydro_power_plants", "xmin": 76.6927, "ymin": 11.6139, "xmax": 76.6927, "ymax": 11.6139 }, "geometry": { "type": "Point", "coordinates": [ 76.6927, 11.6139 ] } },
{ "type": "Feature", "properties": { "id": "hydro_power_plants_public.113", "plant_name": "KUNDAH-IV", "district": "COIMBATORE", "proj_name": null, "state": "TAMIL NADU", "inst_cap": 100.0, "layer": "hydro_power_plants", "xmin": 76.8037, "ymin": 11.263, "xmax": 76.8037, "ymax": 11.263 }, "geometry": { "type": "Point", "coordinates": [ 76.8037, 11.263 ] } },
{ "type": "Feature", "properties": { "id": "hydro_power_plants_public.112", "plant_name": "KUNDAH-III", "district": "COIMBATORE", "proj_name": null, "state": "TAMIL NADU", "inst_cap": 180.0, "layer": "hydro_power_plants", "xmin": 76.7669, "ymin": 11.2487, "xmax": 76.7669, "ymax": 11.2487 }, "geometry": { "type": "Point", "coordinates": [ 76.7669, 11.2487 ] } },
{ "type": "Feature", "properties": { "id": "hydro_power_plants_public.111", "plant_name": "KUNDAH-II", "district": "NILGRIS", "proj_name": null, "state": "TAMIL NADU", "inst_cap": 175.0, "layer": "hydro_power_plants", "xmin": 76.6796, "ymin": 11.2503, "xmax": 76.6796, "ymax": 11.2503 }, "geometry": { "type": "Point", "coordinates": [ 76.6796, 11.2503 ] } },
{ "type": "Feature", "properties": { "id": "hydro_power_plants_public.142", "plant_name": "PORINGALKUTHU", "district": "COIMBATORE", "proj_name": null, "state": "KERALA", "inst_cap": 32.0, "layer": "hydro_power_plants", "xmin": 76.6154, "ymin": 10.312, "xmax": 76.6154, "ymax": 10.312 }, "geometry": { "type": "Point", "coordinates": [ 76.6154, 10.312 ] } },
{ "type": "Feature", "properties": { "id": "hydro_power_plants_public.140", "plant_name": "IDAMALAYAR", "district": "ERANAKULAM", "proj_name": null, "state": "KERALA", "inst_cap": 75.0, "layer": "hydro_power_plants", "xmin": 76.7135, "ymin": 10.2071, "xmax": 76.7135, "ymax": 10.2071 }, "geometry": { "type": "Point", "coordinates": [ 76.7135, 10.2071 ] } },
{ "type": "Feature", "properties": { "id": "hydro_power_plants_public.141", "plant_name": "SHOLAYAR", "district": "COIMBATORE", "proj_name": null, "state": "KERALA", "inst_cap": 54.0, "layer": "hydro_power_plants", "xmin": 76.7297, "ymin": 10.3041, "xmax": 76.7297, "ymax": 10.3041 }, "geometry": { "type": "Point", "coordinates": [ 76.7297, 10.3041 ] } },
{ "type": "Feature", "properties": { "id": "hydro_power_plants_public.126", "plant_name": "SARKARPATHY", "district": "KOZHIKODE", "proj_name": null, "state": "TAMIL NADU", "inst_cap": 30.0, "layer": "hydro_power_plants", "xmin": 76.8558, "ymin": 10.4721, "xmax": 76.8558, "ymax": 10.4721 }, "geometry": { "type": "Point", "coordinates": [ 76.8558, 10.4721 ] } },
{ "type": "Feature", "properties": { "id": "hydro_power_plants_public.127", "plant_name": "SHOLAYAR- I", "district": "COIMBATORE", "proj_name": null, "state": "TAMIL NADU", "inst_cap": 70.0, "layer": "hydro_power_plants", "xmin": 76.8784, "ymin": 10.3561, "xmax": 76.8784, "ymax": 10.3561 }, "geometry": { "type": "Point", "coordinates": [ 76.8784, 10.3561 ] } },
{ "type": "Feature", "properties": { "id": "hydro_power_plants_public.107", "plant_name": "ALIYAR", "district": "COIMBATORE", "proj_name": null, "state": "TAMIL NADU", "inst_cap": 60.0, "layer": "hydro_power_plants", "xmin": 77.0068, "ymin": 10.4557, "xmax": 77.0068, "ymax": 10.4557 }, "geometry": { "type": "Point", "coordinates": [ 77.0068, 10.4557 ] } },
{ "type": "Feature", "properties": { "id": "pumped_storage_hydro_power_plants_public.7", "plant_name": "KADAMPARAI", "district": "COIMBATORE", "proj_name": null, "state": "TAMIL NADU", "inst_cap": 400.0, "layer": "pumped_storage_hydro_power_plants", "xmin": 77.6667, "ymin": 10.4167, "xmax": 77.6667, "ymax": 10.4167 }, "geometry": { "type": "Point", "coordinates": [ 77.6667, 10.4167 ] } },
{ "type": "Feature", "properties": { "id": "hydro_power_plants_public.130", "plant_name": "BHAWANI KATTALAI (BKB PH-I)", "district": "ERODE", "proj_name": null, "state": "TAMIL NADU", "inst_cap": 30.0, "layer": "hydro_power_plants", "xmin": 77.7149, "ymin": 11.384, "xmax": 77.7149, "ymax": 11.384 }, "geometry": { "type": "Point", "coordinates": [ 77.7149, 11.384 ] } },
{ "type": "Feature", "properties": { "id": "hydro_power_plants_public.118", "plant_name": "LOWER METTUR PH-IV", "district": "SALEM", "proj_name": null, "state": "TAMIL NADU", "inst_cap": 30.0, "layer": "hydro_power_plants", "xmin": 77.7018, "ymin": 11.4854, "xmax": 77.7018, "ymax": 11.4854 }, "geometry": { "type": "Point", "coordinates": [ 77.7018, 11.4854 ] } },
{ "type": "Feature", "properties": { "id": "hydro_power_plants_public.117", "plant_name": "LOWER METTUR PH-III", "district": "SALEM", "proj_name": null, "state": "TAMIL NADU", "inst_cap": 30.0, "layer": "hydro_power_plants", "xmin": 77.742, "ymin": 11.5752, "xmax": 77.742, "ymax": 11.5752 }, "geometry": { "type": "Point", "coordinates": [ 77.742, 11.5752 ] } },
{ "type": "Feature", "properties": { "id": "hydro_power_plants_public.116", "plant_name": "LOWER METTUR PH-II", "district": "SALEM", "proj_name": null, "state": "TAMIL NADU", "inst_cap": 30.0, "layer": "hydro_power_plants", "xmin": 77.7564, "ymin": 11.6438, "xmax": 77.7564, "ymax": 11.6438 }, "geometry": { "type": "Point", "coordinates": [ 77.7564, 11.6438 ] } },
{ "type": "Feature", "properties": { "id": "hydro_power_plants_public.115", "plant_name": "LOWER METTUR PH-I", "district": "SALEM", "proj_name": null, "state": "TAMIL NADU", "inst_cap": 30.0, "layer": "hydro_power_plants", "xmin": 77.7794, "ymin": 11.7275, "xmax": 77.7794, "ymax": 11.7275 }, "geometry": { "type": "Point", "coordinates": [ 77.7794, 11.7275 ] } },
{ "type": "Feature", "properties": { "id": "hydro_power_plants_public.132", "plant_name": "BHAWANI KATTALAI (BKB PH-3)", "district": "ERODE", "proj_name": null, "state": "TAMIL NADU", "inst_cap": 30.0, "layer": "hydro_power_plants", "xmin": 77.8659, "ymin": 11.244, "xmax": 77.8659, "ymax": 11.244 }, "geometry": { "type": "Point", "coordinates": [ 77.8659, 11.244 ] } },
{ "type": "Feature", "properties": { "id": "hydro_power_plants_public.131", "plant_name": "BHAWANI KATTALAI (BKB PH-2)", "district": "ERODE", "proj_name": null, "state": "TAMIL NADU", "inst_cap": 30.0, "layer": "hydro_power_plants", "xmin": 77.5922, "ymin": 11.331, "xmax": 77.5922, "ymax": 11.331 }, "geometry": { "type": "Point", "coordinates": [ 77.5922, 11.331 ] } },
{ "type": "Feature", "properties": { "id": "diesel_power_plants_public.17", "plant_name": "Samayanallur DGPP", "district": "Madurai", "proj_name": null, "state": "TN", "inst_cap": 106.0, "layer": "diesel_power_plants", "xmin": 78.0445, "ymin": 9.9751, "xmax": 78.0445, "ymax": 9.9751 }, "geometry": { "type": "Point", "coordinates": [ 78.0445, 9.9751 ] } },
{ "type": "Feature", "properties": { "id": "hydro_power_plants_public.124", "plant_name": "PERIYAR", "district": "IDUKKI", "proj_name": null, "state": "TAMIL NADU", "inst_cap": 161.0, "layer": "hydro_power_plants", "xmin": 77.189, "ymin": 9.6285, "xmax": 77.189, "ymax": 9.6285 }, "geometry": { "type": "Point", "coordinates": [ 77.189, 9.6285 ] } },
{ "type": "Feature", "properties": { "id": "hydro_power_plants_public.128", "plant_name": "SURULIYAR", "district": "TIRUNELVELI", "proj_name": null, "state": "TAMIL NADU", "inst_cap": 35.0, "layer": "hydro_power_plants", "xmin": 77.2727, "ymin": 9.6201, "xmax": 77.2727, "ymax": 9.6201 }, "geometry": { "type": "Point", "coordinates": [ 77.2727, 9.6201 ] } },
{ "type": "Feature", "properties": { "id": "hydro_power_plants_public.109", "plant_name": "KODAYAR- II", "district": "KANYAKUMARI", "proj_name": null, "state": "TAMIL NADU", "inst_cap": 40.0, "layer": "hydro_power_plants", "xmin": 77.3119, "ymin": 8.5119, "xmax": 77.3119, "ymax": 8.5119 }, "geometry": { "type": "Point", "coordinates": [ 77.3119, 8.5119 ] } },
{ "type": "Feature", "properties": { "id": "hydro_power_plants_public.108", "plant_name": "KODAYAR I", "district": "KANYAKUMARI", "proj_name": null, "state": "TAMIL NADU", "inst_cap": 60.0, "layer": "hydro_power_plants", "xmin": 77.3125, "ymin": 8.5317, "xmax": 77.3125, "ymax": 8.5317 }, "geometry": { "type": "Point", "coordinates": [ 77.3125, 8.5317 ] } },
{ "type": "Feature", "properties": { "id": "hydro_power_plants_public.122", "plant_name": "PAPANASAM", "district": "TIRUNELVELI", "proj_name": null, "state": "TAMIL NADU", "inst_cap": 32.0, "layer": "hydro_power_plants", "xmin": 77.3626, "ymin": 8.7066, "xmax": 77.3626, "ymax": 8.7066 }, "geometry": { "type": "Point", "coordinates": [ 77.3626, 8.7066 ] } },
{ "type": "Feature", "properties": { "id": "coal_power_plants_public.fid--438479b5_193d56910e1_780f", "plant_name": "Tutucorin TPP (Ind Barath)", "district": "Thoothkudi", "proj_name": null, "state": "TN", "inst_cap": 300.0, "layer": "coal_power_plants", "xmin": 78.0254, "ymin": 8.5224, "xmax": 78.0254, "ymax": 8.5224 }, "geometry": { "type": "Point", "coordinates": [ 78.0254, 8.5224 ] } },
{ "type": "Feature", "properties": { "id": "coal_power_plants_public.fid--438479b5_193d56910e1_7811", "plant_name": "Tuticorin TPP", "district": "Tuticorin", "proj_name": null, "state": "TN", "inst_cap": 1000.0, "layer": "coal_power_plants", "xmin": 78.1753, "ymin": 8.7635, "xmax": 78.1753, "ymax": 8.7635 }, "geometry": { "type": "Point", "coordinates": [ 78.1753, 8.7635 ] } },
{ "type": "Feature", "properties": { "id": "coal_power_plants_public.fid--438479b5_193d56910e1_7812", "plant_name": "Melamaruthur TPP(Mutiara)", "district": "Tuticorin", "proj_name": null, "state": "TN", "inst_cap": 1200.0, "layer": "coal_power_plants", "xmin": 78.1461, "ymin": 8.9128, "xmax": 78.1461, "ymax": 8.9128 }, "geometry": { "type": "Point", "coordinates": [ 78.1461, 8.9128 ] } },
{ "type": "Feature", "properties": { "id": "natural_gas_power_plants_public.57", "plant_name": "Valuthur CCPP", "district": "Ramanathapuram", "proj_name": null, "state": "TN", "inst_cap": 186.2, "layer": "natural_gas_power_plants", "xmin": 78.9235, "ymin": 9.3489, "xmax": 78.9235, "ymax": 9.3489 }, "geometry": { "type": "Point", "coordinates": [ 78.9235, 9.3489 ] } },
{ "type": "Feature", "properties": { "id": "natural_gas_power_plants_public.60", "plant_name": "Valantharavai CCPP", "district": "Ramnad", "proj_name": null, "state": "TN", "inst_cap": 52.8, "layer": "natural_gas_power_plants", "xmin": 78.914, "ymin": 9.3367, "xmax": 78.914, "ymax": 9.3367 }, "geometry": { "type": "Point", "coordinates": [ 78.914, 9.3367 ] } },
{ "type": "Feature", "properties": { "id": "natural_gas_power_plants_public.58", "plant_name": "PPN CCGT", "district": "Nagapattnam Quaide-Millet", "proj_name": null, "state": "TN", "inst_cap": 330.5, "layer": "natural_gas_power_plants", "xmin": 79.834, "ymin": 11.0749, "xmax": 79.834, "ymax": 11.0749 }, "geometry": { "type": "Point", "coordinates": [ 79.834, 11.0749 ] } },
{ "type": "Feature", "properties": { "id": "natural_gas_power_plants_public.50", "plant_name": "Karaikal CCGT", "district": "Pattinam", "proj_name": null, "state": "Pondichery", "inst_cap": 32.5, "layer": "natural_gas_power_plants", "xmin": 79.8216, "ymin": 10.9325, "xmax": 79.8216, "ymax": 10.9325 }, "geometry": { "type": "Point", "coordinates": [ 79.8216, 10.9325 ] } },
{ "type": "Feature", "properties": { "id": "natural_gas_power_plants_public.59", "plant_name": "Karuppur CCPP", "district": "Thanjavur", "proj_name": null, "state": "TN", "inst_cap": 119.8, "layer": "natural_gas_power_plants", "xmin": 79.4169, "ymin": 10.9347, "xmax": 79.4169, "ymax": 10.9347 }, "geometry": { "type": "Point", "coordinates": [ 79.4169, 10.9347 ] } },
{ "type": "Feature", "properties": { "id": "natural_gas_power_plants_public.55", "plant_name": "Kovilkalappal CCGT", "district": "Nagaiquid-E-Milloth", "proj_name": null, "state": "TN", "inst_cap": 107.0, "layer": "natural_gas_power_plants", "xmin": 79.4507, "ymin": 10.5415, "xmax": 79.4507, "ymax": 10.5415 }, "geometry": { "type": "Point", "coordinates": [ 79.4507, 10.5415 ] } },
{ "type": "Feature", "properties": { "id": "natural_gas_power_plants_public.56", "plant_name": "Kuttalam CCPP", "district": "Nagapattinum", "proj_name": null, "state": "TN", "inst_cap": 100.0, "layer": "natural_gas_power_plants", "xmin": 79.5848, "ymin": 11.0338, "xmax": 79.5848, "ymax": 11.0338 }, "geometry": { "type": "Point", "coordinates": [ 79.5848, 11.0338 ] } },
{ "type": "Feature", "properties": { "id": "coal_power_plants_public.fid--438479b5_193d56910e1_780c", "plant_name": "Neyveli Zero TPP", "district": "Thanjavur", "proj_name": null, "state": "TN", "inst_cap": 250.0, "layer": "coal_power_plants", "xmin": 79.4159, "ymin": 11.5401, "xmax": 79.4159, "ymax": 11.5401 }, "geometry": { "type": "Point", "coordinates": [ 79.4159, 11.5401 ] } },
{ "type": "Feature", "properties": { "id": "coal_power_plants_public.fid--438479b5_193d56910e1_77fd", "plant_name": "Neyveli TPS-I Exp.", "district": "South Arcot", "proj_name": null, "state": "TN", "inst_cap": 420.0, "layer": "coal_power_plants", "xmin": 79.4611, "ymin": 11.5887, "xmax": 79.4611, "ymax": 11.5887 }, "geometry": { "type": "Point", "coordinates": [ 79.4611, 11.5887 ] } },
{ "type": "Feature", "properties": { "id": "coal_power_plants_public.fid--438479b5_193d56910e1_7784", "plant_name": "Neyveli TPS-I", "district": "Cuddalore", "proj_name": null, "state": "TN", "inst_cap": 1050.0, "layer": "coal_power_plants", "xmin": 79.4417, "ymin": 11.5576, "xmax": 79.4417, "ymax": 11.5576 }, "geometry": { "type": "Point", "coordinates": [ 79.4417, 11.5576 ] } },
{ "type": "Feature", "properties": { "id": "coal_power_plants_public.fid--438479b5_193d56910e1_7785", "plant_name": "Neyveli TPS-II Exp.", "district": "Cuddalore", "proj_name": null, "state": "TN", "inst_cap": 500.0, "layer": "coal_power_plants", "xmin": 79.4417, "ymin": 11.5576, "xmax": 79.4417, "ymax": 11.5576 }, "geometry": { "type": "Point", "coordinates": [ 79.4417, 11.5576 ] } },
{ "type": "Feature", "properties": { "id": "coal_power_plants_public.fid--438479b5_193d56910e1_7787", "plant_name": "Neyveli New TPP", "district": "Cuddalore", "proj_name": null, "state": "TN", "inst_cap": 500.0, "layer": "coal_power_plants", "xmin": 79.4417, "ymin": 11.5576, "xmax": 79.4417, "ymax": 11.5576 }, "geometry": { "type": "Point", "coordinates": [ 79.4417, 11.5576 ] } },
{ "type": "Feature", "properties": { "id": "coal_power_plants_public.fid--438479b5_193d56910e1_780d", "plant_name": "Vallur TPP  Ph-I", "district": "Thiruvallur", "proj_name": null, "state": "TN", "inst_cap": 1500.0, "layer": "coal_power_plants", "xmin": 80.3014, "ymin": 13.2292, "xmax": 80.3014, "ymax": 13.2292 }, "geometry": { "type": "Point", "coordinates": [ 80.3014, 13.2292 ] } },
{ "type": "Feature", "properties": { "id": "coal_power_plants_public.fid--438479b5_193d56910e1_7783", "plant_name": "North Madras TPS", "district": "Chennai", "proj_name": null, "state": "TN", "inst_cap": 630.0, "layer": "coal_power_plants", "xmin": 80.3257, "ymin": 13.245, "xmax": 80.3257, "ymax": 13.245 }, "geometry": { "type": "Point", "coordinates": [ 80.3257, 13.245 ] } },
{ "type": "Feature", "properties": { "id": "coal_power_plants_public.fid--438479b5_193d56910e1_780e", "plant_name": "North Chennai Extn", "district": "Thiruvallur", "proj_name": null, "state": "TN", "inst_cap": 1200.0, "layer": "coal_power_plants", "xmin": 80.3257, "ymin": 13.245, "xmax": 80.3257, "ymax": 13.245 }, "geometry": { "type": "Point", "coordinates": [ 80.3257, 13.245 ] } },
{ "type": "Feature", "properties": { "id": "diesel_power_plants_public.15", "plant_name": "Basin Bridge DGPP", "district": "Chennai", "proj_name": null, "state": "TN", "inst_cap": 200.0, "layer": "diesel_power_plants", "xmin": 80.2702, "ymin": 13.0983, "xmax": 80.2702, "ymax": 13.0983 }, "geometry": { "type": "Point", "coordinates": [ 80.2702, 13.0983 ] } },
{ "type": "Feature", "properties": { "id": "natural_gas_power_plants_public.54", "plant_name": "Basin Bridge GT", "district": "Chennai", "proj_name": null, "state": "TN", "inst_cap": 120.0, "layer": "natural_gas_power_plants", "xmin": 80.2682, "ymin": 13.1021, "xmax": 80.2682, "ymax": 13.1021 }, "geometry": { "type": "Point", "coordinates": [ 80.2682, 13.1021 ] } },
{ "type": "Feature", "properties": { "id": "coal_power_plants_public.fid--438479b5_193d56910e1_7786", "plant_name": "ITPCL TPP", "district": "Cuddalore", "proj_name": null, "state": "TN", "inst_cap": 1200.0, "layer": "coal_power_plants", "xmin": 79.6635, "ymin": 11.7691, "xmax": 79.6635, "ymax": 11.7691 }, "geometry": { "type": "Point", "coordinates": [ 79.6635, 11.7691 ] } },
{ "type": "Feature", "properties": { "id": "coal_power_plants_public.fid--438479b5_193d56910e1_7801", "plant_name": "Simhapuri TPS Ph-I", "district": "SPSR Nellore", "proj_name": null, "state": "AP", "inst_cap": 300.0, "layer": "coal_power_plants", "xmin": 80.0838, "ymin": 14.2133, "xmax": 80.0838, "ymax": 14.2133 }, "geometry": { "type": "Point", "coordinates": [ 80.0838, 14.2133 ] } },
{ "type": "Feature", "properties": { "id": "coal_power_plants_public.fid--438479b5_193d56910e1_7804", "plant_name": "Thamminapatnam TPP-I", "district": "SPSR Nellore", "proj_name": null, "state": "AP", "inst_cap": 300.0, "layer": "coal_power_plants", "xmin": 80.0838, "ymin": 14.2133, "xmax": 80.0838, "ymax": 14.2133 }, "geometry": { "type": "Point", "coordinates": [ 80.0838, 14.2133 ] } },
{ "type": "Feature", "properties": { "id": "coal_power_plants_public.fid--438479b5_193d56910e1_77ff", "plant_name": "Simhapuri  TPS Ph-II", "district": "SPSR Nellore", "proj_name": null, "state": "AP", "inst_cap": 300.0, "layer": "coal_power_plants", "xmin": 80.0838, "ymin": 14.2133, "xmax": 80.0838, "ymax": 14.2133 }, "geometry": { "type": "Point", "coordinates": [ 80.0838, 14.2133 ] } },
{ "type": "Feature", "properties": { "id": "coal_power_plants_public.fid--438479b5_193d56910e1_7800", "plant_name": "Damodaram Sanjeevaiah TPS", "district": "SPSR Nellore", "proj_name": null, "state": "AP", "inst_cap": 1600.0, "layer": "coal_power_plants", "xmin": 80.1204, "ymin": 14.3279, "xmax": 80.1204, "ymax": 14.3279 }, "geometry": { "type": "Point", "coordinates": [ 80.1204, 14.3279 ] } },
{ "type": "Feature", "properties": { "id": "coal_power_plants_public.fid--438479b5_193d56910e1_7803", "plant_name": "Painnampuram TPP", "district": "SPSR Nellore", "proj_name": null, "state": "AP", "inst_cap": 1320.0, "layer": "coal_power_plants", "xmin": 80.1484, "ymin": 14.3424, "xmax": 80.1484, "ymax": 14.3424 }, "geometry": { "type": "Point", "coordinates": [ 80.1484, 14.3424 ] } },
{ "type": "Feature", "properties": { "id": "coal_power_plants_public.fid--438479b5_193d56910e1_7802", "plant_name": "NCC TPP", "district": "SPSR Nellore", "proj_name": null, "state": "AP", "inst_cap": 1320.0, "layer": "coal_power_plants", "xmin": 80.1094, "ymin": 14.3926, "xmax": 80.1094, "ymax": 14.3926 }, "geometry": { "type": "Point", "coordinates": [ 80.1094, 14.3926 ] } },
{ "type": "Feature", "properties": { "id": "coal_power_plants_public.fid--438479b5_193d56910e1_778a", "plant_name": "Rayalaseema TPS", "district": "Cuddapah", "proj_name": null, "state": "AP", "inst_cap": 420.0, "layer": "coal_power_plants", "xmin": 78.4577, "ymin": 14.704, "xmax": 78.4577, "ymax": 14.704 }, "geometry": { "type": "Point", "coordinates": [ 78.4577, 14.704 ] } },
{ "type": "Feature", "properties": { "id": "coal_power_plants_public.fid--438479b5_193d56910e1_7789", "plant_name": "Rayalseema TPP St-III", "district": "Cuddapah", "proj_name": null, "state": "AP", "inst_cap": 810.0, "layer": "coal_power_plants", "xmin": 78.4577, "ymin": 14.704, "xmax": 78.4577, "ymax": 14.704 }, "geometry": { "type": "Point", "coordinates": [ 78.4577, 14.704 ] } },
{ "type": "Feature", "properties": { "id": "coal_power_plants_public.fid--438479b5_193d56910e1_7788", "plant_name": "Rayalaseema TPS-II", "district": "Cuddapah", "proj_name": null, "state": "AP", "inst_cap": 420.0, "layer": "coal_power_plants", "xmin": 78.4577, "ymin": 14.704, "xmax": 78.4577, "ymax": 14.704 }, "geometry": { "type": "Point", "coordinates": [ 78.4577, 14.704 ] } },
{ "type": "Feature", "properties": { "id": "hydro_power_plants_public.120", "plant_name": "METTUR TUNNEL", "district": "SALEM", "proj_name": null, "state": "TAMIL NADU", "inst_cap": 200.0, "layer": "hydro_power_plants", "xmin": 77.8108, "ymin": 11.7979, "xmax": 77.8108, "ymax": 11.7979 }, "geometry": { "type": "Point", "coordinates": [ 77.8108, 11.7979 ] } },
{ "type": "Feature", "properties": { "id": "hydro_power_plants_public.119", "plant_name": "METTUR DAM PH", "district": "CHAMARAJANAGER", "proj_name": null, "state": "TAMIL NADU", "inst_cap": 50.0, "layer": "hydro_power_plants", "xmin": 77.81, "ymin": 11.8004, "xmax": 77.81, "ymax": 11.8004 }, "geometry": { "type": "Point", "coordinates": [ 77.81, 11.8004 ] } },
{ "type": "Feature", "properties": { "id": "coal_power_plants_public.fid--438479b5_193d56910e1_77ee", "plant_name": "Mettur TPS-I", "district": "Salem", "proj_name": null, "state": "TN", "inst_cap": 1440.0, "layer": "coal_power_plants", "xmin": 77.8138, "ymin": 11.7696, "xmax": 77.8138, "ymax": 11.7696 }, "geometry": { "type": "Point", "coordinates": [ 77.8138, 11.7696 ] } },
{ "type": "Feature", "properties": { "id": "hydro_power_plants_public.160", "plant_name": "SHIVASAMUDRAM", "district": "MANDYA", "proj_name": null, "state": "KARNATAKA", "inst_cap": 42.0, "layer": "hydro_power_plants", "xmin": 77.1709, "ymin": 12.2987, "xmax": 77.1709, "ymax": 12.2987 }, "geometry": { "type": "Point", "coordinates": [ 77.1709, 12.2987 ] } },
{ "type": "Feature", "properties": { "id": "diesel_power_plants_public.5", "plant_name": "Bangalore DG", "district": "Bangalore", "proj_name": null, "state": "Karnataka", "inst_cap": 127.8, "layer": "diesel_power_plants", "xmin": 77.5838, "ymin": 13.1156, "xmax": 77.5838, "ymax": 13.1156 }, "geometry": { "type": "Point", "coordinates": [ 77.5838, 13.1156 ] } },
{ "type": "Feature", "properties": { "id": "small_hydro_power_plants_public.16", "plant_name": null, "district": "HASSAN", "proj_name": "Hongdhala SHP", "state": "Karnataka", "inst_cap": 24.0, "layer": "small_hydro_power_plants", "xmin": 75.6834, "ymin": 12.8401, "xmax": 75.6834, "ymax": 12.8401 }, "geometry": { "type": "Point", "coordinates": [ 75.6834, 12.8401 ] } },
{ "type": "Feature", "properties": { "id": "small_hydro_power_plants_public.30", "plant_name": null, "district": "CHIKKAMAGALURU", "proj_name": "Aniyur SHP", "state": "Karnataka", "inst_cap": 24.0, "layer": "small_hydro_power_plants", "xmin": 75.4819, "ymin": 13.0944, "xmax": 75.4819, "ymax": 13.0944 }, "geometry": { "type": "Point", "coordinates": [ 75.4819, 13.0944 ] } },
{ "type": "Feature", "properties": { "id": "hydro_power_plants_public.157", "plant_name": "BHADRA", "district": "CHICKMAGALUR", "proj_name": null, "state": "KARNATAKA", "inst_cap": 26.0, "layer": "hydro_power_plants", "xmin": 75.6377, "ymin": 13.7008, "xmax": 75.6377, "ymax": 13.7008 }, "geometry": { "type": "Point", "coordinates": [ 75.6377, 13.7008 ] } },
{ "type": "Feature", "properties": { "id": "coal_power_plants_public.fid--438479b5_193d56910e1_7765", "plant_name": "Toranagallu TPP", "district": "Bellary", "proj_name": null, "state": "Karnataka", "inst_cap": 600.0, "layer": "coal_power_plants", "xmin": 76.3944, "ymin": 15.1105, "xmax": 76.3944, "ymax": 15.1105 }, "geometry": { "type": "Point", "coordinates": [ 76.3944, 15.1105 ] } },
{ "type": "Feature", "properties": { "id": "coal_power_plants_public.fid--438479b5_193d56910e1_7766", "plant_name": "Torangallu TPS", "district": "Bellary", "proj_name": null, "state": "Karnataka", "inst_cap": 260.0, "layer": "coal_power_plants", "xmin": 76.3944, "ymin": 15.1105, "xmax": 76.3944, "ymax": 15.1105 }, "geometry": { "type": "Point", "coordinates": [ 76.3944, 15.1105 ] } },
{ "type": "Feature", "properties": { "id": "hydro_power_plants_public.99", "plant_name": "HAMPI", "district": "BELLARI", "proj_name": null, "state": "KARNATAKA", "inst_cap": 36.0, "layer": "hydro_power_plants", "xmin": 76.3361, "ymin": 15.2553, "xmax": 76.3361, "ymax": 15.2553 }, "geometry": { "type": "Point", "coordinates": [ 76.3361, 15.2553 ] } },
{ "type": "Feature", "properties": { "id": "hydro_power_plants_public.98", "plant_name": "TB DAM", "district": "BELLARI", "proj_name": null, "state": "KARNATAKA", "inst_cap": 36.0, "layer": "hydro_power_plants", "xmin": 76.3382, "ymin": 15.2447, "xmax": 76.3382, "ymax": 15.2447 }, "geometry": { "type": "Point", "coordinates": [ 76.3382, 15.2447 ] } },
{ "type": "Feature", "properties": { "id": "hydro_power_plants_public.159", "plant_name": "MUNIRABAD", "district": "KOPPAL", "proj_name": null, "state": "KARNATAKA", "inst_cap": 28.0, "layer": "hydro_power_plants", "xmin": 76.3288, "ymin": 15.2667, "xmax": 76.3288, "ymax": 15.2667 }, "geometry": { "type": "Point", "coordinates": [ 76.3288, 15.2667 ] } },
{ "type": "Feature", "properties": { "id": "diesel_power_plants_public.7", "plant_name": "Bellary DGPP", "district": "Bellary", "proj_name": null, "state": "Karnataka", "inst_cap": 25.2, "layer": "diesel_power_plants", "xmin": 76.7195, "ymin": 15.1932, "xmax": 76.7195, "ymax": 15.1932 }, "geometry": { "type": "Point", "coordinates": [ 76.7195, 15.1932 ] } },
{ "type": "Feature", "properties": { "id": "coal_power_plants_public.fid--438479b5_193d56910e1_7764", "plant_name": "Bellary TPP", "district": "Bellary", "proj_name": null, "state": "Karnataka", "inst_cap": 1000.0, "layer": "coal_power_plants", "xmin": 76.7195, "ymin": 15.1932, "xmax": 76.7195, "ymax": 15.1932 }, "geometry": { "type": "Point", "coordinates": [ 76.7195, 15.1932 ] } },
{ "type": "Feature", "properties": { "id": "coal_power_plants_public.fid--438479b5_193d56910e1_7767", "plant_name": "Bellary TPS St-III", "district": "Bellary", "proj_name": null, "state": "Karnataka", "inst_cap": 700.0, "layer": "coal_power_plants", "xmin": 76.7195, "ymin": 15.1932, "xmax": 76.7195, "ymax": 15.1932 }, "geometry": { "type": "Point", "coordinates": [ 76.7195, 15.1932 ] } },
{ "type": "Feature", "properties": { "id": "small_hydro_power_plants_public.23", "plant_name": null, "district": "YADGIR", "proj_name": "Anthargange", "state": "Karnataka", "inst_cap": 2.0, "layer": "small_hydro_power_plants", "xmin": 76.6636, "ymin": 16.4658, "xmax": 76.6636, "ymax": 16.4658 }, "geometry": { "type": "Point", "coordinates": [ 76.6636, 16.4658 ] } },
{ "type": "Feature", "properties": { "id": "hydro_power_plants_public.156", "plant_name": "ALMATTI DAM", "district": "BIJAPUR", "proj_name": null, "state": "KARNATAKA", "inst_cap": 290.0, "layer": "hydro_power_plants", "xmin": 75.8864, "ymin": 16.3272, "xmax": 75.8864, "ymax": 16.3272 }, "geometry": { "type": "Point", "coordinates": [ 75.8864, 16.3272 ] } },
{ "type": "Feature", "properties": { "id": "coal_power_plants_public.fid--438479b5_193d56910e1_7772", "plant_name": "Kudgi STPP  Ph-I", "district": "Bijapur", "proj_name": null, "state": "Karnataka", "inst_cap": 2400.0, "layer": "coal_power_plants", "xmin": 75.8294, "ymin": 16.5272, "xmax": 75.8294, "ymax": 16.5272 }, "geometry": { "type": "Point", "coordinates": [ 75.8294, 16.5272 ] } },
{ "type": "Feature", "properties": { "id": "coal_power_plants_public.fid--438479b5_193d56910e1_77f6", "plant_name": "Solapur STPP", "district": "Solapur", "proj_name": null, "state": "Maharashtra", "inst_cap": 1320.0, "layer": "coal_power_plants", "xmin": 75.983, "ymin": 17.5544, "xmax": 75.983, "ymax": 17.5544 }, "geometry": { "type": "Point", "coordinates": [ 75.983, 17.5544 ] } },
{ "type": "Feature", "properties": { "id": "hydro_power_plants_public.106", "plant_name": "LOWER JURALA", "district": "WANPARTHY", "proj_name": null, "state": "TELANGANA", "inst_cap": 240.0, "layer": "hydro_power_plants", "xmin": 77.7711, "ymin": 16.3031, "xmax": 77.7711, "ymax": 16.3031 }, "geometry": { "type": "Point", "coordinates": [ 77.7711, 16.3031 ] } },
{ "type": "Feature", "properties": { "id": "hydro_power_plants_public.105", "plant_name": "PRIYDARSHNI JURALA", "district": "MAHABOOB NAGAR", "proj_name": null, "state": "TELANGANA", "inst_cap": 234.0, "layer": "hydro_power_plants", "xmin": 77.7022, "ymin": 16.3316, "xmax": 77.7022, "ymax": 16.3316 }, "geometry": { "type": "Point", "coordinates": [ 77.7022, 16.3316 ] } },
{ "type": "Feature", "properties": { "id": "coal_power_plants_public.fid--438479b5_193d56910e1_77e2", "plant_name": "Yermarus TPP", "district": "Raichur", "proj_name": null, "state": "Karnataka", "inst_cap": 1600.0, "layer": "coal_power_plants", "xmin": 77.3552, "ymin": 16.2944, "xmax": 77.3552, "ymax": 16.2944 }, "geometry": { "type": "Point", "coordinates": [ 77.3552, 16.2944 ] } },
{ "type": "Feature", "properties": { "id": "coal_power_plants_public.fid--438479b5_193d56910e1_77e1", "plant_name": "Raichur TPS", "district": "Raichur", "proj_name": null, "state": "Karnataka", "inst_cap": 1300.0, "layer": "coal_power_plants", "xmin": 77.3422, "ymin": 16.3532, "xmax": 77.3422, "ymax": 16.3532 }, "geometry": { "type": "Point", "coordinates": [ 77.3422, 16.3532 ] } },
{ "type": "Feature", "properties": { "id": "hydro_power_plants_public.158", "plant_name": "GHATAPRABHA", "district": "BELGAUM", "proj_name": null, "state": "KARNATAKA", "inst_cap": 32.0, "layer": "hydro_power_plants", "xmin": 77.5781, "ymin": 16.1422, "xmax": 77.5781, "ymax": 16.1422 }, "geometry": { "type": "Point", "coordinates": [ 77.5781, 16.1422 ] } },
{ "type": "Feature", "properties": { "id": "hydro_power_plants_public.94", "plant_name": "SRISAILAM RIGHT BANK", "district": "MAHABUBNAGAR", "proj_name": null, "state": "ANDHRA PRADESH", "inst_cap": 770.0, "layer": "hydro_power_plants", "xmin": 78.9018, "ymin": 16.0858, "xmax": 78.9018, "ymax": 16.0858 }, "geometry": { "type": "Point", "coordinates": [ 78.9018, 16.0858 ] } },
{ "type": "Feature", "properties": { "id": "pumped_storage_hydro_power_plants_public.5", "plant_name": "N J SAGAR", "district": "GUNTUR", "proj_name": null, "state": "TELANGANA", "inst_cap": 705.6, "layer": "pumped_storage_hydro_power_plants", "xmin": 79.3167, "ymin": 16.5667, "xmax": 79.3167, "ymax": 16.5667 }, "geometry": { "type": "Point", "coordinates": [ 79.3167, 16.5667 ] } },
{ "type": "Feature", "properties": { "id": "hydro_power_plants_public.100", "plant_name": "NAGARJUNA SAGAR RBC & EXT.", "district": "SATRASALA", "proj_name": null, "state": "ANDHRA PRADESH", "inst_cap": 90.0, "layer": "hydro_power_plants", "xmin": 79.3075, "ymin": 16.5759, "xmax": 79.3075, "ymax": 16.5759 }, "geometry": { "type": "Point", "coordinates": [ 79.3075, 16.5759 ] } },
{ "type": "Feature", "properties": { "id": "hydro_power_plants_public.101", "plant_name": "NAGARJUNA SAGAR TPD", "district": "GUNTUR", "proj_name": null, "state": "ANDHRA PRADESH", "inst_cap": 50.0, "layer": "hydro_power_plants", "xmin": 79.4906, "ymin": 16.6266, "xmax": 79.4906, "ymax": 16.6266 }, "geometry": { "type": "Point", "coordinates": [ 79.4906, 16.6266 ] } },
{ "type": "Feature", "properties": { "id": "pumped_storage_hydro_power_plants_public.6", "plant_name": "SRISAILAM LBPH", "district": "MAHABUBNAGAR", "proj_name": null, "state": "TELANGANA", "inst_cap": 900.0, "layer": "pumped_storage_hydro_power_plants", "xmin": 79.4833, "ymin": 16.1333, "xmax": 79.4833, "ymax": 16.1333 }, "geometry": { "type": "Point", "coordinates": [ 79.4833, 16.1333 ] } },
{ "type": "Feature", "properties": { "id": "coal_power_plants_public.fid--438479b5_193d56910e1_77c1", "plant_name": "Vijayawada TPS", "district": "Krishna", "proj_name": null, "state": "AP", "inst_cap": 420.0, "layer": "coal_power_plants", "xmin": 80.5382, "ymin": 16.5973, "xmax": 80.5382, "ymax": 16.5973 }, "geometry": { "type": "Point", "coordinates": [ 80.5382, 16.5973 ] } },
{ "type": "Feature", "properties": { "id": "coal_power_plants_public.fid--438479b5_193d56910e1_77c2", "plant_name": "Vijayawada TPP -IV", "district": "Krishna", "proj_name": null, "state": "AP", "inst_cap": 500.0, "layer": "coal_power_plants", "xmin": 80.5382, "ymin": 16.5973, "xmax": 80.5382, "ymax": 16.5973 }, "geometry": { "type": "Point", "coordinates": [ 80.5382, 16.5973 ] } },
{ "type": "Feature", "properties": { "id": "coal_power_plants_public.fid--438479b5_193d56910e1_77c3", "plant_name": "Vijayawada TPS", "district": "Krishna", "proj_name": null, "state": "AP", "inst_cap": 420.0, "layer": "coal_power_plants", "xmin": 80.5382, "ymin": 16.5973, "xmax": 80.5382, "ymax": 16.5973 }, "geometry": { "type": "Point", "coordinates": [ 80.5382, 16.5973 ] } },
{ "type": "Feature", "properties": { "id": "natural_gas_power_plants_public.5", "plant_name": "Lanco Kondapalli  Ph-II", "district": "Krishna", "proj_name": null, "state": "AP", "inst_cap": 366.0, "layer": "natural_gas_power_plants", "xmin": 80.5504, "ymin": 16.64, "xmax": 80.5504, "ymax": 16.64 }, "geometry": { "type": "Point", "coordinates": [ 80.5504, 16.64 ] } },
{ "type": "Feature", "properties": { "id": "natural_gas_power_plants_public.4", "plant_name": "Kondapalli CCGT", "district": "Krishna", "proj_name": null, "state": "AP", "inst_cap": 350.0, "layer": "natural_gas_power_plants", "xmin": 80.5504, "ymin": 16.64, "xmax": 80.5504, "ymax": 16.64 }, "geometry": { "type": "Point", "coordinates": [ 80.5504, 16.64 ] } },
{ "type": "Feature", "properties": { "id": "natural_gas_power_plants_public.6", "plant_name": "Lanco Kondapalli Extn. Ph-III", "district": "Krishna", "proj_name": null, "state": "AP", "inst_cap": 742.0, "layer": "natural_gas_power_plants", "xmin": 80.5504, "ymin": 16.64, "xmax": 80.5504, "ymax": 16.64 }, "geometry": { "type": "Point", "coordinates": [ 80.5504, 16.64 ] } },
{ "type": "Feature", "properties": { "id": "coal_power_plants_public.fid--438479b5_193d56910e1_776a", "plant_name": "Kothagudem TPS", "district": "Bhadrari", "proj_name": null, "state": "Telangana", "inst_cap": 1800.0, "layer": "coal_power_plants", "xmin": 80.4203, "ymin": 17.364, "xmax": 80.4203, "ymax": 17.364 }, "geometry": { "type": "Point", "coordinates": [ 80.4203, 17.364 ] } },
{ "type": "Feature", "properties": { "id": "natural_gas_power_plants_public.11", "plant_name": "Konaseema CCPP", "district": "East Godavari", "proj_name": null, "state": "AP", "inst_cap": 445.0, "layer": "natural_gas_power_plants", "xmin": 81.8622, "ymin": 16.7346, "xmax": 81.8622, "ymax": 16.7346 }, "geometry": { "type": "Point", "coordinates": [ 81.8622, 16.7346 ] } },
{ "type": "Feature", "properties": { "id": "natural_gas_power_plants_public.2", "plant_name": "Jegurupadu CCGT", "district": "East Godavari", "proj_name": null, "state": "AP", "inst_cap": 235.4, "layer": "natural_gas_power_plants", "xmin": 81.8613, "ymin": 16.9312, "xmax": 81.8613, "ymax": 16.9312 }, "geometry": { "type": "Point", "coordinates": [ 81.8613, 16.9312 ] } },
{ "type": "Feature", "properties": { "id": "natural_gas_power_plants_public.3", "plant_name": "Jegrupadu CCPP Extn.", "district": "East Godavari", "proj_name": null, "state": "AP", "inst_cap": 220.0, "layer": "natural_gas_power_plants", "xmin": 81.8613, "ymin": 16.9314, "xmax": 81.8613, "ymax": 16.9314 }, "geometry": { "type": "Point", "coordinates": [ 81.8613, 16.9314 ] } },
{ "type": "Feature", "properties": { "id": "natural_gas_power_plants_public.9", "plant_name": "Vemagiri CCPP-II", "district": "East Godavari", "proj_name": null, "state": "AP", "inst_cap": 768.0, "layer": "natural_gas_power_plants", "xmin": 81.8112, "ymin": 16.9247, "xmax": 81.8112, "ymax": 16.9247 }, "geometry": { "type": "Point", "coordinates": [ 81.8112, 16.9247 ] } },
{ "type": "Feature", "properties": { "id": "natural_gas_power_plants_public.8", "plant_name": "Vemagiri CCPP", "district": "East Godavari", "proj_name": null, "state": "AP", "inst_cap": 370.0, "layer": "natural_gas_power_plants", "xmin": 81.8141, "ymin": 16.9238, "xmax": 81.8141, "ymax": 16.9238 }, "geometry": { "type": "Point", "coordinates": [ 81.8141, 16.9238 ] } },
{ "type": "Feature", "properties": { "id": "hydro_power_plants_public.96", "plant_name": "UPPER SILERU I & II", "district": "VISHAKAPATNAM", "proj_name": null, "state": "ANDHRA PRADESH", "inst_cap": 240.0, "layer": "hydro_power_plants", "xmin": 82.0193, "ymin": 18.0372, "xmax": 82.0193, "ymax": 18.0372 }, "geometry": { "type": "Point", "coordinates": [ 82.0193, 18.0372 ] } },
{ "type": "Feature", "properties": { "id": "hydro_power_plants_public.165", "plant_name": "BALIMELA", "district": "MALKANGIRI", "proj_name": null, "state": "ORISSA", "inst_cap": 510.0, "layer": "hydro_power_plants", "xmin": 82.0613, "ymin": 18.2141, "xmax": 82.0613, "ymax": 18.2141 }, "geometry": { "type": "Point", "coordinates": [ 82.0613, 18.2141 ] } },
{ "type": "Feature", "properties": { "id": "hydro_power_plants_public.95", "plant_name": "LOWER SILERU", "district": "KHAMMAM", "proj_name": null, "state": "ANDHRA PRADESH", "inst_cap": 460.0, "layer": "hydro_power_plants", "xmin": 81.6593, "ymin": 17.8702, "xmax": 81.6593, "ymax": 17.8702 }, "geometry": { "type": "Point", "coordinates": [ 81.6593, 17.8702 ] } },
{ "type": "Feature", "properties": { "id": "coal_power_plants_public.fid--438479b5_193d56910e1_7769", "plant_name": "Bhadradri TPP", "district": "Bhadrari", "proj_name": null, "state": "Telangana", "inst_cap": 270.0, "layer": "coal_power_plants", "xmin": 80.7372, "ymin": 18.0219, "xmax": 80.7372, "ymax": 18.0219 }, "geometry": { "type": "Point", "coordinates": [ 80.7372, 18.0219 ] } },
{ "type": "Feature", "properties": { "id": "hydro_power_plants_public.193", "plant_name": "PULICHINTALA", "district": "GUNTUR", "proj_name": null, "state": "TELANGANA", "inst_cap": 120.0, "layer": "hydro_power_plants", "xmin": 80.0528, "ymin": 16.7737, "xmax": 80.0528, "ymax": 16.7737 }, "geometry": { "type": "Point", "coordinates": [ 80.0528, 16.7737 ] } },
{ "type": "Feature", "properties": { "id": "hydro_power_plants_public.104", "plant_name": "N.J. SAGAR", "district": "GUNTUR", "proj_name": null, "state": "TELANGANA", "inst_cap": 110.0, "layer": "hydro_power_plants", "xmin": 79.2819, "ymin": 16.6643, "xmax": 79.2819, "ymax": 16.6643 }, "geometry": { "type": "Point", "coordinates": [ 79.2819, 16.6643 ] } },
{ "type": "Feature", "properties": { "id": "hydro_power_plants_public.103", "plant_name": "N.J.SAGAR-LBC", "district": "GUNTUR", "proj_name": null, "state": "TELANGANA", "inst_cap": 60.0, "layer": "hydro_power_plants", "xmin": 79.2819, "ymin": 16.6643, "xmax": 79.2819, "ymax": 16.6643 }, "geometry": { "type": "Point", "coordinates": [ 79.2819, 16.6643 ] } },
{ "type": "Feature", "properties": { "id": "coal_power_plants_public.fid--438479b5_193d56910e1_77a0", "plant_name": "Kakatiya TPP", "district": "Jayashankar ( Bhupalapally)", "proj_name": null, "state": "Telangana", "inst_cap": 1100.0, "layer": "coal_power_plants", "xmin": 79.3, "ymin": 18.23, "xmax": 79.3, "ymax": 18.23 }, "geometry": { "type": "Point", "coordinates": [ 79.3, 18.23 ] } },
{ "type": "Feature", "properties": { "id": "coal_power_plants_public.fid--438479b5_193d56910e1_77a9", "plant_name": "Ramagundam St-II", "district": "Karim Nagar", "proj_name": null, "state": "AP", "inst_cap": 1500.0, "layer": "coal_power_plants", "xmin": 79.456, "ymin": 18.7572, "xmax": 79.456, "ymax": 18.7572 }, "geometry": { "type": "Point", "coordinates": [ 79.456, 18.7572 ] } },
{ "type": "Feature", "properties": { "id": "coal_power_plants_public.fid--438479b5_193d56910e1_77a8", "plant_name": "Ramagundem STPS -III", "district": "Karim Nagar", "proj_name": null, "state": "AP", "inst_cap": 500.0, "layer": "coal_power_plants", "xmin": 79.456, "ymin": 18.7572, "xmax": 79.456, "ymax": 18.7572 }, "geometry": { "type": "Point", "coordinates": [ 79.456, 18.7572 ] } },
{ "type": "Feature", "properties": { "id": "coal_power_plants_public.fid--438479b5_193d56910e1_774a", "plant_name": "Singareni TPP", "district": "Adilabad", "proj_name": null, "state": "Telangana", "inst_cap": 1200.0, "layer": "coal_power_plants", "xmin": 79.5737, "ymin": 18.8283, "xmax": 79.5737, "ymax": 18.8283 }, "geometry": { "type": "Point", "coordinates": [ 79.5737, 18.8283 ] } },
{ "type": "Feature", "properties": { "id": "coal_power_plants_public.fid--438479b5_193d56910e1_77b5", "plant_name": "Swastic TPP", "district": "Korba", "proj_name": null, "state": "Chhattisgarh", "inst_cap": 25.0, "layer": "coal_power_plants", "xmin": 81.67, "ymin": 21.2373, "xmax": 81.67, "ymax": 21.2373 }, "geometry": { "type": "Point", "coordinates": [ 81.67, 21.2373 ] } },
{ "type": "Feature", "properties": { "id": "coal_power_plants_public.fid--438479b5_193d56910e1_77e9", "plant_name": "Raikheda TPP", "district": "Raipur", "proj_name": null, "state": "Chhattisgarh", "inst_cap": 1370.0, "layer": "coal_power_plants", "xmin": 81.8498, "ymin": 21.4376, "xmax": 81.8498, "ymax": 21.4376 }, "geometry": { "type": "Point", "coordinates": [ 81.8498, 21.4376 ] } },
{ "type": "Feature", "properties": { "id": "coal_power_plants_public.fid--438479b5_193d56910e1_778f", "plant_name": "Bhilai TPP Expn", "district": "Durg", "proj_name": null, "state": "Chhattisgarh", "inst_cap": 500.0, "layer": "coal_power_plants", "xmin": 81.4347, "ymin": 21.1902, "xmax": 81.4347, "ymax": 21.1902 }, "geometry": { "type": "Point", "coordinates": [ 81.4347, 21.1902 ] } },
{ "type": "Feature", "properties": { "id": "coal_power_plants_public.fid--438479b5_193d56910e1_77e8", "plant_name": "Avantha Bhandar TPP, U-1", "district": "Raigarh", "proj_name": null, "state": "Chhattisgarh", "inst_cap": 600.0, "layer": "coal_power_plants", "xmin": 81.3166, "ymin": 21.2127, "xmax": 81.3166, "ymax": 21.2127 }, "geometry": { "type": "Point", "coordinates": [ 81.3166, 21.2127 ] } },
{ "type": "Feature", "properties": { "id": "coal_power_plants_public.fid--438479b5_193d56910e1_7796", "plant_name": "Tirora TPP Ph-I & II", "district": "Gondia", "proj_name": null, "state": "Maharashtra", "inst_cap": 3300.0, "layer": "coal_power_plants", "xmin": 79.9671, "ymin": 21.4129, "xmax": 79.9671, "ymax": 21.4129 }, "geometry": { "type": "Point", "coordinates": [ 79.9671, 21.4129 ] } },
{ "type": "Feature", "properties": { "id": "coal_power_plants_public.fid--438479b5_193d56910e1_777c", "plant_name": "Chandapur TPS-II", "district": "Chandapur", "proj_name": null, "state": "Maharashtra", "inst_cap": 420.0, "layer": "coal_power_plants", "xmin": 79.29, "ymin": 20.0063, "xmax": 79.29, "ymax": 20.0063 }, "geometry": { "type": "Point", "coordinates": [ 79.29, 20.0063 ] } },
{ "type": "Feature", "properties": { "id": "coal_power_plants_public.fid--438479b5_193d56910e1_777d", "plant_name": "Chandrapur Extn.", "district": "Chandapur", "proj_name": null, "state": "Maharashtra", "inst_cap": 30.0, "layer": "coal_power_plants", "xmin": 79.29, "ymin": 20.0063, "xmax": 79.29, "ymax": 20.0063 }, "geometry": { "type": "Point", "coordinates": [ 79.29, 20.0063 ] } },
{ "type": "Feature", "properties": { "id": "coal_power_plants_public.fid--438479b5_193d56910e1_777e", "plant_name": "Chandrapur TPS", "district": "Chandrapur", "proj_name": null, "state": "Maharashtra", "inst_cap": 1500.0, "layer": "coal_power_plants", "xmin": 79.29, "ymin": 20.0063, "xmax": 79.29, "ymax": 20.0063 }, "geometry": { "type": "Point", "coordinates": [ 79.29, 20.0063 ] } },
{ "type": "Feature", "properties": { "id": "coal_power_plants_public.fid--438479b5_193d56910e1_7780", "plant_name": "Wardha  Warora TPP", "district": "Chandrapur", "proj_name": null, "state": "Maharashtra", "inst_cap": 540.0, "layer": "coal_power_plants", "xmin": 78.9793, "ymin": 20.2723, "xmax": 78.9793, "ymax": 20.2723 }, "geometry": { "type": "Point", "coordinates": [ 78.9793, 20.2723 ] } },
{ "type": "Feature", "properties": { "id": "coal_power_plants_public.fid--438479b5_193d56910e1_777f", "plant_name": "EMCO Warora TPP,", "district": "Chandrapur", "proj_name": null, "state": "Maharashtra", "inst_cap": 600.0, "layer": "coal_power_plants", "xmin": 78.9761, "ymin": 20.2798, "xmax": 78.9761, "ymax": 20.2798 }, "geometry": { "type": "Point", "coordinates": [ 78.9761, 20.2798 ] } },
{ "type": "Feature", "properties": { "id": "coal_power_plants_public.fid--438479b5_193d56910e1_7782", "plant_name": "Gupta Energy Power Ltd", "district": "Chandrapur", "proj_name": null, "state": "Maharashtra", "inst_cap": 120.0, "layer": "coal_power_plants", "xmin": 79.1331, "ymin": 19.93, "xmax": 79.1331, "ymax": 19.93 }, "geometry": { "type": "Point", "coordinates": [ 79.1331, 19.93 ] } },
{ "type": "Feature", "properties": { "id": "coal_power_plants_public.fid--438479b5_193d56910e1_77d6", "plant_name": "Mihan TPS", "district": "Nagpur", "proj_name": null, "state": "Maharashtra", "inst_cap": 246.0, "layer": "coal_power_plants", "xmin": 78.9334, "ymin": 21.0377, "xmax": 78.9334, "ymax": 21.0377 }, "geometry": { "type": "Point", "coordinates": [ 78.9334, 21.0377 ] } },
{ "type": "Feature", "properties": { "id": "coal_power_plants_public.fid--438479b5_193d56910e1_77d7", "plant_name": "Butibori TPP Ph-II,", "district": "Nagpur", "proj_name": null, "state": "Maharashtra", "inst_cap": 600.0, "layer": "coal_power_plants", "xmin": 79.0057, "ymin": 20.9312, "xmax": 79.0057, "ymax": 20.9312 }, "geometry": { "type": "Point", "coordinates": [ 79.0057, 20.9312 ] } },
{ "type": "Feature", "properties": { "id": "coal_power_plants_public.fid--438479b5_193d56910e1_77d3", "plant_name": "Mouda TPP", "district": "Nagpur", "proj_name": null, "state": "Maharashtra", "inst_cap": 2320.0, "layer": "coal_power_plants", "xmin": 79.3978, "ymin": 21.1797, "xmax": 79.3978, "ymax": 21.1797 }, "geometry": { "type": "Point", "coordinates": [ 79.3978, 21.1797 ] } },
{ "type": "Feature", "properties": { "id": "coal_power_plants_public.fid--438479b5_193d56910e1_77d2", "plant_name": "Khaperkheda TPS", "district": "Nagpur", "proj_name": null, "state": "Maharashtra", "inst_cap": 420.0, "layer": "coal_power_plants", "xmin": 79.116, "ymin": 21.2818, "xmax": 79.116, "ymax": 21.2818 }, "geometry": { "type": "Point", "coordinates": [ 79.116, 21.2818 ] } },
{ "type": "Feature", "properties": { "id": "coal_power_plants_public.fid--438479b5_193d56910e1_77d4", "plant_name": "Khaparkheda TPS", "district": "Nagpur", "proj_name": null, "state": "Maharashtra", "inst_cap": 920.0, "layer": "coal_power_plants", "xmin": 79.116, "ymin": 21.2818, "xmax": 79.116, "ymax": 21.2818 }, "geometry": { "type": "Point", "coordinates": [ 79.116, 21.2818 ] } },
{ "type": "Feature", "properties": { "id": "coal_power_plants_public.fid--438479b5_193d56910e1_77d5", "plant_name": "Koradi TPS Extn", "district": "Nagpur", "proj_name": null, "state": "Maharashtra", "inst_cap": 1980.0, "layer": "coal_power_plants", "xmin": 79.096, "ymin": 21.2414, "xmax": 79.096, "ymax": 21.2414 }, "geometry": { "type": "Point", "coordinates": [ 79.096, 21.2414 ] } },
{ "type": "Feature", "properties": { "id": "coal_power_plants_public.fid--438479b5_193d56910e1_7781", "plant_name": "Dhariwal Infracture TPP", "district": "Chandrapur", "proj_name": null, "state": "Maharashtra", "inst_cap": 600.0, "layer": "coal_power_plants", "xmin": 79.0781, "ymin": 21.1354, "xmax": 79.0781, "ymax": 21.1354 }, "geometry": { "type": "Point", "coordinates": [ 79.0781, 21.1354 ] } },
{ "type": "Feature", "properties": { "id": "coal_power_plants_public.fid--438479b5_193d56910e1_7750", "plant_name": "Amaravati TPP  Ph-I", "district": "Amaravati", "proj_name": null, "state": "Maharashtra", "inst_cap": 1350.0, "layer": "coal_power_plants", "xmin": 77.5319, "ymin": 21.0322, "xmax": 77.5319, "ymax": 21.0322 }, "geometry": { "type": "Point", "coordinates": [ 77.5319, 21.0322 ] } },
{ "type": "Feature", "properties": { "id": "hydro_power_plants_public.102", "plant_name": "POCHAMPAD", "district": "NIZAMABAD", "proj_name": null, "state": "TELANGANA", "inst_cap": 36.0, "layer": "hydro_power_plants", "xmin": 78.3423, "ymin": 18.9652, "xmax": 78.3423, "ymax": 18.9652 }, "geometry": { "type": "Point", "coordinates": [ 78.3423, 18.9652 ] } },
{ "type": "Feature", "properties": { "id": "coal_power_plants_public.fid--438479b5_193d56910e1_7762", "plant_name": "Parli Extn St-IV", "district": "Beed", "proj_name": null, "state": "Maharashtra", "inst_cap": 960.0, "layer": "coal_power_plants", "xmin": 76.5254, "ymin": 18.8685, "xmax": 76.5254, "ymax": 18.8685 }, "geometry": { "type": "Point", "coordinates": [ 76.5254, 18.8685 ] } },
{ "type": "Feature", "properties": { "id": "coal_power_plants_public.fid--438479b5_193d56910e1_774c", "plant_name": "Paras TPS Expn", "district": "Akola", "proj_name": null, "state": "Maharashtra", "inst_cap": 500.0, "layer": "coal_power_plants", "xmin": 76.7948, "ymin": 20.7147, "xmax": 76.7948, "ymax": 20.7147 }, "geometry": { "type": "Point", "coordinates": [ 76.7948, 20.7147 ] } },
{ "type": "Feature", "properties": { "id": "coal_power_plants_public.fid--438479b5_193d56910e1_7771", "plant_name": "Bhusawal TPS Expn.", "district": "Bhusawal", "proj_name": null, "state": "Maharashtra", "inst_cap": 1000.0, "layer": "coal_power_plants", "xmin": 75.8425, "ymin": 21.0483, "xmax": 75.8425, "ymax": 21.0483 }, "geometry": { "type": "Point", "coordinates": [ 75.8425, 21.0483 ] } },
{ "type": "Feature", "properties": { "id": "coal_power_plants_public.fid--438479b5_193d56910e1_778d", "plant_name": "Shirpur TPP", "district": "Dhule", "proj_name": null, "state": "Maharashtra", "inst_cap": 150.0, "layer": "coal_power_plants", "xmin": 74.8544, "ymin": 21.1511, "xmax": 74.8544, "ymax": 21.1511 }, "geometry": { "type": "Point", "coordinates": [ 74.8544, 21.1511 ] } },
{ "type": "Feature", "properties": { "id": "coal_power_plants_public.fid--438479b5_193d56910e1_77d9", "plant_name": "Nasik TPP Ph-I", "district": "Nasik", "proj_name": null, "state": "Maharashtra", "inst_cap": 1350.0, "layer": "coal_power_plants", "xmin": 73.8921, "ymin": 19.981, "xmax": 73.8921, "ymax": 19.981 }, "geometry": { "type": "Point", "coordinates": [ 73.8921, 19.981 ] } },
{ "type": "Feature", "properties": { "id": "coal_power_plants_public.fid--438479b5_193d56910e1_7809", "plant_name": "Ukai TPP Extn.", "district": "Tapi", "proj_name": null, "state": "Gujarat", "inst_cap": 500.0, "layer": "coal_power_plants", "xmin": 73.5574, "ymin": 21.2093, "xmax": 73.5574, "ymax": 21.2093 }, "geometry": { "type": "Point", "coordinates": [ 73.5574, 21.2093 ] } },
{ "type": "Feature", "properties": { "id": "hydro_power_plants_public.76", "plant_name": "UKAI", "district": "TAPI", "proj_name": null, "state": "GUJARAT", "inst_cap": 300.0, "layer": "hydro_power_plants", "xmin": 73.5833, "ymin": 21.25, "xmax": 73.5833, "ymax": 21.25 }, "geometry": { "type": "Point", "coordinates": [ 73.5833, 21.25 ] } },
{ "type": "Feature", "properties": { "id": "coal_power_plants_public.fid--438479b5_193d56910e1_7807", "plant_name": "Surat Lignite TPP Extn.", "district": "Surat", "proj_name": null, "state": "Gujarat", "inst_cap": 250.0, "layer": "coal_power_plants", "xmin": 73.106, "ymin": 21.397, "xmax": 73.106, "ymax": 21.397 }, "geometry": { "type": "Point", "coordinates": [ 73.106, 21.397 ] } },
{ "type": "Feature", "properties": { "id": "natural_gas_power_plants_public.36", "plant_name": "Uno sugen Mega CCPP", "district": "Surat", "proj_name": null, "state": "Gujarat", "inst_cap": 382.5, "layer": "natural_gas_power_plants", "xmin": 72.989, "ymin": 21.3412, "xmax": 72.989, "ymax": 21.3412 }, "geometry": { "type": "Point", "coordinates": [ 72.989, 21.3412 ] } },
{ "type": "Feature", "properties": { "id": "natural_gas_power_plants_public.35", "plant_name": "Sugen CCPP(Akhakhol)", "district": "Surat", "proj_name": null, "state": "Gujarat", "inst_cap": 1147.5, "layer": "natural_gas_power_plants", "xmin": 72.9885, "ymin": 21.3393, "xmax": 72.9885, "ymax": 21.3393 }, "geometry": { "type": "Point", "coordinates": [ 72.9885, 21.3393 ] } },
{ "type": "Feature", "properties": { "id": "natural_gas_power_plants_public.27", "plant_name": "Utran CCGT", "district": "Surat", "proj_name": null, "state": "Gujarat", "inst_cap": 452.0, "layer": "natural_gas_power_plants", "xmin": 72.8705, "ymin": 21.2285, "xmax": 72.8705, "ymax": 21.2285 }, "geometry": { "type": "Point", "coordinates": [ 72.8705, 21.2285 ] } },
{ "type": "Feature", "properties": { "id": "natural_gas_power_plants_public.26", "plant_name": "Kawas CCGT -I", "district": "Surat", "proj_name": null, "state": "Gujarat", "inst_cap": 538.0, "layer": "natural_gas_power_plants", "xmin": 72.6879, "ymin": 21.175, "xmax": 72.6879, "ymax": 21.175 }, "geometry": { "type": "Point", "coordinates": [ 72.6879, 21.175 ] } },
{ "type": "Feature", "properties": { "id": "natural_gas_power_plants_public.32", "plant_name": "Hazira CCGT", "district": "Surat", "proj_name": null, "state": "Gujarat", "inst_cap": 515.0, "layer": "natural_gas_power_plants", "xmin": 72.639, "ymin": 21.12, "xmax": 72.639, "ymax": 21.12 }, "geometry": { "type": "Point", "coordinates": [ 72.639, 21.12 ] } },
{ "type": "Feature", "properties": { "id": "natural_gas_power_plants_public.30", "plant_name": "Hazira CCPP Extn.", "district": "Surat", "proj_name": null, "state": "Gujarat", "inst_cap": 351.0, "layer": "natural_gas_power_plants", "xmin": 72.6613, "ymin": 21.1652, "xmax": 72.6613, "ymax": 21.1652 }, "geometry": { "type": "Point", "coordinates": [ 72.6613, 21.1652 ] } },
{ "type": "Feature", "properties": { "id": "natural_gas_power_plants_public.28", "plant_name": "Hazira CCPP", "district": "Surat", "proj_name": null, "state": "Gujarat", "inst_cap": 156.1, "layer": "natural_gas_power_plants", "xmin": 72.6613, "ymin": 21.1652, "xmax": 72.6613, "ymax": 21.1652 }, "geometry": { "type": "Point", "coordinates": [ 72.6613, 21.1652 ] } },
{ "type": "Feature", "properties": { "id": "coal_power_plants_public.fid--438479b5_193d56910e1_780b", "plant_name": "Dhanu TPS", "district": "Thane", "proj_name": null, "state": "Maharashtra", "inst_cap": 500.0, "layer": "coal_power_plants", "xmin": 72.7478, "ymin": 19.9545, "xmax": 72.7478, "ymax": 19.9545 }, "geometry": { "type": "Point", "coordinates": [ 72.7478, 19.9545 ] } },
{ "type": "Feature", "properties": { "id": "hydro_power_plants_public.87", "plant_name": "VAITARNA", "district": "NASIK", "proj_name": null, "state": "MAHARASHTRA", "inst_cap": 60.0, "layer": "hydro_power_plants", "xmin": 73.5333, "ymin": 19.9167, "xmax": 73.5333, "ymax": 19.9167 }, "geometry": { "type": "Point", "coordinates": [ 73.5333, 19.9167 ] } },
{ "type": "Feature", "properties": { "id": "pumped_storage_hydro_power_plants_public.4", "plant_name": "GHATGHAR", "district": "AHMEDNAGAR", "proj_name": null, "state": "MAHARASHTRA", "inst_cap": 250.0, "layer": "pumped_storage_hydro_power_plants", "xmin": 73.65, "ymin": 19.5317, "xmax": 73.65, "ymax": 19.5317 }, "geometry": { "type": "Point", "coordinates": [ 73.65, 19.5317 ] } },
{ "type": "Feature", "properties": { "id": "hydro_power_plants_public.186", "plant_name": "KHOPOLI", "district": "LONAVLA , WOLWAHAN & SHIRAWTA LAKE", "proj_name": null, "state": "MAHARASHTRA", "inst_cap": 72.0, "layer": "hydro_power_plants", "xmin": 73.4667, "ymin": 19.3833, "xmax": 73.4667, "ymax": 19.3833 }, "geometry": { "type": "Point", "coordinates": [ 73.4667, 19.3833 ] } },
{ "type": "Feature", "properties": { "id": "coal_power_plants_public.fid--438479b5_193d56910e1_77d8", "plant_name": "Bela TPP-I,", "district": "Nagpur", "proj_name": null, "state": "Maharashtra", "inst_cap": 270.0, "layer": "coal_power_plants", "xmin": 72.904, "ymin": 19.0672, "xmax": 72.904, "ymax": 19.0672 }, "geometry": { "type": "Point", "coordinates": [ 72.904, 19.0672 ] } },
{ "type": "Feature", "properties": { "id": "natural_gas_power_plants_public.46", "plant_name": "Trombay CCGT", "district": "Mumbai", "proj_name": null, "state": "Maharashtra", "inst_cap": 180.0, "layer": "natural_gas_power_plants", "xmin": 72.8967, "ymin": 19.0018, "xmax": 72.8967, "ymax": 19.0018 }, "geometry": { "type": "Point", "coordinates": [ 72.8967, 19.0018 ] } },
{ "type": "Feature", "properties": { "id": "coal_power_plants_public.fid--438479b5_193d56910e1_77cc", "plant_name": "Trombay TPS Extn.", "district": "Mumbai", "proj_name": null, "state": "Maharashtra", "inst_cap": 750.0, "layer": "coal_power_plants", "xmin": 72.9, "ymin": 19.0046, "xmax": 72.9, "ymax": 19.0046 }, "geometry": { "type": "Point", "coordinates": [ 72.9, 19.0046 ] } },
{ "type": "Feature", "properties": { "id": "hydro_power_plants_public.92", "plant_name": "BHIRA TAIL RACE", "district": "RAIGAD", "proj_name": null, "state": "MAHARASHTRA", "inst_cap": 80.0, "layer": "hydro_power_plants", "xmin": 73.347, "ymin": 18.4411, "xmax": 73.347, "ymax": 18.4411 }, "geometry": { "type": "Point", "coordinates": [ 73.347, 18.4411 ] } },
{ "type": "Feature", "properties": { "id": "hydro_power_plants_public.90", "plant_name": "KDPH", "district": "SATARA", "proj_name": null, "state": "MAHARASHTRA", "inst_cap": 36.0, "layer": "hydro_power_plants", "xmin": 73.347, "ymin": 18.4411, "xmax": 73.347, "ymax": 18.4411 }, "geometry": { "type": "Point", "coordinates": [ 73.347, 18.4411 ] } },
{ "type": "Feature", "properties": { "id": "natural_gas_power_plants_public.44", "plant_name": "Uran GT", "district": "Raigad", "proj_name": null, "state": "Maharashtra", "inst_cap": 432.0, "layer": "natural_gas_power_plants", "xmin": 72.9715, "ymin": 18.88, "xmax": 72.9715, "ymax": 18.88 }, "geometry": { "type": "Point", "coordinates": [ 72.9715, 18.88 ] } },
{ "type": "Feature", "properties": { "id": "natural_gas_power_plants_public.45", "plant_name": "Uran WHP", "district": "Raigad", "proj_name": null, "state": "Maharashtra", "inst_cap": 240.0, "layer": "natural_gas_power_plants", "xmin": 72.9715, "ymin": 18.88, "xmax": 72.9715, "ymax": 18.88 }, "geometry": { "type": "Point", "coordinates": [ 72.9715, 18.88 ] } },
{ "type": "Feature", "properties": { "id": "hydro_power_plants_public.185", "plant_name": "BHIVPURI", "district": "THOKARWADI LAKE", "proj_name": null, "state": "MAHARASHTRA", "inst_cap": 75.0, "layer": "hydro_power_plants", "xmin": 73.4528, "ymin": 18.9364, "xmax": 73.4528, "ymax": 18.9364 }, "geometry": { "type": "Point", "coordinates": [ 73.4528, 18.9364 ] } },
{ "type": "Feature", "properties": { "id": "small_hydro_power_plants_public.22", "plant_name": null, "district": "PUNE", "proj_name": "Temghar", "state": "Maharashtra", "inst_cap": 4.0, "layer": "small_hydro_power_plants", "xmin": 73.5333, "ymin": 18.45, "xmax": 73.5333, "ymax": 18.45 }, "geometry": { "type": "Point", "coordinates": [ 73.5333, 18.45 ] } },
{ "type": "Feature", "properties": { "id": "hydro_power_plants_public.184", "plant_name": "BHIRA", "district": "MULSHI DAM", "proj_name": null, "state": "MAHARASHTRA", "inst_cap": 150.0, "layer": "hydro_power_plants", "xmin": 73.3911, "ymin": 18.4549, "xmax": 73.3911, "ymax": 18.4549 }, "geometry": { "type": "Point", "coordinates": [ 73.3911, 18.4549 ] } },
{ "type": "Feature", "properties": { "id": "pumped_storage_hydro_power_plants_public.9", "plant_name": "BHIRA", "district": "RAIGAD", "proj_name": null, "state": "MAHARASHTRA", "inst_cap": 150.0, "layer": "pumped_storage_hydro_power_plants", "xmin": 73.3924, "ymin": 18.4547, "xmax": 73.3924, "ymax": 18.4547 }, "geometry": { "type": "Point", "coordinates": [ 73.3924, 18.4547 ] } },
{ "type": "Feature", "properties": { "id": "small_hydro_power_plants_public.12", "plant_name": null, "district": "PUNE", "proj_name": "Gunjawani", "state": "Maharashtra", "inst_cap": 2.0, "layer": "small_hydro_power_plants", "xmin": 73.6408, "ymin": 18.3083, "xmax": 73.6408, "ymax": 18.3083 }, "geometry": { "type": "Point", "coordinates": [ 73.6408, 18.3083 ] } },
{ "type": "Feature", "properties": { "id": "hydro_power_plants_public.183", "plant_name": "BANDARDHARA-II", "district": "MUMBAI", "proj_name": null, "state": "MAHARASHTRA", "inst_cap": 34.0, "layer": "hydro_power_plants", "xmin": 73.8086, "ymin": 19.5556, "xmax": 73.8086, "ymax": 19.5556 }, "geometry": { "type": "Point", "coordinates": [ 73.8086, 19.5556 ] } },
{ "type": "Feature", "properties": { "id": "hydro_power_plants_public.151", "plant_name": "SUPA", "district": "UTTARA KANNADA", "proj_name": null, "state": "KARNATAKA", "inst_cap": 100.0, "layer": "hydro_power_plants", "xmin": 74.5277, "ymin": 15.2758, "xmax": 74.5277, "ymax": 15.2758 }, "geometry": { "type": "Point", "coordinates": [ 74.5277, 15.2758 ] } },
{ "type": "Feature", "properties": { "id": "natural_gas_power_plants_public.24", "plant_name": "Salgaocar CCGT", "district": "Goa", "proj_name": null, "state": "Goa", "inst_cap": 48.0, "layer": "natural_gas_power_plants", "xmin": 73.877, "ymin": 15.3771, "xmax": 73.877, "ymax": 15.3771 }, "geometry": { "type": "Point", "coordinates": [ 73.877, 15.3771 ] } },
{ "type": "Feature", "properties": { "id": "hydro_power_plants_public.93", "plant_name": "TILLARI", "district": "KOLHAPUR", "proj_name": null, "state": "MAHARASHTRA", "inst_cap": 60.0, "layer": "hydro_power_plants", "xmin": 74.1577, "ymin": 15.8116, "xmax": 74.1577, "ymax": 15.8116 }, "geometry": { "type": "Point", "coordinates": [ 74.1577, 15.8116 ] } },
{ "type": "Feature", "properties": { "id": "diesel_power_plants_public.6", "plant_name": "Belgaum DG", "district": "Belgaum", "proj_name": null, "state": "Karnataka", "inst_cap": 81.3, "layer": "diesel_power_plants", "xmin": 74.4977, "ymin": 15.8497, "xmax": 74.4977, "ymax": 15.8497 }, "geometry": { "type": "Point", "coordinates": [ 74.4977, 15.8497 ] } },
{ "type": "Feature", "properties": { "id": "hydro_power_plants_public.88", "plant_name": "KOYNA ST-I&II", "district": "PATAN", "proj_name": null, "state": "MAHARASHTRA", "inst_cap": 600.0, "layer": "hydro_power_plants", "xmin": 73.6888, "ymin": 17.4423, "xmax": 73.6888, "ymax": 17.4423 }, "geometry": { "type": "Point", "coordinates": [ 73.6888, 17.4423 ] } },
{ "type": "Feature", "properties": { "id": "coal_power_plants_public.fid--438479b5_193d56910e1_77eb", "plant_name": "JSW Ratnagiri TPP", "district": "Ratnagiri", "proj_name": null, "state": "Maharashtra", "inst_cap": 1200.0, "layer": "coal_power_plants", "xmin": 73.125, "ymin": 17.1748, "xmax": 73.125, "ymax": 17.1748 }, "geometry": { "type": "Point", "coordinates": [ 73.125, 17.1748 ] } },
{ "type": "Feature", "properties": { "id": "natural_gas_power_plants_public.47", "plant_name": "Dabhol CCGT  Ph-I", "district": "Ratnagiri", "proj_name": null, "state": "Maharashtra", "inst_cap": 740.0, "layer": "natural_gas_power_plants", "xmin": 73.167, "ymin": 17.5587, "xmax": 73.167, "ymax": 17.5587 }, "geometry": { "type": "Point", "coordinates": [ 73.167, 17.5587 ] } },
{ "type": "Feature", "properties": { "id": "natural_gas_power_plants_public.43", "plant_name": "Ratnagiri(Dhabol)  Ph-II", "district": "Ratnagiri", "proj_name": null, "state": "Maharashtra", "inst_cap": 740.0, "layer": "natural_gas_power_plants", "xmin": 73.1671, "ymin": 17.5587, "xmax": 73.1671, "ymax": 17.5587 }, "geometry": { "type": "Point", "coordinates": [ 73.1671, 17.5587 ] } },
{ "type": "Feature", "properties": { "id": "natural_gas_power_plants_public.48", "plant_name": "Ratangiri CCPP-II", "district": "Ratangiri", "proj_name": null, "state": "Maharashtra", "inst_cap": 740.0, "layer": "natural_gas_power_plants", "xmin": 73.166, "ymin": 17.559, "xmax": 73.166, "ymax": 17.559 }, "geometry": { "type": "Point", "coordinates": [ 73.166, 17.559 ] } },
{ "type": "Feature", "properties": { "id": "hydro_power_plants_public.91", "plant_name": "KOYNA ST-III", "district": "RATNAGIRI", "proj_name": null, "state": "MAHARASHTRA", "inst_cap": 320.0, "layer": "hydro_power_plants", "xmin": 73.6438, "ymin": 17.4729, "xmax": 73.6438, "ymax": 17.4729 }, "geometry": { "type": "Point", "coordinates": [ 73.6438, 17.4729 ] } },
{ "type": "Feature", "properties": { "id": "hydro_power_plants_public.89", "plant_name": "KOYNA ST-IV", "district": "SATARA", "proj_name": null, "state": "MAHARASHTRA", "inst_cap": 1000.0, "layer": "hydro_power_plants", "xmin": 73.684, "ymin": 17.459, "xmax": 73.684, "ymax": 17.459 }, "geometry": { "type": "Point", "coordinates": [ 73.684, 17.459 ] } },
{ "type": "Feature", "properties": { "id": "small_hydro_power_plants_public.13", "plant_name": null, "district": "RATNAGIRI", "proj_name": "Pimpalwadi (Dubai) HEP", "state": "Maharashtra", "inst_cap": 0.4, "layer": "small_hydro_power_plants", "xmin": 73.5667, "ymin": 17.6728, "xmax": 73.5667, "ymax": 17.6728 }, "geometry": { "type": "Point", "coordinates": [ 73.5667, 17.6728 ] } },
{ "type": "Feature", "properties": { "id": "natural_gas_power_plants_public.49", "plant_name": "Mangaon CCPP", "district": "Raigad", "proj_name": null, "state": "Maharashtra", "inst_cap": 388.0, "layer": "natural_gas_power_plants", "xmin": 73.2817, "ymin": 18.2382, "xmax": 73.2817, "ymax": 18.2382 }, "geometry": { "type": "Point", "coordinates": [ 73.2817, 18.2382 ] } },
{ "type": "Feature", "properties": { "id": "natural_gas_power_plants_public.31", "plant_name": "Pipavav CCPP", "district": "Amreli", "proj_name": null, "state": "Gujarat", "inst_cap": 702.0, "layer": "natural_gas_power_plants", "xmin": 71.4693, "ymin": 20.8986, "xmax": 71.4693, "ymax": 20.8986 }, "geometry": { "type": "Point", "coordinates": [ 71.4693, 20.8986 ] } },
{ "type": "Feature", "properties": { "id": "coal_power_plants_public.fid--438479b5_193d56910e1_7808", "plant_name": "Mangrol Lignite", "district": "Surat", "proj_name": null, "state": "Gujarat", "inst_cap": 250.0, "layer": "coal_power_plants", "xmin": 70.1158, "ymin": 21.1172, "xmax": 70.1158, "ymax": 21.1172 }, "geometry": { "type": "Point", "coordinates": [ 70.1158, 21.1172 ] } },
{ "type": "Feature", "properties": { "id": "coal_power_plants_public.fid--438479b5_193d56910e1_779a", "plant_name": "Salaya TPP", "district": "Jamnagar", "proj_name": null, "state": "Gujarat", "inst_cap": 1200.0, "layer": "coal_power_plants", "xmin": 69.7099, "ymin": 22.3053, "xmax": 69.7099, "ymax": 22.3053 }, "geometry": { "type": "Point", "coordinates": [ 69.7099, 22.3053 ] } },
{ "type": "Feature", "properties": { "id": "coal_power_plants_public.fid--438479b5_193d56910e1_779b", "plant_name": "Sikka TPS", "district": "Jamnagar", "proj_name": null, "state": "Gujarat", "inst_cap": 740.0, "layer": "coal_power_plants", "xmin": 69.8276, "ymin": 22.4208, "xmax": 69.8276, "ymax": 22.4208 }, "geometry": { "type": "Point", "coordinates": [ 69.8276, 22.4208 ] } },
{ "type": "Feature", "properties": { "id": "coal_power_plants_public.fid--438479b5_193d56910e1_77c6", "plant_name": "Mundra TPP Ph-1(U-1&2)", "district": "Kutch", "proj_name": null, "state": "Gujarat", "inst_cap": 4620.0, "layer": "coal_power_plants", "xmin": 69.553, "ymin": 22.823, "xmax": 69.553, "ymax": 22.823 }, "geometry": { "type": "Point", "coordinates": [ 69.553, 22.823 ] } },
{ "type": "Feature", "properties": { "id": "coal_power_plants_public.fid--438479b5_193d56910e1_77c5", "plant_name": "Mundra UMTPP", "district": "Kutch", "proj_name": null, "state": "Gujarat", "inst_cap": 4000.0, "layer": "coal_power_plants", "xmin": 69.3, "ymin": 22.49, "xmax": 69.3, "ymax": 22.49 }, "geometry": { "type": "Point", "coordinates": [ 69.3, 22.49 ] } },
{ "type": "Feature", "properties": { "id": "coal_power_plants_public.fid--438479b5_193d56910e1_77c4", "plant_name": "Kutch Lignite TPS", "district": "Kutch", "proj_name": null, "state": "Gujarat", "inst_cap": 220.0, "layer": "coal_power_plants", "xmin": 68.7843, "ymin": 23.6626, "xmax": 68.7843, "ymax": 23.6626 }, "geometry": { "type": "Point", "coordinates": [ 68.7843, 23.6626 ] } },
{ "type": "Feature", "properties": { "id": "coal_power_plants_public.fid--438479b5_193d56910e1_7770", "plant_name": "Akrimota TPP", "district": "Bhuj", "proj_name": null, "state": "Gujarat", "inst_cap": 250.0, "layer": "coal_power_plants", "xmin": 68.8, "ymin": 23.7, "xmax": 68.8, "ymax": 23.7 }, "geometry": { "type": "Point", "coordinates": [ 68.8, 23.7 ] } },
{ "type": "Feature", "properties": { "id": "natural_gas_power_plants_public.16", "plant_name": "Banaskandi CCGT", "district": "Cachar", "proj_name": null, "state": "Assam", "inst_cap": 15.5, "layer": "natural_gas_power_plants", "xmin": 71.7622, "ymin": 24.3455, "xmax": 71.7622, "ymax": 24.3455 }, "geometry": { "type": "Point", "coordinates": [ 71.7622, 24.3455 ] } },
{ "type": "Feature", "properties": { "id": "coal_power_plants_public.fid--438479b5_193d56910e1_776f", "plant_name": "Bhavnagar CFBC TPP", "district": "Bhavnagar", "proj_name": null, "state": "Gujarat", "inst_cap": 500.0, "layer": "coal_power_plants", "xmin": 72.1283, "ymin": 21.745, "xmax": 72.1283, "ymax": 21.745 }, "geometry": { "type": "Point", "coordinates": [ 72.1283, 21.745 ] } },
{ "type": "Feature", "properties": { "id": "natural_gas_power_plants_public.37", "plant_name": "DGEN Mega CCPP", "district": "Behruch", "proj_name": null, "state": "Gujarat", "inst_cap": 1200.0, "layer": "natural_gas_power_plants", "xmin": 72.6127, "ymin": 21.7062, "xmax": 72.6127, "ymax": 21.7062 }, "geometry": { "type": "Point", "coordinates": [ 72.6127, 21.7062 ] } },
{ "type": "Feature", "properties": { "id": "natural_gas_power_plants_public.29", "plant_name": "Dhuvaran CCPP", "district": "Anand", "proj_name": null, "state": "Gujarat", "inst_cap": 594.717, "layer": "natural_gas_power_plants", "xmin": 72.752, "ymin": 22.2396, "xmax": 72.752, "ymax": 22.2396 }, "geometry": { "type": "Point", "coordinates": [ 72.752, 22.2396 ] } },
{ "type": "Feature", "properties": { "id": "coal_power_plants_public.fid--438479b5_193d56910e1_774b", "plant_name": "Sabarmati TPS", "district": "Ahmedabad", "proj_name": null, "state": "Gujarat", "inst_cap": 110.0, "layer": "coal_power_plants", "xmin": 72.5933, "ymin": 23.0701, "xmax": 72.5933, "ymax": 23.0701 }, "geometry": { "type": "Point", "coordinates": [ 72.5933, 23.0701 ] } },
{ "type": "Feature", "properties": { "id": "natural_gas_power_plants_public.33", "plant_name": "GIPCL Baroda CCGT", "district": "Baroda", "proj_name": null, "state": "Gujarat", "inst_cap": 167.0, "layer": "natural_gas_power_plants", "xmin": 73.1004, "ymin": 22.3766, "xmax": 73.1004, "ymax": 22.3766 }, "geometry": { "type": "Point", "coordinates": [ 73.1004, 22.3766 ] } },
{ "type": "Feature", "properties": { "id": "small_hydro_power_plants_public.18", "plant_name": null, "district": "VADODARA", "proj_name": "Vadodara Branch Canal SHP-6", "state": "Gujarat", "inst_cap": 0.6, "layer": "small_hydro_power_plants", "xmin": 73.2754, "ymin": 22.3604, "xmax": 73.2754, "ymax": 22.3604 }, "geometry": { "type": "Point", "coordinates": [ 73.2754, 22.3604 ] } },
{ "type": "Feature", "properties": { "id": "small_hydro_power_plants_public.5", "plant_name": null, "district": "VADODARA", "proj_name": "Vadodara Branch Canal SHP-4", "state": "Gujarat", "inst_cap": 0.6, "layer": "small_hydro_power_plants", "xmin": 73.3054, "ymin": 22.3554, "xmax": 73.3054, "ymax": 22.3554 }, "geometry": { "type": "Point", "coordinates": [ 73.3054, 22.3554 ] } },
{ "type": "Feature", "properties": { "id": "coal_power_plants_public.fid--438479b5_193d56910e1_77ad", "plant_name": "Wanakabori TPS-II", "district": "Kheda", "proj_name": null, "state": "Gujarat", "inst_cap": 1640.0, "layer": "coal_power_plants", "xmin": 73.3588, "ymin": 22.8725, "xmax": 73.3588, "ymax": 22.8725 }, "geometry": { "type": "Point", "coordinates": [ 73.3588, 22.8725 ] } },
{ "type": "Feature", "properties": { "id": "small_hydro_power_plants_public.21", "plant_name": null, "district": "VADODARA", "proj_name": "SHP -1 on Vadodara Branch canal", "state": "Gujarat", "inst_cap": 1.052, "layer": "small_hydro_power_plants", "xmin": 73.439, "ymin": 22.3771, "xmax": 73.439, "ymax": 22.3771 }, "geometry": { "type": "Point", "coordinates": [ 73.439, 22.3771 ] } },
{ "type": "Feature", "properties": { "id": "natural_gas_power_plants_public.25", "plant_name": "Gandhar CCGT", "district": "Bharuch", "proj_name": null, "state": "Gujarat", "inst_cap": 648.0, "layer": "natural_gas_power_plants", "xmin": 73.1136, "ymin": 21.8242, "xmax": 73.1136, "ymax": 21.8242 }, "geometry": { "type": "Point", "coordinates": [ 73.1136, 21.8242 ] } },
{ "type": "Feature", "properties": { "id": "natural_gas_power_plants_public.34", "plant_name": "Paguthan CCGT", "district": "Bharuch", "proj_name": null, "state": "Gujarat", "inst_cap": 655.0, "layer": "natural_gas_power_plants", "xmin": 72.9852, "ymin": 21.7783, "xmax": 72.9852, "ymax": 21.7783 }, "geometry": { "type": "Point", "coordinates": [ 72.9852, 21.7783 ] } },
{ "type": "Feature", "properties": { "id": "hydro_power_plants_public.77", "plant_name": "S. SAROVAR (CHPH)", "district": "NARMADA", "proj_name": null, "state": "GUJARAT", "inst_cap": 250.0, "layer": "hydro_power_plants", "xmin": 73.7567, "ymin": 21.8375, "xmax": 73.7567, "ymax": 21.8375 }, "geometry": { "type": "Point", "coordinates": [ 73.7567, 21.8375 ] } },
{ "type": "Feature", "properties": { "id": "pumped_storage_hydro_power_plants_public.3", "plant_name": "S. SAROVAR (RBPH)", "district": "NARMADA", "proj_name": null, "state": "GUJARAT", "inst_cap": 1200.0, "layer": "pumped_storage_hydro_power_plants", "xmin": 73.7489, "ymin": 21.8344, "xmax": 73.7489, "ymax": 21.8344 }, "geometry": { "type": "Point", "coordinates": [ 73.7489, 21.8344 ] } },
{ "type": "Feature", "properties": { "id": "small_hydro_power_plants_public.6", "plant_name": null, "district": "CHHOTA UDEPUR", "proj_name": "Miyagaon Branch Canal SHP", "state": "Gujarat", "inst_cap": 1.5, "layer": "small_hydro_power_plants", "xmin": 73.9832, "ymin": 22.3911, "xmax": 73.9832, "ymax": 22.3911 }, "geometry": { "type": "Point", "coordinates": [ 73.9832, 22.3911 ] } },
{ "type": "Feature", "properties": { "id": "pumped_storage_hydro_power_plants_public.2", "plant_name": "KADANA PSS & EXT.", "district": "MAHISAGAR", "proj_name": null, "state": "GUJARAT", "inst_cap": 240.0, "layer": "pumped_storage_hydro_power_plants", "xmin": 73.8254, "ymin": 23.304, "xmax": 73.8254, "ymax": 23.304 }, "geometry": { "type": "Point", "coordinates": [ 73.8254, 23.304 ] } },
{ "type": "Feature", "properties": { "id": "hydro_power_plants_public.69", "plant_name": "MAHIBAJAJ  SAGAR-I", "district": "BANSWARA", "proj_name": null, "state": "RAJASTHAN", "inst_cap": 50.0, "layer": "hydro_power_plants", "xmin": 74.5058, "ymin": 23.5449, "xmax": 74.5058, "ymax": 23.5449 }, "geometry": { "type": "Point", "coordinates": [ 74.5058, 23.5449 ] } },
{ "type": "Feature", "properties": { "id": "hydro_power_plants_public.70", "plant_name": "MAHIBAJAJ  SAGAR-II", "district": "BANSWARA", "proj_name": null, "state": "RAJASTHAN", "inst_cap": 90.0, "layer": "hydro_power_plants", "xmin": 74.2358, "ymin": 23.3561, "xmax": 74.2358, "ymax": 23.3561 }, "geometry": { "type": "Point", "coordinates": [ 74.2358, 23.3561 ] } },
{ "type": "Feature", "properties": { "id": "coal_power_plants_public.fid--438479b5_193d56910e1_7794", "plant_name": "Gandhi Nagar TPS", "district": "Gandhi Nagar", "proj_name": null, "state": "Gujarat", "inst_cap": 420.0, "layer": "coal_power_plants", "xmin": 72.6741, "ymin": 23.2506, "xmax": 72.6741, "ymax": 23.2506 }, "geometry": { "type": "Point", "coordinates": [ 72.6741, 23.2506 ] } },
{ "type": "Feature", "properties": { "id": "small_hydro_power_plants_public.14", "plant_name": null, "district": "MAHESANA", "proj_name": "Saurashtra Branch Canal(SBC) SHP - 2", "state": "Gujarat", "inst_cap": 15.0, "layer": "small_hydro_power_plants", "xmin": 72.2424, "ymin": 23.1831, "xmax": 72.2424, "ymax": 23.1831 }, "geometry": { "type": "Point", "coordinates": [ 72.2424, 23.1831 ] } },
{ "type": "Feature", "properties": { "id": "small_hydro_power_plants_public.4", "plant_name": null, "district": "BANAS KANTHA", "proj_name": "Saurashtra Branch Canal(SBC) SHP - 1", "state": "Gujarat", "inst_cap": 15.0, "layer": "small_hydro_power_plants", "xmin": 72.3375, "ymin": 24.2435, "xmax": 72.3375, "ymax": 24.2435 }, "geometry": { "type": "Point", "coordinates": [ 72.3375, 24.2435 ] } },
{ "type": "Feature", "properties": { "id": "coal_power_plants_public.fid--438479b5_193d56910e1_7773", "plant_name": "Barsingsar Lignite", "district": "Bikaner", "proj_name": null, "state": "Rajasthan", "inst_cap": 250.0, "layer": "coal_power_plants", "xmin": 73.2, "ymin": 27.8453, "xmax": 73.2, "ymax": 27.8453 }, "geometry": { "type": "Point", "coordinates": [ 73.2, 27.8453 ] } },
{ "type": "Feature", "properties": { "id": "natural_gas_power_plants_public.52", "plant_name": "Ramgarh GT", "district": "Jaisalmer", "proj_name": null, "state": "Rajasthan", "inst_cap": 273.825, "layer": "natural_gas_power_plants", "xmin": 70.538, "ymin": 27.336, "xmax": 70.538, "ymax": 27.336 }, "geometry": { "type": "Point", "coordinates": [ 70.538, 27.336 ] } },
{ "type": "Feature", "properties": { "id": "coal_power_plants_public.fid--438479b5_193d56910e1_775e", "plant_name": "Jallipa-Kapurdi TPP", "district": "Barmer", "proj_name": null, "state": "Rajasthan", "inst_cap": 1080.0, "layer": "coal_power_plants", "xmin": 71.1933, "ymin": 25.534, "xmax": 71.1933, "ymax": 25.534 }, "geometry": { "type": "Point", "coordinates": [ 71.1933, 25.534 ] } },
{ "type": "Feature", "properties": { "id": "coal_power_plants_public.fid--438479b5_193d56910e1_775f", "plant_name": "Giral TPP", "district": "Barmer", "proj_name": null, "state": "Rajasthan", "inst_cap": 250.0, "layer": "coal_power_plants", "xmin": 71.2535, "ymin": 26.0446, "xmax": 71.2535, "ymax": 26.0446 }, "geometry": { "type": "Point", "coordinates": [ 71.2535, 26.0446 ] } },
{ "type": "Feature", "properties": { "id": "hydro_power_plants_public.23", "plant_name": "URI-II", "district": "BARAMULLAH", "proj_name": null, "state": "JAMMU & KASHMIR", "inst_cap": 240.0, "layer": "hydro_power_plants", "xmin": 73.9381, "ymin": 34.1069, "xmax": 73.9381, "ymax": 34.1069 }, "geometry": { "type": "Point", "coordinates": [ 73.9381, 34.1069 ] } },
{ "type": "Feature", "properties": { "id": "hydro_power_plants_public.12", "plant_name": "URI", "district": "BARAMULA", "proj_name": null, "state": "JAMMU & KASHMIR", "inst_cap": 480.0, "layer": "hydro_power_plants", "xmin": 74.0677, "ymin": 34.1132, "xmax": 74.0677, "ymax": 34.1132 }, "geometry": { "type": "Point", "coordinates": [ 74.0677, 34.1132 ] } },
{ "type": "Feature", "properties": { "id": "hydro_power_plants_public.50", "plant_name": "LOWER JHELUM", "district": "BARAMULLAH", "proj_name": null, "state": "JAMMU & KASHMIR", "inst_cap": 105.0, "layer": "hydro_power_plants", "xmin": 74.1969, "ymin": 34.1512, "xmax": 74.1969, "ymax": 34.1512 }, "geometry": { "type": "Point", "coordinates": [ 74.1969, 34.1512 ] } },
{ "type": "Feature", "properties": { "id": "natural_gas_power_plants_public.39", "plant_name": "Pampore GT St-I", "district": "Pulwama", "proj_name": null, "state": "J&K", "inst_cap": 175.0, "layer": "natural_gas_power_plants", "xmin": 74.9175, "ymin": 34.004, "xmax": 74.9175, "ymax": 34.004 }, "geometry": { "type": "Point", "coordinates": [ 74.9175, 34.004 ] } },
{ "type": "Feature", "properties": { "id": "hydro_power_plants_public.192", "plant_name": "KISHANGANGA", "district": "BANDIPORA", "proj_name": null, "state": "J&K", "inst_cap": 330.0, "layer": "hydro_power_plants", "xmin": 74.6411, "ymin": 34.4714, "xmax": 74.6411, "ymax": 34.4714 }, "geometry": { "type": "Point", "coordinates": [ 74.6411, 34.4714 ] } },
{ "type": "Feature", "properties": { "id": "hydro_power_plants_public.51", "plant_name": "UPPER SINDH-II", "district": "GANDERBAL", "proj_name": null, "state": "JAMMU & KASHMIR", "inst_cap": 105.0, "layer": "hydro_power_plants", "xmin": 74.897, "ymin": 34.2674, "xmax": 74.897, "ymax": 34.2674 }, "geometry": { "type": "Point", "coordinates": [ 74.897, 34.2674 ] } },
{ "type": "Feature", "properties": { "id": "hydro_power_plants_public.9", "plant_name": "SALAL I & II", "district": "REASI", "proj_name": null, "state": "JAMMU & KASHMIR", "inst_cap": 690.0, "layer": "hydro_power_plants", "xmin": 74.8099, "ymin": 33.14, "xmax": 74.8099, "ymax": 33.14 }, "geometry": { "type": "Point", "coordinates": [ 74.8099, 33.14 ] } },
{ "type": "Feature", "properties": { "id": "hydro_power_plants_public.52", "plant_name": "BAGLIHAR", "district": "DODA", "proj_name": null, "state": "JAMMU & KASHMIR", "inst_cap": 450.0, "layer": "hydro_power_plants", "xmin": 75.3153, "ymin": 33.1779, "xmax": 75.3153, "ymax": 33.1779 }, "geometry": { "type": "Point", "coordinates": [ 75.3153, 33.1779 ] } },
{ "type": "Feature", "properties": { "id": "hydro_power_plants_public.53", "plant_name": "BAGLIHAR-II", "district": "DODA", "proj_name": null, "state": "JAMMU & KASHMIR", "inst_cap": 450.0, "layer": "hydro_power_plants", "xmin": 75.3153, "ymin": 33.1796, "xmax": 75.3153, "ymax": 33.1796 }, "geometry": { "type": "Point", "coordinates": [ 75.3153, 33.1796 ] } },
{ "type": "Feature", "properties": { "id": "coal_power_plants_public.fid--438479b5_193d56910e1_780a", "plant_name": "Goindwal Sahib TPP", "district": "Tarntaran", "proj_name": null, "state": "Punjab", "inst_cap": 540.0, "layer": "coal_power_plants", "xmin": 75.1473, "ymin": 31.3835, "xmax": 75.1473, "ymax": 31.3835 }, "geometry": { "type": "Point", "coordinates": [ 75.1473, 31.3835 ] } },
{ "type": "Feature", "properties": { "id": "coal_power_plants_public.fid--438479b5_193d56910e1_7761", "plant_name": "Guru Har Govind TPS-II", "district": "Bathinda", "proj_name": null, "state": "Punjab", "inst_cap": 500.0, "layer": "coal_power_plants", "xmin": 75.1661, "ymin": 30.2666, "xmax": 75.1661, "ymax": 30.2666 }, "geometry": { "type": "Point", "coordinates": [ 75.1661, 30.2666 ] } },
{ "type": "Feature", "properties": { "id": "coal_power_plants_public.fid--438479b5_193d56910e1_77ca", "plant_name": "Talwandi Sabo TPP", "district": "Mansa", "proj_name": null, "state": "Punjab", "inst_cap": 1980.0, "layer": "coal_power_plants", "xmin": 75.2372, "ymin": 29.924, "xmax": 75.2372, "ymax": 29.924 }, "geometry": { "type": "Point", "coordinates": [ 75.2372, 29.924 ] } },
{ "type": "Feature", "properties": { "id": "coal_power_plants_public.fid--438479b5_193d56910e1_776e", "plant_name": "GHTP Bathinda TPS", "district": "Bhatinda", "proj_name": null, "state": "Punjab", "inst_cap": 420.0, "layer": "coal_power_plants", "xmin": 74.9247, "ymin": 30.2335, "xmax": 74.9247, "ymax": 30.2335 }, "geometry": { "type": "Point", "coordinates": [ 74.9247, 30.2335 ] } },
{ "type": "Feature", "properties": { "id": "coal_power_plants_public.fid--438479b5_193d56910e1_7805", "plant_name": "Suratgarh TPP", "district": "Sriganganagar", "proj_name": null, "state": "Rajasthan", "inst_cap": 2160.0, "layer": "coal_power_plants", "xmin": 74.0202, "ymin": 29.179, "xmax": 74.0202, "ymax": 29.179 }, "geometry": { "type": "Point", "coordinates": [ 74.0202, 29.179 ] } },
{ "type": "Feature", "properties": { "id": "coal_power_plants_public.fid--438479b5_193d56910e1_7798", "plant_name": "Rajiv Gandhi TPS,Hissar", "district": "Hisar", "proj_name": null, "state": "Haryana", "inst_cap": 1200.0, "layer": "coal_power_plants", "xmin": 75.869, "ymin": 29.356, "xmax": 75.869, "ymax": 29.356 }, "geometry": { "type": "Point", "coordinates": [ 75.869, 29.356 ] } },
{ "type": "Feature", "properties": { "id": "coal_power_plants_public.fid--438479b5_193d56910e1_77da", "plant_name": "Panipat TPS St-II", "district": "Panipat", "proj_name": null, "state": "Haryana", "inst_cap": 1140.0, "layer": "coal_power_plants", "xmin": 76.8763, "ymin": 29.3975, "xmax": 76.8763, "ymax": 29.3975 }, "geometry": { "type": "Point", "coordinates": [ 76.8763, 29.3975 ] } },
{ "type": "Feature", "properties": { "id": "natural_gas_power_plants_public.22", "plant_name": "Pragati CCGT - III", "district": "Delhi", "proj_name": null, "state": "Delhi", "inst_cap": 1500.0, "layer": "natural_gas_power_plants", "xmin": 77.0706, "ymin": 28.7962, "xmax": 77.0706, "ymax": 28.7962 }, "geometry": { "type": "Point", "coordinates": [ 77.0706, 28.7962 ] } },
{ "type": "Feature", "properties": { "id": "coal_power_plants_public.fid--438479b5_193d56910e1_7799", "plant_name": "Jajjar TPP (Mahatama Gandhi TPP)", "district": "Jajjar", "proj_name": null, "state": "Haryana", "inst_cap": 1320.0, "layer": "coal_power_plants", "xmin": 76.351, "ymin": 28.49, "xmax": 76.351, "ymax": 28.49 }, "geometry": { "type": "Point", "coordinates": [ 76.351, 28.49 ] } },
{ "type": "Feature", "properties": { "id": "coal_power_plants_public.fid--438479b5_193d56910e1_77a1", "plant_name": "Indira Gandhi TPP", "district": "Jhajjar", "proj_name": null, "state": "Haryana", "inst_cap": 1500.0, "layer": "coal_power_plants", "xmin": 76.3754, "ymin": 28.4849, "xmax": 76.3754, "ymax": 28.4849 }, "geometry": { "type": "Point", "coordinates": [ 76.3754, 28.4849 ] } },
{ "type": "Feature", "properties": { "id": "natural_gas_power_plants_public.38", "plant_name": "Faridabad CCGT", "district": "Faridabad", "proj_name": null, "state": "Haryana", "inst_cap": 430.0, "layer": "natural_gas_power_plants", "xmin": 77.3615, "ymin": 28.3452, "xmax": 77.3615, "ymax": 28.3452 }, "geometry": { "type": "Point", "coordinates": [ 77.3615, 28.3452 ] } },
{ "type": "Feature", "properties": { "id": "natural_gas_power_plants_public.23", "plant_name": "Rithala CCPP", "district": "North West Delhi", "proj_name": null, "state": "Delhi", "inst_cap": 108.0, "layer": "natural_gas_power_plants", "xmin": 77.1016, "ymin": 28.7327, "xmax": 77.1016, "ymax": 28.7327 }, "geometry": { "type": "Point", "coordinates": [ 77.1016, 28.7327 ] } },
{ "type": "Feature", "properties": { "id": "natural_gas_power_plants_public.21", "plant_name": "Pragati CCPP", "district": "Delhi", "proj_name": null, "state": "Delhi", "inst_cap": 330.38, "layer": "natural_gas_power_plants", "xmin": 77.2528, "ymin": 28.6146, "xmax": 77.2528, "ymax": 28.6146 }, "geometry": { "type": "Point", "coordinates": [ 77.2528, 28.6146 ] } },
{ "type": "Feature", "properties": { "id": "natural_gas_power_plants_public.20", "plant_name": "Delhi  CC GT  (DESU WHR)", "district": "North East Delhi", "proj_name": null, "state": "Delhi", "inst_cap": 102.0, "layer": "natural_gas_power_plants", "xmin": 77.2504, "ymin": 28.6194, "xmax": 77.2504, "ymax": 28.6194 }, "geometry": { "type": "Point", "coordinates": [ 77.2504, 28.6194 ] } },
{ "type": "Feature", "properties": { "id": "natural_gas_power_plants_public.18", "plant_name": "Delhi  CC GT", "district": "Noth East Delhi", "proj_name": null, "state": "Delhi", "inst_cap": 180.0, "layer": "natural_gas_power_plants", "xmin": 77.2504, "ymin": 28.6194, "xmax": 77.2504, "ymax": 28.6194 }, "geometry": { "type": "Point", "coordinates": [ 77.2504, 28.6194 ] } },
{ "type": "Feature", "properties": { "id": "natural_gas_power_plants_public.19", "plant_name": "Rajghat Replacement", "district": "South Delhi", "proj_name": null, "state": "Delhi", "inst_cap": 135.0, "layer": "natural_gas_power_plants", "xmin": 77.2542, "ymin": 28.6361, "xmax": 77.2542, "ymax": 28.6361 }, "geometry": { "type": "Point", "coordinates": [ 77.2542, 28.6361 ] } },
{ "type": "Feature", "properties": { "id": "coal_power_plants_public.fid--438479b5_193d56910e1_7795", "plant_name": "NCTPP", "district": "Gautam Budh Nagar", "proj_name": null, "state": "UP", "inst_cap": 1610.0, "layer": "coal_power_plants", "xmin": 77.6078, "ymin": 28.603, "xmax": 77.6078, "ymax": 28.603 }, "geometry": { "type": "Point", "coordinates": [ 77.6078, 28.603 ] } },
{ "type": "Feature", "properties": { "id": "natural_gas_power_plants_public.68", "plant_name": "Dadri CCGT", "district": "Gautam Budh Nagar", "proj_name": null, "state": "UP", "inst_cap": 555.0, "layer": "natural_gas_power_plants", "xmin": 77.6101, "ymin": 28.5932, "xmax": 77.6101, "ymax": 28.5932 }, "geometry": { "type": "Point", "coordinates": [ 77.6101, 28.5932 ] } },
{ "type": "Feature", "properties": { "id": "coal_power_plants_public.fid--438479b5_193d56910e1_7819", "plant_name": "Yamuna Nagar TPP", "district": "Yamuna Nagar", "proj_name": null, "state": "Haryana", "inst_cap": 600.0, "layer": "coal_power_plants", "xmin": 77.3257, "ymin": 30.1081, "xmax": 77.3257, "ymax": 30.1081 }, "geometry": { "type": "Point", "coordinates": [ 77.3257, 30.1081 ] } },
{ "type": "Feature", "properties": { "id": "hydro_power_plants_public.73", "plant_name": "KHARA", "district": "SUNEBHADRA", "proj_name": null, "state": "UTTAR PRADESH", "inst_cap": 72.0, "layer": "hydro_power_plants", "xmin": 77.6018, "ymin": 30.3508, "xmax": 77.6018, "ymax": 30.3508 }, "geometry": { "type": "Point", "coordinates": [ 77.6018, 30.3508 ] } },
{ "type": "Feature", "properties": { "id": "hydro_power_plants_public.45", "plant_name": "KULHAL", "district": "DEHRADUN", "proj_name": null, "state": "UTTRAKHAND", "inst_cap": 30.0, "layer": "hydro_power_plants", "xmin": 77.6294, "ymin": 30.4286, "xmax": 77.6294, "ymax": 30.4286 }, "geometry": { "type": "Point", "coordinates": [ 77.6294, 30.4286 ] } },
{ "type": "Feature", "properties": { "id": "hydro_power_plants_public.40", "plant_name": "CHILLA", "district": "HARIDWAR", "proj_name": null, "state": "UTTRAKHAND", "inst_cap": 144.0, "layer": "hydro_power_plants", "xmin": 78.2197, "ymin": 29.9761, "xmax": 78.2197, "ymax": 29.9761 }, "geometry": { "type": "Point", "coordinates": [ 78.2197, 29.9761 ] } },
{ "type": "Feature", "properties": { "id": "hydro_power_plants_public.26", "plant_name": "TEHRI", "district": "TEHRI GARHWAL", "proj_name": null, "state": "UTTRAKHAND", "inst_cap": 1000.0, "layer": "hydro_power_plants", "xmin": 78.4806, "ymin": 30.3778, "xmax": 78.4806, "ymax": 30.3778 }, "geometry": { "type": "Point", "coordinates": [ 78.4806, 30.3778 ] } },
{ "type": "Feature", "properties": { "id": "hydro_power_plants_public.27", "plant_name": "KOTESHWAR", "district": "TEHRI GARHWAL", "proj_name": null, "state": "UTTRAKHAND", "inst_cap": 400.0, "layer": "hydro_power_plants", "xmin": 78.4979, "ymin": 30.2601, "xmax": 78.4979, "ymax": 30.2601 }, "geometry": { "type": "Point", "coordinates": [ 78.4979, 30.2601 ] } },
{ "type": "Feature", "properties": { "id": "hydro_power_plants_public.49", "plant_name": "MANERIBHALI-II (DHARASU)", "district": "UTTARKASHI", "proj_name": null, "state": "UTTRAKHAND", "inst_cap": 304.0, "layer": "hydro_power_plants", "xmin": 78.3192, "ymin": 30.6077, "xmax": 78.3192, "ymax": 30.6077 }, "geometry": { "type": "Point", "coordinates": [ 78.3192, 30.6077 ] } },
{ "type": "Feature", "properties": { "id": "hydro_power_plants_public.43", "plant_name": "MANERIBHALI-I", "district": "UTTARKASHI", "proj_name": null, "state": "UTTRAKHAND", "inst_cap": 90.0, "layer": "hydro_power_plants", "xmin": 78.4457, "ymin": 30.7268, "xmax": 78.4457, "ymax": 30.7268 }, "geometry": { "type": "Point", "coordinates": [ 78.4457, 30.7268 ] } },
{ "type": "Feature", "properties": { "id": "small_hydro_power_plants_public.7", "plant_name": null, "district": "DEHRADUN", "proj_name": "Kotagad SHP", "state": "Himachal Pradesh", "inst_cap": 3.5, "layer": "small_hydro_power_plants", "xmin": 77.8422, "ymin": 30.4697, "xmax": 77.8422, "ymax": 30.4697 }, "geometry": { "type": "Point", "coordinates": [ 77.8422, 30.4697 ] } },
{ "type": "Feature", "properties": { "id": "hydro_power_plants_public.42", "plant_name": "KHODRI", "district": "DAK PATHAR", "proj_name": null, "state": "UTTRAKHAND", "inst_cap": 120.0, "layer": "hydro_power_plants", "xmin": 77.7999, "ymin": 30.5085, "xmax": 77.7999, "ymax": 30.5085 }, "geometry": { "type": "Point", "coordinates": [ 77.7999, 30.5085 ] } },
{ "type": "Feature", "properties": { "id": "hydro_power_plants_public.47", "plant_name": "DHAKRANI", "district": "DEHRADUN", "proj_name": null, "state": "UTTRAKHAND", "inst_cap": 33.75, "layer": "hydro_power_plants", "xmin": 77.7367, "ymin": 30.456, "xmax": 77.7367, "ymax": 30.456 }, "geometry": { "type": "Point", "coordinates": [ 77.7367, 30.456 ] } },
{ "type": "Feature", "properties": { "id": "hydro_power_plants_public.46", "plant_name": "CHIBRO", "district": "DEHRADUN", "proj_name": null, "state": "UTTRAKHAND", "inst_cap": 240.0, "layer": "hydro_power_plants", "xmin": 77.7933, "ymin": 30.5548, "xmax": 77.7933, "ymax": 30.5548 }, "geometry": { "type": "Point", "coordinates": [ 77.7933, 30.5548 ] } },
{ "type": "Feature", "properties": { "id": "hydro_power_plants_public.48", "plant_name": "DHALIPUR", "district": "DEHRADUN", "proj_name": null, "state": "UTTRAKHAND", "inst_cap": 51.0, "layer": "hydro_power_plants", "xmin": 77.682, "ymin": 30.4355, "xmax": 77.682, "ymax": 30.4355 }, "geometry": { "type": "Point", "coordinates": [ 77.682, 30.4355 ] } },
{ "type": "Feature", "properties": { "id": "hydro_power_plants_public.62", "plant_name": "GIRI BATA", "district": "SIRMAUR", "proj_name": null, "state": "HIMACHAL PRADESH", "inst_cap": 60.0, "layer": "hydro_power_plants", "xmin": 77.4969, "ymin": 30.5306, "xmax": 77.4969, "ymax": 30.5306 }, "geometry": { "type": "Point", "coordinates": [ 77.4969, 30.5306 ] } },
{ "type": "Feature", "properties": { "id": "hydro_power_plants_public.64", "plant_name": "BASSI", "district": "MANDI", "proj_name": null, "state": "HIMACHAL PRADESH", "inst_cap": 66.0, "layer": "hydro_power_plants", "xmin": 76.7986, "ymin": 30.9658, "xmax": 76.7986, "ymax": 30.9658 }, "geometry": { "type": "Point", "coordinates": [ 76.7986, 30.9658 ] } },
{ "type": "Feature", "properties": { "id": "hydro_power_plants_public.5", "plant_name": "GANGUWAL", "district": "RUPNAGAR", "proj_name": null, "state": "PUNJAB", "inst_cap": 77.65, "layer": "hydro_power_plants", "xmin": 76.5471, "ymin": 31.2156, "xmax": 76.5471, "ymax": 31.2156 }, "geometry": { "type": "Point", "coordinates": [ 76.5471, 31.2156 ] } },
{ "type": "Feature", "properties": { "id": "hydro_power_plants_public.57", "plant_name": "ANANDPUR SAHIB II", "district": "RUPNAGAR", "proj_name": null, "state": "PUNJAB", "inst_cap": 67.0, "layer": "hydro_power_plants", "xmin": 76.5593, "ymin": 31.2059, "xmax": 76.5593, "ymax": 31.2059 }, "geometry": { "type": "Point", "coordinates": [ 76.5593, 31.2059 ] } },
{ "type": "Feature", "properties": { "id": "coal_power_plants_public.fid--438479b5_193d56910e1_77ec", "plant_name": "Ropar TPS St-II", "district": "Rupnagar", "proj_name": null, "state": "Punjab", "inst_cap": 630.0, "layer": "coal_power_plants", "xmin": 76.5847, "ymin": 31.0417, "xmax": 76.5847, "ymax": 31.0417 }, "geometry": { "type": "Point", "coordinates": [ 76.5847, 31.0417 ] } },
{ "type": "Feature", "properties": { "id": "coal_power_plants_public.fid--438479b5_193d56910e1_77db", "plant_name": "Rajpura TPP ( Nabha)", "district": "Patiyala", "proj_name": null, "state": "Punjab", "inst_cap": 1400.0, "layer": "coal_power_plants", "xmin": 76.5705, "ymin": 30.5528, "xmax": 76.5705, "ymax": 30.5528 }, "geometry": { "type": "Point", "coordinates": [ 76.5705, 30.5528 ] } },
{ "type": "Feature", "properties": { "id": "coal_power_plants_public.fid--438479b5_193d56910e1_77a7", "plant_name": "Maqsoodpur TPP", "district": "Kapurthala", "proj_name": null, "state": "UP", "inst_cap": 90.0, "layer": "coal_power_plants", "xmin": 75.4882, "ymin": 31.5849, "xmax": 75.4882, "ymax": 31.5849 }, "geometry": { "type": "Point", "coordinates": [ 75.4882, 31.5849 ] } },
{ "type": "Feature", "properties": { "id": "hydro_power_plants_public.61", "plant_name": "MUKERIN IV", "district": "HOSHIARPUR", "proj_name": null, "state": "PUNJAB", "inst_cap": 58.5, "layer": "hydro_power_plants", "xmin": 75.6652, "ymin": 31.8905, "xmax": 75.6652, "ymax": 31.8905 }, "geometry": { "type": "Point", "coordinates": [ 75.6652, 31.8905 ] } },
{ "type": "Feature", "properties": { "id": "hydro_power_plants_public.60", "plant_name": "MUKERIN III", "district": "HOSHIARPUR", "proj_name": null, "state": "PUNJAB", "inst_cap": 58.5, "layer": "hydro_power_plants", "xmin": 75.7136, "ymin": 31.9556, "xmax": 75.7136, "ymax": 31.9556 }, "geometry": { "type": "Point", "coordinates": [ 75.7136, 31.9556 ] } },
{ "type": "Feature", "properties": { "id": "hydro_power_plants_public.59", "plant_name": "MUKERIN II", "district": "HOSHIARPUR", "proj_name": null, "state": "PUNJAB", "inst_cap": 45.0, "layer": "hydro_power_plants", "xmin": 75.7407, "ymin": 31.9624, "xmax": 75.7407, "ymax": 31.9624 }, "geometry": { "type": "Point", "coordinates": [ 75.7407, 31.9624 ] } },
{ "type": "Feature", "properties": { "id": "hydro_power_plants_public.58", "plant_name": "MUKERIN I", "district": "HOSHIARPUR", "proj_name": null, "state": "PUNJAB", "inst_cap": 45.0, "layer": "hydro_power_plants", "xmin": 75.8353, "ymin": 31.9542, "xmax": 75.8353, "ymax": 31.9542 }, "geometry": { "type": "Point", "coordinates": [ 75.8353, 31.9542 ] } },
{ "type": "Feature", "properties": { "id": "hydro_power_plants_public.3", "plant_name": "PONG", "district": "KANGRA", "proj_name": null, "state": "HIMACHAL PRADESH", "inst_cap": 396.0, "layer": "hydro_power_plants", "xmin": 75.9427, "ymin": 31.9708, "xmax": 75.9427, "ymax": 31.9708 }, "geometry": { "type": "Point", "coordinates": [ 75.9427, 31.9708 ] } },
{ "type": "Feature", "properties": { "id": "hydro_power_plants_public.2", "plant_name": "BHAKRA (R)", "district": "BILASPUR", "proj_name": null, "state": "HIMACHAL PRADESH", "inst_cap": 785.0, "layer": "hydro_power_plants", "xmin": 76.432, "ymin": 31.4102, "xmax": 76.432, "ymax": 31.4102 }, "geometry": { "type": "Point", "coordinates": [ 76.432, 31.4102 ] } },
{ "type": "Feature", "properties": { "id": "hydro_power_plants_public.1", "plant_name": "BHAKRA (L)", "district": "BILASPUR", "proj_name": null, "state": "HIMACHAL PRADESH", "inst_cap": 594.0, "layer": "hydro_power_plants", "xmin": 76.432, "ymin": 31.4102, "xmax": 76.432, "ymax": 31.4102 }, "geometry": { "type": "Point", "coordinates": [ 76.432, 31.4102 ] } },
{ "type": "Feature", "properties": { "id": "hydro_power_plants_public.6", "plant_name": "KOTLA", "district": "RUPNAGAR", "proj_name": null, "state": "PUNJAB", "inst_cap": 77.65, "layer": "hydro_power_plants", "xmin": 76.4916, "ymin": 31.273, "xmax": 76.4916, "ymax": 31.273 }, "geometry": { "type": "Point", "coordinates": [ 76.4916, 31.273 ] } },
{ "type": "Feature", "properties": { "id": "hydro_power_plants_public.56", "plant_name": "ANANDPUR SAHIB I", "district": "RUPNAGAR", "proj_name": null, "state": "PUNJAB", "inst_cap": 67.0, "layer": "hydro_power_plants", "xmin": 76.4936, "ymin": 31.2711, "xmax": 76.4936, "ymax": 31.2711 }, "geometry": { "type": "Point", "coordinates": [ 76.4936, 31.2711 ] } },
{ "type": "Feature", "properties": { "id": "hydro_power_plants_public.4", "plant_name": "DEHAR", "district": "MANDI", "proj_name": null, "state": "HIMACHAL PRADESH", "inst_cap": 990.0, "layer": "hydro_power_plants", "xmin": 76.8678, "ymin": 31.4204, "xmax": 76.8678, "ymax": 31.4204 }, "geometry": { "type": "Point", "coordinates": [ 76.8678, 31.4204 ] } },
{ "type": "Feature", "properties": { "id": "hydro_power_plants_public.39", "plant_name": "KOLDAM", "district": "MANDI", "proj_name": null, "state": "HIMACHAL PRADESH", "inst_cap": 800.0, "layer": "hydro_power_plants", "xmin": 76.8753, "ymin": 31.3859, "xmax": 76.8753, "ymax": 31.3859 }, "geometry": { "type": "Point", "coordinates": [ 76.8753, 31.3859 ] } },
{ "type": "Feature", "properties": { "id": "small_hydro_power_plants_public.9", "plant_name": null, "district": "KULLU", "proj_name": "Sarwari-III SHP", "state": "Himachal Pradesh", "inst_cap": 2.0, "layer": "small_hydro_power_plants", "xmin": 77.0649, "ymin": 31.96, "xmax": 77.0649, "ymax": 31.96 }, "geometry": { "type": "Point", "coordinates": [ 77.0649, 31.96 ] } },
{ "type": "Feature", "properties": { "id": "small_hydro_power_plants_public.28", "plant_name": null, "district": "MANDI", "proj_name": "Balh Padhar", "state": "Himachal Pradesh", "inst_cap": 4.0, "layer": "small_hydro_power_plants", "xmin": 76.9497, "ymin": 31.9683, "xmax": 76.9497, "ymax": 31.9683 }, "geometry": { "type": "Point", "coordinates": [ 76.9497, 31.9683 ] } },
{ "type": "Feature", "properties": { "id": "hydro_power_plants_public.54", "plant_name": "SHANAN", "district": "MANDI", "proj_name": null, "state": "HIMACHAL PRADESH", "inst_cap": 110.0, "layer": "hydro_power_plants", "xmin": 76.8064, "ymin": 31.99, "xmax": 76.8064, "ymax": 31.99 }, "geometry": { "type": "Point", "coordinates": [ 76.8064, 31.99 ] } },
{ "type": "Feature", "properties": { "id": "small_hydro_power_plants_public.31", "plant_name": null, "district": "KANGRA", "proj_name": "Gaj III", "state": "Himachal Pradesh", "inst_cap": 5.0, "layer": "small_hydro_power_plants", "xmin": 76.3008, "ymin": 32.2794, "xmax": 76.3008, "ymax": 32.2794 }, "geometry": { "type": "Point", "coordinates": [ 76.3008, 32.2794 ] } },
{ "type": "Feature", "properties": { "id": "small_hydro_power_plants_public.26", "plant_name": null, "district": "CHAMBA", "proj_name": "Kinur", "state": "Himachal Pradesh", "inst_cap": 5.0, "layer": "small_hydro_power_plants", "xmin": 76.3167, "ymin": 32.35, "xmax": 76.3167, "ymax": 32.35 }, "geometry": { "type": "Point", "coordinates": [ 76.3167, 32.35 ] } },
{ "type": "Feature", "properties": { "id": "small_hydro_power_plants_public.25", "plant_name": null, "district": "CHAMBA", "proj_name": "Kuwarsi", "state": "Himachal Pradesh", "inst_cap": 15.0, "layer": "small_hydro_power_plants", "xmin": 76.4508, "ymin": 32.3547, "xmax": 76.4508, "ymax": 32.3547 }, "geometry": { "type": "Point", "coordinates": [ 76.4508, 32.3547 ] } },
{ "type": "Feature", "properties": { "id": "small_hydro_power_plants_public.24", "plant_name": null, "district": "CHAMBA", "proj_name": "Salun", "state": "Himachal Pradesh", "inst_cap": 9.0, "layer": "small_hydro_power_plants", "xmin": 76.4804, "ymin": 32.3625, "xmax": 76.4804, "ymax": 32.3625 }, "geometry": { "type": "Point", "coordinates": [ 76.4804, 32.3625 ] } },
{ "type": "Feature", "properties": { "id": "hydro_power_plants_public.182", "plant_name": "BUDHIL", "district": "CHAMBA", "proj_name": null, "state": "HIMACHAL PRADESH", "inst_cap": 70.0, "layer": "hydro_power_plants", "xmin": 76.4689, "ymin": 32.4703, "xmax": 76.4689, "ymax": 32.4703 }, "geometry": { "type": "Point", "coordinates": [ 76.4689, 32.4703 ] } },
{ "type": "Feature", "properties": { "id": "hydro_power_plants_public.19", "plant_name": "CHAMERA-III", "district": "CHAMBA", "proj_name": null, "state": "HIMACHAL PRADESH", "inst_cap": 231.0, "layer": "hydro_power_plants", "xmin": 76.2857, "ymin": 32.4819, "xmax": 76.2857, "ymax": 32.4819 }, "geometry": { "type": "Point", "coordinates": [ 76.2857, 32.4819 ] } },
{ "type": "Feature", "properties": { "id": "small_hydro_power_plants_public.27", "plant_name": null, "district": "CHAMBA", "proj_name": "Hysrund", "state": "Himachal Pradesh", "inst_cap": 3.3, "layer": "small_hydro_power_plants", "xmin": 76.195, "ymin": 32.8353, "xmax": 76.195, "ymax": 32.8353 }, "geometry": { "type": "Point", "coordinates": [ 76.195, 32.8353 ] } },
{ "type": "Feature", "properties": { "id": "hydro_power_plants_public.194", "plant_name": "CHANJU-I", "district": "CHAMBA", "proj_name": null, "state": "H.P.", "inst_cap": 36.0, "layer": "hydro_power_plants", "xmin": 76.2333, "ymin": 32.75, "xmax": 76.2333, "ymax": 32.75 }, "geometry": { "type": "Point", "coordinates": [ 76.2333, 32.75 ] } },
{ "type": "Feature", "properties": { "id": "hydro_power_plants_public.7", "plant_name": "BAIRA SIUL", "district": "CHAMBA", "proj_name": null, "state": "HIMACHAL PRADESH", "inst_cap": 180.0, "layer": "hydro_power_plants", "xmin": 76.0919, "ymin": 32.7284, "xmax": 76.0919, "ymax": 32.7284 }, "geometry": { "type": "Point", "coordinates": [ 76.0919, 32.7284 ] } },
{ "type": "Feature", "properties": { "id": "hydro_power_plants_public.11", "plant_name": "CHAMERA-I", "district": "DALHOUSIE", "proj_name": null, "state": "HIMACHAL PRADESH", "inst_cap": 540.0, "layer": "hydro_power_plants", "xmin": 75.9188, "ymin": 32.6179, "xmax": 75.9188, "ymax": 32.6179 }, "geometry": { "type": "Point", "coordinates": [ 75.9188, 32.6179 ] } },
{ "type": "Feature", "properties": { "id": "hydro_power_plants_public.18", "plant_name": "SEWA-II", "district": "KATHUA", "proj_name": null, "state": "JAMMU & KASHMIR", "inst_cap": 120.0, "layer": "hydro_power_plants", "xmin": 75.9159, "ymin": 32.6242, "xmax": 75.9159, "ymax": 32.6242 }, "geometry": { "type": "Point", "coordinates": [ 75.9159, 32.6242 ] } },
{ "type": "Feature", "properties": { "id": "hydro_power_plants_public.14", "plant_name": "CHAMERA-II", "district": "CHAMBA", "proj_name": null, "state": "HIMACHAL PRADESH", "inst_cap": 300.0, "layer": "hydro_power_plants", "xmin": 76.17, "ymin": 32.5084, "xmax": 76.17, "ymax": 32.5084 }, "geometry": { "type": "Point", "coordinates": [ 76.17, 32.5084 ] } },
{ "type": "Feature", "properties": { "id": "hydro_power_plants_public.55", "plant_name": "RANJIT SAGAR DAM", "district": "PATHANKOT", "proj_name": null, "state": "PUNJAB", "inst_cap": 600.0, "layer": "hydro_power_plants", "xmin": 75.7325, "ymin": 32.4424, "xmax": 75.7325, "ymax": 32.4424 }, "geometry": { "type": "Point", "coordinates": [ 75.7325, 32.4424 ] } },
{ "type": "Feature", "properties": { "id": "hydro_power_plants_public.16", "plant_name": "DULHASTI", "district": "DODA", "proj_name": null, "state": "JAMMU & KASHMIR", "inst_cap": 390.0, "layer": "hydro_power_plants", "xmin": 75.7618, "ymin": 33.287, "xmax": 75.7618, "ymax": 33.287 }, "geometry": { "type": "Point", "coordinates": [ 75.7618, 33.287 ] } },
{ "type": "Feature", "properties": { "id": "small_hydro_power_plants_public.19", "plant_name": null, "district": "LEH AND LADAKH", "proj_name": "Chilong", "state": "Ladakh", "inst_cap": 1.0, "layer": "small_hydro_power_plants", "xmin": 75.9442, "ymin": 34.12, "xmax": 75.9442, "ymax": 34.12 }, "geometry": { "type": "Point", "coordinates": [ 75.9442, 34.12 ] } },
{ "type": "Feature", "properties": { "id": "hydro_power_plants_public.20", "plant_name": "CHUTAK", "district": "KARGIL", "proj_name": null, "state": "JAMMU & KASHMIR", "inst_cap": 44.0, "layer": "hydro_power_plants", "xmin": 76.1161, "ymin": 34.4928, "xmax": 76.1161, "ymax": 34.4928 }, "geometry": { "type": "Point", "coordinates": [ 76.1161, 34.4928 ] } },
{ "type": "Feature", "properties": { "id": "hydro_power_plants_public.22", "plant_name": "NIMOO BAZGO", "district": "LEH", "proj_name": null, "state": "JAMMU & KASHMIR", "inst_cap": 45.0, "layer": "hydro_power_plants", "xmin": 77.1853, "ymin": 34.2153, "xmax": 77.1853, "ymax": 34.2153 }, "geometry": { "type": "Point", "coordinates": [ 77.1853, 34.2153 ] } },
{ "type": "Feature", "properties": { "id": "small_hydro_power_plants_public.8", "plant_name": null, "district": "KULLU", "proj_name": "Serai SHP", "state": "Himachal Pradesh", "inst_cap": 2.0, "layer": "small_hydro_power_plants", "xmin": 77.15, "ymin": 32.3033, "xmax": 77.15, "ymax": 32.3033 }, "geometry": { "type": "Point", "coordinates": [ 77.15, 32.3033 ] } },
{ "type": "Feature", "properties": { "id": "hydro_power_plants_public.181", "plant_name": "Allain Duhangan \n", "district": "MANALI", "proj_name": null, "state": "HIMACHAL PRADESH", "inst_cap": 192.0, "layer": "hydro_power_plants", "xmin": 77.1987, "ymin": 32.2249, "xmax": 77.1987, "ymax": 32.2249 }, "geometry": { "type": "Point", "coordinates": [ 77.1987, 32.2249 ] } },
{ "type": "Feature", "properties": { "id": "hydro_power_plants_public.180", "plant_name": "MALANA-II", "district": "MALANA", "proj_name": null, "state": "HIMACHAL PRADESH", "inst_cap": 100.0, "layer": "hydro_power_plants", "xmin": 77.2574, "ymin": 32.0407, "xmax": 77.2574, "ymax": 32.0407 }, "geometry": { "type": "Point", "coordinates": [ 77.2574, 32.0407 ] } },
{ "type": "Feature", "properties": { "id": "hydro_power_plants_public.179", "plant_name": "MALANA", "district": "KULLU", "proj_name": null, "state": "HIMACHAL PRADESH", "inst_cap": 86.0, "layer": "hydro_power_plants", "xmin": 77.2494, "ymin": 32.004, "xmax": 77.2494, "ymax": 32.004 }, "geometry": { "type": "Point", "coordinates": [ 77.2494, 32.004 ] } },
{ "type": "Feature", "properties": { "id": "hydro_power_plants_public.65", "plant_name": "LARJI", "district": "KULLU", "proj_name": null, "state": "HIMACHAL PRADESH", "inst_cap": 126.0, "layer": "hydro_power_plants", "xmin": 77.1649, "ymin": 31.6993, "xmax": 77.1649, "ymax": 31.6993 }, "geometry": { "type": "Point", "coordinates": [ 77.1649, 31.6993 ] } },
{ "type": "Feature", "properties": { "id": "hydro_power_plants_public.66", "plant_name": "SAINJ", "district": "KULLU", "proj_name": null, "state": "HIMACHAL PRADESH", "inst_cap": 100.0, "layer": "hydro_power_plants", "xmin": 77.3353, "ymin": 31.7831, "xmax": 77.3353, "ymax": 31.7831 }, "geometry": { "type": "Point", "coordinates": [ 77.3353, 31.7831 ] } },
{ "type": "Feature", "properties": { "id": "hydro_power_plants_public.24", "plant_name": "PARBATI-III", "district": "KULLU", "proj_name": null, "state": "HIMACHAL PRADESH", "inst_cap": 520.0, "layer": "hydro_power_plants", "xmin": 77.3278, "ymin": 31.7838, "xmax": 77.3278, "ymax": 31.7838 }, "geometry": { "type": "Point", "coordinates": [ 77.3278, 31.7838 ] } },
{ "type": "Feature", "properties": { "id": "hydro_power_plants_public.29", "plant_name": "RAMPUR", "district": "SHIMLA", "proj_name": null, "state": "HIMACHAL PRADESH", "inst_cap": 412.0, "layer": "hydro_power_plants", "xmin": 77.5929, "ymin": 31.4012, "xmax": 77.5929, "ymax": 31.4012 }, "geometry": { "type": "Point", "coordinates": [ 77.5929, 31.4012 ] } },
{ "type": "Feature", "properties": { "id": "hydro_power_plants_public.28", "plant_name": "NATHPA JHAKRI", "district": "SHIMLA", "proj_name": null, "state": "HIMACHAL PRADESH", "inst_cap": 1500.0, "layer": "hydro_power_plants", "xmin": 77.7076, "ymin": 31.5015, "xmax": 77.7076, "ymax": 31.5015 }, "geometry": { "type": "Point", "coordinates": [ 77.7076, 31.5015 ] } },
{ "type": "Feature", "properties": { "id": "small_hydro_power_plants_public.20", "plant_name": null, "district": "SHIMLA", "proj_name": "Jeori", "state": "Himachal", "inst_cap": 9.6, "layer": "small_hydro_power_plants", "xmin": 77.7431, "ymin": 31.5128, "xmax": 77.7431, "ymax": 31.5128 }, "geometry": { "type": "Point", "coordinates": [ 77.7431, 31.5128 ] } },
{ "type": "Feature", "properties": { "id": "hydro_power_plants_public.176", "plant_name": "BASPA-II", "district": "KINNAUR", "proj_name": null, "state": "HIMACHAL PRADESH", "inst_cap": 300.0, "layer": "hydro_power_plants", "xmin": 78.1897, "ymin": 31.4967, "xmax": 78.1897, "ymax": 31.4967 }, "geometry": { "type": "Point", "coordinates": [ 78.1897, 31.4967 ] } },
{ "type": "Feature", "properties": { "id": "hydro_power_plants_public.67", "plant_name": "INTEGRATED KASHANG", "district": "KINNAUR", "proj_name": null, "state": "HIMACHAL PRADESH", "inst_cap": 195.0, "layer": "hydro_power_plants", "xmin": 78.2944, "ymin": 31.5944, "xmax": 78.2944, "ymax": 31.5944 }, "geometry": { "type": "Point", "coordinates": [ 78.2944, 31.5944 ] } },
{ "type": "Feature", "properties": { "id": "hydro_power_plants_public.177", "plant_name": "KARCHAM WANGTOO", "district": "KINNAUR", "proj_name": null, "state": "HIMACHAL PRADESH", "inst_cap": 1000.0, "layer": "hydro_power_plants", "xmin": 78.0169, "ymin": 31.5427, "xmax": 78.0169, "ymax": 31.5427 }, "geometry": { "type": "Point", "coordinates": [ 78.0169, 31.5427 ] } },
{ "type": "Feature", "properties": { "id": "hydro_power_plants_public.63", "plant_name": "SANJAY (BHABA)", "district": "KINNAUR", "proj_name": null, "state": "HIMACHAL PRADESH", "inst_cap": 120.0, "layer": "hydro_power_plants", "xmin": 77.99, "ymin": 31.5633, "xmax": 77.99, "ymax": 31.5633 }, "geometry": { "type": "Point", "coordinates": [ 77.99, 31.5633 ] } },
{ "type": "Feature", "properties": { "id": "hydro_power_plants_public.15", "plant_name": "DHAULIGANGA", "district": "PITHORAGARH", "proj_name": null, "state": "UTTRAKHAND", "inst_cap": 280.0, "layer": "hydro_power_plants", "xmin": 80.5728, "ymin": 29.9217, "xmax": 80.5728, "ymax": 29.9217 }, "geometry": { "type": "Point", "coordinates": [ 80.5728, 29.9217 ] } },
{ "type": "Feature", "properties": { "id": "hydro_power_plants_public.178", "plant_name": "VISHNUPRAYAG", "district": "CHAMOLI", "proj_name": null, "state": "UTTRAKHAND", "inst_cap": 400.0, "layer": "hydro_power_plants", "xmin": 79.5468, "ymin": 30.5669, "xmax": 79.5468, "ymax": 30.5669 }, "geometry": { "type": "Point", "coordinates": [ 79.5468, 30.5669 ] } },
{ "type": "Feature", "properties": { "id": "hydro_power_plants_public.188", "plant_name": "SRINAGAR", "district": "PAURI GARHWAL", "proj_name": null, "state": "UTTRAKHAND", "inst_cap": 330.0, "layer": "hydro_power_plants", "xmin": 78.7912, "ymin": 30.2311, "xmax": 78.7912, "ymax": 30.2311 }, "geometry": { "type": "Point", "coordinates": [ 78.7912, 30.2311 ] } },
{ "type": "Feature", "properties": { "id": "hydro_power_plants_public.41", "plant_name": "KHATIMA", "district": "UDHAM SINGH NAGAR", "proj_name": null, "state": "UTTRAKHAND", "inst_cap": 41.4, "layer": "hydro_power_plants", "xmin": 80.0241, "ymin": 28.9234, "xmax": 80.0241, "ymax": 28.9234 }, "geometry": { "type": "Point", "coordinates": [ 80.0241, 28.9234 ] } },
{ "type": "Feature", "properties": { "id": "hydro_power_plants_public.10", "plant_name": "TANAKPUR", "district": "CHAMPAVAT", "proj_name": null, "state": "UTTRAKHAND", "inst_cap": 94.2, "layer": "hydro_power_plants", "xmin": 80.0944, "ymin": 29.0056, "xmax": 80.0944, "ymax": 29.0056 }, "geometry": { "type": "Point", "coordinates": [ 80.0944, 29.0056 ] } },
{ "type": "Feature", "properties": { "id": "hydro_power_plants_public.44", "plant_name": "RAM GANGA", "district": "PAURI GARHWAL", "proj_name": null, "state": "UTTRAKHAND", "inst_cap": 198.0, "layer": "hydro_power_plants", "xmin": 78.7577, "ymin": 29.5173, "xmax": 78.7577, "ymax": 29.5173 }, "geometry": { "type": "Point", "coordinates": [ 78.7577, 29.5173 ] } },
{ "type": "Feature", "properties": { "id": "natural_gas_power_plants_public.70", "plant_name": "Kashipur CCPP Ph-I", "district": "Udhamsingh Nagar", "proj_name": null, "state": "Uttrakhand", "inst_cap": 225.0, "layer": "natural_gas_power_plants", "xmin": 78.9748, "ymin": 29.1552, "xmax": 78.9748, "ymax": 29.1552 }, "geometry": { "type": "Point", "coordinates": [ 78.9748, 29.1552 ] } },
{ "type": "Feature", "properties": { "id": "natural_gas_power_plants_public.69", "plant_name": "GAMA CCPP", "district": "Udhamsingh Nagar", "proj_name": null, "state": "Uttrakhand", "inst_cap": 225.0, "layer": "natural_gas_power_plants", "xmin": 78.9631, "ymin": 29.1411, "xmax": 78.9631, "ymax": 29.1411 }, "geometry": { "type": "Point", "coordinates": [ 78.9631, 29.1411 ] } },
{ "type": "Feature", "properties": { "id": "coal_power_plants_public.fid--438479b5_193d56910e1_77cb", "plant_name": "Kundarki TPP", "district": "Moradabad", "proj_name": null, "state": "UP", "inst_cap": 90.0, "layer": "coal_power_plants", "xmin": 78.7943, "ymin": 28.6475, "xmax": 78.7943, "ymax": 28.6475 }, "geometry": { "type": "Point", "coordinates": [ 78.7943, 28.6475 ] } },
{ "type": "Feature", "properties": { "id": "coal_power_plants_public.fid--438479b5_193d56910e1_77dd", "plant_name": "Barkhera TPP", "district": "Pilibhit", "proj_name": null, "state": "UP", "inst_cap": 90.0, "layer": "coal_power_plants", "xmin": 79.8, "ymin": 28.45, "xmax": 79.8, "ymax": 28.45 }, "geometry": { "type": "Point", "coordinates": [ 79.8, 28.45 ] } },
{ "type": "Feature", "properties": { "id": "coal_power_plants_public.fid--438479b5_193d56910e1_77c7", "plant_name": "Khamberkhera TPP", "district": "Lakhimpur Kheri", "proj_name": null, "state": "UP", "inst_cap": 90.0, "layer": "coal_power_plants", "xmin": 80.8307, "ymin": 27.9954, "xmax": 80.8307, "ymax": 27.9954 }, "geometry": { "type": "Point", "coordinates": [ 80.8307, 27.9954 ] } },
{ "type": "Feature", "properties": { "id": "coal_power_plants_public.fid--438479b5_193d56910e1_77e0", "plant_name": "Unchahar TPS", "district": "Raebareli", "proj_name": null, "state": "UP", "inst_cap": 1550.0, "layer": "coal_power_plants", "xmin": 81.3274, "ymin": 25.9131, "xmax": 81.3274, "ymax": 25.9131 }, "geometry": { "type": "Point", "coordinates": [ 81.3274, 25.9131 ] } },
{ "type": "Feature", "properties": { "id": "coal_power_plants_public.fid--438479b5_193d56910e1_774e", "plant_name": "Meja STPP", "district": "Allahabad", "proj_name": null, "state": "UP", "inst_cap": 660.0, "layer": "coal_power_plants", "xmin": 81.9411, "ymin": 25.1446, "xmax": 81.9411, "ymax": 25.1446 }, "geometry": { "type": "Point", "coordinates": [ 81.9411, 25.1446 ] } },
{ "type": "Feature", "properties": { "id": "hydro_power_plants_public.83", "plant_name": "BAN SAGAR TONS -I", "district": "SATNA", "proj_name": null, "state": "MADHYA PRADESH", "inst_cap": 315.0, "layer": "hydro_power_plants", "xmin": 81.3136, "ymin": 24.8597, "xmax": 81.3136, "ymax": 24.8597 }, "geometry": { "type": "Point", "coordinates": [ 81.3136, 24.8597 ] } },
{ "type": "Feature", "properties": { "id": "coal_power_plants_public.fid--438479b5_193d56910e1_774f", "plant_name": "Prayagraj (Bara ) TPP", "district": "Allahabad", "proj_name": null, "state": "UP", "inst_cap": 1980.0, "layer": "coal_power_plants", "xmin": 81.6582, "ymin": 25.205, "xmax": 81.6582, "ymax": 25.205 }, "geometry": { "type": "Point", "coordinates": [ 81.6582, 25.205 ] } },
{ "type": "Feature", "properties": { "id": "coal_power_plants_public.fid--438479b5_193d56910e1_77a3", "plant_name": "Parichha TPS Extn.", "district": "Jhansi", "proj_name": null, "state": "UP", "inst_cap": 920.0, "layer": "coal_power_plants", "xmin": 78.7588, "ymin": 25.5124, "xmax": 78.7588, "ymax": 25.5124 }, "geometry": { "type": "Point", "coordinates": [ 78.7588, 25.5124 ] } },
{ "type": "Feature", "properties": { "id": "natural_gas_power_plants_public.67", "plant_name": "Auraiya CCGT", "district": "Auraiya", "proj_name": null, "state": "UP", "inst_cap": 550.0, "layer": "natural_gas_power_plants", "xmin": 79.5286, "ymin": 26.6282, "xmax": 79.5286, "ymax": 26.6282 }, "geometry": { "type": "Point", "coordinates": [ 79.5286, 26.6282 ] } },
{ "type": "Feature", "properties": { "id": "coal_power_plants_public.fid--438479b5_193d56910e1_77f1", "plant_name": "Rosa TPP Ph-I & II", "district": "Shahjahanpur", "proj_name": null, "state": "UP", "inst_cap": 1200.0, "layer": "coal_power_plants", "xmin": 79.936, "ymin": 27.818, "xmax": 79.936, "ymax": 27.818 }, "geometry": { "type": "Point", "coordinates": [ 79.936, 27.818 ] } },
{ "type": "Feature", "properties": { "id": "coal_power_plants_public.fid--438479b5_193d56910e1_774d", "plant_name": "Harduaganj Ext", "district": "Aligarh", "proj_name": null, "state": "UP", "inst_cap": 500.0, "layer": "coal_power_plants", "xmin": 78.0757, "ymin": 27.8977, "xmax": 78.0757, "ymax": 27.8977 }, "geometry": { "type": "Point", "coordinates": [ 78.0757, 27.8977 ] } },
{ "type": "Feature", "properties": { "id": "natural_gas_power_plants_public.53", "plant_name": "Dholpur CCPP", "district": "Dholpur", "proj_name": null, "state": "Rajasthan", "inst_cap": 330.0, "layer": "natural_gas_power_plants", "xmin": 77.8492, "ymin": 26.7024, "xmax": 77.8492, "ymax": 26.7024 }, "geometry": { "type": "Point", "coordinates": [ 77.8492, 26.7024 ] } },
{ "type": "Feature", "properties": { "id": "coal_power_plants_public.fid--438479b5_193d56910e1_77c0", "plant_name": "Kota TPS", "district": "Kota", "proj_name": null, "state": "Rajasthan", "inst_cap": 1020.0, "layer": "coal_power_plants", "xmin": 75.8171, "ymin": 25.1712, "xmax": 75.8171, "ymax": 25.1712 }, "geometry": { "type": "Point", "coordinates": [ 75.8171, 25.1712 ] } },
{ "type": "Feature", "properties": { "id": "hydro_power_plants_public.68", "plant_name": "JAWAHAR  SAGAR", "district": "BUNDI", "proj_name": null, "state": "RAJASTHAN", "inst_cap": 99.0, "layer": "hydro_power_plants", "xmin": 75.6774, "ymin": 25.0387, "xmax": 75.6774, "ymax": 25.0387 }, "geometry": { "type": "Point", "coordinates": [ 75.6774, 25.0387 ] } },
{ "type": "Feature", "properties": { "id": "hydro_power_plants_public.71", "plant_name": "R. P. SAGAR", "district": "RAWAT BHATA", "proj_name": null, "state": "RAJASTHAN", "inst_cap": 172.0, "layer": "hydro_power_plants", "xmin": 75.5789, "ymin": 24.9178, "xmax": 75.5789, "ymax": 24.9178 }, "geometry": { "type": "Point", "coordinates": [ 75.5789, 24.9178 ] } },
{ "type": "Feature", "properties": { "id": "natural_gas_power_plants_public.51", "plant_name": "Anta CCGT-I", "district": "Baran", "proj_name": null, "state": "Rajasthan", "inst_cap": 413.0, "layer": "natural_gas_power_plants", "xmin": 76.3188, "ymin": 25.1797, "xmax": 76.3188, "ymax": 25.1797 }, "geometry": { "type": "Point", "coordinates": [ 76.3188, 25.1797 ] } },
{ "type": "Feature", "properties": { "id": "coal_power_plants_public.fid--438479b5_193d56910e1_775c", "plant_name": "Kawai TPP", "district": "Baran", "proj_name": null, "state": "Rajasthan", "inst_cap": 1320.0, "layer": "coal_power_plants", "xmin": 76.7375, "ymin": 24.7774, "xmax": 76.7375, "ymax": 24.7774 }, "geometry": { "type": "Point", "coordinates": [ 76.7375, 24.7774 ] } },
{ "type": "Feature", "properties": { "id": "hydro_power_plants_public.82", "plant_name": "MADHIKHEDA", "district": "SHIVPURI", "proj_name": null, "state": "MADHYA PRADESH", "inst_cap": 60.0, "layer": "hydro_power_plants", "xmin": 77.8352, "ymin": 25.5623, "xmax": 77.8352, "ymax": 25.5623 }, "geometry": { "type": "Point", "coordinates": [ 77.8352, 25.5623 ] } },
{ "type": "Feature", "properties": { "id": "coal_power_plants_public.fid--438479b5_193d56910e1_7810", "plant_name": "Niwari TPP", "district": "Tikamgarh", "proj_name": null, "state": "MP", "inst_cap": 45.0, "layer": "coal_power_plants", "xmin": 78.748, "ymin": 25.2136, "xmax": 78.748, "ymax": 25.2136 }, "geometry": { "type": "Point", "coordinates": [ 78.748, 25.2136 ] } },
{ "type": "Feature", "properties": { "id": "hydro_power_plants_public.81", "plant_name": "RAJGHAT", "district": "ASHOK NAGAR", "proj_name": null, "state": "MADHYA PRADESH", "inst_cap": 45.0, "layer": "hydro_power_plants", "xmin": 78.2322, "ymin": 24.7635, "xmax": 78.2322, "ymax": 24.7635 }, "geometry": { "type": "Point", "coordinates": [ 78.2322, 24.7635 ] } },
{ "type": "Feature", "properties": { "id": "coal_power_plants_public.fid--438479b5_193d56910e1_77c9", "plant_name": "Lalitpur TPP", "district": "Lalitpur", "proj_name": null, "state": "UP", "inst_cap": 1980.0, "layer": "coal_power_plants", "xmin": 78.5286, "ymin": 24.8612, "xmax": 78.5286, "ymax": 24.8612 }, "geometry": { "type": "Point", "coordinates": [ 78.5286, 24.8612 ] } },
{ "type": "Feature", "properties": { "id": "hydro_power_plants_public.75", "plant_name": "MATATILA", "district": "LALITPUR", "proj_name": null, "state": "UTTAR PRADESH", "inst_cap": 30.6, "layer": "hydro_power_plants", "xmin": 78.3722, "ymin": 25.1009, "xmax": 78.3722, "ymax": 25.1009 }, "geometry": { "type": "Point", "coordinates": [ 78.3722, 25.1009 ] } },
{ "type": "Feature", "properties": { "id": "coal_power_plants_public.fid--438479b5_193d56910e1_77ed", "plant_name": "Bina TPP,", "district": "Sagar", "proj_name": null, "state": "MP", "inst_cap": 500.0, "layer": "coal_power_plants", "xmin": 78.1828, "ymin": 24.2122, "xmax": 78.1828, "ymax": 24.2122 }, "geometry": { "type": "Point", "coordinates": [ 78.1828, 24.2122 ] } },
{ "type": "Feature", "properties": { "id": "coal_power_plants_public.fid--438479b5_193d56910e1_7760", "plant_name": "Chhabra TPS", "district": "Barmer ( Baran)", "proj_name": null, "state": "Rajasthan", "inst_cap": 2320.0, "layer": "coal_power_plants", "xmin": 77.0357, "ymin": 24.6217, "xmax": 77.0357, "ymax": 24.6217 }, "geometry": { "type": "Point", "coordinates": [ 77.0357, 24.6217 ] } },
{ "type": "Feature", "properties": { "id": "coal_power_plants_public.fid--438479b5_193d56910e1_77a2", "plant_name": "Kalisindh TPP", "district": "Jhalawar", "proj_name": null, "state": "Rajasthan", "inst_cap": 1200.0, "layer": "coal_power_plants", "xmin": 76.0986, "ymin": 24.5295, "xmax": 76.0986, "ymax": 24.5295 }, "geometry": { "type": "Point", "coordinates": [ 76.0986, 24.5295 ] } },
{ "type": "Feature", "properties": { "id": "hydro_power_plants_public.78", "plant_name": "GANDHI SAGAR", "district": "MANDSAUR", "proj_name": null, "state": "MADHYA PRADESH", "inst_cap": 115.0, "layer": "hydro_power_plants", "xmin": 75.554, "ymin": 24.7014, "xmax": 75.554, "ymax": 24.7014 }, "geometry": { "type": "Point", "coordinates": [ 75.554, 24.7014 ] } },
{ "type": "Feature", "properties": { "id": "hydro_power_plants_public.31", "plant_name": "OMKARESHWAR", "district": "KHANDWA", "proj_name": null, "state": "MADHYA PRADESH", "inst_cap": 520.0, "layer": "hydro_power_plants", "xmin": 76.1635, "ymin": 22.2474, "xmax": 76.1635, "ymax": 22.2474 }, "geometry": { "type": "Point", "coordinates": [ 76.1635, 22.2474 ] } },
{ "type": "Feature", "properties": { "id": "coal_power_plants_public.fid--438479b5_193d56910e1_77ac", "plant_name": "Khargone STPP", "district": "Khargone", "proj_name": null, "state": "Madhya Pradesh", "inst_cap": 1320.0, "layer": "coal_power_plants", "xmin": 75.8577, "ymin": 22.0649, "xmax": 75.8577, "ymax": 22.0649 }, "geometry": { "type": "Point", "coordinates": [ 75.8577, 22.0649 ] } },
{ "type": "Feature", "properties": { "id": "hydro_power_plants_public.30", "plant_name": "INDIRA SAGAR", "district": "KHANDWA", "proj_name": null, "state": "MADHYA PRADESH", "inst_cap": 1000.0, "layer": "hydro_power_plants", "xmin": 76.4715, "ymin": 22.2837, "xmax": 76.4715, "ymax": 22.2837 }, "geometry": { "type": "Point", "coordinates": [ 76.4715, 22.2837 ] } },
{ "type": "Feature", "properties": { "id": "coal_power_plants_public.fid--438479b5_193d56910e1_77aa", "plant_name": "Malwa TPP ( Shree Singa ji TPP)", "district": "Khandwa", "proj_name": null, "state": "MP", "inst_cap": 1200.0, "layer": "coal_power_plants", "xmin": 76.5317, "ymin": 22.0971, "xmax": 76.5317, "ymax": 22.0971 }, "geometry": { "type": "Point", "coordinates": [ 76.5317, 22.0971 ] } },
{ "type": "Feature", "properties": { "id": "coal_power_plants_public.fid--438479b5_193d56910e1_77ab", "plant_name": "Malwa TPP ( Shree Singa ji TPP)", "district": "Khandwa", "proj_name": null, "state": "MP", "inst_cap": 1320.0, "layer": "coal_power_plants", "xmin": 76.5317, "ymin": 22.0971, "xmax": 76.5317, "ymax": 22.0971 }, "geometry": { "type": "Point", "coordinates": [ 76.5317, 22.0971 ] } },
{ "type": "Feature", "properties": { "id": "coal_power_plants_public.fid--438479b5_193d56910e1_7768", "plant_name": "Satpura TPS Extn", "district": "Betul", "proj_name": null, "state": "MP", "inst_cap": 500.0, "layer": "coal_power_plants", "xmin": 78.175, "ymin": 22.11, "xmax": 78.175, "ymax": 22.11 }, "geometry": { "type": "Point", "coordinates": [ 78.175, 22.11 ] } },
{ "type": "Feature", "properties": { "id": "coal_power_plants_public.fid--438479b5_193d56910e1_77f0", "plant_name": "Seioni TPP Ph-I", "district": "Seioni", "proj_name": null, "state": "MP", "inst_cap": 600.0, "layer": "coal_power_plants", "xmin": 79.5457, "ymin": 22.0753, "xmax": 79.5457, "ymax": 22.0753 }, "geometry": { "type": "Point", "coordinates": [ 79.5457, 22.0753 ] } },
{ "type": "Feature", "properties": { "id": "hydro_power_plants_public.79", "plant_name": "PENCH", "district": "CHINDWARA", "proj_name": null, "state": "MADHYA PRADESH", "inst_cap": 160.0, "layer": "hydro_power_plants", "xmin": 79.2333, "ymin": 21.6583, "xmax": 79.2333, "ymax": 21.6583 }, "geometry": { "type": "Point", "coordinates": [ 79.2333, 21.6583 ] } },
{ "type": "Feature", "properties": { "id": "hydro_power_plants_public.80", "plant_name": "BARGI", "district": "JABALPUR", "proj_name": null, "state": "MADHYA PRADESH", "inst_cap": 90.0, "layer": "hydro_power_plants", "xmin": 79.9239, "ymin": 22.9431, "xmax": 79.9239, "ymax": 22.9431 }, "geometry": { "type": "Point", "coordinates": [ 79.9239, 22.9431 ] } },
{ "type": "Feature", "properties": { "id": "coal_power_plants_public.fid--438479b5_193d56910e1_7793", "plant_name": "Gadarwara STPP,St-I", "district": "Gadarwara", "proj_name": null, "state": "Madhya Pradesh", "inst_cap": 800.0, "layer": "coal_power_plants", "xmin": 78.8649, "ymin": 22.8613, "xmax": 78.8649, "ymax": 22.8613 }, "geometry": { "type": "Point", "coordinates": [ 78.8649, 22.8613 ] } },
{ "type": "Feature", "properties": { "id": "small_hydro_power_plants_public.11", "plant_name": null, "district": "DAMOH", "proj_name": "Sarsuma SHP", "state": "Madhya Pradesh", "inst_cap": 9.75, "layer": "small_hydro_power_plants", "xmin": 79.6423, "ymin": 24.2041, "xmax": 79.6423, "ymax": 24.2041 }, "geometry": { "type": "Point", "coordinates": [ 79.6423, 24.2041 ] } },
{ "type": "Feature", "properties": { "id": "coal_power_plants_public.fid--438479b5_193d56910e1_7814", "plant_name": "Birsinghpur", "district": "Umaria", "proj_name": null, "state": "MP", "inst_cap": 420.0, "layer": "coal_power_plants", "xmin": 81.0668, "ymin": 23.3026, "xmax": 81.0668, "ymax": 23.3026 }, "geometry": { "type": "Point", "coordinates": [ 81.0668, 23.3026 ] } },
{ "type": "Feature", "properties": { "id": "coal_power_plants_public.fid--438479b5_193d56910e1_7815", "plant_name": "Sanjay Gandhi TPS", "district": "Umaria", "proj_name": null, "state": "MP", "inst_cap": 920.0, "layer": "coal_power_plants", "xmin": 81.0668, "ymin": 23.3026, "xmax": 81.0668, "ymax": 23.3026 }, "geometry": { "type": "Point", "coordinates": [ 81.0668, 23.3026 ] } },
{ "type": "Feature", "properties": { "id": "hydro_power_plants_public.85", "plant_name": "BAN SAGAR TONS - III", "district": "SATNA", "proj_name": null, "state": "MADHYA PRADESH", "inst_cap": 60.0, "layer": "hydro_power_plants", "xmin": 81.285, "ymin": 24.187, "xmax": 81.285, "ymax": 24.187 }, "geometry": { "type": "Point", "coordinates": [ 81.285, 24.187 ] } },
{ "type": "Feature", "properties": { "id": "hydro_power_plants_public.84", "plant_name": "BAN SAGAR TONS - II", "district": "REWA", "proj_name": null, "state": "MADHYA PRADESH", "inst_cap": 30.0, "layer": "hydro_power_plants", "xmin": 81.296, "ymin": 24.4847, "xmax": 81.296, "ymax": 24.4847 }, "geometry": { "type": "Point", "coordinates": [ 81.296, 24.4847 ] } },
{ "type": "Feature", "properties": { "id": "coal_power_plants_public.fid--438479b5_193d56910e1_77f3", "plant_name": "Nigri TPP", "district": "Singrauli", "proj_name": null, "state": "MP", "inst_cap": 1320.0, "layer": "coal_power_plants", "xmin": 81.9045, "ymin": 24.15, "xmax": 81.9045, "ymax": 24.15 }, "geometry": { "type": "Point", "coordinates": [ 81.9045, 24.15 ] } },
{ "type": "Feature", "properties": { "id": "coal_power_plants_public.fid--438479b5_193d56910e1_7757", "plant_name": "Amarkantak TPP", "district": "Anuppur", "proj_name": null, "state": "MP", "inst_cap": 210.0, "layer": "coal_power_plants", "xmin": 81.634, "ymin": 23.1639, "xmax": 81.634, "ymax": 23.1639 }, "geometry": { "type": "Point", "coordinates": [ 81.634, 23.1639 ] } },
{ "type": "Feature", "properties": { "id": "coal_power_plants_public.fid--438479b5_193d56910e1_7756", "plant_name": "Anuppur TPP Ph-I", "district": "Anuppur", "proj_name": null, "state": "MP", "inst_cap": 1200.0, "layer": "coal_power_plants", "xmin": 81.6976, "ymin": 23.1137, "xmax": 81.6976, "ymax": 23.1137 }, "geometry": { "type": "Point", "coordinates": [ 81.6976, 23.1137 ] } },
{ "type": "Feature", "properties": { "id": "coal_power_plants_public.fid--438479b5_193d56910e1_7775", "plant_name": "Sipat-I", "district": "Bilaspur", "proj_name": null, "state": "Chhattisgarh", "inst_cap": 1980.0, "layer": "coal_power_plants", "xmin": 82.293, "ymin": 22.13, "xmax": 82.293, "ymax": 22.13 }, "geometry": { "type": "Point", "coordinates": [ 82.293, 22.13 ] } },
{ "type": "Feature", "properties": { "id": "coal_power_plants_public.fid--438479b5_193d56910e1_7774", "plant_name": "Sipat-II", "district": "Bilaspur", "proj_name": null, "state": "Chhattisgarh", "inst_cap": 1000.0, "layer": "coal_power_plants", "xmin": 82.293, "ymin": 22.13, "xmax": 82.293, "ymax": 22.13 }, "geometry": { "type": "Point", "coordinates": [ 82.293, 22.13 ] } },
{ "type": "Feature", "properties": { "id": "coal_power_plants_public.fid--438479b5_193d56910e1_779f", "plant_name": "Akaltara (Nariyara) TPP", "district": "Janjgir Champa", "proj_name": null, "state": "Chhattisgarh", "inst_cap": 1800.0, "layer": "coal_power_plants", "xmin": 82.4091, "ymin": 21.9603, "xmax": 82.4091, "ymax": 21.9603 }, "geometry": { "type": "Point", "coordinates": [ 82.4091, 21.9603 ] } },
{ "type": "Feature", "properties": { "id": "coal_power_plants_public.fid--438479b5_193d56910e1_779c", "plant_name": "Marwa TPP", "district": "Janjgir Champa", "proj_name": null, "state": "Chhattisgarh", "inst_cap": 1000.0, "layer": "coal_power_plants", "xmin": 82.602, "ymin": 22.071, "xmax": 82.602, "ymax": 22.071 }, "geometry": { "type": "Point", "coordinates": [ 82.602, 22.071 ] } },
{ "type": "Feature", "properties": { "id": "coal_power_plants_public.fid--438479b5_193d56910e1_77b8", "plant_name": "SV Power TPP", "district": "Korba", "proj_name": null, "state": "Chhattisgarh", "inst_cap": 63.0, "layer": "coal_power_plants", "xmin": 82.5253, "ymin": 22.2972, "xmax": 82.5253, "ymax": 22.2972 }, "geometry": { "type": "Point", "coordinates": [ 82.5253, 22.2972 ] } },
{ "type": "Feature", "properties": { "id": "coal_power_plants_public.fid--438479b5_193d56910e1_77bb", "plant_name": "Lanco AmarkantakTPS Ph-1,", "district": "Korba", "proj_name": null, "state": "Chhattisgarh", "inst_cap": 600.0, "layer": "coal_power_plants", "xmin": 82.7246, "ymin": 22.2454, "xmax": 82.7246, "ymax": 22.2454 }, "geometry": { "type": "Point", "coordinates": [ 82.7246, 22.2454 ] } },
{ "type": "Feature", "properties": { "id": "coal_power_plants_public.fid--438479b5_193d56910e1_779d", "plant_name": "Uchpinda TPP", "district": "Janjgir Champa", "proj_name": null, "state": "Chhattisgarh", "inst_cap": 1440.0, "layer": "coal_power_plants", "xmin": 83.1354, "ymin": 21.8957, "xmax": 83.1354, "ymax": 21.8957 }, "geometry": { "type": "Point", "coordinates": [ 83.1354, 21.8957 ] } },
{ "type": "Feature", "properties": { "id": "coal_power_plants_public.fid--438479b5_193d56910e1_77e3", "plant_name": "Lara TPP", "district": "Raigarh", "proj_name": null, "state": "Chattisgarh", "inst_cap": 1600.0, "layer": "coal_power_plants", "xmin": 83.4579, "ymin": 21.757, "xmax": 83.4579, "ymax": 21.757 }, "geometry": { "type": "Point", "coordinates": [ 83.4579, 21.757 ] } },
{ "type": "Feature", "properties": { "id": "coal_power_plants_public.fid--438479b5_193d56910e1_77e7", "plant_name": "Tamnar TPP ( Raigarh)", "district": "Raigarh", "proj_name": null, "state": "Chhattisgarh", "inst_cap": 2400.0, "layer": "coal_power_plants", "xmin": 83.4564, "ymin": 22.1124, "xmax": 83.4564, "ymax": 22.1124 }, "geometry": { "type": "Point", "coordinates": [ 83.4564, 22.1124 ] } },
{ "type": "Feature", "properties": { "id": "coal_power_plants_public.fid--438479b5_193d56910e1_77e6", "plant_name": "Nawapara TPP", "district": "Raigarh", "proj_name": null, "state": "Chhattisgarh", "inst_cap": 600.0, "layer": "coal_power_plants", "xmin": 83.2639, "ymin": 22.131, "xmax": 83.2639, "ymax": 22.131 }, "geometry": { "type": "Point", "coordinates": [ 83.2639, 22.131 ] } },
{ "type": "Feature", "properties": { "id": "coal_power_plants_public.fid--438479b5_193d56910e1_77e5", "plant_name": "O.P.Jindal STPP", "district": "Raigarh", "proj_name": null, "state": "Chhattisgarh", "inst_cap": 1000.0, "layer": "coal_power_plants", "xmin": 83.2331, "ymin": 21.9846, "xmax": 83.2331, "ymax": 21.9846 }, "geometry": { "type": "Point", "coordinates": [ 83.2331, 21.9846 ] } },
{ "type": "Feature", "properties": { "id": "coal_power_plants_public.fid--438479b5_193d56910e1_779e", "plant_name": "Baradarha TPP", "district": "Janjgir Champa", "proj_name": null, "state": "Chhattisgarh", "inst_cap": 1200.0, "layer": "coal_power_plants", "xmin": 83.186, "ymin": 21.911, "xmax": 83.186, "ymax": 21.911 }, "geometry": { "type": "Point", "coordinates": [ 83.186, 21.911 ] } },
{ "type": "Feature", "properties": { "id": "coal_power_plants_public.fid--438479b5_193d56910e1_77e4", "plant_name": "Binjkote TPP", "district": "Raigarh", "proj_name": null, "state": "Chattisgarh", "inst_cap": 600.0, "layer": "coal_power_plants", "xmin": 83.2059, "ymin": 22.012, "xmax": 83.2059, "ymax": 22.012 }, "geometry": { "type": "Point", "coordinates": [ 83.2059, 22.012 ] } },
{ "type": "Feature", "properties": { "id": "coal_power_plants_public.fid--438479b5_193d56910e1_77b1", "plant_name": "Korba East TPP St-V", "district": "korba", "proj_name": null, "state": "Chhattisgarh", "inst_cap": 500.0, "layer": "coal_power_plants", "xmin": 82.7216, "ymin": 22.3688, "xmax": 82.7216, "ymax": 22.3688 }, "geometry": { "type": "Point", "coordinates": [ 82.7216, 22.3688 ] } },
{ "type": "Feature", "properties": { "id": "coal_power_plants_public.fid--438479b5_193d56910e1_77b3", "plant_name": "BALCO TPP", "district": "Korba", "proj_name": null, "state": "Chhattisgarh", "inst_cap": 600.0, "layer": "coal_power_plants", "xmin": 82.7431, "ymin": 22.3929, "xmax": 82.7431, "ymax": 22.3929 }, "geometry": { "type": "Point", "coordinates": [ 82.7431, 22.3929 ] } },
{ "type": "Feature", "properties": { "id": "coal_power_plants_public.fid--438479b5_193d56910e1_77b6", "plant_name": "Salora TPP", "district": "Korba", "proj_name": null, "state": "Chhattisgarh", "inst_cap": 135.0, "layer": "coal_power_plants", "xmin": 82.6011, "ymin": 22.4873, "xmax": 82.6011, "ymax": 22.4873 }, "geometry": { "type": "Point", "coordinates": [ 82.6011, 22.4873 ] } },
{ "type": "Feature", "properties": { "id": "coal_power_plants_public.fid--438479b5_193d56910e1_77bc", "plant_name": "Korba West TPS-4", "district": "Korba", "proj_name": null, "state": "Chhattisgarh", "inst_cap": 210.0, "layer": "coal_power_plants", "xmin": 82.6888, "ymin": 22.4118, "xmax": 82.6888, "ymax": 22.4118 }, "geometry": { "type": "Point", "coordinates": [ 82.6888, 22.4118 ] } },
{ "type": "Feature", "properties": { "id": "coal_power_plants_public.fid--438479b5_193d56910e1_781a", "plant_name": "Korba West -St -III", "district": null, "proj_name": null, "state": null, "inst_cap": 500.0, "layer": "coal_power_plants", "xmin": 82.6822, "ymin": 22.4125, "xmax": 82.6822, "ymax": 22.4125 }, "geometry": { "type": "Point", "coordinates": [ 82.6822, 22.4125 ] } },
{ "type": "Feature", "properties": { "id": "coal_power_plants_public.fid--438479b5_193d56910e1_77be", "plant_name": "Korba STPS -II", "district": "Korba", "proj_name": null, "state": "Chhattisgarh", "inst_cap": 1000.0, "layer": "coal_power_plants", "xmin": 82.6858, "ymin": 22.3881, "xmax": 82.6858, "ymax": 22.3881 }, "geometry": { "type": "Point", "coordinates": [ 82.6858, 22.3881 ] } },
{ "type": "Feature", "properties": { "id": "coal_power_plants_public.fid--438479b5_193d56910e1_77bd", "plant_name": "Korba STPP", "district": "Korba", "proj_name": null, "state": "Chhattisgarh", "inst_cap": 500.0, "layer": "coal_power_plants", "xmin": 82.6858, "ymin": 22.3881, "xmax": 82.6858, "ymax": 22.3881 }, "geometry": { "type": "Point", "coordinates": [ 82.6858, 22.3881 ] } },
{ "type": "Feature", "properties": { "id": "coal_power_plants_public.fid--438479b5_193d56910e1_77bf", "plant_name": "Korba STPS -I", "district": "Korba", "proj_name": null, "state": "Chhattisgarh", "inst_cap": 500.0, "layer": "coal_power_plants", "xmin": 82.6858, "ymin": 22.3881, "xmax": 82.6858, "ymax": 22.3881 }, "geometry": { "type": "Point", "coordinates": [ 82.6858, 22.3881 ] } },
{ "type": "Feature", "properties": { "id": "coal_power_plants_public.fid--438479b5_193d56910e1_77b7", "plant_name": "Chakabura TPP", "district": "Korba", "proj_name": null, "state": "Chhattisgarh", "inst_cap": 30.0, "layer": "coal_power_plants", "xmin": 82.556, "ymin": 22.3916, "xmax": 82.556, "ymax": 22.3916 }, "geometry": { "type": "Point", "coordinates": [ 82.556, 22.3916 ] } },
{ "type": "Feature", "properties": { "id": "coal_power_plants_public.fid--438479b5_193d56910e1_77ba", "plant_name": "Kasaipalli TPP", "district": "Korba", "proj_name": null, "state": "Chhattisgarh", "inst_cap": 270.0, "layer": "coal_power_plants", "xmin": 82.5549, "ymin": 22.389, "xmax": 82.5549, "ymax": 22.389 }, "geometry": { "type": "Point", "coordinates": [ 82.5549, 22.389 ] } },
{ "type": "Feature", "properties": { "id": "coal_power_plants_public.fid--438479b5_193d56910e1_77b9", "plant_name": "Katghora TPP", "district": "Korba", "proj_name": null, "state": "Chhattisgarh", "inst_cap": 35.0, "layer": "coal_power_plants", "xmin": 82.55, "ymin": 22.5, "xmax": 82.55, "ymax": 22.5 }, "geometry": { "type": "Point", "coordinates": [ 82.55, 22.5 ] } },
{ "type": "Feature", "properties": { "id": "hydro_power_plants_public.86", "plant_name": "HASDEO BANGO", "district": "KORBA", "proj_name": null, "state": "CHATTISGARH", "inst_cap": 120.0, "layer": "hydro_power_plants", "xmin": 82.5972, "ymin": 22.6038, "xmax": 82.5972, "ymax": 22.6038 }, "geometry": { "type": "Point", "coordinates": [ 82.5972, 22.6038 ] } },
{ "type": "Feature", "properties": { "id": "coal_power_plants_public.fid--438479b5_193d56910e1_77b2", "plant_name": "Ratija TPP", "district": "Korba", "proj_name": null, "state": "Chhattisgarh", "inst_cap": 100.0, "layer": "coal_power_plants", "xmin": 82.4928, "ymin": 22.34, "xmax": 82.4928, "ymax": 22.34 }, "geometry": { "type": "Point", "coordinates": [ 82.4928, 22.34 ] } },
{ "type": "Feature", "properties": { "id": "coal_power_plants_public.fid--438479b5_193d56910e1_77b4", "plant_name": "Bandakhar TPP", "district": "Korba", "proj_name": null, "state": "Chhattisgarh", "inst_cap": 300.0, "layer": "coal_power_plants", "xmin": 82.4374, "ymin": 22.3539, "xmax": 82.4374, "ymax": 22.3539 }, "geometry": { "type": "Point", "coordinates": [ 82.4374, 22.3539 ] } },
{ "type": "Feature", "properties": { "id": "coal_power_plants_public.fid--438479b5_193d56910e1_77f5", "plant_name": "Mahan TPP", "district": "Singrauli", "proj_name": null, "state": "MP", "inst_cap": 1200.0, "layer": "coal_power_plants", "xmin": 82.416, "ymin": 24.0077, "xmax": 82.416, "ymax": 24.0077 }, "geometry": { "type": "Point", "coordinates": [ 82.416, 24.0077 ] } },
{ "type": "Feature", "properties": { "id": "coal_power_plants_public.fid--438479b5_193d56910e1_77f8", "plant_name": "Anpara-B", "district": "Sonbhadra", "proj_name": null, "state": "UP", "inst_cap": 1000.0, "layer": "coal_power_plants", "xmin": 82.7891, "ymin": 24.201, "xmax": 82.7891, "ymax": 24.201 }, "geometry": { "type": "Point", "coordinates": [ 82.7891, 24.201 ] } },
{ "type": "Feature", "properties": { "id": "coal_power_plants_public.fid--438479b5_193d56910e1_77f9", "plant_name": "Anpara-D TPS", "district": "Sonbhadra", "proj_name": null, "state": "UP", "inst_cap": 1000.0, "layer": "coal_power_plants", "xmin": 82.7891, "ymin": 24.201, "xmax": 82.7891, "ymax": 24.201 }, "geometry": { "type": "Point", "coordinates": [ 82.7891, 24.201 ] } },
{ "type": "Feature", "properties": { "id": "coal_power_plants_public.fid--438479b5_193d56910e1_77fa", "plant_name": "Anpara TPS-A", "district": "Sonbhadra", "proj_name": null, "state": "UP", "inst_cap": 630.0, "layer": "coal_power_plants", "xmin": 82.7891, "ymin": 24.201, "xmax": 82.7891, "ymax": 24.201 }, "geometry": { "type": "Point", "coordinates": [ 82.7891, 24.201 ] } },
{ "type": "Feature", "properties": { "id": "coal_power_plants_public.fid--438479b5_193d56910e1_77f7", "plant_name": "Anpara-C", "district": "Sonbhadra", "proj_name": null, "state": "UP", "inst_cap": 1200.0, "layer": "coal_power_plants", "xmin": 82.8, "ymin": 24.2007, "xmax": 82.8, "ymax": 24.2007 }, "geometry": { "type": "Point", "coordinates": [ 82.8, 24.2007 ] } },
{ "type": "Feature", "properties": { "id": "coal_power_plants_public.fid--438479b5_193d56910e1_77f2", "plant_name": "Vindhyachal TPS", "district": "Sidhi", "proj_name": null, "state": "MP", "inst_cap": 4550.0, "layer": "coal_power_plants", "xmin": 82.6719, "ymin": 24.0983, "xmax": 82.6719, "ymax": 24.0983 }, "geometry": { "type": "Point", "coordinates": [ 82.6719, 24.0983 ] } },
{ "type": "Feature", "properties": { "id": "coal_power_plants_public.fid--438479b5_193d56910e1_77f4", "plant_name": "Sasan UMPP", "district": "Singrauli", "proj_name": null, "state": "MP", "inst_cap": 3960.0, "layer": "coal_power_plants", "xmin": 82.6275, "ymin": 23.9784, "xmax": 82.6275, "ymax": 23.9784 }, "geometry": { "type": "Point", "coordinates": [ 82.6275, 23.9784 ] } },
{ "type": "Feature", "properties": { "id": "coal_power_plants_public.fid--438479b5_193d56910e1_77fc", "plant_name": "Rihand TPS", "district": "Sonbhadra", "proj_name": null, "state": "UP", "inst_cap": 3000.0, "layer": "coal_power_plants", "xmin": 82.7915, "ymin": 24.027, "xmax": 82.7915, "ymax": 24.027 }, "geometry": { "type": "Point", "coordinates": [ 82.7915, 24.027 ] } },
{ "type": "Feature", "properties": { "id": "coal_power_plants_public.fid--438479b5_193d56910e1_77fb", "plant_name": "Singrauli TPS-II", "district": "Sonbhadra", "proj_name": null, "state": "UP", "inst_cap": 1000.0, "layer": "coal_power_plants", "xmin": 82.7068, "ymin": 24.1033, "xmax": 82.7068, "ymax": 24.1033 }, "geometry": { "type": "Point", "coordinates": [ 82.7068, 24.1033 ] } },
{ "type": "Feature", "properties": { "id": "hydro_power_plants_public.72", "plant_name": "RIHAND", "district": "SINGRAULI", "proj_name": null, "state": "UTTAR PRADESH", "inst_cap": 300.0, "layer": "hydro_power_plants", "xmin": 83.0072, "ymin": 24.2033, "xmax": 83.0072, "ymax": 24.2033 }, "geometry": { "type": "Point", "coordinates": [ 83.0072, 24.2033 ] } },
{ "type": "Feature", "properties": { "id": "hydro_power_plants_public.74", "plant_name": "OBRA", "district": "SUNEBHADRA", "proj_name": null, "state": "UTTAR PRADESH", "inst_cap": 99.0, "layer": "hydro_power_plants", "xmin": 82.9669, "ymin": 24.4399, "xmax": 82.9669, "ymax": 24.4399 }, "geometry": { "type": "Point", "coordinates": [ 82.9669, 24.4399 ] } },
{ "type": "Feature", "properties": { "id": "coal_power_plants_public.fid--438479b5_193d56910e1_77ea", "plant_name": "Patratu St-IV", "district": "Ramgarh", "proj_name": null, "state": "Jharkhand", "inst_cap": 110.0, "layer": "coal_power_plants", "xmin": 85.2931, "ymin": 23.64, "xmax": 85.2931, "ymax": 23.64 }, "geometry": { "type": "Point", "coordinates": [ 85.2931, 23.64 ] } },
{ "type": "Feature", "properties": { "id": "coal_power_plants_public.fid--438479b5_193d56910e1_7806", "plant_name": "Darlipali STPP", "district": "Sundergarh", "proj_name": null, "state": "Odisha", "inst_cap": 800.0, "layer": "coal_power_plants", "xmin": 83.8909, "ymin": 21.9633, "xmax": 83.8909, "ymax": 21.9633 }, "geometry": { "type": "Point", "coordinates": [ 83.8909, 21.9633 ] } },
{ "type": "Feature", "properties": { "id": "coal_power_plants_public.fid--438479b5_193d56910e1_77a4", "plant_name": "Sterlite TPP", "district": "Jharsuguda", "proj_name": null, "state": "Orissa", "inst_cap": 2400.0, "layer": "coal_power_plants", "xmin": 84.0404, "ymin": 21.8144, "xmax": 84.0404, "ymax": 21.8144 }, "geometry": { "type": "Point", "coordinates": [ 84.0404, 21.8144 ] } },
{ "type": "Feature", "properties": { "id": "coal_power_plants_public.fid--438479b5_193d56910e1_77a6", "plant_name": "Ind Bharat TPP              (Orissa)", "district": "Jharsuguda", "proj_name": null, "state": "Orissa", "inst_cap": 350.0, "layer": "coal_power_plants", "xmin": 83.9241, "ymin": 21.6713, "xmax": 83.9241, "ymax": 21.6713 }, "geometry": { "type": "Point", "coordinates": [ 83.9241, 21.6713 ] } },
{ "type": "Feature", "properties": { "id": "coal_power_plants_public.fid--438479b5_193d56910e1_77a5", "plant_name": "Ib Valley", "district": "Jharsuguda", "proj_name": null, "state": "Orissa", "inst_cap": 1740.0, "layer": "coal_power_plants", "xmin": 83.86, "ymin": 21.6872, "xmax": 83.86, "ymax": 21.6872 }, "geometry": { "type": "Point", "coordinates": [ 83.86, 21.6872 ] } },
{ "type": "Feature", "properties": { "id": "hydro_power_plants_public.168", "plant_name": "HIRAKUD", "district": "SAMBALPUR", "proj_name": null, "state": "ORISSA", "inst_cap": 275.5, "layer": "hydro_power_plants", "xmin": 83.8523, "ymin": 21.5162, "xmax": 83.8523, "ymax": 21.5162 }, "geometry": { "type": "Point", "coordinates": [ 83.8523, 21.5162 ] } },
{ "type": "Feature", "properties": { "id": "coal_power_plants_public.fid--438479b5_193d56910e1_77ef", "plant_name": "Adhunik Power TPP", "district": "Saraikela-Kharswan", "proj_name": null, "state": "Jharkhand", "inst_cap": 540.0, "layer": "coal_power_plants", "xmin": 86.0545, "ymin": 22.8417, "xmax": 86.0545, "ymax": 22.8417 }, "geometry": { "type": "Point", "coordinates": [ 86.0545, 22.8417 ] } },
{ "type": "Feature", "properties": { "id": "coal_power_plants_public.fid--438479b5_193d56910e1_7792", "plant_name": "Jojobera TPS", "district": "East Singbhum", "proj_name": null, "state": "Jharkhand", "inst_cap": 360.0, "layer": "coal_power_plants", "xmin": 86.2482, "ymin": 22.757, "xmax": 86.2482, "ymax": 22.757 }, "geometry": { "type": "Point", "coordinates": [ 86.2482, 22.757 ] } },
{ "type": "Feature", "properties": { "id": "coal_power_plants_public.fid--438479b5_193d56910e1_7790", "plant_name": "Haldia TPP-I", "district": "East Medinipur", "proj_name": null, "state": "WB", "inst_cap": 600.0, "layer": "coal_power_plants", "xmin": 88.1751, "ymin": 22.1038, "xmax": 88.1751, "ymax": 22.1038 }, "geometry": { "type": "Point", "coordinates": [ 88.1751, 22.1038 ] } },
{ "type": "Feature", "properties": { "id": "coal_power_plants_public.fid--438479b5_193d56910e1_7797", "plant_name": "Hiranmaye Energy TPP", "district": "Haldia", "proj_name": null, "state": "WB", "inst_cap": 300.0, "layer": "coal_power_plants", "xmin": 88.0989, "ymin": 22.0759, "xmax": 88.0989, "ymax": 22.0759 }, "geometry": { "type": "Point", "coordinates": [ 88.0989, 22.0759 ] } },
{ "type": "Feature", "properties": { "id": "coal_power_plants_public.fid--438479b5_193d56910e1_77fe", "plant_name": "Budge-Budge TPS", "district": "South Parganas", "proj_name": null, "state": "WB", "inst_cap": 750.0, "layer": "coal_power_plants", "xmin": 88.14, "ymin": 22.468, "xmax": 88.14, "ymax": 22.468 }, "geometry": { "type": "Point", "coordinates": [ 88.14, 22.468 ] } },
{ "type": "Feature", "properties": { "id": "coal_power_plants_public.fid--438479b5_193d56910e1_7791", "plant_name": "Kolaghat St-I (WBPDCL)", "district": "East Mednapur", "proj_name": null, "state": "WB", "inst_cap": 630.0, "layer": "coal_power_plants", "xmin": 87.8713, "ymin": 22.4157, "xmax": 87.8713, "ymax": 22.4157 }, "geometry": { "type": "Point", "coordinates": [ 87.8713, 22.4157 ] } },
{ "type": "Feature", "properties": { "id": "coal_power_plants_public.fid--438479b5_193d56910e1_775a", "plant_name": "Mejia TPS Extn", "district": "Bankura", "proj_name": null, "state": "WB", "inst_cap": 1000.0, "layer": "coal_power_plants", "xmin": 87.08, "ymin": 23.27, "xmax": 87.08, "ymax": 23.27 }, "geometry": { "type": "Point", "coordinates": [ 87.08, 23.27 ] } },
{ "type": "Feature", "properties": { "id": "coal_power_plants_public.fid--438479b5_193d56910e1_775b", "plant_name": "Mejia TPS", "district": "Bankura", "proj_name": null, "state": "WB", "inst_cap": 1340.0, "layer": "coal_power_plants", "xmin": 87.08, "ymin": 23.27, "xmax": 87.08, "ymax": 23.27 }, "geometry": { "type": "Point", "coordinates": [ 87.08, 23.27 ] } },
{ "type": "Feature", "properties": { "id": "coal_power_plants_public.fid--438479b5_193d56910e1_775d", "plant_name": "DPL TPS (WBPDCL)", "district": "Bardhaman", "proj_name": null, "state": "WB", "inst_cap": 660.0, "layer": "coal_power_plants", "xmin": 87.303, "ymin": 23.516, "xmax": 87.303, "ymax": 23.516 }, "geometry": { "type": "Point", "coordinates": [ 87.303, 23.516 ] } },
{ "type": "Feature", "properties": { "id": "coal_power_plants_public.fid--438479b5_193d56910e1_777b", "plant_name": "Durgapur Steel TPS", "district": "Burdwan", "proj_name": null, "state": "WB", "inst_cap": 1000.0, "layer": "coal_power_plants", "xmin": 87.2043, "ymin": 23.58, "xmax": 87.2043, "ymax": 23.58 }, "geometry": { "type": "Point", "coordinates": [ 87.2043, 23.58 ] } },
{ "type": "Feature", "properties": { "id": "coal_power_plants_public.fid--438479b5_193d56910e1_7776", "plant_name": "Bakreswar TPS", "district": "Birbhum", "proj_name": null, "state": "WB", "inst_cap": 1050.0, "layer": "coal_power_plants", "xmin": 87.4513, "ymin": 23.8285, "xmax": 87.4513, "ymax": 23.8285 }, "geometry": { "type": "Point", "coordinates": [ 87.4513, 23.8285 ] } },
{ "type": "Feature", "properties": { "id": "coal_power_plants_public.fid--438479b5_193d56910e1_77cf", "plant_name": "Sagardighi TPP", "district": "Murshidabad", "proj_name": null, "state": "WB", "inst_cap": 1600.0, "layer": "coal_power_plants", "xmin": 88.1046, "ymin": 24.3696, "xmax": 88.1046, "ymax": 24.3696 }, "geometry": { "type": "Point", "coordinates": [ 88.1046, 24.3696 ] } },
{ "type": "Feature", "properties": { "id": "hydro_power_plants_public.33", "plant_name": "PANCHET HILL", "district": "DHANBAD", "proj_name": null, "state": "JHARKHAND", "inst_cap": 40.0, "layer": "hydro_power_plants", "xmin": 87.2536, "ymin": 24.1372, "xmax": 87.2536, "ymax": 24.1372 }, "geometry": { "type": "Point", "coordinates": [ 87.2536, 24.1372 ] } },
{ "type": "Feature", "properties": { "id": "pumped_storage_hydro_power_plants_public.1", "plant_name": "PANCHET HILL", "district": "DHANBAD", "proj_name": null, "state": "JHARKHAND", "inst_cap": 40.0, "layer": "pumped_storage_hydro_power_plants", "xmin": 87.2353, "ymin": 24.1372, "xmax": 87.2353, "ymax": 24.1372 }, "geometry": { "type": "Point", "coordinates": [ 87.2353, 24.1372 ] } },
{ "type": "Feature", "properties": { "id": "coal_power_plants_public.fid--438479b5_193d56910e1_778b", "plant_name": "Maithon RB TPP", "district": "Dhanbad", "proj_name": null, "state": "Jharkhand", "inst_cap": 1050.0, "layer": "coal_power_plants", "xmin": 86.77, "ymin": 23.86, "xmax": 86.77, "ymax": 23.86 }, "geometry": { "type": "Point", "coordinates": [ 86.77, 23.86 ] } },
{ "type": "Feature", "properties": { "id": "natural_gas_power_plants_public.17", "plant_name": "Maithon GT", "district": "Dhanbad", "proj_name": null, "state": "Bihar", "inst_cap": 90.0, "layer": "natural_gas_power_plants", "xmin": 86.8311, "ymin": 23.7788, "xmax": 86.8311, "ymax": 23.7788 }, "geometry": { "type": "Point", "coordinates": [ 86.8311, 23.7788 ] } },
{ "type": "Feature", "properties": { "id": "hydro_power_plants_public.32", "plant_name": "MAITHON", "district": "DHANBAD", "proj_name": null, "state": "WEST BENGAL", "inst_cap": 63.2, "layer": "hydro_power_plants", "xmin": 86.8128, "ymin": 23.7853, "xmax": 86.8128, "ymax": 23.7853 }, "geometry": { "type": "Point", "coordinates": [ 86.8128, 23.7853 ] } },
{ "type": "Feature", "properties": { "id": "coal_power_plants_public.fid--438479b5_193d56910e1_778e", "plant_name": "Dishergarh TPS", "district": "Dishergarh", "proj_name": null, "state": "WB", "inst_cap": 12.0, "layer": "coal_power_plants", "xmin": 86.8541, "ymin": 23.6893, "xmax": 86.8541, "ymax": 23.6893 }, "geometry": { "type": "Point", "coordinates": [ 86.8541, 23.6893 ] } },
{ "type": "Feature", "properties": { "id": "coal_power_plants_public.fid--438479b5_193d56910e1_77de", "plant_name": "Raghunathpur TPP Ph-I", "district": "Purlia", "proj_name": null, "state": "WB", "inst_cap": 1200.0, "layer": "coal_power_plants", "xmin": 86.39, "ymin": 23.37, "xmax": 86.39, "ymax": 23.37 }, "geometry": { "type": "Point", "coordinates": [ 86.39, 23.37 ] } },
{ "type": "Feature", "properties": { "id": "coal_power_plants_public.fid--438479b5_193d56910e1_77df", "plant_name": "Santaldih TPP Extn", "district": "Purulia", "proj_name": null, "state": "WB", "inst_cap": 500.0, "layer": "coal_power_plants", "xmin": 86.4666, "ymin": 23.6013, "xmax": 86.4666, "ymax": 23.6013 }, "geometry": { "type": "Point", "coordinates": [ 86.4666, 23.6013 ] } },
{ "type": "Feature", "properties": { "id": "coal_power_plants_public.fid--438479b5_193d56910e1_7778", "plant_name": "Chandrapura TPS Extn.", "district": "Bokaro", "proj_name": null, "state": "Jharkhand", "inst_cap": 500.0, "layer": "coal_power_plants", "xmin": 86.1273, "ymin": 23.7376, "xmax": 86.1273, "ymax": 23.7376 }, "geometry": { "type": "Point", "coordinates": [ 86.1273, 23.7376 ] } },
{ "type": "Feature", "properties": { "id": "coal_power_plants_public.fid--438479b5_193d56910e1_7779", "plant_name": "Tenughat  TPP", "district": "Bokaro", "proj_name": null, "state": "Jharkhand", "inst_cap": 420.0, "layer": "coal_power_plants", "xmin": 85.8936, "ymin": 23.7573, "xmax": 85.8936, "ymax": 23.7573 }, "geometry": { "type": "Point", "coordinates": [ 85.8936, 23.7573 ] } },
{ "type": "Feature", "properties": { "id": "coal_power_plants_public.fid--438479b5_193d56910e1_7777", "plant_name": "Bokaro-B", "district": "Bokaro", "proj_name": null, "state": "Jharkhand", "inst_cap": 420.0, "layer": "coal_power_plants", "xmin": 85.88, "ymin": 23.785, "xmax": 85.88, "ymax": 23.785 }, "geometry": { "type": "Point", "coordinates": [ 85.88, 23.785 ] } },
{ "type": "Feature", "properties": { "id": "coal_power_plants_public.fid--438479b5_193d56910e1_777a", "plant_name": "Bokaro  TPS  \"A\"  Exp.", "district": "Bokaro�", "proj_name": null, "state": "Jharkhand", "inst_cap": 500.0, "layer": "coal_power_plants", "xmin": 85.8839, "ymin": 23.7831, "xmax": 85.8839, "ymax": 23.7831 }, "geometry": { "type": "Point", "coordinates": [ 85.8839, 23.7831 ] } },
{ "type": "Feature", "properties": { "id": "pumped_storage_hydro_power_plants_public.8", "plant_name": "PURULIA", "district": "PURULIA", "proj_name": null, "state": "WEST BENGAL", "inst_cap": 900.0, "layer": "pumped_storage_hydro_power_plants", "xmin": 86.0986, "ymin": 23.1969, "xmax": 86.0986, "ymax": 23.1969 }, "geometry": { "type": "Point", "coordinates": [ 86.0986, 23.1969 ] } },
{ "type": "Feature", "properties": { "id": "hydro_power_plants_public.161", "plant_name": "SUBARNAREKHA-I", "district": "RANCHI", "proj_name": null, "state": "JHARKHAND", "inst_cap": 65.0, "layer": "hydro_power_plants", "xmin": 85.6181, "ymin": 23.4786, "xmax": 85.6181, "ymax": 23.4786 }, "geometry": { "type": "Point", "coordinates": [ 85.6181, 23.4786 ] } },
{ "type": "Feature", "properties": { "id": "hydro_power_plants_public.162", "plant_name": "SUBARNAREKHA-II", "district": "RANCHI", "proj_name": null, "state": "JHARKHAND", "inst_cap": 65.0, "layer": "hydro_power_plants", "xmin": 85.6672, "ymin": 23.4525, "xmax": 85.6672, "ymax": 23.4525 }, "geometry": { "type": "Point", "coordinates": [ 85.6672, 23.4525 ] } },
{ "type": "Feature", "properties": { "id": "coal_power_plants_public.fid--438479b5_193d56910e1_77ae", "plant_name": "Koderma TPP", "district": "koderma", "proj_name": null, "state": "Jharkhand", "inst_cap": 1000.0, "layer": "coal_power_plants", "xmin": 85.5517, "ymin": 24.3858, "xmax": 85.5517, "ymax": 24.3858 }, "geometry": { "type": "Point", "coordinates": [ 85.5517, 24.3858 ] } },
{ "type": "Feature", "properties": { "id": "coal_power_plants_public.fid--438479b5_193d56910e1_77c8", "plant_name": "Nabi Nagar TPP", "district": "Lakhisari,", "proj_name": null, "state": "Bihar", "inst_cap": 250.0, "layer": "coal_power_plants", "xmin": 86.1675, "ymin": 25.03, "xmax": 86.1675, "ymax": 25.03 }, "geometry": { "type": "Point", "coordinates": [ 86.1675, 25.03 ] } },
{ "type": "Feature", "properties": { "id": "coal_power_plants_public.fid--438479b5_193d56910e1_7763", "plant_name": "Barauni Ext", "district": "Begusarai", "proj_name": null, "state": "Bihar", "inst_cap": 500.0, "layer": "coal_power_plants", "xmin": 86.0216, "ymin": 25.4, "xmax": 86.0216, "ymax": 25.4 }, "geometry": { "type": "Point", "coordinates": [ 86.0216, 25.4 ] } },
{ "type": "Feature", "properties": { "id": "coal_power_plants_public.fid--438479b5_193d56910e1_77dc", "plant_name": "Barh STPP-II", "district": "Patna", "proj_name": null, "state": "Bihar", "inst_cap": 1320.0, "layer": "coal_power_plants", "xmin": 85.7452, "ymin": 25.4865, "xmax": 85.7452, "ymax": 25.4865 }, "geometry": { "type": "Point", "coordinates": [ 85.7452, 25.4865 ] } },
{ "type": "Feature", "properties": { "id": "coal_power_plants_public.fid--438479b5_193d56910e1_776b", "plant_name": "Kahalgaon TPS", "district": "Bhagalpur", "proj_name": null, "state": "Bihar", "inst_cap": 630.0, "layer": "coal_power_plants", "xmin": 87.2635, "ymin": 25.2349, "xmax": 87.2635, "ymax": 25.2349 }, "geometry": { "type": "Point", "coordinates": [ 87.2635, 25.2349 ] } },
{ "type": "Feature", "properties": { "id": "coal_power_plants_public.fid--438479b5_193d56910e1_776c", "plant_name": "Kahalgaon St-2,Ph-2", "district": "Bhagalpur", "proj_name": null, "state": "Bihar", "inst_cap": 500.0, "layer": "coal_power_plants", "xmin": 87.2635, "ymin": 25.2349, "xmax": 87.2635, "ymax": 25.2349 }, "geometry": { "type": "Point", "coordinates": [ 87.2635, 25.2349 ] } },
{ "type": "Feature", "properties": { "id": "coal_power_plants_public.fid--438479b5_193d56910e1_776d", "plant_name": "Kahalgaon STPS-II (Ph-I)", "district": "Bhagalpur", "proj_name": null, "state": "Bihar", "inst_cap": 1000.0, "layer": "coal_power_plants", "xmin": 87.2635, "ymin": 25.2349, "xmax": 87.2635, "ymax": 25.2349 }, "geometry": { "type": "Point", "coordinates": [ 87.2635, 25.2349 ] } },
{ "type": "Feature", "properties": { "id": "coal_power_plants_public.fid--438479b5_193d56910e1_77ce", "plant_name": "Farakka STPS- III", "district": "Murshidabad", "proj_name": null, "state": "WB", "inst_cap": 500.0, "layer": "coal_power_plants", "xmin": 87.894, "ymin": 24.772, "xmax": 87.894, "ymax": 24.772 }, "geometry": { "type": "Point", "coordinates": [ 87.894, 24.772 ] } },
{ "type": "Feature", "properties": { "id": "coal_power_plants_public.fid--438479b5_193d56910e1_77cd", "plant_name": "Farakka TPS", "district": "Murshidabad", "proj_name": null, "state": "WB", "inst_cap": 1630.0, "layer": "coal_power_plants", "xmin": 87.894, "ymin": 24.772, "xmax": 87.894, "ymax": 24.772 }, "geometry": { "type": "Point", "coordinates": [ 87.894, 24.772 ] } },
{ "type": "Feature", "properties": { "id": "hydro_power_plants_public.25", "plant_name": "TLDP-IV", "district": "DARJEELING", "proj_name": null, "state": "WEST BENGAL", "inst_cap": 160.0, "layer": "hydro_power_plants", "xmin": 88.4569, "ymin": 26.9278, "xmax": 88.4569, "ymax": 26.9278 }, "geometry": { "type": "Point", "coordinates": [ 88.4569, 26.9278 ] } },
{ "type": "Feature", "properties": { "id": "hydro_power_plants_public.21", "plant_name": "TLDP-III", "district": "DARJEELING", "proj_name": null, "state": "WEST BENGAL", "inst_cap": 132.0, "layer": "hydro_power_plants", "xmin": 88.4605, "ymin": 27.0009, "xmax": 88.4605, "ymax": 27.0009 }, "geometry": { "type": "Point", "coordinates": [ 88.4605, 27.0009 ] } },
{ "type": "Feature", "properties": { "id": "hydro_power_plants_public.189", "plant_name": "JORETHANG LOOP", "district": "JORETHANG", "proj_name": null, "state": "SIKKIM", "inst_cap": 96.0, "layer": "hydro_power_plants", "xmin": 88.335, "ymin": 27.1067, "xmax": 88.335, "ymax": 27.1067 }, "geometry": { "type": "Point", "coordinates": [ 88.335, 27.1067 ] } },
{ "type": "Feature", "properties": { "id": "hydro_power_plants_public.170", "plant_name": "RAMMAM  II", "district": "DARJEELING", "proj_name": null, "state": "WEST BENGAL", "inst_cap": 50.0, "layer": "hydro_power_plants", "xmin": 88.1376, "ymin": 27.1139, "xmax": 88.1376, "ymax": 27.1139 }, "geometry": { "type": "Point", "coordinates": [ 88.1376, 27.1139 ] } },
{ "type": "Feature", "properties": { "id": "hydro_power_plants_public.195", "plant_name": "TASHIDING", "district": "WEST SIKKIM", "proj_name": null, "state": "SIKKIM", "inst_cap": 97.0, "layer": "hydro_power_plants", "xmin": 88.2667, "ymin": 27.3, "xmax": 88.2667, "ymax": 27.3 }, "geometry": { "type": "Point", "coordinates": [ 88.2667, 27.3 ] } },
{ "type": "Feature", "properties": { "id": "hydro_power_plants_public.13", "plant_name": "RANGIT", "district": "GANGTOK", "proj_name": null, "state": "SIKKIM", "inst_cap": 60.0, "layer": "hydro_power_plants", "xmin": 88.2944, "ymin": 27.2676, "xmax": 88.2944, "ymax": 27.2676 }, "geometry": { "type": "Point", "coordinates": [ 88.2944, 27.2676 ] } },
{ "type": "Feature", "properties": { "id": "hydro_power_plants_public.17", "plant_name": "TEESTA-V", "district": "EAST SIKKIM", "proj_name": null, "state": "SIKKIM", "inst_cap": 510.0, "layer": "hydro_power_plants", "xmin": 88.4583, "ymin": 27.25, "xmax": 88.4583, "ymax": 27.25 }, "geometry": { "type": "Point", "coordinates": [ 88.4583, 27.25 ] } },
{ "type": "Feature", "properties": { "id": "hydro_power_plants_public.187", "plant_name": "CHUJACHEN", "district": "EAST SIKKIM", "proj_name": null, "state": "SIKKIM", "inst_cap": 110.0, "layer": "hydro_power_plants", "xmin": 88.6656, "ymin": 27.2092, "xmax": 88.6656, "ymax": 27.2092 }, "geometry": { "type": "Point", "coordinates": [ 88.6656, 27.2092 ] } },
{ "type": "Feature", "properties": { "id": "hydro_power_plants_public.191", "plant_name": "DIKCHU", "district": "EAST SIKKIM", "proj_name": null, "state": "SIKKIM", "inst_cap": 96.0, "layer": "hydro_power_plants", "xmin": 88.525, "ymin": 27.4031, "xmax": 88.525, "ymax": 27.4031 }, "geometry": { "type": "Point", "coordinates": [ 88.525, 27.4031 ] } },
{ "type": "Feature", "properties": { "id": "hydro_power_plants_public.190", "plant_name": "TEESTA URJA III", "district": "NORTH SIKKIM", "proj_name": null, "state": "SIKKIM", "inst_cap": 1200.0, "layer": "hydro_power_plants", "xmin": 88.5333, "ymin": 27.5167, "xmax": 88.5333, "ymax": 27.5167 }, "geometry": { "type": "Point", "coordinates": [ 88.5333, 27.5167 ] } },
{ "type": "Feature", "properties": { "id": "coal_power_plants_public.fid--438479b5_193d56910e1_77d0", "plant_name": "Muzaffarpur TPS", "district": "Muzaffarpur", "proj_name": null, "state": "Bihar", "inst_cap": 110.0, "layer": "coal_power_plants", "xmin": 85.2917, "ymin": 26.2003, "xmax": 85.2917, "ymax": 26.2003 }, "geometry": { "type": "Point", "coordinates": [ 85.2917, 26.2003 ] } },
{ "type": "Feature", "properties": { "id": "coal_power_plants_public.fid--438479b5_193d56910e1_77d1", "plant_name": "Muzaffarpur TPP Extn", "district": "Muzaffarpur", "proj_name": null, "state": "Bihar", "inst_cap": 390.0, "layer": "coal_power_plants", "xmin": 85.3017, "ymin": 26.1953, "xmax": 85.3017, "ymax": 26.1953 }, "geometry": { "type": "Point", "coordinates": [ 85.3017, 26.1953 ] } },
{ "type": "Feature", "properties": { "id": "coal_power_plants_public.fid--438479b5_193d56910e1_7758", "plant_name": "New Nabi Nagar TPP", "district": "Aurangabad", "proj_name": null, "state": "Bihar", "inst_cap": 660.0, "layer": "coal_power_plants", "xmin": 84.158, "ymin": 24.776, "xmax": 84.158, "ymax": 24.776 }, "geometry": { "type": "Point", "coordinates": [ 84.158, 24.776 ] } },
{ "type": "Feature", "properties": { "id": "coal_power_plants_public.fid--438479b5_193d56910e1_7751", "plant_name": "Tanda TPP Stage - II", "district": "Ambedkar Nagar", "proj_name": null, "state": "UP", "inst_cap": 660.0, "layer": "coal_power_plants", "xmin": 82.602, "ymin": 26.586, "xmax": 82.602, "ymax": 26.586 }, "geometry": { "type": "Point", "coordinates": [ 82.602, 26.586 ] } },
{ "type": "Feature", "properties": { "id": "coal_power_plants_public.fid--438479b5_193d56910e1_7752", "plant_name": "Tanda TPS", "district": "Ambedkar Nagar", "proj_name": null, "state": "UP", "inst_cap": 440.0, "layer": "coal_power_plants", "xmin": 82.602, "ymin": 26.586, "xmax": 82.602, "ymax": 26.586 }, "geometry": { "type": "Point", "coordinates": [ 82.602, 26.586 ] } },
{ "type": "Feature", "properties": { "id": "coal_power_plants_public.fid--438479b5_193d56910e1_7759", "plant_name": "Utrala TPP", "district": "Balrampur", "proj_name": null, "state": "UP", "inst_cap": 90.0, "layer": "coal_power_plants", "xmin": 82.4184, "ymin": 27.3175, "xmax": 82.4184, "ymax": 27.3175 }, "geometry": { "type": "Point", "coordinates": [ 82.4184, 27.3175 ] } },
{ "type": "Feature", "properties": { "id": "small_hydro_power_plants_public.3", "plant_name": null, "district": "WEST SIANG", "proj_name": "Kidding at Nyapin", "state": "Arunachal Pradesh", "inst_cap": 0.5, "layer": "small_hydro_power_plants", "xmin": 94.4728, "ymin": 28.1, "xmax": 94.4728, "ymax": 28.1 }, "geometry": { "type": "Point", "coordinates": [ 94.4728, 28.1 ] } },
{ "type": "Feature", "properties": { "id": "natural_gas_power_plants_public.12", "plant_name": "Kathalguri GT", "district": "Dibrugrah", "proj_name": null, "state": "Assam", "inst_cap": 291.0, "layer": "natural_gas_power_plants", "xmin": 95.09, "ymin": 27.41, "xmax": 95.09, "ymax": 27.41 }, "geometry": { "type": "Point", "coordinates": [ 95.09, 27.41 ] } },
{ "type": "Feature", "properties": { "id": "hydro_power_plants_public.37", "plant_name": "RANGANADI", "district": "LOWER SUBANSIRI", "proj_name": null, "state": "AR.  PRADESH", "inst_cap": 405.0, "layer": "hydro_power_plants", "xmin": 93.7922, "ymin": 27.2577, "xmax": 93.7922, "ymax": 27.2577 }, "geometry": { "type": "Point", "coordinates": [ 93.7922, 27.2577 ] } },
{ "type": "Feature", "properties": { "id": "hydro_power_plants_public.196", "plant_name": "PARE", "district": "PAPUM PARE", "proj_name": null, "state": "ARUNACHAL PRADESH", "inst_cap": 110.0, "layer": "hydro_power_plants", "xmin": 93.8, "ymin": 27.2, "xmax": 93.8, "ymax": 27.2 }, "geometry": { "type": "Point", "coordinates": [ 93.8, 27.2 ] } },
{ "type": "Feature", "properties": { "id": "natural_gas_power_plants_public.71", "plant_name": "Lakwa Replacement Power\nProject", "district": "Sivsagar", "proj_name": null, "state": "Assam", "inst_cap": 69.755, "layer": "natural_gas_power_plants", "xmin": 94.8833, "ymin": 27.0221, "xmax": 94.8833, "ymax": 27.0221 }, "geometry": { "type": "Point", "coordinates": [ 94.8833, 27.0221 ] } },
{ "type": "Feature", "properties": { "id": "natural_gas_power_plants_public.13", "plant_name": "Lakwa CCGT", "district": "Sivsagar", "proj_name": null, "state": "Assam", "inst_cap": 112.2, "layer": "natural_gas_power_plants", "xmin": 94.8833, "ymin": 27.0221, "xmax": 94.8833, "ymax": 27.0221 }, "geometry": { "type": "Point", "coordinates": [ 94.8833, 27.0221 ] } },
{ "type": "Feature", "properties": { "id": "natural_gas_power_plants_public.14", "plant_name": "Namrup CCGT", "district": "Dibrugarh", "proj_name": null, "state": "Assam", "inst_cap": 98.4, "layer": "natural_gas_power_plants", "xmin": 95.376, "ymin": 27.1858, "xmax": 95.376, "ymax": 27.1858 }, "geometry": { "type": "Point", "coordinates": [ 95.376, 27.1858 ] } },
{ "type": "Feature", "properties": { "id": "diesel_power_plants_public.12", "plant_name": "Leimakhong DG", "district": "Sanapati", "proj_name": null, "state": "Manipur", "inst_cap": 36.0, "layer": "diesel_power_plants", "xmin": 93.72, "ymin": 24.87, "xmax": 93.72, "ymax": 24.87 }, "geometry": { "type": "Point", "coordinates": [ 93.72, 24.87 ] } },
{ "type": "Feature", "properties": { "id": "hydro_power_plants_public.34", "plant_name": "KHANDONG", "district": "DIMA HASAO", "proj_name": null, "state": "MEGHALAYA", "inst_cap": 50.0, "layer": "hydro_power_plants", "xmin": 92.6648, "ymin": 25.5174, "xmax": 92.6648, "ymax": 25.5174 }, "geometry": { "type": "Point", "coordinates": [ 92.6648, 25.5174 ] } },
{ "type": "Feature", "properties": { "id": "small_hydro_power_plants_public.17", "plant_name": null, "district": "JAINTIA HILLS", "proj_name": "Lakroh SHP", "state": "Meghalaya", "inst_cap": 1.5, "layer": "small_hydro_power_plants", "xmin": 92.2333, "ymin": 25.1333, "xmax": 92.2333, "ymax": 25.1333 }, "geometry": { "type": "Point", "coordinates": [ 92.2333, 25.1333 ] } },
{ "type": "Feature", "properties": { "id": "hydro_power_plants_public.175", "plant_name": "MYNTDU", "district": "JAINTIA HILLS", "proj_name": null, "state": "MEGHALAYA", "inst_cap": 126.0, "layer": "hydro_power_plants", "xmin": 92.2284, "ymin": 25.2356, "xmax": 92.2284, "ymax": 25.2356 }, "geometry": { "type": "Point", "coordinates": [ 92.2284, 25.2356 ] } },
{ "type": "Feature", "properties": { "id": "hydro_power_plants_public.35", "plant_name": "KOPILI", "district": "DIMA HASAO", "proj_name": null, "state": "ASSAM", "inst_cap": 200.0, "layer": "hydro_power_plants", "xmin": 92.7229, "ymin": 25.5859, "xmax": 92.7229, "ymax": 25.5859 }, "geometry": { "type": "Point", "coordinates": [ 92.7229, 25.5859 ] } },
{ "type": "Feature", "properties": { "id": "hydro_power_plants_public.171", "plant_name": "KARBI LANGPI", "district": "KARBI ANGLONG", "proj_name": null, "state": "ASSAM", "inst_cap": 100.0, "layer": "hydro_power_plants", "xmin": 92.5172, "ymin": 25.9551, "xmax": 92.5172, "ymax": 25.9551 }, "geometry": { "type": "Point", "coordinates": [ 92.5172, 25.9551 ] } },
{ "type": "Feature", "properties": { "id": "small_hydro_power_plants_public.1", "plant_name": null, "district": "WEST KAMENG", "proj_name": "Zangdongrong", "state": "Arunachal Pradesh", "inst_cap": 1.0, "layer": "small_hydro_power_plants", "xmin": 92.1017, "ymin": 27.05, "xmax": 92.1017, "ymax": 27.05 }, "geometry": { "type": "Point", "coordinates": [ 92.1017, 27.05 ] } },
{ "type": "Feature", "properties": { "id": "hydro_power_plants_public.197", "plant_name": "KAMENG", "district": "WEST KAMENG", "proj_name": null, "state": "ARUNACHAL PRADESH", "inst_cap": 300.0, "layer": "hydro_power_plants", "xmin": 92.6667, "ymin": 27.15, "xmax": 92.6667, "ymax": 27.15 }, "geometry": { "type": "Point", "coordinates": [ 92.6667, 27.15 ] } },
{ "type": "Feature", "properties": { "id": "small_hydro_power_plants_public.2", "plant_name": null, "district": "KURUNG KUMEY", "proj_name": "Payus at Koloriang", "state": "Arunachal Pradesh", "inst_cap": 1.0, "layer": "small_hydro_power_plants", "xmin": 93.3514, "ymin": 27.8989, "xmax": 93.3514, "ymax": 27.8989 }, "geometry": { "type": "Point", "coordinates": [ 93.3514, 27.8989 ] } },
{ "type": "Feature", "properties": { "id": "small_hydro_power_plants_public.15", "plant_name": null, "district": "WEST KAMENG", "proj_name": "Dikshi SHP", "state": "Arunachal Pradesh", "inst_cap": 24.0, "layer": "small_hydro_power_plants", "xmin": 92.2882, "ymin": 27.2118, "xmax": 92.2882, "ymax": 27.2118 }, "geometry": { "type": "Point", "coordinates": [ 92.2882, 27.2118 ] } },
{ "type": "Feature", "properties": { "id": "coal_power_plants_public.fid--438479b5_193d56910e1_77af", "plant_name": "Bongaigaon TPP", "district": "Kokrajhar", "proj_name": null, "state": "Assam", "inst_cap": 760.0, "layer": "coal_power_plants", "xmin": 90.5494, "ymin": 26.5129, "xmax": 90.5494, "ymax": 26.5129 }, "geometry": { "type": "Point", "coordinates": [ 90.5494, 26.5129 ] } },
{ "type": "Feature", "properties": { "id": "coal_power_plants_public.fid--438479b5_193d56910e1_77b0", "plant_name": "Bongaigon TPS", "district": "Kokrajhar", "proj_name": null, "state": "Assam", "inst_cap": 60.0, "layer": "coal_power_plants", "xmin": 90.5494, "ymin": 26.5129, "xmax": 90.5494, "ymax": 26.5129 }, "geometry": { "type": "Point", "coordinates": [ 90.5494, 26.5129 ] } },
{ "type": "Feature", "properties": { "id": "hydro_power_plants_public.169", "plant_name": "JALDHAKA-I", "district": "JALPAIGURI", "proj_name": null, "state": "WEST BENGAL", "inst_cap": 36.0, "layer": "hydro_power_plants", "xmin": 88.8793, "ymin": 27.0613, "xmax": 88.8793, "ymax": 27.0613 }, "geometry": { "type": "Point", "coordinates": [ 88.8793, 27.0613 ] } },
{ "type": "Feature", "properties": { "id": "hydro_power_plants_public.198", "plant_name": "NEW UMTRU", "district": "RI-BHOI", "proj_name": null, "state": "MEGHALAYA", "inst_cap": 40.0, "layer": "hydro_power_plants", "xmin": 91.8194, "ymin": 26.0114, "xmax": 91.8194, "ymax": 26.0114 }, "geometry": { "type": "Point", "coordinates": [ 91.8194, 26.0114 ] } },
{ "type": "Feature", "properties": { "id": "hydro_power_plants_public.172", "plant_name": "KYRDEMKULAI", "district": "RI-BHOI", "proj_name": null, "state": "MEGHALAYA", "inst_cap": 60.0, "layer": "hydro_power_plants", "xmin": 91.7895, "ymin": 25.784, "xmax": 91.7895, "ymax": 25.784 }, "geometry": { "type": "Point", "coordinates": [ 91.7895, 25.784 ] } },
{ "type": "Feature", "properties": { "id": "hydro_power_plants_public.174", "plant_name": "UMIAM-UMTRU ST-IV", "district": "RI-BHOI", "proj_name": null, "state": "MEGHALAYA", "inst_cap": 60.0, "layer": "hydro_power_plants", "xmin": 91.7435, "ymin": 25.8387, "xmax": 91.7435, "ymax": 25.8387 }, "geometry": { "type": "Point", "coordinates": [ 91.7435, 25.8387 ] } },
{ "type": "Feature", "properties": { "id": "hydro_power_plants_public.173", "plant_name": "UMIAM ST-I", "district": "RI-BHOI", "proj_name": null, "state": "MEGHALAYA", "inst_cap": 36.0, "layer": "hydro_power_plants", "xmin": 91.8785, "ymin": 25.6929, "xmax": 91.8785, "ymax": 25.6929 }, "geometry": { "type": "Point", "coordinates": [ 91.8785, 25.6929 ] } },
{ "type": "Feature", "properties": { "id": "natural_gas_power_plants_public.62", "plant_name": "Tripura CCGT, ( Palatana)", "district": "Tripura", "proj_name": null, "state": "Tripura", "inst_cap": 726.6, "layer": "natural_gas_power_plants", "xmin": 91.4385, "ymin": 23.4987, "xmax": 91.4385, "ymax": 23.4987 }, "geometry": { "type": "Point", "coordinates": [ 91.4385, 23.4987 ] } },
{ "type": "Feature", "properties": { "id": "natural_gas_power_plants_public.63", "plant_name": "Monarchak Gas Power Project", "district": "Sipahijala", "proj_name": null, "state": "Tripura", "inst_cap": 101.0, "layer": "natural_gas_power_plants", "xmin": 91.274, "ymin": 23.438, "xmax": 91.274, "ymax": 23.438 }, "geometry": { "type": "Point", "coordinates": [ 91.274, 23.438 ] } },
{ "type": "Feature", "properties": { "id": "natural_gas_power_plants_public.64", "plant_name": "Baramura CCPP", "district": "Sipahijala", "proj_name": null, "state": "Tripura", "inst_cap": 16.5, "layer": "natural_gas_power_plants", "xmin": 91.565, "ymin": 23.807, "xmax": 91.565, "ymax": 23.807 }, "geometry": { "type": "Point", "coordinates": [ 91.565, 23.807 ] } },
{ "type": "Feature", "properties": { "id": "natural_gas_power_plants_public.66", "plant_name": "Baramura GT", "district": "West Tripura", "proj_name": null, "state": "Tripura", "inst_cap": 42.0, "layer": "natural_gas_power_plants", "xmin": 91.565, "ymin": 23.807, "xmax": 91.565, "ymax": 23.807 }, "geometry": { "type": "Point", "coordinates": [ 91.565, 23.807 ] } },
{ "type": "Feature", "properties": { "id": "natural_gas_power_plants_public.61", "plant_name": "Agartala CCGT", "district": "West Tripura", "proj_name": null, "state": "Tripura", "inst_cap": 135.0, "layer": "natural_gas_power_plants", "xmin": 91.3602, "ymin": 23.8712, "xmax": 91.3602, "ymax": 23.8712 }, "geometry": { "type": "Point", "coordinates": [ 91.3602, 23.8712 ] } },
{ "type": "Feature", "properties": { "id": "natural_gas_power_plants_public.65", "plant_name": "Rokia GTs", "district": "khowai", "proj_name": null, "state": "Tripura", "inst_cap": 103.0, "layer": "natural_gas_power_plants", "xmin": 91.1948, "ymin": 23.626, "xmax": 91.1948, "ymax": 23.626 }, "geometry": { "type": "Point", "coordinates": [ 91.1948, 23.626 ] } },
{ "type": "Feature", "properties": { "id": "diesel_power_plants_public.13", "plant_name": "Mizoram DG", "district": "Mizoram", "proj_name": null, "state": "Mizoram", "inst_cap": 8.8, "layer": "diesel_power_plants", "xmin": 92.72, "ymin": 22.965, "xmax": 92.72, "ymax": 22.965 }, "geometry": { "type": "Point", "coordinates": [ 92.72, 22.965 ] } },
{ "type": "Feature", "properties": { "id": "natural_gas_power_plants_public.15", "plant_name": "Adamtilla CCGT", "district": "Karimganj", "proj_name": null, "state": "Assam", "inst_cap": 9.0, "layer": "natural_gas_power_plants", "xmin": 92.2877, "ymin": 24.6554, "xmax": 92.2877, "ymax": 24.6554 }, "geometry": { "type": "Point", "coordinates": [ 92.2877, 24.6554 ] } },
{ "type": "Feature", "properties": { "id": "diesel_power_plants_public.14", "plant_name": "Bairabi DGPP", "district": "Kolasib", "proj_name": null, "state": "Mizoram", "inst_cap": 22.92, "layer": "diesel_power_plants", "xmin": 92.5371, "ymin": 24.1853, "xmax": 92.5371, "ymax": 24.1853 }, "geometry": { "type": "Point", "coordinates": [ 92.5371, 24.1853 ] } },
{ "type": "Feature", "properties": { "id": "hydro_power_plants_public.38", "plant_name": "TUIRIAL", "district": "KOLASIB", "proj_name": null, "state": "MIZORAM", "inst_cap": 60.0, "layer": "hydro_power_plants", "xmin": 92.884, "ymin": 24.3573, "xmax": 92.884, "ymax": 24.3573 }, "geometry": { "type": "Point", "coordinates": [ 92.884, 24.3573 ] } },
{ "type": "Feature", "properties": { "id": "hydro_power_plants_public.36", "plant_name": "DOYANG", "district": "WOKHA", "proj_name": null, "state": "NAGALAND", "inst_cap": 75.0, "layer": "hydro_power_plants", "xmin": 93.6697, "ymin": 24.5873, "xmax": 93.6697, "ymax": 24.5873 }, "geometry": { "type": "Point", "coordinates": [ 93.6697, 24.5873 ] } },
{ "type": "Feature", "properties": { "id": "hydro_power_plants_public.8", "plant_name": "LOKTAK", "district": "IMPHAL", "proj_name": null, "state": "MANIPUR", "inst_cap": 105.0, "layer": "hydro_power_plants", "xmin": 93.6697, "ymin": 24.5873, "xmax": 93.6697, "ymax": 24.5873 }, "geometry": { "type": "Point", "coordinates": [ 93.6697, 24.5873 ] } },
{ "type": "Feature", "properties": { "id": "coal_power_plants_public.fid--438479b5_193d56910e1_7754", "plant_name": "Talcher STPS-II", "district": "Angul", "proj_name": null, "state": "Orissa", "inst_cap": 2000.0, "layer": "coal_power_plants", "xmin": 85.074, "ymin": 21.0966, "xmax": 85.074, "ymax": 21.0966 }, "geometry": { "type": "Point", "coordinates": [ 85.074, 21.0966 ] } },
{ "type": "Feature", "properties": { "id": "coal_power_plants_public.fid--438479b5_193d56910e1_7753", "plant_name": "Talcher TPS", "district": "Angul", "proj_name": null, "state": "Orissa", "inst_cap": 1000.0, "layer": "coal_power_plants", "xmin": 85.074, "ymin": 21.0966, "xmax": 85.074, "ymax": 21.0966 }, "geometry": { "type": "Point", "coordinates": [ 85.074, 21.0966 ] } },
{ "type": "Feature", "properties": { "id": "hydro_power_plants_public.167", "plant_name": "RENGALI", "district": "ANGUL", "proj_name": null, "state": "ORISSA", "inst_cap": 250.0, "layer": "hydro_power_plants", "xmin": 85.0351, "ymin": 21.2761, "xmax": 85.0351, "ymax": 21.2761 }, "geometry": { "type": "Point", "coordinates": [ 85.0351, 21.2761 ] } },
{ "type": "Feature", "properties": { "id": "coal_power_plants_public.fid--438479b5_193d56910e1_7755", "plant_name": "Derang TPP", "district": "Angul", "proj_name": null, "state": "Orissa", "inst_cap": 1200.0, "layer": "coal_power_plants", "xmin": 84.9863, "ymin": 21.1261, "xmax": 84.9863, "ymax": 21.1261 }, "geometry": { "type": "Point", "coordinates": [ 84.9863, 21.1261 ] } },
{ "type": "Feature", "properties": { "id": "coal_power_plants_public.fid--438479b5_193d56910e1_778c", "plant_name": "Kamalanga TPP", "district": "Dhencanal", "proj_name": null, "state": "Orissa", "inst_cap": 1050.0, "layer": "coal_power_plants", "xmin": 85.2658, "ymin": 20.8638, "xmax": 85.2658, "ymax": 20.8638 }, "geometry": { "type": "Point", "coordinates": [ 85.2658, 20.8638 ] } },
{ "type": "Feature", "properties": { "id": "hydro_power_plants_public.166", "plant_name": "CHIPLIMA", "district": "SAMBALPUR", "proj_name": null, "state": "ORISSA", "inst_cap": 72.0, "layer": "hydro_power_plants", "xmin": 83.9157, "ymin": 21.3533, "xmax": 83.9157, "ymax": 21.3533 }, "geometry": { "type": "Point", "coordinates": [ 83.9157, 21.3533 ] } },
{ "type": "Feature", "properties": { "id": "hydro_power_plants_public.163", "plant_name": "UPPER INDRAVATI", "district": "KALAHANDI", "proj_name": null, "state": "ORISSA", "inst_cap": 600.0, "layer": "hydro_power_plants", "xmin": 82.8582, "ymin": 19.4271, "xmax": 82.8582, "ymax": 19.4271 }, "geometry": { "type": "Point", "coordinates": [ 82.8582, 19.4271 ] } },
{ "type": "Feature", "properties": { "id": "hydro_power_plants_public.164", "plant_name": "UPPER KOLAB", "district": "KORAPUT", "proj_name": null, "state": "ORISSA", "inst_cap": 320.0, "layer": "hydro_power_plants", "xmin": 82.5936, "ymin": 18.8316, "xmax": 82.5936, "ymax": 18.8316 }, "geometry": { "type": "Point", "coordinates": [ 82.5936, 18.8316 ] } },
{ "type": "Feature", "properties": { "id": "hydro_power_plants_public.97", "plant_name": "MACHKUND", "district": "KORAPUT", "proj_name": null, "state": "ODISHA", "inst_cap": 114.75, "layer": "hydro_power_plants", "xmin": 82.4396, "ymin": 18.5096, "xmax": 82.4396, "ymax": 18.5096 }, "geometry": { "type": "Point", "coordinates": [ 82.4396, 18.5096 ] } },
{ "type": "Feature", "properties": { "id": "diesel_power_plants_public.1", "plant_name": "LVS DGPP", "district": "Visakhapatnam", "proj_name": null, "state": "AP", "inst_cap": 36.8, "layer": "diesel_power_plants", "xmin": 83.12, "ymin": 17.5, "xmax": 83.12, "ymax": 17.5 }, "geometry": { "type": "Point", "coordinates": [ 83.12, 17.5 ] } },
{ "type": "Feature", "properties": { "id": "coal_power_plants_public.fid--438479b5_193d56910e1_7818", "plant_name": "Vizag TPP", "district": "Vishakhapatnam", "proj_name": null, "state": "AP", "inst_cap": 1040.0, "layer": "coal_power_plants", "xmin": 83.1962, "ymin": 17.6056, "xmax": 83.1962, "ymax": 17.6056 }, "geometry": { "type": "Point", "coordinates": [ 83.1962, 17.6056 ] } },
{ "type": "Feature", "properties": { "id": "coal_power_plants_public.fid--438479b5_193d56910e1_7816", "plant_name": "Simhadri TPS", "district": "Visakhapatnam", "proj_name": null, "state": "AP", "inst_cap": 1000.0, "layer": "coal_power_plants", "xmin": 83.0917, "ymin": 17.591, "xmax": 83.0917, "ymax": 17.591 }, "geometry": { "type": "Point", "coordinates": [ 83.0917, 17.591 ] } },
{ "type": "Feature", "properties": { "id": "coal_power_plants_public.fid--438479b5_193d56910e1_7817", "plant_name": "Simhadri STPP Extn.", "district": "Vishakhapatnam", "proj_name": null, "state": "AP", "inst_cap": 1000.0, "layer": "coal_power_plants", "xmin": 83.0917, "ymin": 17.591, "xmax": 83.0917, "ymax": 17.591 }, "geometry": { "type": "Point", "coordinates": [ 83.0917, 17.591 ] } },
{ "type": "Feature", "properties": { "id": "natural_gas_power_plants_public.7", "plant_name": "Peddapuram CCGT", "district": "East Godavari", "proj_name": null, "state": "AP", "inst_cap": 220.0, "layer": "natural_gas_power_plants", "xmin": 82.1283, "ymin": 17.0853, "xmax": 82.1283, "ymax": 17.0853 }, "geometry": { "type": "Point", "coordinates": [ 82.1283, 17.0853 ] } },
{ "type": "Feature", "properties": { "id": "natural_gas_power_plants_public.10", "plant_name": "Gautami CCPP", "district": "East Godavari", "proj_name": null, "state": "AP", "inst_cap": 464.0, "layer": "natural_gas_power_plants", "xmin": 82.1286, "ymin": 17.0386, "xmax": 82.1286, "ymax": 17.0386 }, "geometry": { "type": "Point", "coordinates": [ 82.1286, 17.0386 ] } },
{ "type": "Feature", "properties": { "id": "natural_gas_power_plants_public.1", "plant_name": "Godavari CCGT", "district": "East Godavari", "proj_name": null, "state": "AP", "inst_cap": 208.0, "layer": "natural_gas_power_plants", "xmin": 82.3097, "ymin": 17.0587, "xmax": 82.3097, "ymax": 17.0587 }, "geometry": { "type": "Point", "coordinates": [ 82.3097, 17.0587 ] } },
{ "type": "Feature", "properties": { "id": "diesel_power_plants_public.3", "plant_name": "Rangat Bay DGPP", "district": "North Andaman", "proj_name": null, "state": "A&N Islands", "inst_cap": 6.0, "layer": "diesel_power_plants", "xmin": 92.914, "ymin": 12.5055, "xmax": 92.914, "ymax": 12.5055 }, "geometry": { "type": "Point", "coordinates": [ 92.914, 12.5055 ] } },
{ "type": "Feature", "properties": { "id": "diesel_power_plants_public.4", "plant_name": "Bambooflat DGPP", "district": "South Andaman", "proj_name": null, "state": "A&N Islands", "inst_cap": 20.0, "layer": "diesel_power_plants", "xmin": 92.7211, "ymin": 11.7082, "xmax": 92.7211, "ymax": 11.7082 }, "geometry": { "type": "Point", "coordinates": [ 92.7211, 11.7082 ] } },
{ "type": "Feature", "properties": { "id": "diesel_power_plants_public.2", "plant_name": "DG Set at A&N Island", "district": null, "proj_name": null, "state": "A&N Islands", "inst_cap": 5.72, "layer": "diesel_power_plants", "xmin": 92.6586, "ymin": 11.7401, "xmax": 92.6586, "ymax": 11.7401 }, "geometry": { "type": "Point", "coordinates": [ 92.6586, 11.7401 ] } }
]
}
