{
"type": "FeatureCollection",
"name": "Vedas_Ethanol_Plants",
"crs": { "type": "name", "properties": { "name": "urn:ogc:def:crs:OGC::CRS84" } },
"features": [
{ "type": "Feature", "properties": { "id": "ethanol_plants.50", "gid": 542, "srno": 50, "utilname": "EID PARRY INDIA LTD KA", "statename": "KARNATAKA", "state_code": 12, "latitude": 15.31638889, "longitude": 74.76083333, "edit_status": "LIVE", "last_modified_on": "2024-02-20T05:58:24.199", "xmin": 74.7608, "ymin": 15.3164, "xmax": 74.7608, "ymax": 15.3164 }, "geometry": { "type": "Point", "coordinates": [ 74.7608, 15.3164 ] } },
{ "type": "Feature", "properties": { "id": "ethanol_plants.263", "gid": 3228, "srno": 263, "utilname": "Vinp Distilleries & Sugars Pvt Ltd", "statename": "Karnataka", "state_code": 12, "latitude": 14.97194444, "longitude": 75.15638889, "edit_status": "LIVE", "last_modified_on": "2024-02-20T05:58:24.199", "xmin": 75.1564, "ymin": 14.9719, "xmax": 75.1564, "ymax": 14.9719 }, "geometry": { "type": "Point", "coordinates": [ 75.1564, 14.9719 ] } },
{ "type": "Feature", "properties": { "id": "ethanol_plants.232", "gid": 724, "srno": 232, "utilname": "MYLAR SUGARS LTD, KARNATAKA", "statename": "KARNATAKA", "state_code": 12, "latitude": 14.91753, "longitude": 75.794235, "edit_status": "LIVE", "last_modified_on": "2024-02-20T05:58:24.199", "xmin": 75.7942, "ymin": 14.9175, "xmax": 75.7942, "ymax": 14.9175 }, "geometry": { "type": "Point", "coordinates": [ 75.7942, 14.9175 ] } },
{ "type": "Feature", "properties": { "id": "ethanol_plants.193", "gid": 685, "srno": 193, "utilname": "VIJAYANAGAR SUGAR PVT LTD", "statename": "KARNATAKA", "state_code": 12, "latitude": 15.091175, "longitude": 75.873208, "edit_status": "LIVE", "last_modified_on": "2024-02-20T05:58:24.199", "xmin": 75.8732, "ymin": 15.0912, "xmax": 75.8732, "ymax": 15.0912 }, "geometry": { "type": "Point", "coordinates": [ 75.8732, 15.0912 ] } },
{ "type": "Feature", "properties": { "id": "ethanol_plants.68", "gid": 560, "srno": 68, "utilname": "INDIAN CANE POWER LIMITED", "statename": "KARNATAKA", "state_code": 12, "latitude": 14.632224, "longitude": 75.84574, "edit_status": "LIVE", "last_modified_on": "2024-02-20T05:58:24.199", "xmin": 75.8457, "ymin": 14.6322, "xmax": 75.8457, "ymax": 14.6322 }, "geometry": { "type": "Point", "coordinates": [ 75.8457, 14.6322 ] } },
{ "type": "Feature", "properties": { "id": "ethanol_plants.137", "gid": 629, "srno": 137, "utilname": "Shamanur Sugars Limited", "statename": "KARNATAKA", "state_code": 12, "latitude": 14.630358, "longitude": 75.84404, "edit_status": "LIVE", "last_modified_on": "2024-02-20T05:58:24.199", "xmin": 75.844, "ymin": 14.6304, "xmax": 75.844, "ymax": 14.6304 }, "geometry": { "type": "Point", "coordinates": [ 75.844, 14.6304 ] } },
{ "type": "Feature", "properties": { "id": "ethanol_plants.242", "gid": 734, "srno": 242, "utilname": "M/s Davangere Sugar Company Ltd", "statename": "KARNATAKA", "state_code": 12, "latitude": 14.3301, "longitude": 75.8818, "edit_status": "LIVE", "last_modified_on": "2024-02-20T05:58:24.199", "xmin": 75.8818, "ymin": 14.3301, "xmax": 75.8818, "ymax": 14.3301 }, "geometry": { "type": "Point", "coordinates": [ 75.8818, 14.3301 ] } },
{ "type": "Feature", "properties": { "id": "ethanol_plants.266", "gid": 5687, "srno": 266, "utilname": "M/s Shakti Sugars Ltd", "statename": "Tamil Nadu", "state_code": 20, "latitude": 11.47416667, "longitude": 77.57277778, "edit_status": "LIVE", "last_modified_on": "2024-02-20T05:58:24.199", "xmin": 77.5728, "ymin": 11.4742, "xmax": 77.5728, "ymax": 11.4742 }, "geometry": { "type": "Point", "coordinates": [ 77.5728, 11.4742 ] } },
{ "type": "Feature", "properties": { "id": "ethanol_plants.5", "gid": 497, "srno": 5, "utilname": "Amaravathi Coop Sugar Mills Ltd", "statename": "TAMIL NADU", "state_code": 20, "latitude": 10.561344, "longitude": 77.337612, "edit_status": "LIVE", "last_modified_on": "2024-02-20T05:58:24.199", "xmin": 77.3376, "ymin": 10.5613, "xmax": 77.3376, "ymax": 10.5613 }, "geometry": { "type": "Point", "coordinates": [ 77.3376, 10.5613 ] } },
{ "type": "Feature", "properties": { "id": "ethanol_plants.237", "gid": 729, "srno": 237, "utilname": "Rajshree Sugars & Chemicals Ltd, Gullappuram, Theni, Tamilnadu", "statename": "TAMIL NADU", "state_code": 20, "latitude": 10.0614, "longitude": 77.6127, "edit_status": "LIVE", "last_modified_on": "2024-02-20T05:58:24.199", "xmin": 77.6127, "ymin": 10.0614, "xmax": 77.6127, "ymax": 10.0614 }, "geometry": { "type": "Point", "coordinates": [ 77.6127, 10.0614 ] } },
{ "type": "Feature", "properties": { "id": "ethanol_plants.47", "gid": 539, "srno": 47, "utilname": "E.I.D.- PARRY (INDIA) LIMITED-shivaganga", "statename": "TAMIL NADU", "state_code": 20, "latitude": 9.80194444, "longitude": 78.5275, "edit_status": "LIVE", "last_modified_on": "2024-02-20T05:58:24.199", "xmin": 78.5275, "ymin": 9.8019, "xmax": 78.5275, "ymax": 9.8019 }, "geometry": { "type": "Point", "coordinates": [ 78.5275, 9.8019 ] } },
{ "type": "Feature", "properties": { "id": "ethanol_plants.131", "gid": 623, "srno": 131, "utilname": "S No 1383 The Salem Co operative Mills Ltd Mohanur", "statename": "TAMIL NADU", "state_code": 20, "latitude": 11.075907, "longitude": 78.128919, "edit_status": "LIVE", "last_modified_on": "2024-02-20T05:58:24.199", "xmin": 78.1289, "ymin": 11.0759, "xmax": 78.1289, "ymax": 11.0759 }, "geometry": { "type": "Point", "coordinates": [ 78.1289, 11.0759 ] } },
{ "type": "Feature", "properties": { "id": "ethanol_plants.88", "gid": 580, "srno": 88, "utilname": "KOTHARI SUGARS AND CHEMICALS LIMITED", "statename": "TAMIL NADU", "state_code": 20, "latitude": 10.899643, "longitude": 78.854045, "edit_status": "LIVE", "last_modified_on": "2024-02-20T05:58:24.199", "xmin": 78.854, "ymin": 10.8996, "xmax": 78.854, "ymax": 10.8996 }, "geometry": { "type": "Point", "coordinates": [ 78.854, 10.8996 ] } },
{ "type": "Feature", "properties": { "id": "ethanol_plants.49", "gid": 541, "srno": 49, "utilname": "EID PARRY INDIA LTD TN-nellikoppam", "statename": "TAMIL NADU", "state_code": 20, "latitude": 11.772989, "longitude": 79.668006, "edit_status": "LIVE", "last_modified_on": "2024-02-20T05:58:24.199", "xmin": 79.668, "ymin": 11.773, "xmax": 79.668, "ymax": 11.773 }, "geometry": { "type": "Point", "coordinates": [ 79.668, 11.773 ] } },
{ "type": "Feature", "properties": { "id": "ethanol_plants.124", "gid": 616, "srno": 124, "utilname": "RAJSHREE SUGARS AND CHEMICALS LIMITED", "statename": "TAMIL NADU", "state_code": 20, "latitude": 12.248499, "longitude": 79.288811, "edit_status": "LIVE", "last_modified_on": "2024-02-20T05:58:24.199", "xmin": 79.2888, "ymin": 12.2485, "xmax": 79.2888, "ymax": 12.2485 }, "geometry": { "type": "Point", "coordinates": [ 79.2888, 12.2485 ] } },
{ "type": "Feature", "properties": { "id": "ethanol_plants.172", "gid": 664, "srno": 172, "utilname": "SNJ SUGARS AND PRODUCTS LIMITED", "statename": "ANDHRA PRADESH", "state_code": 1, "latitude": 13.1937, "longitude": 79.2336, "edit_status": "LIVE", "last_modified_on": "2024-02-20T05:58:24.199", "xmin": 79.2336, "ymin": 13.1937, "xmax": 79.2336, "ymax": 13.1937 }, "geometry": { "type": "Point", "coordinates": [ 79.2336, 13.1937 ] } },
{ "type": "Feature", "properties": { "id": "ethanol_plants.110", "gid": 602, "srno": 110, "utilname": "NSL SUGARS LTD", "statename": "KARNATAKA", "state_code": 12, "latitude": 12.6998779, "longitude": 76.9765676, "edit_status": "LIVE", "last_modified_on": "2024-02-20T05:58:24.199", "xmin": 76.9766, "ymin": 12.6999, "xmax": 76.9766, "ymax": 12.6999 }, "geometry": { "type": "Point", "coordinates": [ 76.9766, 12.6999 ] } },
{ "type": "Feature", "properties": { "id": "ethanol_plants.32", "gid": 524, "srno": 32, "utilname": "CORE GREEN SUGAR & FUELS PVT LTD", "statename": "Karnataka", "state_code": 12, "latitude": 16.544504, "longitude": 77.07879, "edit_status": "LIVE", "last_modified_on": "2024-02-20T05:58:24.199", "xmin": 77.0788, "ymin": 16.5445, "xmax": 77.0788, "ymax": 16.5445 }, "geometry": { "type": "Point", "coordinates": [ 77.0788, 16.5445 ] } },
{ "type": "Feature", "properties": { "id": "ethanol_plants.161", "gid": 653, "srno": 161, "utilname": "Shri Balaji Sugars & Chemicals Pvt Ltd", "statename": "Karnataka", "state_code": 12, "latitude": 16.227012, "longitude": 76.15653, "edit_status": "LIVE", "last_modified_on": "2024-02-20T05:58:24.199", "xmin": 76.1565, "ymin": 16.227, "xmax": 76.1565, "ymax": 16.227 }, "geometry": { "type": "Point", "coordinates": [ 76.1565, 16.227 ] } },
{ "type": "Feature", "properties": { "id": "ethanol_plants.89", "gid": 581, "srno": 89, "utilname": "KPR SUGAR MILL LIMITED", "statename": "Karnataka", "state_code": 12, "latitude": 17.121675, "longitude": 76.203047, "edit_status": "LIVE", "last_modified_on": "2024-02-20T05:58:24.199", "xmin": 76.203, "ymin": 17.1217, "xmax": 76.203, "ymax": 17.1217 }, "geometry": { "type": "Point", "coordinates": [ 76.203, 17.1217 ] } },
{ "type": "Feature", "properties": { "id": "ethanol_plants.154", "gid": 646, "srno": 154, "utilname": "Shree Renuka Sugars Limited Unit V Havalga Plant", "statename": "KARNATAKA", "state_code": 12, "latitude": 17.11727, "longitude": 76.402549, "edit_status": "LIVE", "last_modified_on": "2024-02-20T05:58:24.199", "xmin": 76.4025, "ymin": 17.1173, "xmax": 76.4025, "ymax": 17.1173 }, "geometry": { "type": "Point", "coordinates": [ 76.4025, 17.1173 ] } },
{ "type": "Feature", "properties": { "id": "ethanol_plants.238", "gid": 730, "srno": 238, "utilname": "KPG Sugars & Apparels Ltd", "statename": "KARNATAKA", "state_code": 12, "latitude": 17.223836507127402, "longitude": 76.5638245615703, "edit_status": "LIVE", "last_modified_on": "2024-02-20T05:58:24.199", "xmin": 76.5638, "ymin": 17.2238, "xmax": 76.5638, "ymax": 17.2238 }, "geometry": { "type": "Point", "coordinates": [ 76.5638, 17.2238 ] } },
{ "type": "Feature", "properties": { "id": "ethanol_plants.42", "gid": 534, "srno": 42, "utilname": "Dr. Babasaheb Ambedkar S S K Ltd", "statename": "MAHARASHTRA", "state_code": 15, "latitude": 18.08284, "longitude": 76.18368, "edit_status": "LIVE", "last_modified_on": "2024-02-20T05:58:24.199", "xmin": 76.1837, "ymin": 18.0828, "xmax": 76.1837, "ymax": 18.0828 }, "geometry": { "type": "Point", "coordinates": [ 76.1837, 18.0828 ] } },
{ "type": "Feature", "properties": { "id": "ethanol_plants.214", "gid": 706, "srno": 214, "utilname": "SHK Chemtech Industries LLP", "statename": "MAHARASHTRA", "state_code": 15, "latitude": 17.863385, "longitude": 76.580585, "edit_status": "LIVE", "last_modified_on": "2024-02-20T05:58:24.199", "xmin": 76.5806, "ymin": 17.8634, "xmax": 76.5806, "ymax": 17.8634 }, "geometry": { "type": "Point", "coordinates": [ 76.5806, 17.8634 ] } },
{ "type": "Feature", "properties": { "id": "ethanol_plants.24", "gid": 516, "srno": 24, "utilname": "BHALKESHWAR SUGARS LTD", "statename": "KARNATAKA", "state_code": 12, "latitude": 17.976694, "longitude": 77.159387, "edit_status": "LIVE", "last_modified_on": "2024-02-20T05:58:24.199", "xmin": 77.1594, "ymin": 17.9767, "xmax": 77.1594, "ymax": 17.9767 }, "geometry": { "type": "Point", "coordinates": [ 77.1594, 17.9767 ] } },
{ "type": "Feature", "properties": { "id": "ethanol_plants.109", "gid": 601, "srno": 109, "utilname": "NSL Krishnaveni Sugars Limited", "statename": "Telangana", "state_code": 21, "latitude": 16.3015635, "longitude": 77.919277, "edit_status": "LIVE", "last_modified_on": "2024-02-20T05:58:24.199", "xmin": 77.9193, "ymin": 16.3016, "xmax": 77.9193, "ymax": 16.3016 }, "geometry": { "type": "Point", "coordinates": [ 77.9193, 16.3016 ] } },
{ "type": "Feature", "properties": { "id": "ethanol_plants.185053", "gid": 5993, "srno": 285, "utilname": "JURALA ORGANIC FARMS AND AGRO INDUSTRIES LLP", "statename": "Telangana", "state_code": 21, "latitude": 16.52599, "longitude": 77.72833, "edit_status": "LIVE", "last_modified_on": "2024-02-20T05:58:24.199", "xmin": 77.7283, "ymin": 16.526, "xmax": 77.7283, "ymax": 16.526 }, "geometry": { "type": "Point", "coordinates": [ 77.7283, 16.526 ] } },
{ "type": "Feature", "properties": { "id": "ethanol_plants.285", "gid": 5706, "srno": 285, "utilname": "JURALA ORGANIC FARMS AND AGRO INDUSTRIES LLP", "statename": "Telangana", "state_code": 21, "latitude": 16.52599, "longitude": 77.72833, "edit_status": "LIVE", "last_modified_on": "2023-09-18T11:19:55.511", "xmin": 77.7283, "ymin": 16.526, "xmax": 77.7283, "ymax": 16.526 }, "geometry": { "type": "Point", "coordinates": [ 77.7283, 16.526 ] } },
{ "type": "Feature", "properties": { "id": "ethanol_plants.53", "gid": 545, "srno": 53, "utilname": "Gayatri Sugars Ltd", "statename": "Telangana", "state_code": 21, "latitude": 18.388924, "longitude": 78.29662, "edit_status": "LIVE", "last_modified_on": "2024-02-20T05:58:24.199", "xmin": 78.2966, "ymin": 18.3889, "xmax": 78.2966, "ymax": 18.3889 }, "geometry": { "type": "Point", "coordinates": [ 78.2966, 18.3889 ] } },
{ "type": "Feature", "properties": { "id": "ethanol_plants.99", "gid": 591, "srno": 99, "utilname": "Manas Agro Industries and Infrastructure Ltd", "statename": "MAHARASHTRA", "state_code": 15, "latitude": 20.802464, "longitude": 79.056695, "edit_status": "LIVE", "last_modified_on": "2024-02-20T05:58:24.199", "xmin": 79.0567, "ymin": 20.8025, "xmax": 79.0567, "ymax": 20.8025 }, "geometry": { "type": "Point", "coordinates": [ 79.0567, 20.8025 ] } },
{ "type": "Feature", "properties": { "id": "ethanol_plants.185721", "gid": 6010, "srno": 302, "utilname": "BAIDYANATH BIO FUELS PVT LTD", "statename": "MAHARASHTRA", "state_code": 15, "latitude": 20.8420298, "longitude": 78.9515442, "edit_status": "LIVE", "last_modified_on": "2024-02-20T05:58:24.199", "xmin": 78.9515, "ymin": 20.842, "xmax": 78.9515, "ymax": 20.842 }, "geometry": { "type": "Point", "coordinates": [ 78.9515, 20.842 ] } },
{ "type": "Feature", "properties": { "id": "ethanol_plants.40", "gid": 532, "srno": 40, "utilname": "Deccan Sugar Pvt Ltd", "statename": "MAHARASHTRA", "state_code": 15, "latitude": 19.84, "longitude": 77.71, "edit_status": "LIVE", "last_modified_on": "2024-02-20T05:58:24.199", "xmin": 77.71, "ymin": 19.84, "xmax": 77.71, "ymax": 19.84 }, "geometry": { "type": "Point", "coordinates": [ 77.71, 19.84 ] } },
{ "type": "Feature", "properties": { "id": "ethanol_plants.205", "gid": 697, "srno": 205, "utilname": "Purna Sahajari Sakhar Karkhana ltd", "statename": "MAHARASHTRA", "state_code": 15, "latitude": 19.281035, "longitude": 77.138424, "edit_status": "LIVE", "last_modified_on": "2024-02-20T05:58:24.199", "xmin": 77.1384, "ymin": 19.281, "xmax": 77.1384, "ymax": 19.281 }, "geometry": { "type": "Point", "coordinates": [ 77.1384, 19.281 ] } },
{ "type": "Feature", "properties": { "id": "ethanol_plants.26", "gid": 518, "srno": 26, "utilname": "BHAURAO CHAVAN SSK LTD", "statename": "MAHARASHTRA", "state_code": 15, "latitude": 19.208154, "longitude": 77.383057, "edit_status": "LIVE", "last_modified_on": "2024-02-20T05:58:24.199", "xmin": 77.3831, "ymin": 19.2082, "xmax": 77.3831, "ymax": 19.2082 }, "geometry": { "type": "Point", "coordinates": [ 77.3831, 19.2082 ] } },
{ "type": "Feature", "properties": { "id": "ethanol_plants.185762", "gid": 6012, "srno": 304, "utilname": "KAPEESHWAR SUGARS AND CHEMICALS LTD", "statename": "MAHARASHTRA", "state_code": 15, "latitude": 19.47335809, "longitude": 77.01161439000001, "edit_status": "LIVE", "last_modified_on": "2024-02-20T05:58:24.199", "xmin": 77.0116, "ymin": 19.4734, "xmax": 77.0116, "ymax": 19.4734 }, "geometry": { "type": "Point", "coordinates": [ 77.0116, 19.4734 ] } },
{ "type": "Feature", "properties": { "id": "ethanol_plants.257", "gid": 3222, "srno": 257, "utilname": "Shree Laxmi Narasinha Sugars LLP", "statename": "MAHARASHTRA", "state_code": 15, "latitude": 19.1730499, "longitude": 76.7678094, "edit_status": "LIVE", "last_modified_on": "2024-02-20T05:58:24.199", "xmin": 76.7678, "ymin": 19.173, "xmax": 76.7678, "ymax": 19.173 }, "geometry": { "type": "Point", "coordinates": [ 76.7678, 19.173 ] } },
{ "type": "Feature", "properties": { "id": "ethanol_plants.167", "gid": 659, "srno": 167, "utilname": "Siddhi Sugar and Allied Industries Ltd", "statename": "MAHARASHTRA", "state_code": 15, "latitude": 18.809442, "longitude": 76.958899, "edit_status": "LIVE", "last_modified_on": "2024-02-20T05:58:24.199", "xmin": 76.9589, "ymin": 18.8094, "xmax": 76.9589, "ymax": 18.8094 }, "geometry": { "type": "Point", "coordinates": [ 76.9589, 18.8094 ] } },
{ "type": "Feature", "properties": { "id": "ethanol_plants.267", "gid": 5688, "srno": 267, "utilname": "M/s Jagruti Sugar & Allied Industries Ltd( Distillery Division)", "statename": "MAHARASHTRA", "state_code": 15, "latitude": 18.25407, "longitude": 76.9925, "edit_status": "LIVE", "last_modified_on": "2024-02-20T05:58:24.199", "xmin": 76.9925, "ymin": 18.2541, "xmax": 76.9925, "ymax": 18.2541 }, "geometry": { "type": "Point", "coordinates": [ 76.9925, 18.2541 ] } },
{ "type": "Feature", "properties": { "id": "ethanol_plants.51", "gid": 543, "srno": 51, "utilname": "GangaKhed Sugar And Energy LTD", "statename": "MAHARASHTRA", "state_code": 15, "latitude": 18.904807, "longitude": 76.725809, "edit_status": "LIVE", "last_modified_on": "2024-02-20T05:58:24.199", "xmin": 76.7258, "ymin": 18.9048, "xmax": 76.7258, "ymax": 18.9048 }, "geometry": { "type": "Point", "coordinates": [ 76.7258, 18.9048 ] } },
{ "type": "Feature", "properties": { "id": "ethanol_plants.128", "gid": 620, "srno": 128, "utilname": "Rena ssk Ltd", "statename": "MAHARASHTRA", "state_code": 15, "latitude": 18.52539, "longitude": 76.504322, "edit_status": "LIVE", "last_modified_on": "2024-02-20T05:58:24.199", "xmin": 76.5043, "ymin": 18.5254, "xmax": 76.5043, "ymax": 18.5254 }, "geometry": { "type": "Point", "coordinates": [ 76.5043, 18.5254 ] } },
{ "type": "Feature", "properties": { "id": "ethanol_plants.4", "gid": 496, "srno": 4, "utilname": "Alkoplus producers pvt Ltd", "statename": "MAHARASHTRA", "state_code": 15, "latitude": 18.393494, "longitude": 76.489695, "edit_status": "LIVE", "last_modified_on": "2024-02-20T05:58:24.199", "xmin": 76.4897, "ymin": 18.3935, "xmax": 76.4897, "ymax": 18.3935 }, "geometry": { "type": "Point", "coordinates": [ 76.4897, 18.3935 ] } },
{ "type": "Feature", "properties": { "id": "ethanol_plants.194", "gid": 686, "srno": 194, "utilname": "Vikasratna Vilasrao Deshmukh Manjara S.S.S K. Ltd.", "statename": "MAHARASHTRA", "state_code": 15, "latitude": 18.377973, "longitude": 76.472184, "edit_status": "LIVE", "last_modified_on": "2024-02-20T05:58:24.199", "xmin": 76.4722, "ymin": 18.378, "xmax": 76.4722, "ymax": 18.378 }, "geometry": { "type": "Point", "coordinates": [ 76.4722, 18.378 ] } },
{ "type": "Feature", "properties": { "id": "ethanol_plants.105", "gid": 597, "srno": 105, "utilname": "NATURAL SUGAR AND ALLIED INDUSTRIES LTD.", "statename": "MAHARASHTRA", "state_code": 15, "latitude": 18.534046, "longitude": 76.242527, "edit_status": "LIVE", "last_modified_on": "2024-02-20T05:58:24.199", "xmin": 76.2425, "ymin": 18.534, "xmax": 76.2425, "ymax": 18.534 }, "geometry": { "type": "Point", "coordinates": [ 76.2425, 18.534 ] } },
{ "type": "Feature", "properties": { "id": "ethanol_plants.233", "gid": 725, "srno": 233, "utilname": "Greenative Petrochem Pvt Ltd", "statename": "MAHARASHTRA", "state_code": 15, "latitude": 18.452737, "longitude": 76.303581, "edit_status": "LIVE", "last_modified_on": "2024-02-20T05:58:24.199", "xmin": 76.3036, "ymin": 18.4527, "xmax": 76.3036, "ymax": 18.4527 }, "geometry": { "type": "Point", "coordinates": [ 76.3036, 18.4527 ] } },
{ "type": "Feature", "properties": { "id": "ethanol_plants.195", "gid": 687, "srno": 195, "utilname": "Vilas Sahakari Sakhar Karkhana Ltd", "statename": "MAHARASHTRA", "state_code": 15, "latitude": 18.382834, "longitude": 76.313468, "edit_status": "LIVE", "last_modified_on": "2024-02-20T05:58:24.199", "xmin": 76.3135, "ymin": 18.3828, "xmax": 76.3135, "ymax": 18.3828 }, "geometry": { "type": "Point", "coordinates": [ 76.3135, 18.3828 ] } },
{ "type": "Feature", "properties": { "id": "ethanol_plants.200", "gid": 692, "srno": 200, "utilname": "Yedeshwari Agro Products Ltd.", "statename": "MAHARASHTRA", "state_code": 15, "latitude": 18.655546, "longitude": 76.132936, "edit_status": "LIVE", "last_modified_on": "2024-02-20T05:58:24.199", "xmin": 76.1329, "ymin": 18.6555, "xmax": 76.1329, "ymax": 18.6555 }, "geometry": { "type": "Point", "coordinates": [ 76.1329, 18.6555 ] } },
{ "type": "Feature", "properties": { "id": "ethanol_plants.94", "gid": 586, "srno": 94, "utilname": "Loknete Sunderraoji Solanke Sahakari Sakhar Karkhana Ltd.", "statename": "MAHARASHTRA", "state_code": 15, "latitude": 18.972367, "longitude": 76.1765, "edit_status": "LIVE", "last_modified_on": "2024-02-20T05:58:24.199", "xmin": 76.1765, "ymin": 18.9724, "xmax": 76.1765, "ymax": 18.9724 }, "geometry": { "type": "Point", "coordinates": [ 76.1765, 18.9724 ] } },
{ "type": "Feature", "properties": { "id": "ethanol_plants.212", "gid": 704, "srno": 212, "utilname": "NSL Sugars Limited Jaymahesh Ltd (Jay Mahesh)", "statename": "MAHARASHTRA", "state_code": 15, "latitude": 19.1485369, "longitude": 76.2703123, "edit_status": "LIVE", "last_modified_on": "2024-02-20T05:58:24.199", "xmin": 76.2703, "ymin": 19.1485, "xmax": 76.2703, "ymax": 19.1485 }, "geometry": { "type": "Point", "coordinates": [ 76.2703, 19.1485 ] } },
{ "type": "Feature", "properties": { "id": "ethanol_plants.191", "gid": 683, "srno": 191, "utilname": "VAIBHAV LIQUORS PVT LTD", "statename": "MAHARASHTRA", "state_code": 15, "latitude": 20.088773, "longitude": 76.879466, "edit_status": "LIVE", "last_modified_on": "2024-02-20T05:58:24.199", "xmin": 76.8795, "ymin": 20.0888, "xmax": 76.8795, "ymax": 20.0888 }, "geometry": { "type": "Point", "coordinates": [ 76.8795, 20.0888 ] } },
{ "type": "Feature", "properties": { "id": "ethanol_plants.30", "gid": 522, "srno": 30, "utilname": "Chhatrapati Sambhaji Raje Sakhar Udyog Ltd.", "statename": "MAHARASHTRA", "state_code": 15, "latitude": 19.768226, "longitude": 75.503336, "edit_status": "LIVE", "last_modified_on": "2024-02-20T05:58:24.199", "xmin": 75.5033, "ymin": 19.7682, "xmax": 75.5033, "ymax": 19.7682 }, "geometry": { "type": "Point", "coordinates": [ 75.5033, 19.7682 ] } },
{ "type": "Feature", "properties": { "id": "ethanol_plants.281", "gid": 5702, "srno": 281, "utilname": "RADICO NV DISTILLERIES MAHARSHTRA LTD UNIT 2 ", "statename": "MAHARASHTRA", "state_code": 15, "latitude": 19.887946, "longitude": 75.501458, "edit_status": "LIVE", "last_modified_on": "2024-02-20T05:58:24.199", "xmin": 75.5015, "ymin": 19.8879, "xmax": 75.5015, "ymax": 19.8879 }, "geometry": { "type": "Point", "coordinates": [ 75.5015, 19.8879 ] } },
{ "type": "Feature", "properties": { "id": "ethanol_plants.120", "gid": 612, "srno": 120, "utilname": "Radico NV Distilleries Maharashtra Limited", "statename": "MAHARASHTRA", "state_code": 15, "latitude": 19.885251, "longitude": 75.501669, "edit_status": "LIVE", "last_modified_on": "2024-02-20T05:58:24.199", "xmin": 75.5017, "ymin": 19.8853, "xmax": 75.5017, "ymax": 19.8853 }, "geometry": { "type": "Point", "coordinates": [ 75.5017, 19.8853 ] } },
{ "type": "Feature", "properties": { "id": "ethanol_plants.179", "gid": 671, "srno": 179, "utilname": "SAHAKAR MAHARSHI SHANKARRAO KOLHE ( Formarly THE SANJIVANI (TAKLI) SAHAKARI SAKHAR KARKHANA LTD SAHAJANANDNAGAR)", "statename": "MAHARASHTRA", "state_code": 15, "latitude": 19.901812, "longitude": 74.49997, "edit_status": "LIVE", "last_modified_on": "2024-02-20T05:58:24.199", "xmin": 74.5, "ymin": 19.9018, "xmax": 74.5, "ymax": 19.9018 }, "geometry": { "type": "Point", "coordinates": [ 74.5, 19.9018 ] } },
{ "type": "Feature", "properties": { "id": "ethanol_plants.61", "gid": 553, "srno": 61, "utilname": "Grainotch Industries Limited", "statename": "MAHARASHTRA", "state_code": 15, "latitude": 19.692736, "longitude": 75.069938, "edit_status": "LIVE", "last_modified_on": "2024-02-20T05:58:24.199", "xmin": 75.0699, "ymin": 19.6927, "xmax": 75.0699, "ymax": 19.6927 }, "geometry": { "type": "Point", "coordinates": [ 75.0699, 19.6927 ] } },
{ "type": "Feature", "properties": { "id": "ethanol_plants.25", "gid": 517, "srno": 25, "utilname": "Bhange Organic Chemicals Pvt Ltd.", "statename": "MAHARASHTRA", "state_code": 15, "latitude": 19.549896, "longitude": 74.976181, "edit_status": "LIVE", "last_modified_on": "2024-02-20T05:58:24.199", "xmin": 74.9762, "ymin": 19.5499, "xmax": 74.9762, "ymax": 19.5499 }, "geometry": { "type": "Point", "coordinates": [ 74.9762, 19.5499 ] } },
{ "type": "Feature", "properties": { "id": "ethanol_plants.229", "gid": 721, "srno": 229, "utilname": "LOKNETE MARUTRAO GHULE PATIL DNYANESHWAR SAHAKARI SAKHAR KARKHANA LIMITED", "statename": "MAHARASHTRA", "state_code": 15, "latitude": 19.4505, "longitude": 75.03711, "edit_status": "LIVE", "last_modified_on": "2024-02-20T05:58:24.199", "xmin": 75.0371, "ymin": 19.4505, "xmax": 75.0371, "ymax": 19.4505 }, "geometry": { "type": "Point", "coordinates": [ 75.0371, 19.4505 ] } },
{ "type": "Feature", "properties": { "id": "ethanol_plants.235", "gid": 727, "srno": 235, "utilname": "Mula Sahkari sakhar Karkhana Ltd", "statename": "MAHARASHTRA", "state_code": 15, "latitude": 19.379275, "longitude": 74.83956111000001, "edit_status": "LIVE", "last_modified_on": "2024-02-20T05:58:24.199", "xmin": 74.8396, "ymin": 19.3793, "xmax": 74.8396, "ymax": 19.3793 }, "geometry": { "type": "Point", "coordinates": [ 74.8396, 19.3793 ] } },
{ "type": "Feature", "properties": { "id": "ethanol_plants.114", "gid": 606, "srno": 114, "utilname": "padmshri Dr vitthalrao Vikhe Patil Sahakari Sakhar karkhana Ltd.", "statename": "MAHARASHTRA", "state_code": 15, "latitude": 19.581592, "longitude": 74.498719, "edit_status": "LIVE", "last_modified_on": "2024-02-20T05:58:24.199", "xmin": 74.4987, "ymin": 19.5816, "xmax": 74.4987, "ymax": 19.5816 }, "geometry": { "type": "Point", "coordinates": [ 74.4987, 19.5816 ] } },
{ "type": "Feature", "properties": { "id": "ethanol_plants.227", "gid": 719, "srno": 227, "utilname": "SahakarMaharshi Bhausaheb Thorat Sahakari Sakhar Karkhana Ltd. Amrutnagar", "statename": "MAHARASHTRA", "state_code": 15, "latitude": 19.614119, "longitude": 74.190003, "edit_status": "LIVE", "last_modified_on": "2024-02-20T05:58:24.199", "xmin": 74.19, "ymin": 19.6141, "xmax": 74.19, "ymax": 19.6141 }, "geometry": { "type": "Point", "coordinates": [ 74.19, 19.6141 ] } },
{ "type": "Feature", "properties": { "id": "ethanol_plants.2", "gid": 494, "srno": 2, "utilname": "ACCORDD ORGANICS PRIVATE LIMITED", "statename": "MAHARASHTRA", "state_code": 15, "latitude": 18.964401, "longitude": 74.519773, "edit_status": "LIVE", "last_modified_on": "2024-02-20T05:58:24.199", "xmin": 74.5198, "ymin": 18.9644, "xmax": 74.5198, "ymax": 18.9644 }, "geometry": { "type": "Point", "coordinates": [ 74.5198, 18.9644 ] } },
{ "type": "Feature", "properties": { "id": "ethanol_plants.262", "gid": 3227, "srno": 262, "utilname": "Sopanrao Balkrishna Dhasal Agro Products Ltd", "statename": "MAHARASHTRA", "state_code": 15, "latitude": 19.13736111, "longitude": 74.52458333, "edit_status": "LIVE", "last_modified_on": "2024-02-20T05:58:24.199", "xmin": 74.5246, "ymin": 19.1374, "xmax": 74.5246, "ymax": 19.1374 }, "geometry": { "type": "Point", "coordinates": [ 74.5246, 19.1374 ] } },
{ "type": "Feature", "properties": { "id": "ethanol_plants.248", "gid": 2462, "srno": 248, "utilname": "Parag Agro Foods & Allied Products Pvt Ltd", "statename": "MAHARASHTRA", "state_code": 15, "latitude": 18.87381, "longitude": 74.21351, "edit_status": "LIVE", "last_modified_on": "2024-02-20T05:58:24.199", "xmin": 74.2135, "ymin": 18.8738, "xmax": 74.2135, "ymax": 18.8738 }, "geometry": { "type": "Point", "coordinates": [ 74.2135, 18.8738 ] } },
{ "type": "Feature", "properties": { "id": "ethanol_plants.159", "gid": 651, "srno": 159, "utilname": "SHREENATH MHASKOBA SAKHAR KHARKHANA LTD SHREENATHNAGAR PATETHAN DAUND", "statename": "MAHARASHTRA", "state_code": 15, "latitude": 18.606812, "longitude": 74.229403, "edit_status": "LIVE", "last_modified_on": "2024-02-20T05:58:24.199", "xmin": 74.2294, "ymin": 18.6068, "xmax": 74.2294, "ymax": 18.6068 }, "geometry": { "type": "Point", "coordinates": [ 74.2294, 18.6068 ] } },
{ "type": "Feature", "properties": { "id": "ethanol_plants.56", "gid": 548, "srno": 56, "utilname": "GHODGANGA SSK LTD", "statename": "MAHARASHTRA", "state_code": 15, "latitude": 18.64342, "longitude": 74.37524, "edit_status": "LIVE", "last_modified_on": "2024-02-20T05:58:24.199", "xmin": 74.3752, "ymin": 18.6434, "xmax": 74.3752, "ymax": 18.6434 }, "geometry": { "type": "Point", "coordinates": [ 74.3752, 18.6434 ] } },
{ "type": "Feature", "properties": { "id": "ethanol_plants.104", "gid": 596, "srno": 104, "utilname": "NATH BIO CHEMICAL INDUSTRIES PRIVATE LIMITED", "statename": "MAHARASHTRA", "state_code": 15, "latitude": 18.5980479, "longitude": 74.2323634, "edit_status": "LIVE", "last_modified_on": "2024-02-20T05:58:24.199", "xmin": 74.2324, "ymin": 18.598, "xmax": 74.2324, "ymax": 18.598 }, "geometry": { "type": "Point", "coordinates": [ 74.2324, 18.598 ] } },
{ "type": "Feature", "properties": { "id": "ethanol_plants.36", "gid": 528, "srno": 36, "utilname": "DAUND SUGAR PVT LTD", "statename": "MAHARASHTRA", "state_code": 15, "latitude": 18.427732, "longitude": 74.631468, "edit_status": "LIVE", "last_modified_on": "2024-02-20T05:58:24.199", "xmin": 74.6315, "ymin": 18.4277, "xmax": 74.6315, "ymax": 18.4277 }, "geometry": { "type": "Point", "coordinates": [ 74.6315, 18.4277 ] } },
{ "type": "Feature", "properties": { "id": "ethanol_plants.21", "gid": 513, "srno": 21, "utilname": "BARAMATI AGRO LIMITED", "statename": "MAHARASHTRA", "state_code": 15, "latitude": 18.270269, "longitude": 74.670663, "edit_status": "LIVE", "last_modified_on": "2024-02-20T05:58:24.199", "xmin": 74.6707, "ymin": 18.2703, "xmax": 74.6707, "ymax": 18.2703 }, "geometry": { "type": "Point", "coordinates": [ 74.6707, 18.2703 ] } },
{ "type": "Feature", "properties": { "id": "ethanol_plants.160", "gid": 652, "srno": 160, "utilname": "Shri Ambalika Sugar Pvt. Ltd", "statename": "MAHARASHTRA", "state_code": 15, "latitude": 18.461324, "longitude": 74.798521, "edit_status": "LIVE", "last_modified_on": "2024-02-20T05:58:24.199", "xmin": 74.7985, "ymin": 18.4613, "xmax": 74.7985, "ymax": 18.4613 }, "geometry": { "type": "Point", "coordinates": [ 74.7985, 18.4613 ] } },
{ "type": "Feature", "properties": { "id": "ethanol_plants.185641", "gid": 6013, "srno": 305, "utilname": "PIYUSH SUGAR AND POWER PRIVATE LIMITED", "statename": "MAHARASHTRA", "state_code": 15, "latitude": 18.929716, "longitude": 74.753384, "edit_status": "LIVE", "last_modified_on": "2024-02-20T05:58:24.199", "xmin": 74.7534, "ymin": 18.9297, "xmax": 74.7534, "ymax": 18.9297 }, "geometry": { "type": "Point", "coordinates": [ 74.7534, 18.9297 ] } },
{ "type": "Feature", "properties": { "id": "ethanol_plants.23", "gid": 515, "srno": 23, "utilname": "Bhairavnath Sugar Works Ltd Sonari", "statename": "MAHARASHTRA", "state_code": 15, "latitude": 18.388277, "longitude": 75.421375, "edit_status": "LIVE", "last_modified_on": "2024-02-20T05:58:24.199", "xmin": 75.4214, "ymin": 18.3883, "xmax": 75.4214, "ymax": 18.3883 }, "geometry": { "type": "Point", "coordinates": [ 75.4214, 18.3883 ] } },
{ "type": "Feature", "properties": { "id": "ethanol_plants.52", "gid": 544, "srno": 52, "utilname": "Gangamai Industries And Constructions Ltd", "statename": "MAHARASHTRA", "state_code": 15, "latitude": 19.38072, "longitude": 75.283789, "edit_status": "LIVE", "last_modified_on": "2024-02-20T05:58:24.199", "xmin": 75.2838, "ymin": 19.3807, "xmax": 75.2838, "ymax": 19.3807 }, "geometry": { "type": "Point", "coordinates": [ 75.2838, 19.3807 ] } },
{ "type": "Feature", "properties": { "id": "ethanol_plants.70", "gid": 562, "srno": 70, "utilname": "JaiBhavaniSSKLtdShivajinagar", "statename": "MAHARASHTRA", "state_code": 15, "latitude": 19.212927, "longitude": 75.761953, "edit_status": "LIVE", "last_modified_on": "2024-02-20T05:58:24.199", "xmin": 75.762, "ymin": 19.2129, "xmax": 75.762, "ymax": 19.2129 }, "geometry": { "type": "Point", "coordinates": [ 75.762, 19.2129 ] } },
{ "type": "Feature", "properties": { "id": "ethanol_plants.80", "gid": 572, "srno": 80, "utilname": "Karmayogi Ankushrao Tope Samarth Sahakari Sakhar Karkhana Ltd.", "statename": "MAHARASHTRA", "state_code": 15, "latitude": 19.396825, "longitude": 75.70435, "edit_status": "LIVE", "last_modified_on": "2024-02-20T05:58:24.199", "xmin": 75.7044, "ymin": 19.3968, "xmax": 75.7044, "ymax": 19.3968 }, "geometry": { "type": "Point", "coordinates": [ 75.7044, 19.3968 ] } },
{ "type": "Feature", "properties": { "id": "ethanol_plants.280", "gid": 5701, "srno": 280, "utilname": "M/s Karmayogi Ankushrao Tope samarth Sahakari Sakhar Karkhana Ltd. Unit No. 2", "statename": "MAHARASHTRA", "state_code": 15, "latitude": 19.479876, "longitude": 75.931924, "edit_status": "LIVE", "last_modified_on": "2024-02-20T05:58:24.199", "xmin": 75.9319, "ymin": 19.4799, "xmax": 75.9319, "ymax": 19.4799 }, "geometry": { "type": "Point", "coordinates": [ 75.9319, 19.4799 ] } },
{ "type": "Feature", "properties": { "id": "ethanol_plants.213", "gid": 705, "srno": 213, "utilname": "Dharashiv Sakhar karkhana ltd Chorakhali", "statename": "MAHARASHTRA", "state_code": 15, "latitude": 18.370029, "longitude": 75.942455, "edit_status": "LIVE", "last_modified_on": "2024-02-20T05:58:24.199", "xmin": 75.9425, "ymin": 18.37, "xmax": 75.9425, "ymax": 18.37 }, "geometry": { "type": "Point", "coordinates": [ 75.9425, 18.37 ] } },
{ "type": "Feature", "properties": { "id": "ethanol_plants.225", "gid": 717, "srno": 225, "utilname": "Kancheshwar Sugar Ltd", "statename": "MAHARASHTRA", "state_code": 15, "latitude": 17.918009, "longitude": 76.10224, "edit_status": "LIVE", "last_modified_on": "2024-02-20T05:58:24.199", "xmin": 76.1022, "ymin": 17.918, "xmax": 76.1022, "ymax": 17.918 }, "geometry": { "type": "Point", "coordinates": [ 76.1022, 17.918 ] } },
{ "type": "Feature", "properties": { "id": "ethanol_plants.72", "gid": 564, "srno": 72, "utilname": "JAKRAYA SUGAR LTD", "statename": "MAHARASHTRA", "state_code": 15, "latitude": 17.572932, "longitude": 75.647236, "edit_status": "LIVE", "last_modified_on": "2024-02-20T05:58:24.199", "xmin": 75.6472, "ymin": 17.5729, "xmax": 75.6472, "ymax": 17.5729 }, "geometry": { "type": "Point", "coordinates": [ 75.6472, 17.5729 ] } },
{ "type": "Feature", "properties": { "id": "ethanol_plants.92", "gid": 584, "srno": 92, "utilname": "Lokmangal Agro Industries Limited", "statename": "MAHARASHTRA", "state_code": 15, "latitude": 17.80166, "longitude": 75.752181, "edit_status": "LIVE", "last_modified_on": "2024-02-20T05:58:24.199", "xmin": 75.7522, "ymin": 17.8017, "xmax": 75.7522, "ymax": 17.8017 }, "geometry": { "type": "Point", "coordinates": [ 75.7522, 17.8017 ] } },
{ "type": "Feature", "properties": { "id": "ethanol_plants.8", "gid": 500, "srno": 8, "utilname": "ashok sahakari sakhar karkhana ltd", "statename": "MAHARASHTRA", "state_code": 15, "latitude": 18.10683, "longitude": 75.77747, "edit_status": "LIVE", "last_modified_on": "2024-02-20T05:58:24.199", "xmin": 75.7775, "ymin": 18.1068, "xmax": 75.7775, "ymax": 18.1068 }, "geometry": { "type": "Point", "coordinates": [ 75.7775, 18.1068 ] } },
{ "type": "Feature", "properties": { "id": "ethanol_plants.69", "gid": 561, "srno": 69, "utilname": "INDRESHWAR SUGAR MILLS PRIVATE LTD", "statename": "MAHARASHTRA", "state_code": 15, "latitude": 18.223902, "longitude": 75.620244, "edit_status": "LIVE", "last_modified_on": "2024-02-20T05:58:24.199", "xmin": 75.6202, "ymin": 18.2239, "xmax": 75.6202, "ymax": 18.2239 }, "geometry": { "type": "Point", "coordinates": [ 75.6202, 18.2239 ] } },
{ "type": "Feature", "properties": { "id": "ethanol_plants.196", "gid": 688, "srno": 196, "utilname": "Vitthal Corporation Ltd", "statename": "MAHARASHTRA", "state_code": 15, "latitude": 18.115768, "longitude": 75.484744, "edit_status": "LIVE", "last_modified_on": "2024-02-20T05:58:24.199", "xmin": 75.4847, "ymin": 18.1158, "xmax": 75.4847, "ymax": 18.1158 }, "geometry": { "type": "Point", "coordinates": [ 75.4847, 18.1158 ] } },
{ "type": "Feature", "properties": { "id": "ethanol_plants.197", "gid": 689, "srno": 197, "utilname": "VITTHALRAO SHINDE SAHAKARI SAKHAR KARKHANA LTD", "statename": "MAHARASHTRA", "state_code": 15, "latitude": 18.0466, "longitude": 75.2563, "edit_status": "LIVE", "last_modified_on": "2024-02-20T05:58:24.199", "xmin": 75.2563, "ymin": 18.0466, "xmax": 75.2563, "ymax": 18.0466 }, "geometry": { "type": "Point", "coordinates": [ 75.2563, 18.0466 ] } },
{ "type": "Feature", "properties": { "id": "ethanol_plants.57", "gid": 549, "srno": 57, "utilname": "Globus petroadditons pvt ltd", "statename": "MAHARASHTRA", "state_code": 15, "latitude": 18.038117, "longitude": 75.215062, "edit_status": "LIVE", "last_modified_on": "2024-02-20T05:58:24.199", "xmin": 75.2151, "ymin": 18.0381, "xmax": 75.2151, "ymax": 18.0381 }, "geometry": { "type": "Point", "coordinates": [ 75.2151, 18.0381 ] } },
{ "type": "Feature", "properties": { "id": "ethanol_plants.83", "gid": 575, "srno": 83, "utilname": "Khandoba Distilleries Ltd", "statename": "Maharashtra", "state_code": 15, "latitude": 18.045027, "longitude": 75.226928, "edit_status": "LIVE", "last_modified_on": "2024-02-20T05:58:24.199", "xmin": 75.2269, "ymin": 18.045, "xmax": 75.2269, "ymax": 18.045 }, "geometry": { "type": "Point", "coordinates": [ 75.2269, 18.045 ] } },
{ "type": "Feature", "properties": { "id": "ethanol_plants.93", "gid": 585, "srno": 93, "utilname": "Loknete Baburao Patil Agro Industires Limited", "statename": "MAHARASHTRA", "state_code": 15, "latitude": 17.8718549, "longitude": 75.5869408, "edit_status": "LIVE", "last_modified_on": "2024-02-20T05:58:24.199", "xmin": 75.5869, "ymin": 17.8719, "xmax": 75.5869, "ymax": 17.8719 }, "geometry": { "type": "Point", "coordinates": [ 75.5869, 17.8719 ] } },
{ "type": "Feature", "properties": { "id": "ethanol_plants.189", "gid": 681, "srno": 189, "utilname": "Utopian Sugars Ltd.", "statename": "MAHARASHTRA", "state_code": 15, "latitude": 17.468947, "longitude": 75.399984, "edit_status": "LIVE", "last_modified_on": "2024-02-20T05:58:24.199", "xmin": 75.4, "ymin": 17.4689, "xmax": 75.4, "ymax": 17.4689 }, "geometry": { "type": "Point", "coordinates": [ 75.4, 17.4689 ] } },
{ "type": "Feature", "properties": { "id": "ethanol_plants.222", "gid": 714, "srno": 222, "utilname": "Jai Hind Sugar Pvt Ltd", "statename": "MAHARASHTRA", "state_code": 15, "latitude": 17.528476, "longitude": 76.058062, "edit_status": "LIVE", "last_modified_on": "2024-02-20T05:58:24.199", "xmin": 76.0581, "ymin": 17.5285, "xmax": 76.0581, "ymax": 17.5285 }, "geometry": { "type": "Point", "coordinates": [ 76.0581, 17.5285 ] } },
{ "type": "Feature", "properties": { "id": "ethanol_plants.217", "gid": 709, "srno": 217, "utilname": "EID Parry (India) Ltd, Bagalkot Distillery", "statename": "KARNATAKA", "state_code": 12, "latitude": 16.275263, "longitude": 75.923983, "edit_status": "LIVE", "last_modified_on": "2024-02-20T05:58:24.199", "xmin": 75.924, "ymin": 16.2753, "xmax": 75.924, "ymax": 16.2753 }, "geometry": { "type": "Point", "coordinates": [ 75.924, 16.2753 ] } },
{ "type": "Feature", "properties": { "id": "ethanol_plants.221", "gid": 713, "srno": 221, "utilname": "MRN Cane power India Limited Distillery Divison", "statename": "KARNATAKA", "state_code": 12, "latitude": 15.93697, "longitude": 75.49958, "edit_status": "LIVE", "last_modified_on": "2024-02-20T05:58:24.199", "xmin": 75.4996, "ymin": 15.937, "xmax": 75.4996, "ymax": 15.937 }, "geometry": { "type": "Point", "coordinates": [ 75.4996, 15.937 ] } },
{ "type": "Feature", "properties": { "id": "ethanol_plants.108", "gid": 600, "srno": 108, "utilname": "Nirani Sugars Ltd Distillery Division", "statename": "KARNATAKA", "state_code": 12, "latitude": 16.360338, "longitude": 75.266503, "edit_status": "LIVE", "last_modified_on": "2024-02-20T05:58:24.199", "xmin": 75.2665, "ymin": 16.3603, "xmax": 75.2665, "ymax": 16.3603 }, "geometry": { "type": "Point", "coordinates": [ 75.2665, 16.3603 ] } },
{ "type": "Feature", "properties": { "id": "ethanol_plants.166", "gid": 658, "srno": 166, "utilname": "Siddapur Distilleries Limited", "statename": "KARNATAKA", "state_code": 12, "latitude": 16.440296, "longitude": 75.272052, "edit_status": "LIVE", "last_modified_on": "2024-02-20T05:58:24.199", "xmin": 75.2721, "ymin": 16.4403, "xmax": 75.2721, "ymax": 16.4403 }, "geometry": { "type": "Point", "coordinates": [ 75.2721, 16.4403 ] } },
{ "type": "Feature", "properties": { "id": "ethanol_plants.81", "gid": 573, "srno": 81, "utilname": "Karthik Agro Industries Pvt Ltd", "statename": "Karnataka", "state_code": 12, "latitude": 16.142232, "longitude": 75.603014, "edit_status": "LIVE", "last_modified_on": "2024-02-20T05:58:24.199", "xmin": 75.603, "ymin": 16.1422, "xmax": 75.603, "ymax": 16.1422 }, "geometry": { "type": "Point", "coordinates": [ 75.603, 16.1422 ] } },
{ "type": "Feature", "properties": { "id": "ethanol_plants.54", "gid": 546, "srno": 54, "utilname": "GEM SUGARS LIMITED", "statename": "KARNATAKA", "state_code": 12, "latitude": 16.269558, "longitude": 75.531447, "edit_status": "LIVE", "last_modified_on": "2024-02-20T05:58:24.199", "xmin": 75.5314, "ymin": 16.2696, "xmax": 75.5314, "ymax": 16.2696 }, "geometry": { "type": "Point", "coordinates": [ 75.5314, 16.2696 ] } },
{ "type": "Feature", "properties": { "id": "ethanol_plants.102", "gid": 594, "srno": 102, "utilname": "Nandi Distillery", "statename": "Karnataka", "state_code": 12, "latitude": 16.447928, "longitude": 75.476917, "edit_status": "LIVE", "last_modified_on": "2024-02-20T05:58:24.199", "xmin": 75.4769, "ymin": 16.4479, "xmax": 75.4769, "ymax": 16.4479 }, "geometry": { "type": "Point", "coordinates": [ 75.4769, 16.4479 ] } },
{ "type": "Feature", "properties": { "id": "ethanol_plants.73", "gid": 565, "srno": 73, "utilname": "Jamkhandi Sugars Limited", "statename": "KARNATAKA", "state_code": 12, "latitude": 16.611462, "longitude": 75.398073, "edit_status": "LIVE", "last_modified_on": "2024-02-20T05:58:24.199", "xmin": 75.3981, "ymin": 16.6115, "xmax": 75.3981, "ymax": 16.6115 }, "geometry": { "type": "Point", "coordinates": [ 75.3981, 16.6115 ] } },
{ "type": "Feature", "properties": { "id": "ethanol_plants.163", "gid": 655, "srno": 163, "utilname": "Shri Saipriya Sugars Limited Distillery Division", "statename": "Karnataka", "state_code": 12, "latitude": 16.575911, "longitude": 75.210442, "edit_status": "LIVE", "last_modified_on": "2024-02-20T05:58:24.199", "xmin": 75.2104, "ymin": 16.5759, "xmax": 75.2104, "ymax": 16.5759 }, "geometry": { "type": "Point", "coordinates": [ 75.2104, 16.5759 ] } },
{ "type": "Feature", "properties": { "id": "ethanol_plants.155", "gid": 647, "srno": 155, "utilname": "SHREE RENUKA SUGARS LIMITED ATHANI", "statename": "KARNATAKA", "state_code": 12, "latitude": 16.70167, "longitude": 75.17812, "edit_status": "LIVE", "last_modified_on": "2024-02-20T05:58:24.199", "xmin": 75.1781, "ymin": 16.7017, "xmax": 75.1781, "ymax": 16.7017 }, "geometry": { "type": "Point", "coordinates": [ 75.1781, 16.7017 ] } },
{ "type": "Feature", "properties": { "id": "ethanol_plants.272", "gid": 5693, "srno": 272, "utilname": "M/s Shri Renuka Sugars Ltd DEP Athani", "statename": "KARNATAKA", "state_code": 12, "latitude": 16.706942, "longitude": 75.177131, "edit_status": "LIVE", "last_modified_on": "2024-02-20T05:58:24.199", "xmin": 75.1771, "ymin": 16.7069, "xmax": 75.1771, "ymax": 16.7069 }, "geometry": { "type": "Point", "coordinates": [ 75.1771, 16.7069 ] } },
{ "type": "Feature", "properties": { "id": "ethanol_plants.9", "gid": 501, "srno": 9, "utilname": "Athani Sugars Ltd. (Formerly known as Athani Farmers Sugar Factory Ltd.)", "statename": "KARNATAKA", "state_code": 12, "latitude": 16.770168, "longitude": 74.918882, "edit_status": "LIVE", "last_modified_on": "2024-02-20T05:58:24.199", "xmin": 74.9189, "ymin": 16.7702, "xmax": 74.9189, "ymax": 16.7702 }, "geometry": { "type": "Point", "coordinates": [ 74.9189, 16.7702 ] } },
{ "type": "Feature", "properties": { "id": "ethanol_plants.185821", "gid": 6021, "srno": 313, "utilname": "SHIRAGUPPI SUGAR WORKS LIMITED ", "statename": "KARNATAKA", "state_code": 12, "latitude": 16.711, "longitude": 74.72263, "edit_status": "LIVE", "last_modified_on": "2024-02-20T05:58:24.199", "xmin": 74.7226, "ymin": 16.711, "xmax": 74.7226, "ymax": 16.711 }, "geometry": { "type": "Point", "coordinates": [ 74.7226, 16.711 ] } },
{ "type": "Feature", "properties": { "id": "ethanol_plants.182", "gid": 674, "srno": 182, "utilname": "THE UGAR SUGAR WORKS LTD", "statename": "KARNATAKA", "state_code": 12, "latitude": 16.652894, "longitude": 74.819753, "edit_status": "LIVE", "last_modified_on": "2024-02-20T05:58:24.199", "xmin": 74.8198, "ymin": 16.6529, "xmax": 74.8198, "ymax": 16.6529 }, "geometry": { "type": "Point", "coordinates": [ 74.8198, 16.6529 ] } },
{ "type": "Feature", "properties": { "id": "ethanol_plants.185918", "gid": 6018, "srno": 310, "utilname": "THE UGAR SUGAR WORKS LIMITED- DEP\n", "statename": "KARNATAKA", "state_code": 12, "latitude": 16.65345, "longitude": 74.82164, "edit_status": "LIVE", "last_modified_on": "2024-02-20T05:58:24.199", "xmin": 74.8216, "ymin": 16.6535, "xmax": 74.8216, "ymax": 16.6535 }, "geometry": { "type": "Point", "coordinates": [ 74.8216, 16.6535 ] } },
{ "type": "Feature", "properties": { "id": "ethanol_plants.185284", "gid": 5996, "srno": 288, "utilname": "ASKINS BIOFUELS PRIVATE LIMITED ", "statename": "KARNATAKA", "state_code": 12, "latitude": 16.5001377, "longitude": 74.8977715, "edit_status": "LIVE", "last_modified_on": "2024-02-20T05:58:24.199", "xmin": 74.8978, "ymin": 16.5001, "xmax": 74.8978, "ymax": 16.5001 }, "geometry": { "type": "Point", "coordinates": [ 74.8978, 16.5001 ] } },
{ "type": "Feature", "properties": { "id": "ethanol_plants.66", "gid": 558, "srno": 66, "utilname": "Hermes Distillery Pvt. Ltd.", "statename": "KARNATAKA", "state_code": 12, "latitude": 16.49144, "longitude": 74.773285, "edit_status": "LIVE", "last_modified_on": "2024-02-20T05:58:24.199", "xmin": 74.7733, "ymin": 16.4914, "xmax": 74.7733, "ymax": 16.4914 }, "geometry": { "type": "Point", "coordinates": [ 74.7733, 16.4914 ] } },
{ "type": "Feature", "properties": { "id": "ethanol_plants.198", "gid": 690, "srno": 198, "utilname": "Vishwaraj Sugar Industries Limited", "statename": "KARNATAKA", "state_code": 12, "latitude": 16.276496, "longitude": 74.707692, "edit_status": "LIVE", "last_modified_on": "2024-02-20T05:58:24.199", "xmin": 74.7077, "ymin": 16.2765, "xmax": 74.7077, "ymax": 16.2765 }, "geometry": { "type": "Point", "coordinates": [ 74.7077, 16.2765 ] } },
{ "type": "Feature", "properties": { "id": "ethanol_plants.135", "gid": 627, "srno": 135, "utilname": "Satish Sugars Limited", "statename": "KARNATAKA", "state_code": 12, "latitude": 16.24928, "longitude": 74.888858, "edit_status": "LIVE", "last_modified_on": "2024-02-20T05:58:24.199", "xmin": 74.8889, "ymin": 16.2493, "xmax": 74.8889, "ymax": 16.2493 }, "geometry": { "type": "Point", "coordinates": [ 74.8889, 16.2493 ] } },
{ "type": "Feature", "properties": { "id": "ethanol_plants.250", "gid": 2962, "srno": 250, "utilname": "Satish Sugars Limited (DEP)", "statename": "KARNATAKA", "state_code": 12, "latitude": 16.24928, "longitude": 74.888858, "edit_status": "LIVE", "last_modified_on": "2024-02-20T05:58:24.199", "xmin": 74.8889, "ymin": 16.2493, "xmax": 74.8889, "ymax": 16.2493 }, "geometry": { "type": "Point", "coordinates": [ 74.8889, 16.2493 ] } },
{ "type": "Feature", "properties": { "id": "ethanol_plants.60", "gid": 552, "srno": 60, "utilname": "Godavari Biorefineries Ltd", "statename": "KARNATAKA", "state_code": 12, "latitude": 16.38803547, "longitude": 75.04732409, "edit_status": "LIVE", "last_modified_on": "2024-02-20T05:58:24.199", "xmin": 75.0473, "ymin": 16.388, "xmax": 75.0473, "ymax": 16.388 }, "geometry": { "type": "Point", "coordinates": [ 75.0473, 16.388 ] } },
{ "type": "Feature", "properties": { "id": "ethanol_plants.153", "gid": 645, "srno": 153, "utilname": "Shree Renuka Sugars Limited Munoli", "statename": "KARNATAKA", "state_code": 12, "latitude": 15.85833, "longitude": 75.101777, "edit_status": "LIVE", "last_modified_on": "2024-02-20T05:58:24.199", "xmin": 75.1018, "ymin": 15.8583, "xmax": 75.1018, "ymax": 15.8583 }, "geometry": { "type": "Point", "coordinates": [ 75.1018, 15.8583 ] } },
{ "type": "Feature", "properties": { "id": "ethanol_plants.182829", "gid": 6020, "srno": 312, "utilname": "HARSHA SUGARS LIMITED ", "statename": "KARNATAKA", "state_code": 12, "latitude": 15.719806, "longitude": 75.063417, "edit_status": "LIVE", "last_modified_on": "2024-02-20T05:58:24.199", "xmin": 75.0634, "ymin": 15.7198, "xmax": 75.0634, "ymax": 15.7198 }, "geometry": { "type": "Point", "coordinates": [ 75.0634, 15.7198 ] } },
{ "type": "Feature", "properties": { "id": "ethanol_plants.134", "gid": 626, "srno": 134, "utilname": "sar senapati santaji ghorpade sugar factory ltd", "statename": "MAHARASHTRA", "state_code": 15, "latitude": 16.283212, "longitude": 74.247274, "edit_status": "LIVE", "last_modified_on": "2024-02-20T05:58:24.199", "xmin": 74.2473, "ymin": 16.2832, "xmax": 74.2473, "ymax": 16.2832 }, "geometry": { "type": "Point", "coordinates": [ 74.2473, 16.2832 ] } },
{ "type": "Feature", "properties": { "id": "ethanol_plants.260", "gid": 3225, "srno": 260, "utilname": "Shri Hiranyakeshi Sahakari Sakhare Kharkane Niyamit, ", "statename": "Karnataka", "state_code": 12, "latitude": 16.2479, "longitude": 74.5001, "edit_status": "LIVE", "last_modified_on": "2024-02-20T05:58:24.199", "xmin": 74.5001, "ymin": 16.2479, "xmax": 74.5001, "ymax": 16.2479 }, "geometry": { "type": "Point", "coordinates": [ 74.5001, 16.2479 ] } },
{ "type": "Feature", "properties": { "id": "ethanol_plants.192", "gid": 684, "srno": 192, "utilname": "Venkateshwara Power Project Ltd", "statename": "KARNATAKA", "state_code": 12, "latitude": 16.511465, "longitude": 74.476022, "edit_status": "LIVE", "last_modified_on": "2024-02-20T05:58:24.199", "xmin": 74.476, "ymin": 16.5115, "xmax": 74.476, "ymax": 16.5115 }, "geometry": { "type": "Point", "coordinates": [ 74.476, 16.5115 ] } },
{ "type": "Feature", "properties": { "id": "ethanol_plants.144", "gid": 636, "srno": 144, "utilname": "CHIDANAND BASAPRABHU KORE SSKN CHIKODI", "statename": "KARNATAKA", "state_code": 12, "latitude": 16.507137, "longitude": 74.614304, "edit_status": "LIVE", "last_modified_on": "2024-02-20T05:58:24.199", "xmin": 74.6143, "ymin": 16.5071, "xmax": 74.6143, "ymax": 16.5071 }, "geometry": { "type": "Point", "coordinates": [ 74.6143, 16.5071 ] } },
{ "type": "Feature", "properties": { "id": "ethanol_plants.210", "gid": 702, "srno": 210, "utilname": "Shri Gurudatt Sugars ltd.", "statename": "MAHARASHTRA", "state_code": 15, "latitude": 16.620084, "longitude": 74.6017, "edit_status": "LIVE", "last_modified_on": "2024-02-20T05:58:24.199", "xmin": 74.6017, "ymin": 16.6201, "xmax": 74.6017, "ymax": 16.6201 }, "geometry": { "type": "Point", "coordinates": [ 74.6017, 16.6201 ] } },
{ "type": "Feature", "properties": { "id": "ethanol_plants.207", "gid": 699, "srno": 207, "utilname": "KARAN SUGARS PRIVATE LIMITED", "statename": "MAHARASHTRA", "state_code": 15, "latitude": 16.641323, "longitude": 74.57042, "edit_status": "LIVE", "last_modified_on": "2024-02-20T05:58:24.199", "xmin": 74.5704, "ymin": 16.6413, "xmax": 74.5704, "ymax": 16.6413 }, "geometry": { "type": "Point", "coordinates": [ 74.5704, 16.6413 ] } },
{ "type": "Feature", "properties": { "id": "ethanol_plants.143", "gid": 635, "srno": 143, "utilname": "Shree Datta Shetkari S S Karkhana Ltd Shirol", "statename": "MAHARASHTRA", "state_code": 15, "latitude": 16.75064, "longitude": 74.588034, "edit_status": "LIVE", "last_modified_on": "2024-02-20T05:58:24.199", "xmin": 74.588, "ymin": 16.7506, "xmax": 74.588, "ymax": 16.7506 }, "geometry": { "type": "Point", "coordinates": [ 74.588, 16.7506 ] } },
{ "type": "Feature", "properties": { "id": "ethanol_plants.142", "gid": 634, "srno": 142, "utilname": "Shree Chh.Shahu S.S.K.Ltd. Kagal", "statename": "MAHARASHTRA", "state_code": 15, "latitude": 16.587038, "longitude": 74.297578, "edit_status": "LIVE", "last_modified_on": "2024-02-20T05:58:24.199", "xmin": 74.2976, "ymin": 16.587, "xmax": 74.2976, "ymax": 16.587 }, "geometry": { "type": "Point", "coordinates": [ 74.2976, 16.587 ] } },
{ "type": "Feature", "properties": { "id": "ethanol_plants.158", "gid": 650, "srno": 158, "utilname": "SHREE TATYASAHEB KORE WARANA SAHAKARI SAKHAR KARKHANA LIMITED", "statename": "MAHARASHTRA", "state_code": 15, "latitude": 16.862392, "longitude": 74.203336, "edit_status": "LIVE", "last_modified_on": "2024-02-20T05:58:24.199", "xmin": 74.2033, "ymin": 16.8624, "xmax": 74.2033, "ymax": 16.8624 }, "geometry": { "type": "Point", "coordinates": [ 74.2033, 16.8624 ] } },
{ "type": "Feature", "properties": { "id": "ethanol_plants.113", "gid": 605, "srno": 113, "utilname": "Padmabhushan Krantiveer Dr Nagnathanna Nayakawadi Hutatma Kisan Ahir SSKL Nagnathannanagar Walwe", "statename": "MAHARASHTRA", "state_code": 15, "latitude": 17.019824, "longitude": 74.371786, "edit_status": "LIVE", "last_modified_on": "2024-02-20T05:58:24.199", "xmin": 74.3718, "ymin": 17.0198, "xmax": 74.3718, "ymax": 17.0198 }, "geometry": { "type": "Point", "coordinates": [ 74.3718, 17.0198 ] } },
{ "type": "Feature", "properties": { "id": "ethanol_plants.122", "gid": 614, "srno": 122, "utilname": "Rajarambapu Patil Sahakari Sakhar Karkhana Ltd Rajaramnagar", "statename": "MAHARASHTRA", "state_code": 15, "latitude": 17.067, "longitude": 74.28, "edit_status": "LIVE", "last_modified_on": "2024-02-20T05:58:24.199", "xmin": 74.28, "ymin": 17.067, "xmax": 74.28, "ymax": 17.067 }, "geometry": { "type": "Point", "coordinates": [ 74.28, 17.067 ] } },
{ "type": "Feature", "properties": { "id": "ethanol_plants.199", "gid": 691, "srno": 199, "utilname": "YASHWANTRAO MOHITE KRISHNA SAHAKARI SAKHAR KARKHANA LTD RETHARE BK TAL KARAD DIST SATARA MAHARASHTRA", "statename": "MAHARASHTRA", "state_code": 15, "latitude": 17.1630576, "longitude": 74.223802, "edit_status": "LIVE", "last_modified_on": "2024-02-20T05:58:24.199", "xmin": 74.2238, "ymin": 17.1631, "xmax": 74.2238, "ymax": 17.1631 }, "geometry": { "type": "Point", "coordinates": [ 74.2238, 17.1631 ] } },
{ "type": "Feature", "properties": { "id": "ethanol_plants.62", "gid": 554, "srno": 62, "utilname": "Green Power Sugars Ltd. Gopuj", "statename": "MAHARASHTRA", "state_code": 15, "latitude": 17.52277778, "longitude": 74.40222222, "edit_status": "LIVE", "last_modified_on": "2024-02-20T05:58:24.199", "xmin": 74.4022, "ymin": 17.5228, "xmax": 74.4022, "ymax": 17.5228 }, "geometry": { "type": "Point", "coordinates": [ 74.4022, 17.5228 ] } },
{ "type": "Feature", "properties": { "id": "ethanol_plants.43", "gid": 535, "srno": 43, "utilname": "Dr.Patangrao Kadam Sonhira Sahakari Karkhana Ltd Mohanrao Kadamnagar Wangi", "statename": "MAHARASHTRA", "state_code": 15, "latitude": 17.220251, "longitude": 74.374113, "edit_status": "LIVE", "last_modified_on": "2024-02-20T05:58:24.199", "xmin": 74.3741, "ymin": 17.2203, "xmax": 74.3741, "ymax": 17.2203 }, "geometry": { "type": "Point", "coordinates": [ 74.3741, 17.2203 ] } },
{ "type": "Feature", "properties": { "id": "ethanol_plants.187", "gid": 679, "srno": 187, "utilname": "Udagiri Sugar And Power Ltd", "statename": "MAHARASHTRA", "state_code": 15, "latitude": 17.204736, "longitude": 74.59288, "edit_status": "LIVE", "last_modified_on": "2024-02-20T05:58:24.199", "xmin": 74.5929, "ymin": 17.2047, "xmax": 74.5929, "ymax": 17.2047 }, "geometry": { "type": "Point", "coordinates": [ 74.5929, 17.2047 ] } },
{ "type": "Feature", "properties": { "id": "ethanol_plants.209", "gid": 701, "srno": 209, "utilname": "Krantiagrani Dr G D Bapu Lad Sahakari Sakhar Karkhana Ltd Kundal", "statename": "MAHARASHTRA", "state_code": 15, "latitude": 17.133006, "longitude": 74.42548, "edit_status": "LIVE", "last_modified_on": "2024-02-20T05:58:24.199", "xmin": 74.4255, "ymin": 17.133, "xmax": 74.4255, "ymax": 17.133 }, "geometry": { "type": "Point", "coordinates": [ 74.4255, 17.133 ] } },
{ "type": "Feature", "properties": { "id": "ethanol_plants.162", "gid": 654, "srno": 162, "utilname": "Shri Dutt India Pvt. Ltd. Sangli", "statename": "MAHARASHTRA", "state_code": 15, "latitude": 16.880191, "longitude": 74.587227, "edit_status": "LIVE", "last_modified_on": "2024-02-20T05:58:24.199", "xmin": 74.5872, "ymin": 16.8802, "xmax": 74.5872, "ymax": 16.8802 }, "geometry": { "type": "Point", "coordinates": [ 74.5872, 16.8802 ] } },
{ "type": "Feature", "properties": { "id": "ethanol_plants.208", "gid": 700, "srno": 208, "utilname": "SADGURU SRI SRI SAKHAR KARKHANA LTD", "statename": "MAHARASHTRA", "state_code": 15, "latitude": 17.608755, "longitude": 74.917528, "edit_status": "LIVE", "last_modified_on": "2024-02-20T05:58:24.199", "xmin": 74.9175, "ymin": 17.6088, "xmax": 74.9175, "ymax": 17.6088 }, "geometry": { "type": "Point", "coordinates": [ 74.9175, 17.6088 ] } },
{ "type": "Feature", "properties": { "id": "ethanol_plants.152", "gid": 644, "srno": 152, "utilname": "SHREE PANDURANG SAHAKARI SAKHAR KARKHANA LTD.", "statename": "MAHARASHTRA", "state_code": 15, "latitude": 17.852475, "longitude": 75.10387, "edit_status": "LIVE", "last_modified_on": "2024-02-20T05:58:24.199", "xmin": 75.1039, "ymin": 17.8525, "xmax": 75.1039, "ymax": 17.8525 }, "geometry": { "type": "Point", "coordinates": [ 75.1039, 17.8525 ] } },
{ "type": "Feature", "properties": { "id": "ethanol_plants.180", "gid": 672, "srno": 180, "utilname": "The Saswad Mali Sugar Factory Ltd", "statename": "MAHARASHTRA", "state_code": 15, "latitude": 17.897494, "longitude": 75.054758, "edit_status": "LIVE", "last_modified_on": "2024-02-20T05:58:24.199", "xmin": 75.0548, "ymin": 17.8975, "xmax": 75.0548, "ymax": 17.8975 }, "geometry": { "type": "Point", "coordinates": [ 75.0548, 17.8975 ] } },
{ "type": "Feature", "properties": { "id": "ethanol_plants.130", "gid": 622, "srno": 130, "utilname": "S M S Mohite Patil S S K Ltd Akluj", "statename": "MAHARASHTRA", "state_code": 15, "latitude": 17.866705, "longitude": 75.005533, "edit_status": "LIVE", "last_modified_on": "2024-02-20T05:58:24.199", "xmin": 75.0055, "ymin": 17.8667, "xmax": 75.0055, "ymax": 17.8667 }, "geometry": { "type": "Point", "coordinates": [ 75.0055, 17.8667 ] } },
{ "type": "Feature", "properties": { "id": "ethanol_plants.106", "gid": 598, "srno": 106, "utilname": "Neera Bhima Sahakari Sakhar Karakhana Ltd Shahajinagar", "statename": "MAHARASHTRA", "state_code": 15, "latitude": 17.990784, "longitude": 74.946891, "edit_status": "LIVE", "last_modified_on": "2024-02-20T05:58:24.199", "xmin": 74.9469, "ymin": 17.9908, "xmax": 74.9469, "ymax": 17.9908 }, "geometry": { "type": "Point", "coordinates": [ 74.9469, 17.9908 ] } },
{ "type": "Feature", "properties": { "id": "ethanol_plants.226", "gid": 718, "srno": 226, "utilname": "Karmayogi Shankarraoji Patil S.S.K.Ltd. Indapur", "statename": "MAHARASHTRA", "state_code": 15, "latitude": 18.140037280685601, "longitude": 74.959385139748505, "edit_status": "LIVE", "last_modified_on": "2024-02-20T05:58:24.199", "xmin": 74.9594, "ymin": 18.14, "xmax": 74.9594, "ymax": 18.14 }, "geometry": { "type": "Point", "coordinates": [ 74.9594, 18.14 ] } },
{ "type": "Feature", "properties": { "id": "ethanol_plants.178", "gid": 670, "srno": 178, "utilname": "The Malegaon Sahakari Sakhar Karkhana Ltd", "statename": "MAHARASHTRA", "state_code": 15, "latitude": 18.110997, "longitude": 74.510201, "edit_status": "LIVE", "last_modified_on": "2024-02-20T05:58:24.199", "xmin": 74.5102, "ymin": 18.111, "xmax": 74.5102, "ymax": 18.111 }, "geometry": { "type": "Point", "coordinates": [ 74.5102, 18.111 ] } },
{ "type": "Feature", "properties": { "id": "ethanol_plants.175", "gid": 667, "srno": 175, "utilname": "Swaraj India Agro Limited", "statename": "MAHARASHTRA", "state_code": 15, "latitude": 17.83673, "longitude": 74.384507, "edit_status": "LIVE", "last_modified_on": "2024-02-20T05:58:24.199", "xmin": 74.3845, "ymin": 17.8367, "xmax": 74.3845, "ymax": 17.8367 }, "geometry": { "type": "Point", "coordinates": [ 74.3845, 17.8367 ] } },
{ "type": "Feature", "properties": { "id": "ethanol_plants.74", "gid": 566, "srno": 74, "utilname": "Jarandeshwar Sugar Mills Pvt. Ltd. Chimangaon Tal. Koregaon Dist. Satara 415501", "statename": "MAHARASHTRA", "state_code": 15, "latitude": 17.7057, "longitude": 74.2311, "edit_status": "LIVE", "last_modified_on": "2024-02-20T05:58:24.199", "xmin": 74.2311, "ymin": 17.7057, "xmax": 74.2311, "ymax": 17.7057 }, "geometry": { "type": "Point", "coordinates": [ 74.2311, 17.7057 ] } },
{ "type": "Feature", "properties": { "id": "ethanol_plants.139", "gid": 631, "srno": 139, "utilname": "Sharayu Agro Industries Ltd", "statename": "MAHARASHTRA", "state_code": 15, "latitude": 17.941128, "longitude": 74.253174, "edit_status": "LIVE", "last_modified_on": "2024-02-20T05:58:24.199", "xmin": 74.2532, "ymin": 17.9411, "xmax": 74.2532, "ymax": 17.9411 }, "geometry": { "type": "Point", "coordinates": [ 74.2532, 17.9411 ] } },
{ "type": "Feature", "properties": { "id": "ethanol_plants.211", "gid": 703, "srno": 211, "utilname": "Shri Dutt India Private Limited Satara", "statename": "MAHARASHTRA", "state_code": 15, "latitude": 18.053372, "longitude": 74.338887, "edit_status": "LIVE", "last_modified_on": "2024-02-20T05:58:24.199", "xmin": 74.3389, "ymin": 18.0534, "xmax": 74.3389, "ymax": 18.0534 }, "geometry": { "type": "Point", "coordinates": [ 74.3389, 18.0534 ] } },
{ "type": "Feature", "properties": { "id": "ethanol_plants.107", "gid": 599, "srno": 107, "utilname": "NEW PHALTAN SUGAR WORKS DISTILLERY DIVISION LTD", "statename": "MAHARASHTRA", "state_code": 15, "latitude": 18.031434, "longitude": 74.344913, "edit_status": "LIVE", "last_modified_on": "2024-02-20T05:58:24.199", "xmin": 74.3449, "ymin": 18.0314, "xmax": 74.3449, "ymax": 18.0314 }, "geometry": { "type": "Point", "coordinates": [ 74.3449, 18.0314 ] } },
{ "type": "Feature", "properties": { "id": "ethanol_plants.164", "gid": 656, "srno": 164, "utilname": "shri someshwar ssk ltd", "statename": "MAHARASHTRA", "state_code": 15, "latitude": 18.10769, "longitude": 74.285514, "edit_status": "LIVE", "last_modified_on": "2024-02-20T05:58:24.199", "xmin": 74.2855, "ymin": 18.1077, "xmax": 74.2855, "ymax": 18.1077 }, "geometry": { "type": "Point", "coordinates": [ 74.2855, 18.1077 ] } },
{ "type": "Feature", "properties": { "id": "ethanol_plants.77", "gid": 569, "srno": 77, "utilname": "Jubilant Life Sciences Limited maharashtra", "statename": "MAHARASHTRA", "state_code": 15, "latitude": 18.098937, "longitude": 74.217432, "edit_status": "LIVE", "last_modified_on": "2024-02-20T05:58:24.199", "xmin": 74.2174, "ymin": 18.0989, "xmax": 74.2174, "ymax": 18.0989 }, "geometry": { "type": "Point", "coordinates": [ 74.2174, 18.0989 ] } },
{ "type": "Feature", "properties": { "id": "ethanol_plants.7", "gid": 499, "srno": 7, "utilname": "Ashirwad Industries", "statename": "MAHARASHTRA", "state_code": 15, "latitude": 18.037003, "longitude": 74.095713, "edit_status": "LIVE", "last_modified_on": "2024-02-20T05:58:24.199", "xmin": 74.0957, "ymin": 18.037, "xmax": 74.0957, "ymax": 18.037 }, "geometry": { "type": "Point", "coordinates": [ 74.0957, 18.037 ] } },
{ "type": "Feature", "properties": { "id": "ethanol_plants.3", "gid": 495, "srno": 3, "utilname": "AJINKYATARA SAHAKARI SAKHAR KARKHANA LTD", "statename": "MAHARASHTRA", "state_code": 15, "latitude": 17.623653, "longitude": 74.018847, "edit_status": "LIVE", "last_modified_on": "2024-02-20T05:58:24.199", "xmin": 74.0188, "ymin": 17.6237, "xmax": 74.0188, "ymax": 17.6237 }, "geometry": { "type": "Point", "coordinates": [ 74.0188, 17.6237 ] } },
{ "type": "Feature", "properties": { "id": "ethanol_plants.123", "gid": 615, "srno": 123, "utilname": "Rajgad Sahakari Sakhar Karkhana Ltd. Anantnagar Nigade", "statename": "MAHARASHTRA", "state_code": 15, "latitude": 18.227063, "longitude": 73.926429, "edit_status": "LIVE", "last_modified_on": "2024-02-20T05:58:24.199", "xmin": 73.9264, "ymin": 18.2271, "xmax": 73.9264, "ymax": 18.2271 }, "geometry": { "type": "Point", "coordinates": [ 73.9264, 18.2271 ] } },
{ "type": "Feature", "properties": { "id": "ethanol_plants.91", "gid": 583, "srno": 91, "utilname": "Laxmi Organic Industries Ltd", "statename": "MAHARASHTRA", "state_code": 15, "latitude": 18.106156, "longitude": 73.473816, "edit_status": "LIVE", "last_modified_on": "2024-02-20T05:58:24.199", "xmin": 73.4738, "ymin": 18.1062, "xmax": 73.4738, "ymax": 18.1062 }, "geometry": { "type": "Point", "coordinates": [ 73.4738, 18.1062 ] } },
{ "type": "Feature", "properties": { "id": "ethanol_plants.75", "gid": 567, "srno": 75, "utilname": "Jaywant Sugars Ltd", "statename": "MAHARASHTRA", "state_code": 15, "latitude": 17.44957, "longitude": 74.02471, "edit_status": "LIVE", "last_modified_on": "2024-02-20T05:58:24.199", "xmin": 74.0247, "ymin": 17.4496, "xmax": 74.0247, "ymax": 17.4496 }, "geometry": { "type": "Point", "coordinates": [ 74.0247, 17.4496 ] } },
{ "type": "Feature", "properties": { "id": "ethanol_plants.136", "gid": 628, "srno": 136, "utilname": "satyam petrochemicals", "statename": "MAHARASHTRA", "state_code": 15, "latitude": 17.4183, "longitude": 74.150355, "edit_status": "LIVE", "last_modified_on": "2024-02-20T05:58:24.199", "xmin": 74.1504, "ymin": 17.4183, "xmax": 74.1504, "ymax": 17.4183 }, "geometry": { "type": "Point", "coordinates": [ 74.1504, 17.4183 ] } },
{ "type": "Feature", "properties": { "id": "ethanol_plants.228", "gid": 720, "srno": 228, "utilname": "Sahyadri Sahakari Sakhar Karkhana Ltd", "statename": "MAHARASHTRA", "state_code": 15, "latitude": 17.363976, "longitude": 74.163147, "edit_status": "LIVE", "last_modified_on": "2024-02-20T05:58:24.199", "xmin": 74.1631, "ymin": 17.364, "xmax": 74.1631, "ymax": 17.364 }, "geometry": { "type": "Point", "coordinates": [ 74.1631, 17.364 ] } },
{ "type": "Feature", "properties": { "id": "ethanol_plants.33", "gid": 525, "srno": 33, "utilname": "Dalmia Bharat Sugar and Industries Limited (Distillery Unit - Asurle Porle)", "statename": "MAHARASHTRA", "state_code": 15, "latitude": 16.766822, "longitude": 74.135555, "edit_status": "LIVE", "last_modified_on": "2024-02-20T05:58:24.199", "xmin": 74.1356, "ymin": 16.7668, "xmax": 74.1356, "ymax": 16.7668 }, "geometry": { "type": "Point", "coordinates": [ 74.1356, 16.7668 ] } },
{ "type": "Feature", "properties": { "id": "ethanol_plants.259", "gid": 3224, "srno": 259, "utilname": "Padmashree Dr D Y Patil SSK Ltd", "statename": "MAHARASHTRA", "state_code": 15, "latitude": 16.586184, "longitude": 73.878768, "edit_status": "LIVE", "last_modified_on": "2024-02-20T05:58:24.199", "xmin": 73.8788, "ymin": 16.5862, "xmax": 73.8788, "ymax": 16.5862 }, "geometry": { "type": "Point", "coordinates": [ 73.8788, 16.5862 ] } },
{ "type": "Feature", "properties": { "id": "ethanol_plants.87", "gid": 579, "srno": 87, "utilname": "kisanveer sssk ltd", "statename": "MAHARASHTRA", "state_code": 15, "latitude": 19.099636, "longitude": 72.87298, "edit_status": "LIVE", "last_modified_on": "2024-02-20T05:58:24.199", "xmin": 72.873, "ymin": 19.0996, "xmax": 72.873, "ymax": 19.0996 }, "geometry": { "type": "Point", "coordinates": [ 72.873, 19.0996 ] } },
{ "type": "Feature", "properties": { "id": "ethanol_plants.119", "gid": 611, "srno": 119, "utilname": "Purandhareshwara Steels Ltd", "statename": "MAHARASHTRA", "state_code": 15, "latitude": 18.262804, "longitude": 74.176254, "edit_status": "LIVE", "last_modified_on": "2024-02-20T05:58:24.199", "xmin": 74.1763, "ymin": 18.2628, "xmax": 74.1763, "ymax": 18.2628 }, "geometry": { "type": "Point", "coordinates": [ 74.1763, 18.2628 ] } },
{ "type": "Feature", "properties": { "id": "ethanol_plants.215", "gid": 707, "srno": 215, "utilname": "KUNJIR BIO ENERGY INDIA LLP", "statename": "MAHARASHTRA", "state_code": 15, "latitude": 18.55331, "longitude": 74.17371, "edit_status": "LIVE", "last_modified_on": "2024-02-20T05:58:24.199", "xmin": 74.1737, "ymin": 18.5533, "xmax": 74.1737, "ymax": 18.5533 }, "geometry": { "type": "Point", "coordinates": [ 74.1737, 18.5533 ] } },
{ "type": "Feature", "properties": { "id": "ethanol_plants.202", "gid": 694, "srno": 202, "utilname": "Zenith Bio Chemical Industries Pvt Ltd", "statename": "MAHARASHTRA", "state_code": 15, "latitude": 18.6927347, "longitude": 74.0943135, "edit_status": "LIVE", "last_modified_on": "2024-02-20T05:58:24.199", "xmin": 74.0943, "ymin": 18.6927, "xmax": 74.0943, "ymax": 18.6927 }, "geometry": { "type": "Point", "coordinates": [ 74.0943, 18.6927 ] } },
{ "type": "Feature", "properties": { "id": "ethanol_plants.127", "gid": 619, "srno": 127, "utilname": "Regola Bio-Chemical Pvt. Ltd.(MSME Registered)", "statename": "MAHARASHTRA", "state_code": 15, "latitude": 18.666341, "longitude": 74.133632, "edit_status": "LIVE", "last_modified_on": "2024-02-20T05:58:24.199", "xmin": 74.1336, "ymin": 18.6663, "xmax": 74.1336, "ymax": 18.6663 }, "geometry": { "type": "Point", "coordinates": [ 74.1336, 18.6663 ] } },
{ "type": "Feature", "properties": { "id": "ethanol_plants.165", "gid": 657, "srno": 165, "utilname": "SHRI VIGHNAHAR SAHAKARI SAKHAR KARKHANA LTD", "statename": "MAHARASHTRA", "state_code": 15, "latitude": 19.165009, "longitude": 73.95194, "edit_status": "LIVE", "last_modified_on": "2024-02-20T05:58:24.199", "xmin": 73.9519, "ymin": 19.165, "xmax": 73.9519, "ymax": 19.165 }, "geometry": { "type": "Point", "coordinates": [ 73.9519, 19.165 ] } },
{ "type": "Feature", "properties": { "id": "ethanol_plants.224", "gid": 716, "srno": 224, "utilname": "Agasti sahakari Sakhar Karkhana Ltd. Agastinagar.", "statename": "MAHARASHTRA", "state_code": 15, "latitude": 19.51441, "longitude": 74.00644, "edit_status": "LIVE", "last_modified_on": "2024-02-20T05:58:24.199", "xmin": 74.0064, "ymin": 19.5144, "xmax": 74.0064, "ymax": 19.5144 }, "geometry": { "type": "Point", "coordinates": [ 74.0064, 19.5144 ] } },
{ "type": "Feature", "properties": { "id": "ethanol_plants.6", "gid": 498, "srno": 6, "utilname": "ARSS BIOFUEL PRIVATE LIMITED(MSME Registered)", "statename": "MAHARASHTRA", "state_code": 15, "latitude": 19.855094, "longitude": 73.686031, "edit_status": "LIVE", "last_modified_on": "2024-02-20T05:58:24.199", "xmin": 73.686, "ymin": 19.8551, "xmax": 73.686, "ymax": 19.8551 }, "geometry": { "type": "Point", "coordinates": [ 73.686, 19.8551 ] } },
{ "type": "Feature", "properties": { "id": "ethanol_plants.201", "gid": 693, "srno": 201, "utilname": "YOGESHWARI PETROCHEMICALS PVT. LTD", "statename": "MAHARASHTRA", "state_code": 15, "latitude": 19.88, "longitude": 73.96, "edit_status": "LIVE", "last_modified_on": "2024-02-20T05:58:24.199", "xmin": 73.96, "ymin": 19.88, "xmax": 73.96, "ymax": 19.88 }, "geometry": { "type": "Point", "coordinates": [ 73.96, 19.88 ] } },
{ "type": "Feature", "properties": { "id": "ethanol_plants.132", "gid": 624, "srno": 132, "utilname": "Sagar Industries And Distilleries Pvt Ltd", "statename": "MAHARASHTRA", "state_code": 15, "latitude": 20.334786, "longitude": 74.000957, "edit_status": "LIVE", "last_modified_on": "2024-02-20T05:58:24.199", "xmin": 74.001, "ymin": 20.3348, "xmax": 74.001, "ymax": 20.3348 }, "geometry": { "type": "Point", "coordinates": [ 74.001, 20.3348 ] } },
{ "type": "Feature", "properties": { "id": "ethanol_plants.185722", "gid": 6011, "srno": 303, "utilname": "KADWA SAHAKARI SAKHAR KARKHANA LTD", "statename": "MAHARASHTRA", "state_code": 15, "latitude": 20.2276292, "longitude": 73.9151903, "edit_status": "LIVE", "last_modified_on": "2024-02-20T05:58:24.199", "xmin": 73.9152, "ymin": 20.2276, "xmax": 73.9152, "ymax": 20.2276 }, "geometry": { "type": "Point", "coordinates": [ 73.9152, 20.2276 ] } },
{ "type": "Feature", "properties": { "id": "ethanol_plants.44", "gid": 536, "srno": 44, "utilname": "DSKL", "statename": "MAHARASHTRA", "state_code": 15, "latitude": 20.798638, "longitude": 74.118119, "edit_status": "LIVE", "last_modified_on": "2024-02-20T05:58:24.199", "xmin": 74.1181, "ymin": 20.7986, "xmax": 74.1181, "ymax": 20.7986 }, "geometry": { "type": "Point", "coordinates": [ 74.1181, 20.7986 ] } },
{ "type": "Feature", "properties": { "id": "ethanol_plants.150", "gid": 642, "srno": 150, "utilname": "SHREE MAHUVA PRADESH SAHAKARI KHAND UDYOG MANDLI LTD", "statename": "GUJARAT", "state_code": 7, "latitude": 20.93, "longitude": 73.19, "edit_status": "LIVE", "last_modified_on": "2024-02-20T05:58:24.199", "xmin": 73.19, "ymin": 20.93, "xmax": 73.19, "ymax": 20.93 }, "geometry": { "type": "Point", "coordinates": [ 73.19, 20.93 ] } },
{ "type": "Feature", "properties": { "id": "ethanol_plants.133", "gid": 625, "srno": 133, "utilname": "SAHAKARI KHAND UDYOG MANDAL LTD GANDEVI", "statename": "GUJARAT", "state_code": 7, "latitude": 20.81348, "longitude": 73.008411, "edit_status": "LIVE", "last_modified_on": "2024-02-20T05:58:24.199", "xmin": 73.0084, "ymin": 20.8135, "xmax": 73.0084, "ymax": 20.8135 }, "geometry": { "type": "Point", "coordinates": [ 73.0084, 20.8135 ] } },
{ "type": "Feature", "properties": { "id": "ethanol_plants.157", "gid": 649, "srno": 157, "utilname": "SHREE SAYAN VIBHAG SAHAKARI KHAND UDYOG MANDLI LTD.", "statename": "GUJARAT", "state_code": 7, "latitude": 21.2029, "longitude": 72.53478, "edit_status": "LIVE", "last_modified_on": "2024-02-20T05:58:24.199", "xmin": 72.5348, "ymin": 21.2029, "xmax": 72.5348, "ymax": 21.2029 }, "geometry": { "type": "Point", "coordinates": [ 72.5348, 21.2029 ] } },
{ "type": "Feature", "properties": { "id": "ethanol_plants.95", "gid": 587, "srno": 95, "utilname": "LUNA CHEMICAL INDUSTRIES PVT.LTD.", "statename": "GUJARAT", "state_code": 7, "latitude": 21.412504, "longitude": 72.747366, "edit_status": "LIVE", "last_modified_on": "2024-02-20T05:58:24.199", "xmin": 72.7474, "ymin": 21.4125, "xmax": 72.7474, "ymax": 21.4125 }, "geometry": { "type": "Point", "coordinates": [ 72.7474, 21.4125 ] } },
{ "type": "Feature", "properties": { "id": "ethanol_plants.147", "gid": 639, "srno": 147, "utilname": "SHREE KAMREJ VIBHAG SAHAKARI KHAND UDYOG MANDALI LTD", "statename": "GUJARAT", "state_code": 7, "latitude": 21.333011, "longitude": 72.962391, "edit_status": "LIVE", "last_modified_on": "2024-02-20T05:58:24.199", "xmin": 72.9624, "ymin": 21.333, "xmax": 72.9624, "ymax": 21.333 }, "geometry": { "type": "Point", "coordinates": [ 72.9624, 21.333 ] } },
{ "type": "Feature", "properties": { "id": "ethanol_plants.141", "gid": 633, "srno": 141, "utilname": "Shree Chalthan Vibhag Khand Udyog Sahakari Mandli Limited", "statename": "GUJARAT", "state_code": 7, "latitude": 21.0834125, "longitude": 72.9873844, "edit_status": "LIVE", "last_modified_on": "2024-02-20T05:58:24.199", "xmin": 72.9874, "ymin": 21.0834, "xmax": 72.9874, "ymax": 21.0834 }, "geometry": { "type": "Point", "coordinates": [ 72.9874, 21.0834 ] } },
{ "type": "Feature", "properties": { "id": "ethanol_plants.146", "gid": 638, "srno": 146, "utilname": "SHREE GANESH KHAND UDYOG SAHAKARI MANDLI LTD", "statename": "GUJARAT", "state_code": 7, "latitude": 21.562766, "longitude": 73.108481, "edit_status": "LIVE", "last_modified_on": "2024-02-20T05:58:24.199", "xmin": 73.1085, "ymin": 21.5628, "xmax": 73.1085, "ymax": 21.5628 }, "geometry": { "type": "Point", "coordinates": [ 73.1085, 21.5628 ] } },
{ "type": "Feature", "properties": { "id": "ethanol_plants.148", "gid": 640, "srno": 148, "utilname": "Shree Khedut Sahakari Khand Udyog Mandli Limited Pandvai", "statename": "GUJARAT", "state_code": 7, "latitude": 21.487077, "longitude": 72.907899, "edit_status": "LIVE", "last_modified_on": "2024-02-20T05:58:24.199", "xmin": 72.9079, "ymin": 21.4871, "xmax": 72.9079, "ymax": 21.4871 }, "geometry": { "type": "Point", "coordinates": [ 72.9079, 21.4871 ] } },
{ "type": "Feature", "properties": { "id": "ethanol_plants.271", "gid": 5692, "srno": 271, "utilname": "M/s Grainspan Nutrients Pvt Ltd(DEP)", "statename": "GUJARAT", "state_code": 7, "latitude": 22.68639, "longitude": 72.235581, "edit_status": "LIVE", "last_modified_on": "2024-02-20T05:58:24.199", "xmin": 72.2356, "ymin": 22.6864, "xmax": 72.2356, "ymax": 22.6864 }, "geometry": { "type": "Point", "coordinates": [ 72.2356, 22.6864 ] } },
{ "type": "Feature", "properties": { "id": "ethanol_plants.151", "gid": 643, "srno": 151, "utilname": "SHREE NARMADA KHAND UDYOG SAHAKARI MANDLI LTD.", "statename": "GUJARAT", "state_code": 7, "latitude": 21.827239, "longitude": 73.387794, "edit_status": "LIVE", "last_modified_on": "2024-02-20T05:58:24.199", "xmin": 73.3878, "ymin": 21.8272, "xmax": 73.3878, "ymax": 21.8272 }, "geometry": { "type": "Point", "coordinates": [ 73.3878, 21.8272 ] } },
{ "type": "Feature", "properties": { "id": "ethanol_plants.149", "gid": 641, "srno": 149, "utilname": "SHREE MADHI VIBHAG KHAND UDHYOG SAHAKRI MANDLI LTD.", "statename": "GUJARAT", "state_code": 7, "latitude": 21.147406, "longitude": 73.256602, "edit_status": "LIVE", "last_modified_on": "2024-02-20T05:58:24.199", "xmin": 73.2566, "ymin": 21.1474, "xmax": 73.2566, "ymax": 21.1474 }, "geometry": { "type": "Point", "coordinates": [ 73.2566, 21.1474 ] } },
{ "type": "Feature", "properties": { "id": "ethanol_plants.156", "gid": 648, "srno": 156, "utilname": "Shree Satpuda Tapi Parisar SSk Ltd.", "statename": "MAHARASHTRA", "state_code": 15, "latitude": 21.56427, "longitude": 74.516552, "edit_status": "LIVE", "last_modified_on": "2024-02-20T05:58:24.199", "xmin": 74.5166, "ymin": 21.5643, "xmax": 74.5166, "ymax": 21.5643 }, "geometry": { "type": "Point", "coordinates": [ 74.5166, 21.5643 ] } },
{ "type": "Feature", "properties": { "id": "ethanol_plants.145", "gid": 637, "srno": 145, "utilname": "Shree Durga Khandsari Sugar Mills", "statename": "Madhya Pradesh", "state_code": 14, "latitude": 21.655538, "longitude": 74.655148, "edit_status": "LIVE", "last_modified_on": "2024-02-20T05:58:24.199", "xmin": 74.6551, "ymin": 21.6555, "xmax": 74.6551, "ymax": 21.6555 }, "geometry": { "type": "Point", "coordinates": [ 74.6551, 21.6555 ] } },
{ "type": "Feature", "properties": { "id": "ethanol_plants.185586", "gid": 6005, "srno": 297, "utilname": "AAYAN MULTITRADE LLP ", "statename": "MAHARASHTRA", "state_code": 15, "latitude": 21.4791548, "longitude": 74.3251888, "edit_status": "LIVE", "last_modified_on": "2024-02-20T05:58:24.199", "xmin": 74.3252, "ymin": 21.4792, "xmax": 74.3252, "ymax": 21.4792 }, "geometry": { "type": "Point", "coordinates": [ 74.3252, 21.4792 ] } },
{ "type": "Feature", "properties": { "id": "ethanol_plants.185252", "gid": 5997, "srno": 289, "utilname": "ASSOCIATED ALCOHOLS & BREWERIES LIMITED ", "statename": "Madhya Pradesh", "state_code": 14, "latitude": 22.301017, "longitude": 75.994633, "edit_status": "LIVE", "last_modified_on": "2024-02-20T05:58:24.199", "xmin": 75.9946, "ymin": 22.301, "xmax": 75.9946, "ymax": 22.301 }, "geometry": { "type": "Point", "coordinates": [ 75.9946, 22.301 ] } },
{ "type": "Feature", "properties": { "id": "ethanol_plants.258", "gid": 3223, "srno": 258, "utilname": "Mekalsuta Sugars Pvt Ltd", "statename": "Madhya Pradesh", "state_code": 14, "latitude": 22.0770082, "longitude": 75.3405767, "edit_status": "LIVE", "last_modified_on": "2024-02-20T05:58:24.199", "xmin": 75.3406, "ymin": 22.077, "xmax": 75.3406, "ymax": 22.077 }, "geometry": { "type": "Point", "coordinates": [ 75.3406, 22.077 ] } },
{ "type": "Feature", "properties": { "id": "ethanol_plants.270", "gid": 5691, "srno": 270, "utilname": "M/s Dhanuka Biotech Pvt Ltd(DEP)", "statename": "Madhya Pradesh", "state_code": 14, "latitude": 24.42249, "longitude": 74.86322, "edit_status": "LIVE", "last_modified_on": "2024-02-20T05:58:24.199", "xmin": 74.8632, "ymin": 24.4225, "xmax": 74.8632, "ymax": 24.4225 }, "geometry": { "type": "Point", "coordinates": [ 74.8632, 24.4225 ] } },
{ "type": "Feature", "properties": { "id": "ethanol_plants.112", "gid": 604, "srno": 112, "utilname": "OMSONS MARKETING PVT LTD", "statename": "PUNJAB", "state_code": 17, "latitude": 30.066179, "longitude": 74.856936, "edit_status": "LIVE", "last_modified_on": "2024-02-20T05:58:24.199", "xmin": 74.8569, "ymin": 30.0662, "xmax": 74.8569, "ymax": 30.0662 }, "geometry": { "type": "Point", "coordinates": [ 74.8569, 30.0662 ] } },
{ "type": "Feature", "properties": { "id": "ethanol_plants.22", "gid": 514, "srno": 22, "utilname": "BCL Industries Limited", "statename": "Punjab", "state_code": 17, "latitude": 30.059224, "longitude": 74.866056, "edit_status": "LIVE", "last_modified_on": "2024-02-20T05:58:24.199", "xmin": 74.8661, "ymin": 30.0592, "xmax": 74.8661, "ymax": 30.0592 }, "geometry": { "type": "Point", "coordinates": [ 74.8661, 30.0592 ] } },
{ "type": "Feature", "properties": { "id": "ethanol_plants.279", "gid": 5700, "srno": 279, "utilname": "M/s E20 Greenfuels Pvt. Ltd", "statename": "MADHYA PRADESH", "state_code": 14, "latitude": 29.896087, "longitude": 74.8339073, "edit_status": "LIVE", "last_modified_on": "2024-02-20T05:58:24.199", "xmin": 74.8339, "ymin": 29.8961, "xmax": 74.8339, "ymax": 29.8961 }, "geometry": { "type": "Point", "coordinates": [ 74.8339, 29.8961 ] } },
{ "type": "Feature", "properties": { "id": "ethanol_plants.98", "gid": 590, "srno": 98, "utilname": "MALBROS INTERNATIONAL PVT. LTD.", "statename": "PUNJAB", "state_code": 17, "latitude": 30.919688, "longitude": 74.960346, "edit_status": "LIVE", "last_modified_on": "2024-02-20T05:58:24.199", "xmin": 74.9603, "ymin": 30.9197, "xmax": 74.9603, "ymax": 30.9197 }, "geometry": { "type": "Point", "coordinates": [ 74.9603, 30.9197 ] } },
{ "type": "Feature", "properties": { "id": "ethanol_plants.126", "gid": 618, "srno": 126, "utilname": "Rana Sugars Ltd. (Distillery Division)", "statename": "PUNJAB", "state_code": 17, "latitude": 31.337251, "longitude": 74.901051, "edit_status": "LIVE", "last_modified_on": "2024-02-20T05:58:24.199", "xmin": 74.9011, "ymin": 31.3373, "xmax": 74.9011, "ymax": 31.3373 }, "geometry": { "type": "Point", "coordinates": [ 74.9011, 31.3373 ] } },
{ "type": "Feature", "properties": { "id": "ethanol_plants.185052", "gid": 5992, "srno": 284, "utilname": "ETH BIOFUELS PRIVATE LIMITED", "statename": "PUNJAB", "state_code": 17, "latitude": 31.21541, "longitude": 74.765687, "edit_status": "LIVE", "last_modified_on": "2024-02-20T05:58:24.199", "xmin": 74.7657, "ymin": 31.2154, "xmax": 74.7657, "ymax": 31.2154 }, "geometry": { "type": "Point", "coordinates": [ 74.7657, 31.2154 ] } },
{ "type": "Feature", "properties": { "id": "ethanol_plants.284", "gid": 5705, "srno": 284, "utilname": "ETH BIOFUELS PRIVATE LIMITED", "statename": "PUNJAB", "state_code": 17, "latitude": 31.21541, "longitude": 74.765687, "edit_status": "LIVE", "last_modified_on": "2023-09-18T11:19:55.511", "xmin": 74.7657, "ymin": 31.2154, "xmax": 74.7657, "ymax": 31.2154 }, "geometry": { "type": "Point", "coordinates": [ 74.7657, 31.2154 ] } },
{ "type": "Feature", "properties": { "id": "ethanol_plants.255", "gid": 3220, "srno": 255, "utilname": "Buttar Biofuels Pvt Ltd, Buttar", "statename": "PUNJAB", "state_code": 17, "latitude": 31.6335, "longitude": 75.27226, "edit_status": "LIVE", "last_modified_on": "2024-02-20T05:58:24.199", "xmin": 75.2723, "ymin": 31.6335, "xmax": 75.2723, "ymax": 31.6335 }, "geometry": { "type": "Point", "coordinates": [ 75.2723, 31.6335 ] } },
{ "type": "Feature", "properties": { "id": "ethanol_plants.185165", "gid": 5995, "srno": 287, "utilname": "VRV HOSPITALITY PRIVATE LIMITED", "statename": "PUNJAB", "state_code": 17, "latitude": 32.11657, "longitude": 75.52549, "edit_status": "LIVE", "last_modified_on": "2024-02-20T05:58:24.199", "xmin": 75.5255, "ymin": 32.1166, "xmax": 75.5255, "ymax": 32.1166 }, "geometry": { "type": "Point", "coordinates": [ 75.5255, 32.1166 ] } },
{ "type": "Feature", "properties": { "id": "ethanol_plants.287", "gid": 5708, "srno": 287, "utilname": "VRV HOSPITALITY PRIVATE LIMITED", "statename": "PUNJAB", "state_code": 17, "latitude": 32.11657, "longitude": 75.52549, "edit_status": "LIVE", "last_modified_on": "2023-09-18T11:19:55.511", "xmin": 75.5255, "ymin": 32.1166, "xmax": 75.5255, "ymax": 32.1166 }, "geometry": { "type": "Point", "coordinates": [ 75.5255, 32.1166 ] } },
{ "type": "Feature", "properties": { "id": "ethanol_plants.28", "gid": 520, "srno": 28, "utilname": "Chadha Sugar & Industries Pvt. Ltd. (Molasses Based Distillery) Unit-II", "statename": "Punjab", "state_code": 17, "latitude": 31.7634834, "longitude": 75.5302892, "edit_status": "LIVE", "last_modified_on": "2024-02-20T05:58:24.199", "xmin": 75.5303, "ymin": 31.7635, "xmax": 75.5303, "ymax": 31.7635 }, "geometry": { "type": "Point", "coordinates": [ 75.5303, 31.7635 ] } },
{ "type": "Feature", "properties": { "id": "ethanol_plants.1", "gid": 493, "srno": 1, "utilname": "A B SUGARS LIMITED", "statename": "PUNJAB", "state_code": 17, "latitude": 31.777783, "longitude": 75.695648, "edit_status": "LIVE", "last_modified_on": "2024-02-20T05:58:24.199", "xmin": 75.6956, "ymin": 31.7778, "xmax": 75.6956, "ymax": 31.7778 }, "geometry": { "type": "Point", "coordinates": [ 75.6956, 31.7778 ] } },
{ "type": "Feature", "properties": { "id": "ethanol_plants.206", "gid": 698, "srno": 206, "utilname": "Pioneer Industries Private Limited", "statename": "PUNJAB", "state_code": 17, "latitude": 32.339353, "longitude": 75.63776, "edit_status": "LIVE", "last_modified_on": "2024-02-20T05:58:24.199", "xmin": 75.6378, "ymin": 32.3394, "xmax": 75.6378, "ymax": 32.3394 }, "geometry": { "type": "Point", "coordinates": [ 75.6378, 32.3394 ] } },
{ "type": "Feature", "properties": { "id": "ethanol_plants.118", "gid": 610, "srno": 118, "utilname": "Premier Alcovbev Pvt Ltd", "statename": "Himachal Pradesh", "state_code": 9, "latitude": 31.926961, "longitude": 75.922716, "edit_status": "LIVE", "last_modified_on": "2024-02-20T05:58:24.199", "xmin": 75.9227, "ymin": 31.927, "xmax": 75.9227, "ymax": 31.927 }, "geometry": { "type": "Point", "coordinates": [ 75.9227, 31.927 ] } },
{ "type": "Feature", "properties": { "id": "ethanol_plants.185397", "gid": 6000, "srno": 292, "utilname": "PREMIER ALCOBEV PRIVATE LIMITED", "statename": "Himachal Pradesh", "state_code": 9, "latitude": 31.925376, "longitude": 75.925511, "edit_status": "LIVE", "last_modified_on": "2024-02-20T05:58:24.199", "xmin": 75.9255, "ymin": 31.9254, "xmax": 75.9255, "ymax": 31.9254 }, "geometry": { "type": "Point", "coordinates": [ 75.9255, 31.9254 ] } },
{ "type": "Feature", "properties": { "id": "ethanol_plants.185823", "gid": 6017, "srno": 309, "utilname": "PANCARBO GREENFUELS PRIVATE LIMITED ", "statename": "PUNJAB", "state_code": 17, "latitude": 29.874262, "longitude": 75.174805, "edit_status": "LIVE", "last_modified_on": "2024-02-20T05:58:24.199", "xmin": 75.1748, "ymin": 29.8743, "xmax": 75.1748, "ymax": 29.8743 }, "geometry": { "type": "Point", "coordinates": [ 75.1748, 29.8743 ] } },
{ "type": "Feature", "properties": { "id": "ethanol_plants.117", "gid": 609, "srno": 117, "utilname": "Piccadily Sugar and Allied Industries Ltd", "statename": "Punjab", "state_code": 17, "latitude": 29.921583, "longitude": 76.040194, "edit_status": "LIVE", "last_modified_on": "2024-02-20T05:58:24.199", "xmin": 76.0402, "ymin": 29.9216, "xmax": 76.0402, "ymax": 29.9216 }, "geometry": { "type": "Point", "coordinates": [ 76.0402, 29.9216 ] } },
{ "type": "Feature", "properties": { "id": "ethanol_plants.184", "gid": 676, "srno": 184, "utilname": "Triveni Engineering & Industries Ltd", "statename": "Uttar Pradesh", "state_code": 22, "latitude": 28.195668, "longitude": 78.004859, "edit_status": "LIVE", "last_modified_on": "2024-02-20T05:58:24.199", "xmin": 78.0049, "ymin": 28.1957, "xmax": 78.0049, "ymax": 28.1957 }, "geometry": { "type": "Point", "coordinates": [ 78.0049, 28.1957 ] } },
{ "type": "Feature", "properties": { "id": "ethanol_plants.170", "gid": 662, "srno": 170, "utilname": "Simbhaoli Sugars Ltd. Unit Simbhaoli Distillery", "statename": "Uttar Pradesh", "state_code": 22, "latitude": 28.76648, "longitude": 77.98697, "edit_status": "LIVE", "last_modified_on": "2024-02-20T05:58:24.199", "xmin": 77.987, "ymin": 28.7665, "xmax": 77.987, "ymax": 28.7665 }, "geometry": { "type": "Point", "coordinates": [ 77.987, 28.7665 ] } },
{ "type": "Feature", "properties": { "id": "ethanol_plants.168", "gid": 660, "srno": 168, "utilname": "SIMBHAOLI SUGARS LIMITED UNIT BRIJNATHPUR", "statename": "UTTAR PRADESH", "state_code": 22, "latitude": 28.637932, "longitude": 77.775649, "edit_status": "LIVE", "last_modified_on": "2024-02-20T05:58:24.199", "xmin": 77.7756, "ymin": 28.6379, "xmax": 77.7756, "ymax": 28.6379 }, "geometry": { "type": "Point", "coordinates": [ 77.7756, 28.6379 ] } },
{ "type": "Feature", "properties": { "id": "ethanol_plants.55", "gid": 547, "srno": 55, "utilname": "GHAZIABAD ORGANICS LTD.", "statename": "UTTAR PRADESH", "state_code": 22, "latitude": 28.7875349, "longitude": 77.6435174, "edit_status": "LIVE", "last_modified_on": "2024-02-20T05:58:24.199", "xmin": 77.6435, "ymin": 28.7875, "xmax": 77.6435, "ymax": 28.7875 }, "geometry": { "type": "Point", "coordinates": [ 77.6435, 28.7875 ] } },
{ "type": "Feature", "properties": { "id": "ethanol_plants.37", "gid": 529, "srno": 37, "utilname": "DCM SHRIRAM INDUSTRIES LTD", "statename": "UTTAR PRADESH", "state_code": 22, "latitude": 29.120676, "longitude": 77.705936, "edit_status": "LIVE", "last_modified_on": "2024-02-20T05:58:24.199", "xmin": 77.7059, "ymin": 29.1207, "xmax": 77.7059, "ymax": 29.1207 }, "geometry": { "type": "Point", "coordinates": [ 77.7059, 29.1207 ] } },
{ "type": "Feature", "properties": { "id": "ethanol_plants.100", "gid": 592, "srno": 100, "utilname": "Mawana Sugars Limited", "statename": "UTTAR PRADESH", "state_code": 22, "latitude": 28.886163, "longitude": 77.841129, "edit_status": "LIVE", "last_modified_on": "2024-02-20T05:58:24.199", "xmin": 77.8411, "ymin": 28.8862, "xmax": 77.8411, "ymax": 28.8862 }, "geometry": { "type": "Point", "coordinates": [ 77.8411, 28.8862 ] } },
{ "type": "Feature", "properties": { "id": "ethanol_plants.183", "gid": 675, "srno": 183, "utilname": "TIKAULA DISTILLERY (A UNIT OF TIKAULA SUGAR MILLS LIMITED)", "statename": "UTTAR PRADESH", "state_code": 22, "latitude": 29.239725, "longitude": 77.991016, "edit_status": "LIVE", "last_modified_on": "2024-02-20T05:58:24.199", "xmin": 77.991, "ymin": 29.2397, "xmax": 77.991, "ymax": 29.2397 }, "geometry": { "type": "Point", "coordinates": [ 77.991, 29.2397 ] } },
{ "type": "Feature", "properties": { "id": "ethanol_plants.171", "gid": 663, "srno": 171, "utilname": "SIR SHADILAL DISTILLERY & CHEMICAL WORKS (UNIT OF SVP INDUSTRIES LTD)", "statename": "UTTAR PRADESH", "state_code": 22, "latitude": 29.351428, "longitude": 77.717306, "edit_status": "LIVE", "last_modified_on": "2024-02-20T05:58:24.199", "xmin": 77.7173, "ymin": 29.3514, "xmax": 77.7173, "ymax": 29.3514 }, "geometry": { "type": "Point", "coordinates": [ 77.7173, 29.3514 ] } },
{ "type": "Feature", "properties": { "id": "ethanol_plants.185", "gid": 677, "srno": 185, "utilname": "Triveni Engineering and industries ltd", "statename": "Uttar Pradesh", "state_code": 22, "latitude": 29.429526, "longitude": 77.777393, "edit_status": "LIVE", "last_modified_on": "2024-02-20T05:58:24.199", "xmin": 77.7774, "ymin": 29.4295, "xmax": 77.7774, "ymax": 29.4295 }, "geometry": { "type": "Point", "coordinates": [ 77.7774, 29.4295 ] } },
{ "type": "Feature", "properties": { "id": "ethanol_plants.245", "gid": 737, "srno": 245, "utilname": "M/s Bajaj Hindusthan Sugar Ltd, Distillery Unit at Kinauni", "statename": "UTTAR PRADESH", "state_code": 22, "latitude": 29.080551, "longitude": 77.467964, "edit_status": "LIVE", "last_modified_on": "2024-02-20T05:58:24.199", "xmin": 77.468, "ymin": 29.0806, "xmax": 77.468, "ymax": 29.0806 }, "geometry": { "type": "Point", "coordinates": [ 77.468, 29.0806 ] } },
{ "type": "Feature", "properties": { "id": "ethanol_plants.138", "gid": 630, "srno": 138, "utilname": "SHAMLI DISTILLERY & CHEMICAL WORKS ( A UNIT OF SIR SHADI LAL ENTERPRISES LIMITED)", "statename": "UTTAR PRADESH", "state_code": 22, "latitude": 29.440601, "longitude": 77.314511, "edit_status": "LIVE", "last_modified_on": "2024-02-20T05:58:24.199", "xmin": 77.3145, "ymin": 29.4406, "xmax": 77.3145, "ymax": 29.4406 }, "geometry": { "type": "Point", "coordinates": [ 77.3145, 29.4406 ] } },
{ "type": "Feature", "properties": { "id": "ethanol_plants.65", "gid": 557, "srno": 65, "utilname": "Haryana Organics (A unit of Globus Spirits Limited)", "statename": "HARYANA", "state_code": 8, "latitude": 29.219725, "longitude": 76.996076, "edit_status": "LIVE", "last_modified_on": "2024-02-20T05:58:24.199", "xmin": 76.9961, "ymin": 29.2197, "xmax": 76.9961, "ymax": 29.2197 }, "geometry": { "type": "Point", "coordinates": [ 76.9961, 29.2197 ] } },
{ "type": "Feature", "properties": { "id": "ethanol_plants.185544", "gid": 6001, "srno": 293, "utilname": "HARYANA ORGANICS- DEP ", "statename": "HARYANA", "state_code": 8, "latitude": 29.21985, "longitude": 76.99613, "edit_status": "LIVE", "last_modified_on": "2024-02-20T05:58:24.199", "xmin": 76.9961, "ymin": 29.2199, "xmax": 76.9961, "ymax": 29.2199 }, "geometry": { "type": "Point", "coordinates": [ 76.9961, 29.2199 ] } },
{ "type": "Feature", "properties": { "id": "ethanol_plants.239", "gid": 731, "srno": 239, "utilname": "Triveni Engg & Industries Ltd", "statename": "Uttarpradesh", "state_code": 22, "latitude": 28.53155, "longitude": 77.04943, "edit_status": "LIVE", "last_modified_on": "2024-02-20T05:58:24.199", "xmin": 77.0494, "ymin": 28.5316, "xmax": 77.0494, "ymax": 28.5316 }, "geometry": { "type": "Point", "coordinates": [ 77.0494, 28.5316 ] } },
{ "type": "Feature", "properties": { "id": "ethanol_plants.203", "gid": 695, "srno": 203, "utilname": "Haryana Liquors Pvt Ltd", "statename": "HARYANA", "state_code": 8, "latitude": 29.663828, "longitude": 76.833151, "edit_status": "LIVE", "last_modified_on": "2024-02-20T05:58:24.199", "xmin": 76.8332, "ymin": 29.6638, "xmax": 76.8332, "ymax": 29.6638 }, "geometry": { "type": "Point", "coordinates": [ 76.8332, 29.6638 ] } },
{ "type": "Feature", "properties": { "id": "ethanol_plants.116", "gid": 608, "srno": 116, "utilname": "Piccadily Agro Industries Ltd", "statename": "HARYANA", "state_code": 8, "latitude": 29.902984, "longitude": 76.979267, "edit_status": "LIVE", "last_modified_on": "2024-02-20T05:58:24.199", "xmin": 76.9793, "ymin": 29.903, "xmax": 76.9793, "ymax": 29.903 }, "geometry": { "type": "Point", "coordinates": [ 76.9793, 29.903 ] } },
{ "type": "Feature", "properties": { "id": "ethanol_plants.244", "gid": 736, "srno": 244, "utilname": "THE SHAHABAD COOP SUGAR MILLS LTD", "statename": "HARYANA", "state_code": 8, "latitude": 30.151347, "longitude": 76.895538, "edit_status": "LIVE", "last_modified_on": "2024-02-20T05:58:24.199", "xmin": 76.8955, "ymin": 30.1513, "xmax": 76.8955, "ymax": 30.1513 }, "geometry": { "type": "Point", "coordinates": [ 76.8955, 30.1513 ] } },
{ "type": "Feature", "properties": { "id": "ethanol_plants.29", "gid": 521, "srno": 29, "utilname": "Chandigarh Distillers & Bottlers Limited", "statename": "Punjab", "state_code": 17, "latitude": 30.557102, "longitude": 76.690515, "edit_status": "LIVE", "last_modified_on": "2024-02-20T05:58:24.199", "xmin": 76.6905, "ymin": 30.5571, "xmax": 76.6905, "ymax": 30.5571 }, "geometry": { "type": "Point", "coordinates": [ 76.6905, 30.5571 ] } },
{ "type": "Feature", "properties": { "id": "ethanol_plants.252", "gid": 2964, "srno": 252, "utilname": "CHANDIGARH DISTILLERS & BOTTLERS LIMITED, DEDICATED ETHANOL PLANT", "statename": "PUNJAB", "state_code": 17, "latitude": 30.557102, "longitude": 76.690515, "edit_status": "LIVE", "last_modified_on": "2024-02-20T05:58:24.199", "xmin": 76.6905, "ymin": 30.5571, "xmax": 76.6905, "ymax": 30.5571 }, "geometry": { "type": "Point", "coordinates": [ 76.6905, 30.5571 ] } },
{ "type": "Feature", "properties": { "id": "ethanol_plants.273", "gid": 5694, "srno": 273, "utilname": "M G Petrochem Private Limited (DEP)", "statename": "HARYANA", "state_code": 8, "latitude": 30.56185556, "longitude": 77.047525, "edit_status": "LIVE", "last_modified_on": "2024-02-20T05:58:24.199", "xmin": 77.0475, "ymin": 30.5619, "xmax": 77.0475, "ymax": 30.5619 }, "geometry": { "type": "Point", "coordinates": [ 77.0475, 30.5619 ] } },
{ "type": "Feature", "properties": { "id": "ethanol_plants.265", "gid": 5686, "srno": 265, "utilname": "M/s Oasis Ethanol Industries Pvt Ltd,", "statename": "HARYANA", "state_code": 8, "latitude": 30.42737, "longitude": 76.920879, "edit_status": "LIVE", "last_modified_on": "2024-02-20T05:58:24.199", "xmin": 76.9209, "ymin": 30.4274, "xmax": 76.9209, "ymax": 30.4274 }, "geometry": { "type": "Point", "coordinates": [ 76.9209, 30.4274 ] } },
{ "type": "Feature", "properties": { "id": "ethanol_plants.111", "gid": 603, "srno": 111, "utilname": "OASIS COMMERCIAL PVT LTD", "statename": "HARYANA", "state_code": 8, "latitude": 30.428072, "longitude": 76.921012, "edit_status": "LIVE", "last_modified_on": "2024-02-20T05:58:24.199", "xmin": 76.921, "ymin": 30.4281, "xmax": 76.921, "ymax": 30.4281 }, "geometry": { "type": "Point", "coordinates": [ 76.921, 30.4281 ] } },
{ "type": "Feature", "properties": { "id": "ethanol_plants.204", "gid": 696, "srno": 204, "utilname": "OASIS OVERSEAS EXPORTS PVT LTD", "statename": "HARYANA", "state_code": 8, "latitude": 30.428072, "longitude": 76.921012, "edit_status": "LIVE", "last_modified_on": "2024-02-20T05:58:24.199", "xmin": 76.921, "ymin": 30.4281, "xmax": 76.921, "ymax": 30.4281 }, "geometry": { "type": "Point", "coordinates": [ 76.921, 30.4281 ] } },
{ "type": "Feature", "properties": { "id": "ethanol_plants.185352", "gid": 5998, "srno": 290, "utilname": "JVS BIOFUELS PVT. LTD", "statename": "HARYANA", "state_code": 8, "latitude": 30.450177, "longitude": 76.920594, "edit_status": "LIVE", "last_modified_on": "2024-02-20T05:58:24.199", "xmin": 76.9206, "ymin": 30.4502, "xmax": 76.9206, "ymax": 30.4502 }, "geometry": { "type": "Point", "coordinates": [ 76.9206, 30.4502 ] } },
{ "type": "Feature", "properties": { "id": "ethanol_plants.218", "gid": 710, "srno": 218, "utilname": "Saraswati Sugar Mills Ltd", "statename": "HARYANA", "state_code": 8, "latitude": 30.119737, "longitude": 77.279715, "edit_status": "LIVE", "last_modified_on": "2024-02-20T05:58:24.199", "xmin": 77.2797, "ymin": 30.1197, "xmax": 77.2797, "ymax": 30.1197 }, "geometry": { "type": "Point", "coordinates": [ 77.2797, 30.1197 ] } },
{ "type": "Feature", "properties": { "id": "ethanol_plants.249", "gid": 2463, "srno": 249, "utilname": "RSL Distilleries Pvt Ltd", "statename": "HARYANA", "state_code": 8, "latitude": 29.92435, "longitude": 77.1628453, "edit_status": "LIVE", "last_modified_on": "2024-02-20T05:58:24.199", "xmin": 77.1628, "ymin": 29.9244, "xmax": 77.1628, "ymax": 29.9244 }, "geometry": { "type": "Point", "coordinates": [ 77.1628, 29.9244 ] } },
{ "type": "Feature", "properties": { "id": "ethanol_plants.188", "gid": 680, "srno": 188, "utilname": "UP Cooperative Sugar Factories Federation Ltd.", "statename": "Uttar Pradesh", "state_code": 22, "latitude": 29.7082, "longitude": 77.4476, "edit_status": "LIVE", "last_modified_on": "2024-02-20T05:58:24.199", "xmin": 77.4476, "ymin": 29.7082, "xmax": 77.4476, "ymax": 29.7082 }, "geometry": { "type": "Point", "coordinates": [ 77.4476, 29.7082 ] } },
{ "type": "Feature", "properties": { "id": "ethanol_plants.256", "gid": 3221, "srno": 256, "utilname": "Indian Potash Ltd ( Distillery Unit)", "statename": "UTTAR PRADESH", "state_code": 22, "latitude": 29.567213, "longitude": 77.689877, "edit_status": "LIVE", "last_modified_on": "2024-02-20T05:58:24.199", "xmin": 77.6899, "ymin": 29.5672, "xmax": 77.6899, "ymax": 29.5672 }, "geometry": { "type": "Point", "coordinates": [ 77.6899, 29.5672 ] } },
{ "type": "Feature", "properties": { "id": "ethanol_plants.12", "gid": 504, "srno": 12, "utilname": "BAJAJ HINDUSTHAN SUGAR LIMITED (Gangnauli)", "statename": "UTTAR PRADESH", "state_code": 22, "latitude": 29.808994, "longitude": 77.591196, "edit_status": "LIVE", "last_modified_on": "2024-02-20T05:58:24.199", "xmin": 77.5912, "ymin": 29.809, "xmax": 77.5912, "ymax": 29.809 }, "geometry": { "type": "Point", "coordinates": [ 77.5912, 29.809 ] } },
{ "type": "Feature", "properties": { "id": "ethanol_plants.121", "gid": 613, "srno": 121, "utilname": "Rai Bahadur Narain Singh Sugar Mills Ltd", "statename": "Uttarakhand", "state_code": 23, "latitude": 29.746418, "longitude": 78.02877, "edit_status": "LIVE", "last_modified_on": "2024-02-20T05:58:24.199", "xmin": 78.0288, "ymin": 29.7464, "xmax": 78.0288, "ymax": 29.7464 }, "geometry": { "type": "Point", "coordinates": [ 78.0288, 29.7464 ] } },
{ "type": "Feature", "properties": { "id": "ethanol_plants.216", "gid": 708, "srno": 216, "utilname": "UTTAM SUGAR MILLS LIMITED(DISTILLERY DIVISION)", "statename": "Uttarakhand", "state_code": 23, "latitude": 29.745172, "longitude": 77.856589, "edit_status": "LIVE", "last_modified_on": "2024-02-20T05:58:24.199", "xmin": 77.8566, "ymin": 29.7452, "xmax": 77.8566, "ymax": 29.7452 }, "geometry": { "type": "Point", "coordinates": [ 77.8566, 29.7452 ] } },
{ "type": "Feature", "properties": { "id": "ethanol_plants.190", "gid": 682, "srno": 190, "utilname": "Uttam Sugar Mills Ltd.", "statename": "UTTAR PRADESH", "state_code": 22, "latitude": 29.605579, "longitude": 78.177016, "edit_status": "LIVE", "last_modified_on": "2024-02-20T05:58:24.199", "xmin": 78.177, "ymin": 29.6056, "xmax": 78.177, "ymax": 29.6056 }, "geometry": { "type": "Point", "coordinates": [ 78.177, 29.6056 ] } },
{ "type": "Feature", "properties": { "id": "ethanol_plants.85", "gid": 577, "srno": 85, "utilname": "KISAN SAHKARI CHINI MILLS LTD. DISTILLERY UNIT", "statename": "UTTAR PRADESH", "state_code": 22, "latitude": 29.61207, "longitude": 78.34338, "edit_status": "LIVE", "last_modified_on": "2024-02-20T05:58:24.199", "xmin": 78.3434, "ymin": 29.6121, "xmax": 78.3434, "ymax": 29.6121 }, "geometry": { "type": "Point", "coordinates": [ 78.3434, 29.6121 ] } },
{ "type": "Feature", "properties": { "id": "ethanol_plants.46", "gid": 538, "srno": 46, "utilname": "Dwarikesh Sugar Industries Limited.", "statename": "Uttar Pradesh", "state_code": 22, "latitude": 29.524337, "longitude": 78.382387, "edit_status": "LIVE", "last_modified_on": "2024-02-20T05:58:24.199", "xmin": 78.3824, "ymin": 29.5243, "xmax": 78.3824, "ymax": 29.5243 }, "geometry": { "type": "Point", "coordinates": [ 78.3824, 29.5243 ] } },
{ "type": "Feature", "properties": { "id": "ethanol_plants.90", "gid": 582, "srno": 90, "utilname": "L.H.SUGAR FACTORIES LIMITED DISTELLERY DIVISION(ETHANOL)", "statename": "UTTAR PRADESH", "state_code": 22, "latitude": 28.620714, "longitude": 79.817541, "edit_status": "LIVE", "last_modified_on": "2024-02-20T05:58:24.199", "xmin": 79.8175, "ymin": 28.6207, "xmax": 79.8175, "ymax": 28.6207 }, "geometry": { "type": "Point", "coordinates": [ 79.8175, 28.6207 ] } },
{ "type": "Feature", "properties": { "id": "ethanol_plants.277", "gid": 5698, "srno": 277, "utilname": "M/s Malbros International Pvt Ltd., ", "statename": "UTTAR PRADESH", "state_code": 22, "latitude": 28.1445086, "longitude": 79.8834305, "edit_status": "LIVE", "last_modified_on": "2024-02-20T05:58:24.199", "xmin": 79.8834, "ymin": 28.1445, "xmax": 79.8834, "ymax": 28.1445 }, "geometry": { "type": "Point", "coordinates": [ 79.8834, 28.1445 ] } },
{ "type": "Feature", "properties": { "id": "ethanol_plants.243", "gid": 735, "srno": 243, "utilname": "M/s Dwarikesh Sugar Industries Ltd", "statename": "Uttarpradesh", "state_code": 22, "latitude": 28.157965279793899, "longitude": 79.578762053101002, "edit_status": "LIVE", "last_modified_on": "2024-02-20T05:58:24.199", "xmin": 79.5788, "ymin": 28.158, "xmax": 79.5788, "ymax": 28.158 }, "geometry": { "type": "Point", "coordinates": [ 79.5788, 28.158 ] } },
{ "type": "Feature", "properties": { "id": "ethanol_plants.82", "gid": 574, "srno": 82, "utilname": "KESAR ENTERPRISES LTD", "statename": "UTTAR PRADESH", "state_code": 22, "latitude": 28.781461, "longitude": 79.506126, "edit_status": "LIVE", "last_modified_on": "2024-02-20T05:58:24.199", "xmin": 79.5061, "ymin": 28.7815, "xmax": 79.5061, "ymax": 28.7815 }, "geometry": { "type": "Point", "coordinates": [ 79.5061, 28.7815 ] } },
{ "type": "Feature", "properties": { "id": "ethanol_plants.174", "gid": 666, "srno": 174, "utilname": "SUPERIOR INDUSTRIES LIMITED", "statename": "UTTAR PRADESH", "state_code": 22, "latitude": 28.3942, "longitude": 79.3772, "edit_status": "LIVE", "last_modified_on": "2024-02-20T05:58:24.199", "xmin": 79.3772, "ymin": 28.3942, "xmax": 79.3772, "ymax": 28.3942 }, "geometry": { "type": "Point", "coordinates": [ 79.3772, 28.3942 ] } },
{ "type": "Feature", "properties": { "id": "ethanol_plants.67", "gid": 559, "srno": 67, "utilname": "India Glycols Limited", "statename": "Uttarakhand", "state_code": 23, "latitude": 29.1736478, "longitude": 79.007651, "edit_status": "LIVE", "last_modified_on": "2024-02-20T05:58:24.199", "xmin": 79.0077, "ymin": 29.1736, "xmax": 79.0077, "ymax": 29.1736 }, "geometry": { "type": "Point", "coordinates": [ 79.0077, 29.1736 ] } },
{ "type": "Feature", "properties": { "id": "ethanol_plants.251", "gid": 2963, "srno": 251, "utilname": "Karimganj Biofuels Pvt Ltd", "statename": "Uttarpradesh", "state_code": 22, "latitude": 28.92388, "longitude": 78.86576, "edit_status": "LIVE", "last_modified_on": "2024-02-20T05:58:24.199", "xmin": 78.8658, "ymin": 28.9239, "xmax": 78.8658, "ymax": 28.9239 }, "geometry": { "type": "Point", "coordinates": [ 78.8658, 28.9239 ] } },
{ "type": "Feature", "properties": { "id": "ethanol_plants.125", "gid": 617, "srno": 125, "utilname": "RANA SUGARS LIMITED", "statename": "UTTAR PRADESH", "state_code": 22, "latitude": 28.927019, "longitude": 78.870951, "edit_status": "LIVE", "last_modified_on": "2024-02-20T05:58:24.199", "xmin": 78.871, "ymin": 28.927, "xmax": 78.871, "ymax": 28.927 }, "geometry": { "type": "Point", "coordinates": [ 78.871, 28.927 ] } },
{ "type": "Feature", "properties": { "id": "ethanol_plants.11", "gid": 503, "srno": 11, "utilname": "AVADH SUGAR & ENERGY LTD UNIT SEOHARA", "statename": "UTTAR PRADESH", "state_code": 22, "latitude": 29.195951, "longitude": 78.585157, "edit_status": "LIVE", "last_modified_on": "2024-02-20T05:58:24.199", "xmin": 78.5852, "ymin": 29.196, "xmax": 78.5852, "ymax": 29.196 }, "geometry": { "type": "Point", "coordinates": [ 78.5852, 29.196 ] } },
{ "type": "Feature", "properties": { "id": "ethanol_plants.41", "gid": 533, "srno": 41, "utilname": "Dhampur Sugar Mills Ltd", "statename": "UTTAR PRADESH", "state_code": 22, "latitude": 29.289812, "longitude": 78.515673, "edit_status": "LIVE", "last_modified_on": "2024-02-20T05:58:24.199", "xmin": 78.5157, "ymin": 29.2898, "xmax": 78.5157, "ymax": 29.2898 }, "geometry": { "type": "Point", "coordinates": [ 78.5157, 29.2898 ] } },
{ "type": "Feature", "properties": { "id": "ethanol_plants.71", "gid": 563, "srno": 71, "utilname": "jain distillery", "statename": "UTTAR PRADESH", "state_code": 22, "latitude": 29.397504, "longitude": 78.211314, "edit_status": "LIVE", "last_modified_on": "2024-02-20T05:58:24.199", "xmin": 78.2113, "ymin": 29.3975, "xmax": 78.2113, "ymax": 29.3975 }, "geometry": { "type": "Point", "coordinates": [ 78.2113, 29.3975 ] } },
{ "type": "Feature", "properties": { "id": "ethanol_plants.101", "gid": 593, "srno": 101, "utilname": "Mohit Petrochemicals Private Limited", "statename": "UTTAR PRADESH", "state_code": 22, "latitude": 29.3996, "longitude": 78.2114, "edit_status": "LIVE", "last_modified_on": "2024-02-20T05:58:24.199", "xmin": 78.2114, "ymin": 29.3996, "xmax": 78.2114, "ymax": 29.3996 }, "geometry": { "type": "Point", "coordinates": [ 78.2114, 29.3996 ] } },
{ "type": "Feature", "properties": { "id": "ethanol_plants.76", "gid": 568, "srno": 76, "utilname": "Jubilant Life Sciences Limited UP", "statename": "Uttar Pradesh", "state_code": 22, "latitude": 28.820934, "longitude": 78.234161, "edit_status": "LIVE", "last_modified_on": "2024-02-20T05:58:24.199", "xmin": 78.2342, "ymin": 28.8209, "xmax": 78.2342, "ymax": 28.8209 }, "geometry": { "type": "Point", "coordinates": [ 78.2342, 28.8209 ] } },
{ "type": "Feature", "properties": { "id": "ethanol_plants.241", "gid": 733, "srno": 241, "utilname": "WAVE INDUSTRIES PVT. LTD", "statename": "Uttarpradesh", "state_code": 22, "latitude": 28.94331944, "longitude": 78.27100833, "edit_status": "LIVE", "last_modified_on": "2024-02-20T05:58:24.199", "xmin": 78.271, "ymin": 28.9433, "xmax": 78.271, "ymax": 28.9433 }, "geometry": { "type": "Point", "coordinates": [ 78.271, 28.9433 ] } },
{ "type": "Feature", "properties": { "id": "ethanol_plants.185896", "gid": 6016, "srno": 308, "utilname": "BINDALS PAPERS MILLS LIMITED ", "statename": "UTTAR PRADESH", "state_code": 22, "latitude": 29.105921, "longitude": 78.444992, "edit_status": "LIVE", "last_modified_on": "2024-02-20T05:58:24.199", "xmin": 78.445, "ymin": 29.1059, "xmax": 78.445, "ymax": 29.1059 }, "geometry": { "type": "Point", "coordinates": [ 78.445, 29.1059 ] } },
{ "type": "Feature", "properties": { "id": "ethanol_plants.45", "gid": 537, "srno": 45, "utilname": "DSM Sugar Asmoli Distillery Division A unit of Dhampur Sugar Mills Ltd.", "statename": "UTTAR PRADESH", "state_code": 22, "latitude": 28.70591, "longitude": 78.543979, "edit_status": "LIVE", "last_modified_on": "2024-02-20T05:58:24.199", "xmin": 78.544, "ymin": 28.7059, "xmax": 78.544, "ymax": 28.7059 }, "geometry": { "type": "Point", "coordinates": [ 78.544, 28.7059 ] } },
{ "type": "Feature", "properties": { "id": "ethanol_plants.186", "gid": 678, "srno": 186, "utilname": "U.P.COOPERATIVE SUGAR FACTORIES FEDERATION LTD ANOOPSHAHR DISTILLERY UNIT", "statename": "Uttar Pradesh", "state_code": 22, "latitude": 28.388015, "longitude": 78.131471, "edit_status": "LIVE", "last_modified_on": "2024-02-20T05:58:24.199", "xmin": 78.1315, "ymin": 28.388, "xmax": 78.1315, "ymax": 28.388 }, "geometry": { "type": "Point", "coordinates": [ 78.1315, 28.388 ] } },
{ "type": "Feature", "properties": { "id": "ethanol_plants.176", "gid": 668, "srno": 176, "utilname": "THE KISAN SAHKARI CHINI MILLS LTD DISTILLERY UNIT KAIMGANJ", "statename": "UTTAR PRADESH", "state_code": 22, "latitude": 27.5488927, "longitude": 79.3183467, "edit_status": "LIVE", "last_modified_on": "2024-02-20T05:58:24.199", "xmin": 79.3183, "ymin": 27.5489, "xmax": 79.3183, "ymax": 27.5489 }, "geometry": { "type": "Point", "coordinates": [ 79.3183, 27.5489 ] } },
{ "type": "Feature", "properties": { "id": "ethanol_plants.253", "gid": 2965, "srno": 253, "utilname": "Rajshree Fine Chemical Industries India Pvt Ltd, ", "statename": "Uttarpradesh", "state_code": 22, "latitude": 28.055586, "longitude": 79.648542, "edit_status": "LIVE", "last_modified_on": "2024-02-20T05:58:24.199", "xmin": 79.6485, "ymin": 28.0556, "xmax": 79.6485, "ymax": 28.0556 }, "geometry": { "type": "Point", "coordinates": [ 79.6485, 28.0556 ] } },
{ "type": "Feature", "properties": { "id": "ethanol_plants.35", "gid": 527, "srno": 35, "utilname": "Dalmia Bharat Sugar and Industries Limited (Distillery Unit - Nigohi)", "statename": "UTTAR PRADESH", "state_code": 22, "latitude": 28.054194, "longitude": 79.867222, "edit_status": "LIVE", "last_modified_on": "2024-02-20T05:58:24.199", "xmin": 79.8672, "ymin": 28.0542, "xmax": 79.8672, "ymax": 28.0542 }, "geometry": { "type": "Point", "coordinates": [ 79.8672, 28.0542 ] } },
{ "type": "Feature", "properties": { "id": "ethanol_plants.185590", "gid": 6008, "srno": 300, "utilname": "SMS BIOFUELS PRIVATE LIMITED", "statename": "MAHARASHTRA", "state_code": 15, "latitude": 22.39028, "longitude": 77.28972, "edit_status": "LIVE", "last_modified_on": "2024-02-20T05:58:24.199", "xmin": 77.2897, "ymin": 22.3903, "xmax": 77.2897, "ymax": 22.3903 }, "geometry": { "type": "Point", "coordinates": [ 77.2897, 22.3903 ] } },
{ "type": "Feature", "properties": { "id": "ethanol_plants.185589", "gid": 6007, "srno": 299, "utilname": "BETUL BIOFUELS PRIVATE LIMITED", "statename": "MADHAYA PRADESH", "state_code": 14, "latitude": 21.8847403, "longitude": 77.6934715, "edit_status": "LIVE", "last_modified_on": "2024-02-20T05:58:24.199", "xmin": 77.6935, "ymin": 21.8847, "xmax": 77.6935, "ymax": 21.8847 }, "geometry": { "type": "Point", "coordinates": [ 77.6935, 21.8847 ] } },
{ "type": "Feature", "properties": { "id": "ethanol_plants.234", "gid": 726, "srno": 234, "utilname": "Shrijee Sugar & Power Pvt Ltd, Betul, MP", "statename": "Madhya Pradesh", "state_code": 14, "latitude": 21.876565, "longitude": 77.980397, "edit_status": "LIVE", "last_modified_on": "2024-02-20T05:58:24.199", "xmin": 77.9804, "ymin": 21.8766, "xmax": 77.9804, "ymax": 21.8766 }, "geometry": { "type": "Point", "coordinates": [ 77.9804, 21.8766 ] } },
{ "type": "Feature", "properties": { "id": "ethanol_plants.274", "gid": 5695, "srno": 274, "utilname": "M/s Gulshan Polyols Ltd (Ethanol Unit)(DEP)", "statename": "Madhya Pradesh", "state_code": 14, "latitude": 21.54875, "longitude": 78.815625, "edit_status": "LIVE", "last_modified_on": "2024-02-20T05:58:24.199", "xmin": 78.8156, "ymin": 21.5487, "xmax": 78.8156, "ymax": 21.5487 }, "geometry": { "type": "Point", "coordinates": [ 78.8156, 21.5487 ] } },
{ "type": "Feature", "properties": { "id": "ethanol_plants.63", "gid": 555, "srno": 63, "utilname": "GULSHAN POLYOLS LTD", "statename": "MADHYA PRADESH", "state_code": 14, "latitude": 21.550851, "longitude": 78.814473, "edit_status": "LIVE", "last_modified_on": "2024-02-20T05:58:24.199", "xmin": 78.8145, "ymin": 21.5509, "xmax": 78.8145, "ymax": 21.5509 }, "geometry": { "type": "Point", "coordinates": [ 78.8145, 21.5509 ] } },
{ "type": "Feature", "properties": { "id": "ethanol_plants.185826", "gid": 6015, "srno": 307, "utilname": "AVJ AGRICO  PRIVATE LIMITED.", "statename": "MADHAYA PRADESH", "state_code": 14, "latitude": 21.553472, "longitude": 78.800972, "edit_status": "LIVE", "last_modified_on": "2024-02-20T05:58:24.199", "xmin": 78.801, "ymin": 21.5535, "xmax": 78.801, "ymax": 21.5535 }, "geometry": { "type": "Point", "coordinates": [ 78.801, 21.5535 ] } },
{ "type": "Feature", "properties": { "id": "ethanol_plants.103", "gid": 595, "srno": 103, "utilname": "NARMADA SUGAR PVT LTD", "statename": "MADHYA PRADESH", "state_code": 14, "latitude": 22.853834, "longitude": 78.648828, "edit_status": "LIVE", "last_modified_on": "2024-02-20T05:58:24.199", "xmin": 78.6488, "ymin": 22.8538, "xmax": 78.6488, "ymax": 22.8538 }, "geometry": { "type": "Point", "coordinates": [ 78.6488, 22.8538 ] } },
{ "type": "Feature", "properties": { "id": "ethanol_plants.185511", "gid": 6003, "srno": 295, "utilname": "SHRIBALAJI BIOSOLUTIONS FUELS LLP", "statename": "Madhya Pradesh", "state_code": 14, "latitude": 23.156981, "longitude": 79.6646962, "edit_status": "LIVE", "last_modified_on": "2024-02-20T05:58:24.199", "xmin": 79.6647, "ymin": 23.157, "xmax": 79.6647, "ymax": 23.157 }, "geometry": { "type": "Point", "coordinates": [ 79.6647, 23.157 ] } },
{ "type": "Feature", "properties": { "id": "ethanol_plants.184974", "gid": 5991, "srno": 283, "utilname": "Visag biofuels Private Limited", "statename": "MADHYA PRADESH", "state_code": 14, "latitude": 21.769722, "longitude": 80.0, "edit_status": "LIVE", "last_modified_on": "2024-02-20T05:58:24.199", "xmin": 80.0, "ymin": 21.7697, "xmax": 80.0, "ymax": 21.7697 }, "geometry": { "type": "Point", "coordinates": [ 80.0, 21.7697 ] } },
{ "type": "Feature", "properties": { "id": "ethanol_plants.283", "gid": 5704, "srno": 283, "utilname": "Visag biofuels Private Limited", "statename": "MADHYA PRADESH", "state_code": 14, "latitude": 21.769722, "longitude": 80.0, "edit_status": "LIVE", "last_modified_on": "2023-09-18T11:19:55.511", "xmin": 80.0, "ymin": 21.7697, "xmax": 80.0, "ymax": 21.7697 }, "geometry": { "type": "Point", "coordinates": [ 80.0, 21.7697 ] } },
{ "type": "Feature", "properties": { "id": "ethanol_plants.185094", "gid": 5994, "srno": 286, "utilname": "NKJ BIOFUEL PRIVATE LIMITED", "statename": "Chhattisgarh", "state_code": 4, "latitude": 22.095766, "longitude": 81.249968, "edit_status": "LIVE", "last_modified_on": "2024-02-20T05:58:24.199", "xmin": 81.25, "ymin": 22.0958, "xmax": 81.25, "ymax": 22.0958 }, "geometry": { "type": "Point", "coordinates": [ 81.25, 22.0958 ] } },
{ "type": "Feature", "properties": { "id": "ethanol_plants.286", "gid": 5707, "srno": 286, "utilname": "NKJ BIOFUEL PRIVATE LIMITED", "statename": "Chhattisgarh", "state_code": 4, "latitude": 22.095766, "longitude": 81.249968, "edit_status": "LIVE", "last_modified_on": "2023-09-18T11:19:55.511", "xmin": 81.25, "ymin": 22.0958, "xmax": 81.25, "ymax": 22.0958 }, "geometry": { "type": "Point", "coordinates": [ 81.25, 22.0958 ] } },
{ "type": "Feature", "properties": { "id": "ethanol_plants.31", "gid": 523, "srno": 31, "utilname": "chhattisgarh distilleries ltd", "statename": "Chhattisgarh", "state_code": 4, "latitude": 21.2763252, "longitude": 81.5300992, "edit_status": "LIVE", "last_modified_on": "2024-02-20T05:58:24.199", "xmin": 81.5301, "ymin": 21.2763, "xmax": 81.5301, "ymax": 21.2763 }, "geometry": { "type": "Point", "coordinates": [ 81.5301, 21.2763 ] } },
{ "type": "Feature", "properties": { "id": "ethanol_plants.185500", "gid": 6002, "srno": 294, "utilname": "MODI BIOTECH PRIVATE LTD", "statename": "Chhattisgarh", "state_code": 4, "latitude": 21.167947, "longitude": 81.943877, "edit_status": "LIVE", "last_modified_on": "2024-02-20T05:58:24.199", "xmin": 81.9439, "ymin": 21.1679, "xmax": 81.9439, "ymax": 21.1679 }, "geometry": { "type": "Point", "coordinates": [ 81.9439, 21.1679 ] } },
{ "type": "Feature", "properties": { "id": "ethanol_plants.269", "gid": 5690, "srno": 269, "utilname": "M/s Bargarh Biofuels Development Foundation", "statename": "ODISHA", "state_code": 16, "latitude": 21.21363, "longitude": 83.47957, "edit_status": "LIVE", "last_modified_on": "2024-02-20T05:58:24.199", "xmin": 83.4796, "ymin": 21.2136, "xmax": 83.4796, "ymax": 21.2136 }, "geometry": { "type": "Point", "coordinates": [ 83.4796, 21.2136 ] } },
{ "type": "Feature", "properties": { "id": "ethanol_plants.177", "gid": 669, "srno": 177, "utilname": "The Kishan Sahkari Mills Distillery Unit", "statename": "UTTAR PRADESH", "state_code": 22, "latitude": 26.141627, "longitude": 83.53495, "edit_status": "LIVE", "last_modified_on": "2024-02-20T05:58:24.199", "xmin": 83.535, "ymin": 26.1416, "xmax": 83.535, "ymax": 26.1416 }, "geometry": { "type": "Point", "coordinates": [ 83.535, 26.1416 ] } },
{ "type": "Feature", "properties": { "id": "ethanol_plants.264", "gid": 3229, "srno": 264, "utilname": "Forever Distilleries Pvt Ltd", "statename": "UTTAR PRADESH", "state_code": 22, "latitude": 26.472838, "longitude": 83.718151, "edit_status": "LIVE", "last_modified_on": "2024-02-20T05:58:24.199", "xmin": 83.7182, "ymin": 26.4728, "xmax": 83.7182, "ymax": 26.4728 }, "geometry": { "type": "Point", "coordinates": [ 83.7182, 26.4728 ] } },
{ "type": "Feature", "properties": { "id": "ethanol_plants.84", "gid": 576, "srno": 84, "utilname": "Kisan Sahkari Chini Mills Ltd Distillery Unit Sathiaon Azamgarh", "statename": "UTTAR PRADESH", "state_code": 22, "latitude": 26.033936, "longitude": 83.290415, "edit_status": "LIVE", "last_modified_on": "2024-02-20T05:58:24.199", "xmin": 83.2904, "ymin": 26.0339, "xmax": 83.2904, "ymax": 26.0339 }, "geometry": { "type": "Point", "coordinates": [ 83.2904, 26.0339 ] } },
{ "type": "Feature", "properties": { "id": "ethanol_plants.79", "gid": 571, "srno": 79, "utilname": "K.M.SUGAR MILLS LIMITED", "statename": "UTTAR PRADESH", "state_code": 22, "latitude": 26.703668, "longitude": 82.133982, "edit_status": "LIVE", "last_modified_on": "2024-02-20T05:58:24.199", "xmin": 82.134, "ymin": 26.7037, "xmax": 82.134, "ymax": 26.7037 }, "geometry": { "type": "Point", "coordinates": [ 82.134, 26.7037 ] } },
{ "type": "Feature", "properties": { "id": "ethanol_plants.39", "gid": 531, "srno": 39, "utilname": "DCM Shriram Ltd.", "statename": "Uttar Pradesh", "state_code": 22, "latitude": 27.528976, "longitude": 80.161299, "edit_status": "LIVE", "last_modified_on": "2024-02-20T05:58:24.199", "xmin": 80.1613, "ymin": 27.529, "xmax": 80.1613, "ymax": 27.529 }, "geometry": { "type": "Point", "coordinates": [ 80.1613, 27.529 ] } },
{ "type": "Feature", "properties": { "id": "ethanol_plants.38", "gid": 530, "srno": 38, "utilname": "DCM Shriram Limited Distillery unit-Ajbapur", "statename": "UTTAR PRADESH", "state_code": 22, "latitude": 27.779901, "longitude": 80.200641, "edit_status": "LIVE", "last_modified_on": "2024-02-20T05:58:24.199", "xmin": 80.2006, "ymin": 27.7799, "xmax": 80.2006, "ymax": 27.7799 }, "geometry": { "type": "Point", "coordinates": [ 80.2006, 27.7799 ] } },
{ "type": "Feature", "properties": { "id": "ethanol_plants.13", "gid": 505, "srno": 13, "utilname": "Bajaj Hindusthan Sugar Limited (Gola)", "statename": "UTTAR PRADESH", "state_code": 22, "latitude": 28.085697, "longitude": 80.472159, "edit_status": "LIVE", "last_modified_on": "2024-02-20T05:58:24.199", "xmin": 80.4722, "ymin": 28.0857, "xmax": 80.4722, "ymax": 28.0857 }, "geometry": { "type": "Point", "coordinates": [ 80.4722, 28.0857 ] } },
{ "type": "Feature", "properties": { "id": "ethanol_plants.34", "gid": 526, "srno": 34, "utilname": "Dalmia Bharat Sugar and Industries Limited (Distillery Unit - Jawaharpur)", "statename": "UTTAR PRADESH", "state_code": 22, "latitude": 27.5194, "longitude": 80.558055, "edit_status": "LIVE", "last_modified_on": "2024-02-20T05:58:24.199", "xmin": 80.5581, "ymin": 27.5194, "xmax": 80.5581, "ymax": 27.5194 }, "geometry": { "type": "Point", "coordinates": [ 80.5581, 27.5194 ] } },
{ "type": "Feature", "properties": { "id": "ethanol_plants.10", "gid": 502, "srno": 10, "utilname": "AVADH SUGAR & ENERGY LTD UNIT HARGAON", "statename": "UTTAR PRADESH", "state_code": 22, "latitude": 27.7741, "longitude": 80.7293, "edit_status": "LIVE", "last_modified_on": "2024-02-20T05:58:24.199", "xmin": 80.7293, "ymin": 27.7741, "xmax": 80.7293, "ymax": 27.7741 }, "geometry": { "type": "Point", "coordinates": [ 80.7293, 27.7741 ] } },
{ "type": "Feature", "properties": { "id": "ethanol_plants.14", "gid": 506, "srno": 14, "utilname": "BAJAJ HINDUSTHAN SUGAR LIMITED (KKHERA)", "statename": "UTTAR PRADESH", "state_code": 22, "latitude": 28.01589, "longitude": 80.825449, "edit_status": "LIVE", "last_modified_on": "2024-02-20T05:58:24.199", "xmin": 80.8254, "ymin": 28.0159, "xmax": 80.8254, "ymax": 28.0159 }, "geometry": { "type": "Point", "coordinates": [ 80.8254, 28.0159 ] } },
{ "type": "Feature", "properties": { "id": "ethanol_plants.278", "gid": 5699, "srno": 278, "utilname": "M/s Radico Khaitan Ltd Distillery division,", "statename": "UTTAR PRADESH", "state_code": 22, "latitude": 27.382957, "longitude": 80.910643, "edit_status": "LIVE", "last_modified_on": "2024-02-20T05:58:24.199", "xmin": 80.9106, "ymin": 27.383, "xmax": 80.9106, "ymax": 27.383 }, "geometry": { "type": "Point", "coordinates": [ 80.9106, 27.383 ] } },
{ "type": "Feature", "properties": { "id": "ethanol_plants.223", "gid": 715, "srno": 223, "utilname": "Dalmia Bharat Sugar and Industried Limited", "statename": "UTTAR PRADESH", "state_code": 22, "latitude": 27.327767, "longitude": 80.623643, "edit_status": "LIVE", "last_modified_on": "2024-02-20T05:58:24.199", "xmin": 80.6236, "ymin": 27.3278, "xmax": 80.6236, "ymax": 27.3278 }, "geometry": { "type": "Point", "coordinates": [ 80.6236, 27.3278 ] } },
{ "type": "Feature", "properties": { "id": "ethanol_plants.254", "gid": 3219, "srno": 254, "utilname": "Balrampur Chini Mills Ltd ( Unit Maizapur)", "statename": "UTTAR PRADESH", "state_code": 22, "latitude": 27.15447, "longitude": 81.78859, "edit_status": "LIVE", "last_modified_on": "2024-02-20T05:58:24.199", "xmin": 81.7886, "ymin": 27.1545, "xmax": 81.7886, "ymax": 27.1545 }, "geometry": { "type": "Point", "coordinates": [ 81.7886, 27.1545 ] } },
{ "type": "Feature", "properties": { "id": "ethanol_plants.115", "gid": 607, "srno": 115, "utilname": "PARLE BISCUITS PVT LTD", "statename": "UTTAR PRADESH", "state_code": 22, "latitude": 27.35253, "longitude": 81.5159, "edit_status": "LIVE", "last_modified_on": "2024-02-20T05:58:24.199", "xmin": 81.5159, "ymin": 27.3525, "xmax": 81.5159, "ymax": 27.3525 }, "geometry": { "type": "Point", "coordinates": [ 81.5159, 27.3525 ] } },
{ "type": "Feature", "properties": { "id": "ethanol_plants.169", "gid": 661, "srno": 169, "utilname": "Simbhaoli Sugars Ltd", "statename": "UTTAR PRADESH", "state_code": 22, "latitude": 27.59657, "longitude": 81.89866, "edit_status": "LIVE", "last_modified_on": "2024-02-20T05:58:24.199", "xmin": 81.8987, "ymin": 27.5966, "xmax": 81.8987, "ymax": 27.5966 }, "geometry": { "type": "Point", "coordinates": [ 81.8987, 27.5966 ] } },
{ "type": "Feature", "properties": { "id": "ethanol_plants.140", "gid": 632, "srno": 140, "utilname": "Shrawasti Kisan Sahkari Chini Mills Limited", "statename": "Uttar Pradesh", "state_code": 22, "latitude": 27.867472, "longitude": 81.49929, "edit_status": "LIVE", "last_modified_on": "2024-02-20T05:58:24.199", "xmin": 81.4993, "ymin": 27.8675, "xmax": 81.4993, "ymax": 27.8675 }, "geometry": { "type": "Point", "coordinates": [ 81.4993, 27.8675 ] } },
{ "type": "Feature", "properties": { "id": "ethanol_plants.181", "gid": 673, "srno": 181, "utilname": "THE SEKSARIA BISWAN SUGAR FACTORY LTD.", "statename": "UTTAR PRADESH", "state_code": 22, "latitude": 27.485645, "longitude": 80.994777, "edit_status": "LIVE", "last_modified_on": "2024-02-20T05:58:24.199", "xmin": 80.9948, "ymin": 27.4856, "xmax": 80.9948, "ymax": 27.4856 }, "geometry": { "type": "Point", "coordinates": [ 80.9948, 27.4856 ] } },
{ "type": "Feature", "properties": { "id": "ethanol_plants.59", "gid": 551, "srno": 59, "utilname": "Gobind Sugar Mills Limited", "statename": "UTTAR PRADESH", "state_code": 22, "latitude": 27.85, "longitude": 81.0799, "edit_status": "LIVE", "last_modified_on": "2024-02-20T05:58:24.199", "xmin": 81.0799, "ymin": 27.85, "xmax": 81.0799, "ymax": 27.85 }, "geometry": { "type": "Point", "coordinates": [ 81.0799, 27.85 ] } },
{ "type": "Feature", "properties": { "id": "ethanol_plants.19", "gid": 511, "srno": 19, "utilname": "BALRAMPUR CHINI MILLS LTD Gularia", "statename": "UTTAR PRADESH", "state_code": 22, "latitude": 28.230244, "longitude": 80.631504, "edit_status": "LIVE", "last_modified_on": "2024-02-20T05:58:24.199", "xmin": 80.6315, "ymin": 28.2302, "xmax": 80.6315, "ymax": 28.2302 }, "geometry": { "type": "Point", "coordinates": [ 80.6315, 28.2302 ] } },
{ "type": "Feature", "properties": { "id": "ethanol_plants.15", "gid": 507, "srno": 15, "utilname": "BAJAJ HINDUSTHAN SUGAR LIMITED (Palia)", "statename": "UTTAR PRADESH", "state_code": 22, "latitude": 28.418106, "longitude": 80.566696, "edit_status": "LIVE", "last_modified_on": "2024-02-20T05:58:24.199", "xmin": 80.5667, "ymin": 28.4181, "xmax": 80.5667, "ymax": 28.4181 }, "geometry": { "type": "Point", "coordinates": [ 80.5667, 28.4181 ] } },
{ "type": "Feature", "properties": { "id": "ethanol_plants.86", "gid": 578, "srno": 86, "utilname": "Kisan Sahkari Chini Mills Ltd. Sampurnanagar", "statename": "Uttar Pradesh", "state_code": 22, "latitude": 28.5894, "longitude": 80.4076, "edit_status": "LIVE", "last_modified_on": "2024-02-20T05:58:24.199", "xmin": 80.4076, "ymin": 28.5894, "xmax": 80.4076, "ymax": 28.5894 }, "geometry": { "type": "Point", "coordinates": [ 80.4076, 28.5894 ] } },
{ "type": "Feature", "properties": { "id": "ethanol_plants.17", "gid": 509, "srno": 17, "utilname": "BALRAMPUR CHINI MILL LTD UNIT MANKAPUR", "statename": "UTTAR PRADESH", "state_code": 22, "latitude": 27.142707, "longitude": 82.250471, "edit_status": "LIVE", "last_modified_on": "2024-02-20T05:58:24.199", "xmin": 82.2505, "ymin": 27.1427, "xmax": 82.2505, "ymax": 27.1427 }, "geometry": { "type": "Point", "coordinates": [ 82.2505, 27.1427 ] } },
{ "type": "Feature", "properties": { "id": "ethanol_plants.18", "gid": 510, "srno": 18, "utilname": "BALRAMPUR CHINI MILLS LTD Balrampur-118780", "statename": "UTTAR PRADESH", "state_code": 22, "latitude": 27.404072, "longitude": 82.158214, "edit_status": "LIVE", "last_modified_on": "2024-02-20T05:58:24.199", "xmin": 82.1582, "ymin": 27.4041, "xmax": 82.1582, "ymax": 27.4041 }, "geometry": { "type": "Point", "coordinates": [ 82.1582, 27.4041 ] } },
{ "type": "Feature", "properties": { "id": "ethanol_plants.20", "gid": 512, "srno": 20, "utilname": "BALRAMPUR CHINI MILLS LTD UNIT BABHNAN", "statename": "UTTAR PRADESH", "state_code": 22, "latitude": 26.942868, "longitude": 82.493968, "edit_status": "LIVE", "last_modified_on": "2024-02-20T05:58:24.199", "xmin": 82.494, "ymin": 26.9429, "xmax": 82.494, "ymax": 26.9429 }, "geometry": { "type": "Point", "coordinates": [ 82.494, 26.9429 ] } },
{ "type": "Feature", "properties": { "id": "ethanol_plants.16", "gid": 508, "srno": 16, "utilname": "BAJAJ HINDUSTHAN SUGAR LIMITED (Rudhauli)", "statename": "UTTAR PRADESH", "state_code": 22, "latitude": 27.061397, "longitude": 82.785405, "edit_status": "LIVE", "last_modified_on": "2024-02-20T05:58:24.199", "xmin": 82.7854, "ymin": 27.0614, "xmax": 82.7854, "ymax": 27.0614 }, "geometry": { "type": "Point", "coordinates": [ 82.7854, 27.0614 ] } },
{ "type": "Feature", "properties": { "id": "ethanol_plants.261", "gid": 3226, "srno": 261, "utilname": "M/s India Glycols Ltd,", "statename": "UTTAR PRADESH", "state_code": 22, "latitude": 26.74715, "longitude": 83.22756, "edit_status": "LIVE", "last_modified_on": "2024-02-20T05:58:24.199", "xmin": 83.2276, "ymin": 26.7472, "xmax": 83.2276, "ymax": 26.7472 }, "geometry": { "type": "Point", "coordinates": [ 83.2276, 26.7472 ] } },
{ "type": "Feature", "properties": { "id": "ethanol_plants.64", "gid": 556, "srno": 64, "utilname": "Harinagar Sugar Mills Limited", "statename": "BIHAR", "state_code": 3, "latitude": 27.154737, "longitude": 84.333751, "edit_status": "LIVE", "last_modified_on": "2024-02-20T05:58:24.199", "xmin": 84.3338, "ymin": 27.1547, "xmax": 84.3338, "ymax": 27.1547 }, "geometry": { "type": "Point", "coordinates": [ 84.3338, 27.1547 ] } },
{ "type": "Feature", "properties": { "id": "ethanol_plants.96", "gid": 588, "srno": 96, "utilname": "MAGADH SUGAR & ENERGY LTD UNIT NEW SWADESHI SUGAR MILLS", "statename": "BIHAR", "state_code": 3, "latitude": 27.111364, "longitude": 84.460385, "edit_status": "LIVE", "last_modified_on": "2024-02-20T05:58:24.199", "xmin": 84.4604, "ymin": 27.1114, "xmax": 84.4604, "ymax": 27.1114 }, "geometry": { "type": "Point", "coordinates": [ 84.4604, 27.1114 ] } },
{ "type": "Feature", "properties": { "id": "ethanol_plants.97", "gid": 589, "srno": 97, "utilname": "Majhaulia Sugar Industries Pvt. Ltd.", "statename": "BIHAR", "state_code": 3, "latitude": 26.79731, "longitude": 84.625977, "edit_status": "LIVE", "last_modified_on": "2024-02-20T05:58:24.199", "xmin": 84.626, "ymin": 26.7973, "xmax": 84.626, "ymax": 26.7973 }, "geometry": { "type": "Point", "coordinates": [ 84.626, 26.7973 ] } },
{ "type": "Feature", "properties": { "id": "ethanol_plants.236", "gid": 728, "srno": 236, "utilname": "Eastern India Biofuels Private Limited", "statename": "BIHAR", "state_code": 3, "latitude": 25.791639, "longitude": 87.384018, "edit_status": "LIVE", "last_modified_on": "2024-02-20T05:58:24.199", "xmin": 87.384, "ymin": 25.7916, "xmax": 87.384, "ymax": 25.7916 }, "geometry": { "type": "Point", "coordinates": [ 87.384, 25.7916 ] } },
{ "type": "Feature", "properties": { "id": "ethanol_plants.129", "gid": 621, "srno": 129, "utilname": "Riga Sugar Co. Ltd", "statename": "BIHAR", "state_code": 3, "latitude": 26.6337836, "longitude": 85.4213833, "edit_status": "LIVE", "last_modified_on": "2024-02-20T05:58:24.199", "xmin": 85.4214, "ymin": 26.6338, "xmax": 85.4214, "ymax": 26.6338 }, "geometry": { "type": "Point", "coordinates": [ 85.4214, 26.6338 ] } },
{ "type": "Feature", "properties": { "id": "ethanol_plants.58", "gid": 550, "srno": 58, "utilname": "Globus Spirits Ltd", "statename": "BIHAR", "state_code": 3, "latitude": 25.713103, "longitude": 85.438286, "edit_status": "LIVE", "last_modified_on": "2024-02-20T05:58:24.199", "xmin": 85.4383, "ymin": 25.7131, "xmax": 85.4383, "ymax": 25.7131 }, "geometry": { "type": "Point", "coordinates": [ 85.4383, 25.7131 ] } },
{ "type": "Feature", "properties": { "id": "ethanol_plants.184995", "gid": 5990, "srno": 282, "utilname": "MUZAFFARPUR BIO FUELS PRIVATE LIMITED ADDRESS", "statename": "BIHAR", "state_code": 3, "latitude": 26.285251, "longitude": 85.082003, "edit_status": "LIVE", "last_modified_on": "2024-02-20T05:58:24.199", "xmin": 85.082, "ymin": 26.2853, "xmax": 85.082, "ymax": 26.2853 }, "geometry": { "type": "Point", "coordinates": [ 85.082, 26.2853 ] } },
{ "type": "Feature", "properties": { "id": "ethanol_plants.282", "gid": 5703, "srno": 282, "utilname": "MUZAFFARPUR BIO FUELS PRIVATE LIMITED ADDRESS", "statename": "BIHAR", "state_code": 3, "latitude": 26.285251, "longitude": 85.082003, "edit_status": "LIVE", "last_modified_on": "2023-09-18T11:19:55.511", "xmin": 85.082, "ymin": 26.2853, "xmax": 85.082, "ymax": 26.2853 }, "geometry": { "type": "Point", "coordinates": [ 85.082, 26.2853 ] } },
{ "type": "Feature", "properties": { "id": "ethanol_plants.275", "gid": 5696, "srno": 275, "utilname": "M/s Bharat Oorja Distilleries Pvt Ltd (DEP)", "statename": "BIHAR", "state_code": 3, "latitude": 26.286108333000001, "longitude": 85.079083333, "edit_status": "LIVE", "last_modified_on": "2024-02-20T05:58:24.199", "xmin": 85.0791, "ymin": 26.2861, "xmax": 85.0791, "ymax": 26.2861 }, "geometry": { "type": "Point", "coordinates": [ 85.0791, 26.2861 ] } },
{ "type": "Feature", "properties": { "id": "ethanol_plants.173", "gid": 665, "srno": 173, "utilname": "Sona Sati Organics Private Limited", "statename": "BIHAR", "state_code": 3, "latitude": 26.212111, "longitude": 84.795083, "edit_status": "LIVE", "last_modified_on": "2024-02-20T05:58:24.199", "xmin": 84.7951, "ymin": 26.2121, "xmax": 84.7951, "ymax": 26.2121 }, "geometry": { "type": "Point", "coordinates": [ 84.7951, 26.2121 ] } },
{ "type": "Feature", "properties": { "id": "ethanol_plants.231", "gid": 723, "srno": 231, "utilname": "MAGADH SUGAR & ENERGY LTD UNIT BHARAT  SUGAR MILLS, BIHAR", "statename": "BIHAR", "state_code": 3, "latitude": 26.332, "longitude": 84.6639, "edit_status": "LIVE", "last_modified_on": "2024-02-20T05:58:24.199", "xmin": 84.6639, "ymin": 26.332, "xmax": 84.6639, "ymax": 26.332 }, "geometry": { "type": "Point", "coordinates": [ 84.6639, 26.332 ] } },
{ "type": "Feature", "properties": { "id": "ethanol_plants.230", "gid": 722, "srno": 230, "utilname": "Bihar Distilleries Ltd", "statename": "BIHAR", "state_code": 3, "latitude": 25.410418, "longitude": 84.528977, "edit_status": "LIVE", "last_modified_on": "2024-02-20T05:58:24.199", "xmin": 84.529, "ymin": 25.4104, "xmax": 84.529, "ymax": 25.4104 }, "geometry": { "type": "Point", "coordinates": [ 84.529, 25.4104 ] } },
{ "type": "Feature", "properties": { "id": "ethanol_plants.185720", "gid": 6009, "srno": 301, "utilname": "PATEL AGRI INDUSTRIES PRIVATE LIMITED ", "statename": "BIHAR", "state_code": 3, "latitude": 25.115326, "longitude": 85.23446, "edit_status": "LIVE", "last_modified_on": "2024-02-20T05:58:24.199", "xmin": 85.2345, "ymin": 25.1153, "xmax": 85.2345, "ymax": 25.1153 }, "geometry": { "type": "Point", "coordinates": [ 85.2345, 25.1153 ] } },
{ "type": "Feature", "properties": { "id": "ethanol_plants.314", "gid": 6022, "srno": 314, "utilname": "CHANRIKA POWER PRIVATE LIMITED", "statename": "BIHAR", "state_code": 3, "latitude": 25.13967, "longitude": 85.52594, "edit_status": "LIVE", "last_modified_on": "2024-02-20T05:58:24.199", "xmin": 85.5259, "ymin": 25.1397, "xmax": 85.5259, "ymax": 25.1397 }, "geometry": { "type": "Point", "coordinates": [ 85.5259, 25.1397 ] } },
{ "type": "Feature", "properties": { "id": "ethanol_plants.240", "gid": 732, "srno": 240, "utilname": "Ankur Biochem Private limited", "statename": "Jharkhand", "state_code": null, "latitude": 23.7844043, "longitude": 86.6462731, "edit_status": "LIVE", "last_modified_on": "2024-02-20T05:58:24.199", "xmin": 86.6463, "ymin": 23.7844, "xmax": 86.6463, "ymax": 23.7844 }, "geometry": { "type": "Point", "coordinates": [ 86.6463, 23.7844 ] } },
{ "type": "Feature", "properties": { "id": "ethanol_plants.220", "gid": 712, "srno": 220, "utilname": "GLOBUS SPIRITS LTD (PANAGARH PLANT)", "statename": "West Bengal", "state_code": 24, "latitude": 23.439023, "longitude": 87.514843, "edit_status": "LIVE", "last_modified_on": "2024-02-20T05:58:24.199", "xmin": 87.5148, "ymin": 23.439, "xmax": 87.5148, "ymax": 23.439 }, "geometry": { "type": "Point", "coordinates": [ 87.5148, 23.439 ] } },
{ "type": "Feature", "properties": { "id": "ethanol_plants.185587", "gid": 6006, "srno": 298, "utilname": "ALCOGRAIN DISTILLERS PRIVATE LIMITED", "statename": "WEST BENGAL", "state_code": 24, "latitude": 23.471129, "longitude": 87.46517, "edit_status": "LIVE", "last_modified_on": "2024-02-20T05:58:24.199", "xmin": 87.4652, "ymin": 23.4711, "xmax": 87.4652, "ymax": 23.4711 }, "geometry": { "type": "Point", "coordinates": [ 87.4652, 23.4711 ] } },
{ "type": "Feature", "properties": { "id": "ethanol_plants.185517", "gid": 6004, "srno": 296, "utilname": "STERLING DISTILLERS LLP", "statename": "West Bengal", "state_code": 24, "latitude": 23.41226, "longitude": 87.76766, "edit_status": "LIVE", "last_modified_on": "2024-02-20T05:58:24.199", "xmin": 87.7677, "ymin": 23.4123, "xmax": 87.7677, "ymax": 23.4123 }, "geometry": { "type": "Point", "coordinates": [ 87.7677, 23.4123 ] } },
{ "type": "Feature", "properties": { "id": "ethanol_plants.246", "gid": 738, "srno": 246, "utilname": "M/s Svaksha Distillery Limited, Village-Dakshin Simla,PO-Changual.Dist Paschim Medinipur-721301", "statename": "West Bengal", "state_code": 24, "latitude": 22.29696, "longitude": 87.39386, "edit_status": "LIVE", "last_modified_on": "2024-02-20T05:58:24.199", "xmin": 87.3939, "ymin": 22.297, "xmax": 87.3939, "ymax": 22.297 }, "geometry": { "type": "Point", "coordinates": [ 87.3939, 22.297 ] } },
{ "type": "Feature", "properties": { "id": "ethanol_plants.268", "gid": 5689, "srno": 268, "utilname": "M/s Globus Spirits Ltd(DEP)", "statename": "Jharkhand", "state_code": 11, "latitude": 22.2915676, "longitude": 86.844825, "edit_status": "LIVE", "last_modified_on": "2024-02-20T05:58:24.199", "xmin": 86.8448, "ymin": 22.2916, "xmax": 86.8448, "ymax": 22.2916 }, "geometry": { "type": "Point", "coordinates": [ 86.8448, 22.2916 ] } },
{ "type": "Feature", "properties": { "id": "ethanol_plants.27", "gid": 519, "srno": 27, "utilname": "Boudh Distillery Pvt. Ltd.", "statename": "ODISHA", "state_code": 16, "latitude": 20.696087, "longitude": 84.387003, "edit_status": "LIVE", "last_modified_on": "2024-02-20T05:58:24.199", "xmin": 84.387, "ymin": 20.6961, "xmax": 84.387, "ymax": 20.6961 }, "geometry": { "type": "Point", "coordinates": [ 84.387, 20.6961 ] } },
{ "type": "Feature", "properties": { "id": "ethanol_plants.48", "gid": 540, "srno": 48, "utilname": "EID Parry (India) Ltd-Sankli", "statename": "ANDHRA PRADESH", "state_code": 1, "latitude": 18.553889, "longitude": 83.73916667, "edit_status": "LIVE", "last_modified_on": "2024-02-20T05:58:24.199", "xmin": 83.7392, "ymin": 18.5539, "xmax": 83.7392, "ymax": 18.5539 }, "geometry": { "type": "Point", "coordinates": [ 83.7392, 18.5539 ] } },
{ "type": "Feature", "properties": { "id": "ethanol_plants.78", "gid": 570, "srno": 78, "utilname": "K.C.P. SUGAR AND INDUSTRIES CORPORATION LTD.", "statename": "ANDHRA PRADESH", "state_code": 1, "latitude": 16.3605, "longitude": 80.85771, "edit_status": "LIVE", "last_modified_on": "2024-02-20T05:58:24.199", "xmin": 80.8577, "ymin": 16.3605, "xmax": 80.8577, "ymax": 16.3605 }, "geometry": { "type": "Point", "coordinates": [ 80.8577, 16.3605 ] } },
{ "type": "Feature", "properties": { "id": "ethanol_plants.219", "gid": 711, "srno": 219, "utilname": "Sentini Bioproducts Private Limited", "statename": "ANDHRA PRADESH", "state_code": 1, "latitude": 16.731184, "longitude": 80.347567, "edit_status": "LIVE", "last_modified_on": "2024-02-20T05:58:24.199", "xmin": 80.3476, "ymin": 16.7312, "xmax": 80.3476, "ymax": 16.7312 }, "geometry": { "type": "Point", "coordinates": [ 80.3476, 16.7312 ] } },
{ "type": "Feature", "properties": { "id": "ethanol_plants.185825", "gid": 6019, "srno": 311, "utilname": "SENTINI BIO SPIRIT PRIVATE LIMITED", "statename": "ANDHRA PRADESH", "state_code": 1, "latitude": 16.73145, "longitude": 80.349648, "edit_status": "LIVE", "last_modified_on": "2024-02-20T05:58:24.199", "xmin": 80.3496, "ymin": 16.7315, "xmax": 80.3496, "ymax": 16.7315 }, "geometry": { "type": "Point", "coordinates": [ 80.3496, 16.7315 ] } },
{ "type": "Feature", "properties": { "id": "ethanol_plants.185456", "gid": 5999, "srno": 291, "utilname": "CRUX BIOTECH INDIA PVT LTD", "statename": "ANDHRA PRADESH", "state_code": 1, "latitude": 16.765208, "longitude": 80.149624, "edit_status": "LIVE", "last_modified_on": "2024-02-20T05:58:24.199", "xmin": 80.1496, "ymin": 16.7652, "xmax": 80.1496, "ymax": 16.7652 }, "geometry": { "type": "Point", "coordinates": [ 80.1496, 16.7652 ] } },
{ "type": "Feature", "properties": { "id": "ethanol_plants.185822", "gid": 6014, "srno": 306, "utilname": "KBK BIOTECH PRIVATE LIMITED- DEP", "statename": "ANDHRA PRADESH", "state_code": 1, "latitude": 17.021719, "longitude": 82.087821, "edit_status": "LIVE", "last_modified_on": "2024-02-20T05:58:24.199", "xmin": 82.0878, "ymin": 17.0217, "xmax": 82.0878, "ymax": 17.0217 }, "geometry": { "type": "Point", "coordinates": [ 82.0878, 17.0217 ] } },
{ "type": "Feature", "properties": { "id": "ethanol_plants.247", "gid": 2461, "srno": 247, "utilname": "KBK Bioteck Pvt Ltd", "statename": "ANDHRA PRADESH", "state_code": 1, "latitude": 17.02108, "longitude": 82.08801667, "edit_status": "LIVE", "last_modified_on": "2024-02-20T05:58:24.199", "xmin": 82.088, "ymin": 17.0211, "xmax": 82.088, "ymax": 17.0211 }, "geometry": { "type": "Point", "coordinates": [ 82.088, 17.0211 ] } },
{ "type": "Feature", "properties": { "id": "ethanol_plants.276", "gid": 5697, "srno": 276, "utilname": "M/s Dalvkot Bio-fuels Pvt Ltd.", "statename": "ANDHRA PRADESH", "state_code": 1, "latitude": 17.515194, "longitude": 82.958572, "edit_status": "LIVE", "last_modified_on": "2024-02-20T05:58:24.199", "xmin": 82.9586, "ymin": 17.5152, "xmax": 82.9586, "ymax": 17.5152 }, "geometry": { "type": "Point", "coordinates": [ 82.9586, 17.5152 ] } }
]
}
