id,split
FIRMS_00003FE0,train
FIRMS_0003F8F4,train
FIRMS_00098CA2,train
FIRMS_0009A305,train
FIRMS_000ABD50,train
FIRMS_0040316A,train
FIRMS_004AD74C,train
FIRMS_00532702,train
FIRMS_005673EE,train
FIRMS_0063E376,train
FIRMS_0076BBFD,train
FIRMS_00895DF7,train
FIRMS_008A0591,train
FIRMS_0098B602,train
FIRMS_00A6D95E,train
FIRMS_00BCF8ED,train
FIRMS_00C1E59E,train
FIRMS_00C8ABA1,train
FIRMS_00CD95E6,train
FIRMS_00D55E46,train
FIRMS_00E3B966,train
FIRMS_00EAFE74,train
FIRMS_010A2249,train
FIRMS_011E359D,train
FIRMS_01297EE2,train
FIRMS_0129A5A3,train
FIRMS_014309AD,train
FIRMS_0143BB6C,train
FIRMS_01487B78,train
FIRMS_014C6459,train
FIRMS_016B6FDA,train
FIRMS_018BB466,train
FIRMS_0197AD27,train
FIRMS_01AE4F70,train
FIRMS_01B7DE4E,train
FIRMS_01C60890,train
FIRMS_01CCD6A5,train
FIRMS_01FC573C,train
FIRMS_0206519C,train
FIRMS_020BA957,train
FIRMS_021E3CB6,train
FIRMS_022F867F,train
FIRMS_02423D55,train
FIRMS_0242E399,train
FIRMS_026CC7B1,train
FIRMS_02717B35,train
FIRMS_0273808D,train
FIRMS_027A0884,train
FIRMS_027FADCA,train
FIRMS_02895726,train
FIRMS_0294D33C,train
FIRMS_02C3947F,train
FIRMS_02C63F1F,train
FIRMS_02CB4E8D,train
FIRMS_02F5669A,train
FIRMS_0301C8F7,train
FIRMS_031E0FB7,train
FIRMS_03201902,train
FIRMS_0335A967,train
FIRMS_03399874,train
FIRMS_033CDFAB,train
FIRMS_033D2743,train
FIRMS_03532A85,train
FIRMS_035E23D8,train
FIRMS_036A8A7A,train
FIRMS_037B0FB5,train
FIRMS_038AFF8C,train
FIRMS_0391BD18,train
FIRMS_03958F3C,train
FIRMS_03A67379,train
FIRMS_03ABA493,train
FIRMS_03AFD830,train
FIRMS_03BE02E8,train
FIRMS_03DA14E4,train
FIRMS_03E9D263,train
FIRMS_03F3AE43,train
FIRMS_040E2CB6,train
FIRMS_040E8A64,train
FIRMS_041E131F,train
FIRMS_0422F9CC,train
FIRMS_042F5597,train
FIRMS_043322F5,train
FIRMS_0434352E,train
FIRMS_04490782,train
FIRMS_04610F3F,train
FIRMS_04626EB1,train
FIRMS_046334F2,train
FIRMS_046AD884,train
FIRMS_04813ED1,train
FIRMS_048B7892,train
FIRMS_04AE9A95,train
FIRMS_04AEF0D8,train
FIRMS_04B05068,train
FIRMS_04C073AE,train
FIRMS_04C304E2,train
FIRMS_04C3EA34,train
FIRMS_04CDC5B2,train
FIRMS_04D59994,train
FIRMS_04E23094,train
FIRMS_04F36F81,train
FIRMS_04F9BB6F,train
FIRMS_0505B549,train
FIRMS_050A3699,train
FIRMS_0516186F,train
FIRMS_0539A6FD,train
FIRMS_05539EB9,train
FIRMS_05A8AE2E,train
FIRMS_05BC773E,train
FIRMS_05D2125F,train
FIRMS_05E34126,train
FIRMS_06067611,train
FIRMS_060BA218,train
FIRMS_060E0F41,train
FIRMS_0613E488,train
FIRMS_06160B03,train
FIRMS_061A3272,train
FIRMS_0630CD9C,train
FIRMS_063B5213,train
FIRMS_063F7178,train
FIRMS_0640386F,train
FIRMS_0646571D,train
FIRMS_065CBE74,train
FIRMS_066E4ED7,train
FIRMS_06776505,train
FIRMS_0689B11D,train
FIRMS_069C62CF,train
FIRMS_06A56625,train
FIRMS_06A63700,train
FIRMS_06B2DBCD,train
FIRMS_06B5327D,train
FIRMS_06BDEB47,train
FIRMS_06E5AF1A,train
FIRMS_06FDB052,train
FIRMS_0708C0DA,train
FIRMS_0709530F,train
FIRMS_0722B780,train
FIRMS_072AF4E1,train
FIRMS_072BABEC,train
FIRMS_073051C5,train
FIRMS_074162EC,train
FIRMS_074C1178,train
FIRMS_074CBEEE,train
FIRMS_07549F9A,train
FIRMS_0765CFD8,train
FIRMS_0769DA31,train
FIRMS_077264A4,train
FIRMS_078790DE,train
FIRMS_0798FFAD,train
FIRMS_07B8562A,train
FIRMS_07BC6ACB,train
FIRMS_07EB25B0,train
FIRMS_07F263EA,train
FIRMS_07F83972,train
FIRMS_07F95C13,train
FIRMS_07FBCD34,train
FIRMS_08030B3B,train
FIRMS_0808050D,train
FIRMS_0809C5E8,train
FIRMS_0818B0F5,train
FIRMS_082782FD,train
FIRMS_0827AF4A,train
FIRMS_082955CB,train
FIRMS_082A9CA7,train
FIRMS_082DA15D,train
FIRMS_084391F5,train
FIRMS_0846E546,train
FIRMS_084FFCAA,train
FIRMS_085C7EFD,train
FIRMS_086C93DF,train
FIRMS_0877B005,train
FIRMS_08893DA8,train
FIRMS_08A5A63D,train
FIRMS_08AD3FB0,train
FIRMS_08B83E30,train
FIRMS_08C22B55,train
FIRMS_08C8414C,train
FIRMS_08CD6E66,train
FIRMS_08D439F7,train
FIRMS_08DA519B,train
FIRMS_08E49680,train
FIRMS_08E8E044,train
FIRMS_08F09D81,train
FIRMS_08F33258,train
FIRMS_090D683D,train
FIRMS_093D612C,train
FIRMS_093FE9DF,train
FIRMS_0947008A,train
FIRMS_09563370,train
FIRMS_09692860,train
FIRMS_09A7C5DC,train
FIRMS_09AAF790,train
FIRMS_09BB1B6E,train
FIRMS_09BE6538,train
FIRMS_09DA345D,train
FIRMS_09DD730B,train
FIRMS_09E98F7D,train
FIRMS_09EA651F,train
FIRMS_09FF5BF0,train
FIRMS_0A163F99,train
FIRMS_0A1B95CE,train
FIRMS_0A2B4560,train
FIRMS_0A3C3855,train
FIRMS_0A40186C,train
FIRMS_0A48D76C,train
FIRMS_0A6569E9,train
FIRMS_0A72CB93,train
FIRMS_0A7EEE7B,train
FIRMS_0A803B1B,train
FIRMS_0A852574,train
FIRMS_0A8A19DE,train
FIRMS_0A8E46B6,train
FIRMS_0ADDD927,train
FIRMS_0AE41D29,train
FIRMS_0AE99AE3,train
FIRMS_0AF75C2D,train
FIRMS_0AFF8BA4,train
FIRMS_0B02D4A8,train
FIRMS_0B05CD5A,train
FIRMS_0B1CFED4,train
FIRMS_0B248F27,train
FIRMS_0B3CD30A,train
FIRMS_0B474850,train
FIRMS_0B5196C2,train
FIRMS_0B5367C2,train
FIRMS_0B5CAC5E,train
FIRMS_0B6A68BB,train
FIRMS_0B7635FE,train
FIRMS_0B899404,train
FIRMS_0B98C4D1,train
FIRMS_0B9955E4,train
FIRMS_0B9C0D33,train
FIRMS_0BB33215,train
FIRMS_0BCEA036,train
FIRMS_0BE85015,train
FIRMS_0BED2CCB,train
FIRMS_0BFCE4CD,train
FIRMS_0C0167E8,train
FIRMS_0C096AB1,train
FIRMS_0C15078E,train
FIRMS_0C169F37,train
FIRMS_0C22DCBB,train
FIRMS_0C3592EB,train
FIRMS_0C3B3CC8,train
FIRMS_0C5CA755,train
FIRMS_0C5EFEE2,train
FIRMS_0C75C85B,train
FIRMS_0C7D3AA0,train
FIRMS_0C94581B,train
FIRMS_0C9E2411,train
FIRMS_0C9F667E,train
FIRMS_0CB07CBD,train
FIRMS_0CB46FCE,train
FIRMS_0CC6914A,train
FIRMS_0CCB6223,train
FIRMS_0CCCEE67,train
FIRMS_0CD757DD,train
FIRMS_0CE7C15E,train
FIRMS_0D06BA1A,train
FIRMS_0D0CEC44,train
FIRMS_0D293506,train
FIRMS_0D2F5D18,train
FIRMS_0D362A5D,train
FIRMS_0D3847B8,train
FIRMS_0D388E1F,train
FIRMS_0D474E24,train
FIRMS_0D6DDE62,train
FIRMS_0D851FE0,train
FIRMS_0D95D20C,train
FIRMS_0DA99A5A,train
FIRMS_0DC8E2FA,train
FIRMS_0DC942FE,train
FIRMS_0DD011F7,train
FIRMS_0DD527E8,train
FIRMS_0DDA3CB0,train
FIRMS_0DDC829B,train
FIRMS_0DF7F9AE,train
FIRMS_0E0BEC49,train
FIRMS_0E1D9400,train
FIRMS_0E2EF50E,train
FIRMS_0E37D8B7,train
FIRMS_0E6D3968,train
FIRMS_0E855219,train
FIRMS_0E884448,train
FIRMS_0EADF6C3,train
FIRMS_0EB31A8B,train
FIRMS_0ECB57E6,train
FIRMS_0ED0EC28,train
FIRMS_0EF3BDBB,train
FIRMS_0F0E551C,train
FIRMS_0F14F2B3,train
FIRMS_0F2D8960,train
FIRMS_0F457E19,train
FIRMS_0F48D95D,train
FIRMS_0F52833A,train
FIRMS_0F63A437,train
FIRMS_0F65DD5B,train
FIRMS_0F717B45,train
FIRMS_0F76A306,train
FIRMS_0F7BD488,train
FIRMS_0F87B13A,train
FIRMS_0FAA5BFD,train
FIRMS_0FB1CA24,train
FIRMS_0FDBCC1D,train
FIRMS_0FE0ED0F,train
FIRMS_0FE2BF6D,train
FIRMS_0FE7AFF6,train
FIRMS_0FE9CC05,train
FIRMS_0FEA802D,train
FIRMS_100320A5,train
FIRMS_1009437C,train
FIRMS_10137A60,train
FIRMS_10151E4E,train
FIRMS_1031D6B8,train
FIRMS_103EEB64,train
FIRMS_1048ECEC,train
FIRMS_10504290,train
FIRMS_105A38BD,train
FIRMS_106DC75E,train
FIRMS_107E7F07,train
FIRMS_10832806,train
FIRMS_10884C5B,train
FIRMS_1089146A,train
FIRMS_1095A699,train
FIRMS_1097F311,train
FIRMS_10A12642,train
FIRMS_10AFDF51,train
FIRMS_10B1EFCD,train
FIRMS_10BBBA69,train
FIRMS_10CCB1E6,train
FIRMS_10D2F732,train
FIRMS_10F44E45,train
FIRMS_10F57C92,train
FIRMS_10F602AB,train
FIRMS_11149CBC,train
FIRMS_111740B9,train
FIRMS_11187FDA,train
FIRMS_11269E13,train
FIRMS_112F1D61,train
FIRMS_11340563,train
FIRMS_113A0B3F,train
FIRMS_113E6981,train
FIRMS_11B44DAB,train
FIRMS_11B50C3F,train
FIRMS_11B9DA2E,train
FIRMS_11CE54F0,train
FIRMS_11D841F3,train
FIRMS_11EBAA63,train
FIRMS_11EC9EC0,train
FIRMS_11F4AEFC,train
FIRMS_11FE59D7,train
FIRMS_12104EA1,train
FIRMS_1210B0C5,train
FIRMS_12130104,train
FIRMS_121E57BE,train
FIRMS_1235CE96,train
FIRMS_123805B8,train
FIRMS_125BDCC1,train
FIRMS_125FD426,train
FIRMS_1267EF22,train
FIRMS_127062C3,train
FIRMS_127C830C,train
FIRMS_128227A1,train
FIRMS_1284C56B,train
FIRMS_128571A8,train
FIRMS_128A1DBF,train
FIRMS_129A042B,train
FIRMS_12A29567,train
FIRMS_12A3CCF0,train
FIRMS_12AAA322,train
FIRMS_12AFF50B,train
FIRMS_12B29040,train
FIRMS_12CEAA2F,train
FIRMS_12DBE6DB,train
FIRMS_12E43629,train
FIRMS_12ED4F6C,train
FIRMS_12F40036,train
FIRMS_13089BBD,train
FIRMS_130D2C8A,train
FIRMS_131747D1,train
FIRMS_13257CA2,train
FIRMS_132A3AAE,train
FIRMS_13321819,train
FIRMS_1333463A,train
FIRMS_1340C9A8,train
FIRMS_1352EFED,train
FIRMS_136EDB02,train
FIRMS_137718A1,train
FIRMS_13917473,train
FIRMS_13987A39,train
FIRMS_1398EB98,train
FIRMS_13A8AC2A,train
FIRMS_13AEFE54,train
FIRMS_13B38581,train
FIRMS_13B97C1C,train
FIRMS_13BF6F83,train
FIRMS_13CD490E,train
FIRMS_13D86937,train
FIRMS_13E44047,train
FIRMS_13E546F3,train
FIRMS_1401E6D2,train
FIRMS_14132144,train
FIRMS_141D26FC,train
FIRMS_141D3237,train
FIRMS_143C3C3A,train
FIRMS_144F7566,train
FIRMS_145A4012,train
FIRMS_146232E8,train
FIRMS_146D7B1D,train
FIRMS_149F9550,train
FIRMS_14A15B18,train
FIRMS_14D99A33,train
FIRMS_14E7B592,train
FIRMS_152BFF47,train
FIRMS_152D6E77,train
FIRMS_15329D8C,train
FIRMS_1539DD23,train
FIRMS_153B4064,train
FIRMS_15571DDF,train
FIRMS_156604B4,train
FIRMS_1584BB8B,train
FIRMS_159AD47B,train
FIRMS_15A59FE7,train
FIRMS_15AE004D,train
FIRMS_15BB8D27,train
FIRMS_15BC9246,train
FIRMS_15D82EF2,train
FIRMS_15DC40B5,train
FIRMS_15EE9C63,train
FIRMS_15F7AE85,train
FIRMS_162E0479,train
FIRMS_1647F96B,train
FIRMS_1680276A,train
FIRMS_168DF428,train
FIRMS_1698522B,train
FIRMS_16A541CD,train
FIRMS_16ADEBB7,train
FIRMS_16AED650,train
FIRMS_16B41285,train
FIRMS_16B4692E,train
FIRMS_16BA5A6D,train
FIRMS_16C4AA7E,train
FIRMS_16CCF7A5,train
FIRMS_16D26EC3,train
FIRMS_16D27D41,train
FIRMS_16D65F7B,train
FIRMS_16F6C2B9,train
FIRMS_16F748EE,train
FIRMS_16FAF3F7,train
FIRMS_1759C9D4,train
FIRMS_17742BE9,train
FIRMS_17B2AF26,train
FIRMS_17B3180E,train
FIRMS_17C32096,train
FIRMS_17C6A82B,train
FIRMS_17E6EAFB,train
FIRMS_17EB4871,train
FIRMS_18064317,train
FIRMS_18160715,train
FIRMS_18180D2E,train
FIRMS_182D5F85,train
FIRMS_183E380E,train
FIRMS_1842D029,train
FIRMS_1843527F,train
FIRMS_18492F69,train
FIRMS_185A6694,train
FIRMS_1865C3A3,train
FIRMS_18696E87,train
FIRMS_186B3F1A,train
FIRMS_18783110,train
FIRMS_1883714E,train
FIRMS_1883A0F9,train
FIRMS_188408DE,train
FIRMS_18999DD0,train
FIRMS_18A8999C,train
FIRMS_18B7A2B7,train
FIRMS_18EB6123,train
FIRMS_190E7E14,train
FIRMS_1917D3C2,train
FIRMS_191FCAA8,train
FIRMS_192C559A,train
FIRMS_1936C315,train
FIRMS_193E56A1,train
FIRMS_19457FFD,train
FIRMS_195CC75E,train
FIRMS_1968EBA4,train
FIRMS_19725E5E,train
FIRMS_198EEBDE,train
FIRMS_1998C36C,train
FIRMS_199DFDE6,train
FIRMS_19A4E7A0,train
FIRMS_19AD1FD7,train
FIRMS_19ADE1CA,train
FIRMS_19AE368A,train
FIRMS_19B01BA2,train
FIRMS_19B442BA,train
FIRMS_19B809BE,train
FIRMS_19C9277F,train
FIRMS_19CED66E,train
FIRMS_19CFA2EC,train
FIRMS_19E9FA34,train
FIRMS_19F273F8,train
FIRMS_19FFF028,train
FIRMS_1A086D6D,train
FIRMS_1A1F45E0,train
FIRMS_1A2DA94E,train
FIRMS_1A3299BC,train
FIRMS_1A40EC8C,train
FIRMS_1A458618,train
FIRMS_1A4CFE2A,train
FIRMS_1A6D4649,train
FIRMS_1A6EF8FD,train
FIRMS_1A7C7B34,train
FIRMS_1A82A6E8,train
FIRMS_1A994D92,train
FIRMS_1A9CFBC9,train
FIRMS_1AB9DC80,train
FIRMS_1AE234F3,train
FIRMS_1AF230A1,train
FIRMS_1AF34EE0,train
FIRMS_1AFE301F,train
FIRMS_1B002E79,train
FIRMS_1B11EFFE,train
FIRMS_1B17EFD7,train
FIRMS_1B33F168,train
FIRMS_1B342506,train
FIRMS_1B59B175,train
FIRMS_1B6A1123,train
FIRMS_1B7887DE,train
FIRMS_1B7F5FC0,train
FIRMS_1B988F57,train
FIRMS_1BA1ED07,train
FIRMS_1BB1809C,train
FIRMS_1BE76E3F,train
FIRMS_1BF51593,train
FIRMS_1C176478,train
FIRMS_1C20ACA7,train
FIRMS_1C2CECA4,train
FIRMS_1C3C13CE,train
FIRMS_1C3DF693,train
FIRMS_1C47114E,train
FIRMS_1C4B3693,train
FIRMS_1C4D9E4F,train
FIRMS_1C5B9EF9,train
FIRMS_1C83F76E,train
FIRMS_1C93AFCA,train
FIRMS_1C9D04AB,train
FIRMS_1CAF6989,train
FIRMS_1CBD1695,train
FIRMS_1CC09860,train
FIRMS_1CDF5A5A,train
FIRMS_1CE5B7E4,train
FIRMS_1CFDF423,train
FIRMS_1D0C0DD3,train
FIRMS_1D23F21D,train
FIRMS_1D380787,train
FIRMS_1D3FEDFE,train
FIRMS_1D4630C7,train
FIRMS_1D6526A9,train
FIRMS_1D65D7AF,train
FIRMS_1D7353C9,train
FIRMS_1D8BC0A1,train
FIRMS_1D91E1B1,train
FIRMS_1DB24170,train
FIRMS_1DC33338,train
FIRMS_1DC3E864,train
FIRMS_1DC5E863,train
FIRMS_1DD78A27,train
FIRMS_1DDCA05C,train
FIRMS_1DED6095,train
FIRMS_1DF0999C,train
FIRMS_1DF7093B,train
FIRMS_1E12D601,train
FIRMS_1E136A2F,train
FIRMS_1E2FE34E,train
FIRMS_1E31C74E,train
FIRMS_1E348DD3,train
FIRMS_1E35D51E,train
FIRMS_1E4A0686,train
FIRMS_1E4BED73,train
FIRMS_1E53F760,train
FIRMS_1E776549,train
FIRMS_1E965AFB,train
FIRMS_1E9CC3AE,train
FIRMS_1ED23476,train
FIRMS_1EE6DE5A,train
FIRMS_1EED9915,train
FIRMS_1EF96A47,train
FIRMS_1F03F489,train
FIRMS_1F09C546,train
FIRMS_1F1189DB,train
FIRMS_1F28E0A0,train
FIRMS_1F293175,train
FIRMS_1F3834E0,train
FIRMS_1F399D4A,train
FIRMS_1F3D7B5F,train
FIRMS_1F70CDE9,train
FIRMS_1F7C530A,train
FIRMS_1F8116DF,train
FIRMS_1F932F14,train
FIRMS_1F96133A,train
FIRMS_1F9B221E,train
FIRMS_1FAEA6EB,train
FIRMS_1FB3E090,train
FIRMS_1FEBD810,train
FIRMS_1FF99D6D,train
FIRMS_200973EB,train
FIRMS_20200A33,train
FIRMS_2030CF8A,train
FIRMS_2030FDD3,train
FIRMS_2033FD72,train
FIRMS_2036B476,train
FIRMS_203B1646,train
FIRMS_203E35DD,train
FIRMS_2051A1BC,train
FIRMS_2058E983,train
FIRMS_20618A8D,train
FIRMS_206BD3E2,train
FIRMS_206D2324,train
FIRMS_2074B98E,train
FIRMS_20889226,train
FIRMS_2092CCD7,train
FIRMS_209C851C,train
FIRMS_20ABE007,train
FIRMS_20ACCC0E,train
FIRMS_20B47059,train
FIRMS_20BD3725,train
FIRMS_20C5FF79,train
FIRMS_20DAF4B4,train
FIRMS_20F41399,train
FIRMS_20FDB53D,train
FIRMS_211F4339,train
FIRMS_2124A226,train
FIRMS_2154D741,train
FIRMS_2154F6D1,train
FIRMS_2162BCFE,train
FIRMS_216334E7,train
FIRMS_2168F93F,train
FIRMS_2182C019,train
FIRMS_2184AA7B,train
FIRMS_218A9B95,train
FIRMS_2198FCFF,train
FIRMS_21AB9BD9,train
FIRMS_21B86732,train
FIRMS_21D147BD,train
FIRMS_22028D76,train
FIRMS_22096348,train
FIRMS_2214ABF2,train
FIRMS_221A0C44,train
FIRMS_22348F29,train
FIRMS_2234AE5E,train
FIRMS_22364648,train
FIRMS_223DB68A,train
FIRMS_223DFA5D,train
FIRMS_225D4339,train
FIRMS_2269A572,train
FIRMS_2269DB54,train
FIRMS_2281A8BA,train
FIRMS_2283C954,train
FIRMS_2287C638,train
FIRMS_228E7A05,train
FIRMS_22980A81,train
FIRMS_229C3085,train
FIRMS_22A2784F,train
FIRMS_22AD63A6,train
FIRMS_22BC89E0,train
FIRMS_22C161D5,train
FIRMS_22C379C7,train
FIRMS_22D42284,train
FIRMS_22D4D380,train
FIRMS_22DE89CB,train
FIRMS_22DF48F6,train
FIRMS_22E4E5B3,train
FIRMS_22FDEED4,train
FIRMS_230BCFA6,train
FIRMS_2311BEE1,train
FIRMS_232B9CF2,train
FIRMS_23318275,train
FIRMS_2335ECA2,train
FIRMS_234E32EC,train
FIRMS_23567F5A,train
FIRMS_235E2432,train
FIRMS_23665CEA,train
FIRMS_237A3928,train
FIRMS_237A7FCD,train
FIRMS_23865208,train
FIRMS_239BB583,train
FIRMS_23D5F20D,train
FIRMS_23D696EB,train
FIRMS_23E28E8F,train
FIRMS_24065B28,train
FIRMS_241E5AF2,train
FIRMS_2420B063,train
FIRMS_2425D678,train
FIRMS_24323A7A,train
FIRMS_243B4E03,train
FIRMS_2446BDD2,train
FIRMS_244F4AED,train
FIRMS_245F9B6B,train
FIRMS_246C2483,train
FIRMS_246E8D14,train
FIRMS_2474A620,train
FIRMS_2476C088,train
FIRMS_247AAA4C,train
FIRMS_248EB108,train
FIRMS_2491F7EE,train
FIRMS_24A3146C,train
FIRMS_24B4EAF8,train
FIRMS_24CBB0B6,train
FIRMS_24D31C31,train
FIRMS_24D4C2F3,train
FIRMS_24D9467B,train
FIRMS_24E0B8C6,train
FIRMS_24E121B4,train
FIRMS_24F152AF,train
FIRMS_24F4E5F7,train
FIRMS_251D067C,train
FIRMS_2522482F,train
FIRMS_25391FC3,train
FIRMS_253AA83B,train
FIRMS_253E4A69,train
FIRMS_2541E9A2,train
FIRMS_25490C05,train
FIRMS_2550A679,train
FIRMS_257ACD80,train
FIRMS_258FE32B,train
FIRMS_25905ACB,train
FIRMS_2595769D,train
FIRMS_25A39FDA,train
FIRMS_25A5BB59,train
FIRMS_25A65546,train
FIRMS_25AA2BC9,train
FIRMS_25B4F49C,train
FIRMS_25BDA4C0,train
FIRMS_25F643FE,train
FIRMS_260A9ED0,train
FIRMS_260AC890,train
FIRMS_26254257,train
FIRMS_26414AF0,train
FIRMS_2656C2E4,train
FIRMS_26841D64,train
FIRMS_268FBDD8,train
FIRMS_2696A7D9,train
FIRMS_26A3F011,train
FIRMS_26AE27AA,train
FIRMS_26C22A2A,train
FIRMS_26CE3A68,train
FIRMS_26D6D333,train
FIRMS_271B20AD,train
FIRMS_271CCA65,train
FIRMS_274ED838,train
FIRMS_27512AEE,train
FIRMS_275BD58E,train
FIRMS_275C47AB,train
FIRMS_2775B687,train
FIRMS_277C4058,train
FIRMS_277FAF76,train
FIRMS_278AC11F,train
FIRMS_279E676E,train
FIRMS_27C8260D,train
FIRMS_27D4FDF2,train
FIRMS_27E07197,train
FIRMS_27E49578,train
FIRMS_27E7A083,train
FIRMS_27F07972,train
FIRMS_2801CB34,train
FIRMS_2805ACEC,train
FIRMS_2812059B,train
FIRMS_282AFC9E,train
FIRMS_285F5DB5,train
FIRMS_285FB93A,train
FIRMS_2865DB21,train
FIRMS_287697FC,train
FIRMS_28ABF1BB,train
FIRMS_28B2B098,train
FIRMS_28B2E819,train
FIRMS_28C38C40,train
FIRMS_29067AF8,train
FIRMS_290B0A21,train
FIRMS_29183D13,train
FIRMS_291BDB8D,train
FIRMS_2925CB6E,train
FIRMS_292F81F6,train
FIRMS_29326727,train
FIRMS_293E2C0E,train
FIRMS_2950EC80,train
FIRMS_295E2EF6,train
FIRMS_2999635C,train
FIRMS_29A848AE,train
FIRMS_29B1DD8E,train
FIRMS_29B26150,train
FIRMS_29B3E53E,train
FIRMS_29BF6454,train
FIRMS_29C7FF6B,train
FIRMS_29CB41EC,train
FIRMS_29D3CEDA,train
FIRMS_29E99D4D,train
FIRMS_2A048F48,train
FIRMS_2A054117,train
FIRMS_2A07A2B8,train
FIRMS_2A214729,train
FIRMS_2A2A998D,train
FIRMS_2A41D2BB,train
FIRMS_2A49D2D9,train
FIRMS_2A58149F,train
FIRMS_2A64D826,train
FIRMS_2AA6E22E,train
FIRMS_2AB6F5B7,train
FIRMS_2AC58F2E,train
FIRMS_2AD42BD7,train
FIRMS_2AE1748D,train
FIRMS_2AE6E541,train
FIRMS_2AF9577C,train
FIRMS_2AF9C27A,train
FIRMS_2B0BBEEF,train
FIRMS_2B16DD52,train
FIRMS_2B2354CB,train
FIRMS_2B396C64,train
FIRMS_2B3D9887,train
FIRMS_2B5D3789,train
FIRMS_2B61D116,train
FIRMS_2B734B80,train
FIRMS_2B876F0C,train
FIRMS_2B88CE63,train
FIRMS_2B8EB5FF,train
FIRMS_2B97393C,train
FIRMS_2B9DA652,train
FIRMS_2BC9CF7F,train
FIRMS_2BCDD59A,train
FIRMS_2BD6BA19,train
FIRMS_2BD9CC2E,train
FIRMS_2BE7D5B2,train
FIRMS_2BF127DF,train
FIRMS_2C08C454,train
FIRMS_2C0E9097,train
FIRMS_2C15A1B0,train
FIRMS_2C1CFB4B,train
FIRMS_2C2F7481,train
FIRMS_2C318512,train
FIRMS_2C32B888,train
FIRMS_2C390C8E,train
FIRMS_2C3A1F17,train
FIRMS_2C43EE9B,train
FIRMS_2C501609,train
FIRMS_2C7711F3,train
FIRMS_2C8D005F,train
FIRMS_2C8D20F8,train
FIRMS_2C97101A,train
FIRMS_2C9C9C35,train
FIRMS_2CAD5BF8,train
FIRMS_2CAD90D5,train
FIRMS_2CF538B7,train
FIRMS_2CFE9D8F,train
FIRMS_2D06DB8B,train
FIRMS_2D0A339E,train
FIRMS_2D0D6335,train
FIRMS_2D1E89BA,train
FIRMS_2D2279C3,train
FIRMS_2D2BD0B7,train
FIRMS_2D2FC069,train
FIRMS_2D43F7EB,train
FIRMS_2D508549,train
FIRMS_2D50BC01,train
FIRMS_2D56B37B,train
FIRMS_2D5AE8A6,train
FIRMS_2D5CE4D8,train
FIRMS_2D6339C7,train
FIRMS_2D7613DC,train
FIRMS_2D77B0EA,train
FIRMS_2DE6B3C1,train
FIRMS_2DE7BCAF,train
FIRMS_2DF5F01B,train
FIRMS_2DFEC5C9,train
FIRMS_2E2186BB,train
FIRMS_2E4394F6,train
FIRMS_2E447303,train
FIRMS_2E721FF9,train
FIRMS_2EAC27DE,train
FIRMS_2EBD3D7E,train
FIRMS_2EC7E0E9,train
FIRMS_2ED252E8,train
FIRMS_2ED6E5C8,train
FIRMS_2ED870C4,train
FIRMS_2F05583B,train
FIRMS_2F07252C,train
FIRMS_2F21BBCF,train
FIRMS_2F2FEBD0,train
FIRMS_2F335B0D,train
FIRMS_2F34322C,train
FIRMS_2F35DEA7,train
FIRMS_2F5903E3,train
FIRMS_2F6B0A89,train
FIRMS_2F70D5D7,train
FIRMS_2F7B6209,train
FIRMS_2FB7A938,train
FIRMS_2FB85749,train
FIRMS_2FBDA37A,train
FIRMS_2FD10246,train
FIRMS_2FD8836B,train
FIRMS_2FDCF282,train
FIRMS_301271F4,train
FIRMS_30262B36,train
FIRMS_302DC29D,train
FIRMS_303AE1F3,train
FIRMS_307439EC,train
FIRMS_30787B11,train
FIRMS_308B7900,train
FIRMS_308BFE8B,train
FIRMS_30964D76,train
FIRMS_30AB353B,train
FIRMS_30BF2B90,train
FIRMS_30D296DB,train
FIRMS_30DA30DC,train
FIRMS_30DEDE2F,train
FIRMS_31054B97,train
FIRMS_312C2C32,train
FIRMS_31510632,train
FIRMS_315EE21C,train
FIRMS_3163B410,train
FIRMS_31647B6C,train
FIRMS_3171CD7A,train
FIRMS_31855F15,train
FIRMS_31862601,train
FIRMS_318EB07B,train
FIRMS_31AB5795,train
FIRMS_31CEF00A,train
FIRMS_31D7F2B5,train
FIRMS_31EB4984,train
FIRMS_31F171FD,train
FIRMS_322490F4,train
FIRMS_3228840C,train
FIRMS_323573A0,train
FIRMS_32474050,train
FIRMS_3256F0DE,train
FIRMS_326393D5,train
FIRMS_32677D5E,train
FIRMS_326B0FFD,train
FIRMS_32831EAB,train
FIRMS_3297C34C,train
FIRMS_32A461F8,train
FIRMS_32AC6E36,train
FIRMS_32C83F8A,train
FIRMS_32D39CD9,train
FIRMS_32DEA610,train
FIRMS_32E011A0,train
FIRMS_32FD9264,train
FIRMS_32FE28FA,train
FIRMS_33143E44,train
FIRMS_331A7DB1,train
FIRMS_331CE3B5,train
FIRMS_333E3F31,train
FIRMS_3353F122,train
FIRMS_3367F0E3,train
FIRMS_33737461,train
FIRMS_3374479F,train
FIRMS_3388C56E,train
FIRMS_338C1513,train
FIRMS_338C8C8D,train
FIRMS_339ECC41,train
FIRMS_339F3796,train
FIRMS_33AF4BF6,train
FIRMS_33C35AFE,train
FIRMS_33E52F49,train
FIRMS_33E857BE,train
FIRMS_33EFEF5C,train
FIRMS_33EFF615,train
FIRMS_3400C2F2,train
FIRMS_340BB556,train
FIRMS_341ADB99,train
FIRMS_34328E9F,train
FIRMS_34388376,train
FIRMS_3439F62D,train
FIRMS_3440312A,train
FIRMS_348C282E,train
FIRMS_3491623A,train
FIRMS_349EB44C,train
FIRMS_34B78A5B,train
FIRMS_34CB90C2,train
FIRMS_34EA870F,train
FIRMS_34FA0498,train
FIRMS_34FC4EA3,train
FIRMS_35032EC0,train
FIRMS_35061BCB,train
FIRMS_351582A1,train
FIRMS_3536B693,train
FIRMS_3552ECEC,train
FIRMS_3563F32A,train
FIRMS_3568A85A,train
FIRMS_356CF64A,train
FIRMS_357E9B9E,train
FIRMS_357F6BA4,train
FIRMS_35818688,train
FIRMS_3585CC43,train
FIRMS_358CCC4B,train
FIRMS_35927C7B,train
FIRMS_35B54E3D,train
FIRMS_35C4D0E6,train
FIRMS_35C5B082,train
FIRMS_35C6E314,train
FIRMS_35C88CF6,train
FIRMS_35CB052A,train
FIRMS_35D88A6F,train
FIRMS_35DB2BB3,train
FIRMS_35E02D4F,train
FIRMS_35E5693E,train
FIRMS_35F6E007,train
FIRMS_3606668A,train
FIRMS_360BD0AB,train
FIRMS_3620CC4B,train
FIRMS_362AE931,train
FIRMS_36334A5F,train
FIRMS_36535160,train
FIRMS_365E90CE,train
FIRMS_366B4DC5,train
FIRMS_366C4226,train
FIRMS_36723125,train
FIRMS_3690F38B,train
FIRMS_36960E21,train
FIRMS_36F113A1,train
FIRMS_371E7A17,train
FIRMS_37205F04,train
FIRMS_3722D2BC,train
FIRMS_37384DA3,train
FIRMS_373898B1,train
FIRMS_373CEC9F,train
FIRMS_37400865,train
FIRMS_375B6801,train
FIRMS_376089B6,train
FIRMS_37641426,train
FIRMS_377BB1C1,train
FIRMS_3786DBC8,train
FIRMS_379E90CA,train
FIRMS_37AD2160,train
FIRMS_37DBF407,train
FIRMS_37F6729D,train
FIRMS_37FFC8CF,train
FIRMS_380D21B9,train
FIRMS_383341EF,train
FIRMS_38388BDA,train
FIRMS_3857C2DC,train
FIRMS_38770EF6,train
FIRMS_38986A0A,train
FIRMS_389FB886,train
FIRMS_38A3E3ED,train
FIRMS_38B80C64,train
FIRMS_38DE05E2,train
FIRMS_38F362E5,train
FIRMS_38F62322,train
FIRMS_38F7E522,train
FIRMS_3909F940,train
FIRMS_390F189C,train
FIRMS_3911E2D8,train
FIRMS_391293D1,train
FIRMS_391FF004,train
FIRMS_3921E47E,train
FIRMS_3929B937,train
FIRMS_393F5007,train
FIRMS_3950D071,train
FIRMS_3966CAD8,train
FIRMS_399B50F7,train
FIRMS_39A6F663,train
FIRMS_39BED4D6,train
FIRMS_39DCA4A8,train
FIRMS_39E79F9E,train
FIRMS_39F389A2,train
FIRMS_3A0027F3,train
FIRMS_3A05921E,train
FIRMS_3A179C33,train
FIRMS_3A19C732,train
FIRMS_3A341928,train
FIRMS_3A345F0E,train
FIRMS_3A366DC5,train
FIRMS_3A4A0F99,train
FIRMS_3A6A264B,train
FIRMS_3A843570,train
FIRMS_3A9483EC,train
FIRMS_3A9D290A,train
FIRMS_3AC13851,train
FIRMS_3AD756FA,train
FIRMS_3AE24247,train
FIRMS_3AE242B6,train
FIRMS_3AE91DD9,train
FIRMS_3AF20B10,train
FIRMS_3AF4407E,train
FIRMS_3AF8F0C9,train
FIRMS_3B1409E3,train
FIRMS_3B1F7BD7,train
FIRMS_3B29569B,train
FIRMS_3B65F788,train
FIRMS_3B66F8AE,train
FIRMS_3B7953CC,train
FIRMS_3B828002,train
FIRMS_3B83548B,train
FIRMS_3B877A5F,train
FIRMS_3B99DCBD,train
FIRMS_3BA1A516,train
FIRMS_3BA4A73A,train
FIRMS_3BC5287D,train
FIRMS_3BC7A6E9,train
FIRMS_3BCA8338,train
FIRMS_3BCE18D1,train
FIRMS_3BD58144,train
FIRMS_3BD60A77,train
FIRMS_3BDC85C1,train
FIRMS_3BE8DD4C,train
FIRMS_3BFB95CC,train
FIRMS_3C146F0B,train
FIRMS_3C29FB8C,train
FIRMS_3C32E2B0,train
FIRMS_3C3FAF5A,train
FIRMS_3C442EFF,train
FIRMS_3C4F9DC8,train
FIRMS_3C60C1BD,train
FIRMS_3C60CA85,train
FIRMS_3C6B22A8,train
FIRMS_3C7E2B7F,train
FIRMS_3C98A88E,train
FIRMS_3CC76DD7,train
FIRMS_3CCCE4D6,train
FIRMS_3CD4015F,train
FIRMS_3CD4FAFB,train
FIRMS_3CFD5D0E,train
FIRMS_3D137C32,train
FIRMS_3D260F59,train
FIRMS_3D27815A,train
FIRMS_3D2BF391,train
FIRMS_3D30426B,train
FIRMS_3D31D3BC,train
FIRMS_3D3420E9,train
FIRMS_3D3A7DF9,train
FIRMS_3D3F1153,train
FIRMS_3D3F7253,train
FIRMS_3D833B16,train
FIRMS_3D90652D,train
FIRMS_3D96A8E6,train
FIRMS_3DBA2629,train
FIRMS_3DBD8E44,train
FIRMS_3DC58230,train
FIRMS_3DEB181E,train
FIRMS_3E1148B4,train
FIRMS_3E16749D,train
FIRMS_3E28D28C,train
FIRMS_3E4460B9,train
FIRMS_3E4A5014,train
FIRMS_3E594A85,train
FIRMS_3E9084F6,train
FIRMS_3E9AABE4,train
FIRMS_3EA662C2,train
FIRMS_3EBFF54D,train
FIRMS_3EF76267,train
FIRMS_3EFDBCC0,train
FIRMS_3F0E57A3,train
FIRMS_3F263BC1,train
FIRMS_3F2C615C,train
FIRMS_3F39F7C3,train
FIRMS_3F468C6C,train
FIRMS_3F47AF56,train
FIRMS_3F525A3B,train
FIRMS_3F750A6E,train
FIRMS_3F98167E,train
FIRMS_3FBD16C2,train
FIRMS_3FC1480E,train
FIRMS_3FCB7AED,train
FIRMS_3FFB4699,train
FIRMS_3FFD94D6,train
FIRMS_402507F5,train
FIRMS_40522E8C,train
FIRMS_405405B9,train
FIRMS_4057399A,train
FIRMS_406628F2,train
FIRMS_4073D8F3,train
FIRMS_407E663F,train
FIRMS_408698D8,train
FIRMS_409B28C0,train
FIRMS_40B13FF9,train
FIRMS_40C4AD0F,train
FIRMS_40CEF225,train
FIRMS_40FE1777,train
FIRMS_41191D44,train
FIRMS_412171B5,train
FIRMS_412EFACA,train
FIRMS_41455507,train
FIRMS_41507A37,train
FIRMS_415544B0,train
FIRMS_416236BC,train
FIRMS_4184DF73,train
FIRMS_418574F6,train
FIRMS_418AE552,train
FIRMS_419AE139,train
FIRMS_41AFC517,train
FIRMS_41B37E52,train
FIRMS_41CADF2B,train
FIRMS_41D9314F,train
FIRMS_41E659D1,train
FIRMS_41FC2EB7,train
FIRMS_4212A21D,train
FIRMS_423D814A,train
FIRMS_424C4183,train
FIRMS_424CD118,train
FIRMS_424E1046,train
FIRMS_42508882,train
FIRMS_42566408,train
FIRMS_4271B554,train
FIRMS_4274E2A5,train
FIRMS_4291EF5E,train
FIRMS_429A8F56,train
FIRMS_42AFE6D5,train
FIRMS_42BDDD7B,train
FIRMS_42DE5ABC,train
FIRMS_42E63D49,train
FIRMS_4305DF34,train
FIRMS_4333C683,train
FIRMS_43456D66,train
FIRMS_4346B8FA,train
FIRMS_43730AE9,train
FIRMS_437B3B54,train
FIRMS_43A1FF1A,train
FIRMS_43BC32AC,train
FIRMS_43C62A24,train
FIRMS_43CA0758,train
FIRMS_43CC8B97,train
FIRMS_43D12D23,train
FIRMS_43E7FCF9,train
FIRMS_43F3871E,train
FIRMS_44036FF5,train
FIRMS_44115ADF,train
FIRMS_44121C7C,train
FIRMS_442146D1,train
FIRMS_44229BF5,train
FIRMS_44312F9B,train
FIRMS_44329B9E,train
FIRMS_444B1043,train
FIRMS_4452E84E,train
FIRMS_4462ACFA,train
FIRMS_446DE94F,train
FIRMS_44771B63,train
FIRMS_447E40AC,train
FIRMS_44811536,train
FIRMS_44965076,train
FIRMS_449A85B6,train
FIRMS_44BBD550,train
FIRMS_44E548CC,train
FIRMS_44E91B30,train
FIRMS_44E9A802,train
FIRMS_44ED2132,train
FIRMS_4507F2F2,train
FIRMS_450BBBF3,train
FIRMS_450BF0B0,train
FIRMS_450E351C,train
FIRMS_45114390,train
FIRMS_451F2861,train
FIRMS_451FDD12,train
FIRMS_452AC718,train
FIRMS_45524F47,train
FIRMS_45553958,train
FIRMS_455857ED,train
FIRMS_455A64CB,train
FIRMS_455A6A6B,train
FIRMS_45957BD3,train
FIRMS_459E0FFB,train
FIRMS_45AC3DAC,train
FIRMS_45B713A8,train
FIRMS_45B97520,train
FIRMS_45BBADB0,train
FIRMS_45CABF6E,train
FIRMS_45CB9CD9,train
FIRMS_45CF94CF,train
FIRMS_45E0143C,train
FIRMS_45E9F10B,train
FIRMS_45F393B1,train
FIRMS_45F4CFB1,train
FIRMS_45F5DD34,train
FIRMS_4673D675,train
FIRMS_46A19EA3,train
FIRMS_46BB0F08,train
FIRMS_46C83C44,train
FIRMS_46CAA000,train
FIRMS_46CF73FE,train
FIRMS_46E5DA5E,train
FIRMS_46F59508,train
FIRMS_4710ABBD,train
FIRMS_4710FA0E,train
FIRMS_47336685,train
FIRMS_475329FC,train
FIRMS_4759EC31,train
FIRMS_476CD478,train
FIRMS_476D50CF,train
FIRMS_47830F0D,train
FIRMS_47A47CBB,train
FIRMS_47BA3371,train
FIRMS_47CED587,train
FIRMS_47D2B9D3,train
FIRMS_47EFC9E6,train
FIRMS_47FBB98E,train
FIRMS_48119EE3,train
FIRMS_4815AC85,train
FIRMS_4836EAE1,train
FIRMS_483F1B8C,train
FIRMS_4860E571,train
FIRMS_48628E2D,train
FIRMS_4864E7EF,train
FIRMS_488A44C0,train
FIRMS_488B3F08,train
FIRMS_488F6AFF,train
FIRMS_48AD6855,train
FIRMS_48ADE1C9,train
FIRMS_48BA6CD0,train
FIRMS_48C7003C,train
FIRMS_48D2D1CF,train
FIRMS_48D9B7CB,train
FIRMS_48DDD63A,train
FIRMS_48DECE39,train
FIRMS_48E2CD24,train
FIRMS_48E3D692,train
FIRMS_48EBEC60,train
FIRMS_48F5188F,train
FIRMS_48FB7F32,train
FIRMS_491D6DED,train
FIRMS_49285C2C,train
FIRMS_493CCC8D,train
FIRMS_493DCC8B,train
FIRMS_49493C52,train
FIRMS_494B72A6,train
FIRMS_49615D7C,train
FIRMS_49644C93,train
FIRMS_49806C15,train
FIRMS_49870B57,train
FIRMS_4997B1C9,train
FIRMS_499E1A62,train
FIRMS_49B66415,train
FIRMS_49B7B7F6,train
FIRMS_49CE2013,train
FIRMS_49D90774,train
FIRMS_49DBCC39,train
FIRMS_49E23276,train
FIRMS_49E885A6,train
FIRMS_49F33072,train
FIRMS_4A18D420,train
FIRMS_4A268789,train
FIRMS_4A27E9C7,train
FIRMS_4A333C3F,train
FIRMS_4A342189,train
FIRMS_4A344968,train
FIRMS_4A412055,train
FIRMS_4A7546B0,train
FIRMS_4A763409,train
FIRMS_4A7BA729,train
FIRMS_4A8B5DDF,train
FIRMS_4A952174,train
FIRMS_4AA5554C,train
FIRMS_4AAED5C8,train
FIRMS_4AB8329E,train
FIRMS_4ABA2BD1,train
FIRMS_4AE0EAE5,train
FIRMS_4AE97D3C,train
FIRMS_4AED2E66,train
FIRMS_4B119984,train
FIRMS_4B15D105,train
FIRMS_4B1FE86B,train
FIRMS_4B2EC11F,train
FIRMS_4B31AB3A,train
FIRMS_4B53345D,train
FIRMS_4B5CB59F,train
FIRMS_4B5D4C89,train
FIRMS_4B654B0A,train
FIRMS_4B65F99D,train
FIRMS_4B663FEF,train
FIRMS_4B665CC3,train
FIRMS_4B67FA90,train
FIRMS_4B78354B,train
FIRMS_4B7B558F,train
FIRMS_4B8BE974,train
FIRMS_4B97F39A,train
FIRMS_4B9D0E2C,train
FIRMS_4BA49C93,train
FIRMS_4BAAB74F,train
FIRMS_4BAC83BB,train
FIRMS_4BB8111D,train
FIRMS_4BB9B2F9,train
FIRMS_4BCA566E,train
FIRMS_4BD199A5,train
FIRMS_4C0D116E,train
FIRMS_4C282D83,train
FIRMS_4C42B628,train
FIRMS_4C4308F4,train
FIRMS_4C6EA3C2,train
FIRMS_4C875D05,train
FIRMS_4C883CF8,train
FIRMS_4C92E0CB,train
FIRMS_4C98D6E4,train
FIRMS_4C9C0249,train
FIRMS_4C9E1CCA,train
FIRMS_4CB4C80E,train
FIRMS_4CC229B0,train
FIRMS_4CD8851A,train
FIRMS_4CEC817E,train
FIRMS_4CECE296,train
FIRMS_4D0465F8,train
FIRMS_4D0FECA1,train
FIRMS_4D1CE703,train
FIRMS_4D266828,train
FIRMS_4D35FA26,train
FIRMS_4D3CADFA,train
FIRMS_4D443A59,train
FIRMS_4D6EE545,train
FIRMS_4D85D9F5,train
FIRMS_4D886169,train
FIRMS_4D9AEAC3,train
FIRMS_4D9C4EE0,train
FIRMS_4DA1B041,train
FIRMS_4DAE0938,train
FIRMS_4DAECF3B,train
FIRMS_4DB0E3DE,train
FIRMS_4DB29053,train
FIRMS_4DCB5219,train
FIRMS_4DD8EC5A,train
FIRMS_4DE9BDDD,train
FIRMS_4DF67BD2,train
FIRMS_4DFC17CE,train
FIRMS_4E07D8CA,train
FIRMS_4E15F858,train
FIRMS_4E21E2C2,train
FIRMS_4E3168A8,train
FIRMS_4E46A06B,train
FIRMS_4E51B02D,train
FIRMS_4E5239C6,train
FIRMS_4E5A4EDE,train
FIRMS_4E660625,train
FIRMS_4E8CE792,train
FIRMS_4EA60808,train
FIRMS_4EA9853E,train
FIRMS_4EC01050,train
FIRMS_4ECC1F14,train
FIRMS_4EF11D55,train
FIRMS_4F05DE5E,train
FIRMS_4F0D585A,train
FIRMS_4F0EE180,train
FIRMS_4F16C0A1,train
FIRMS_4F39D901,train
FIRMS_4F41EFCA,train
FIRMS_4F49B387,train
FIRMS_4F530F80,train
FIRMS_4F582276,train
FIRMS_4F68B0D5,train
FIRMS_4F6D2018,train
FIRMS_4F6FA5C8,train
FIRMS_4F891683,train
FIRMS_4F89E4F6,train
FIRMS_4FB5FBB7,train
FIRMS_4FC14BA4,train
FIRMS_4FEEB1A5,train
FIRMS_4FF6B6B5,train
FIRMS_5004C52D,train
FIRMS_500D9CC2,train
FIRMS_502F3D3B,train
FIRMS_50406786,train
FIRMS_5057C462,train
FIRMS_505E811E,train
FIRMS_506241D5,train
FIRMS_506F1425,train
FIRMS_50723D6D,train
FIRMS_50746F27,train
FIRMS_507D8E1C,train
FIRMS_50815972,train
FIRMS_50843FE4,train
FIRMS_50958CE6,train
FIRMS_509EC2FA,train
FIRMS_50AF205C,train
FIRMS_50B1916D,train
FIRMS_50C8F7C8,train
FIRMS_50D77D7D,train
FIRMS_50E70B97,train
FIRMS_50EBCA94,train
FIRMS_5101D2B6,train
FIRMS_5131BEDF,train
FIRMS_513829C3,train
FIRMS_51395A85,train
FIRMS_5145BFFC,train
FIRMS_514D99A9,train
FIRMS_5151BCE2,train
FIRMS_5160FE9A,train
FIRMS_51616315,train
FIRMS_51749E1A,train
FIRMS_5181A742,train
FIRMS_51A3F4C3,train
FIRMS_51D6B7AE,train
FIRMS_51FFACC8,train
FIRMS_520BA31C,train
FIRMS_520CDDB7,train
FIRMS_521FC90B,train
FIRMS_522309B8,train
FIRMS_522CB82D,train
FIRMS_523AE619,train
FIRMS_5243B21F,train
FIRMS_524C0AE6,train
FIRMS_52533936,train
FIRMS_5266FF85,train
FIRMS_526CE0A8,train
FIRMS_5270FCAC,train
FIRMS_527565A2,train
FIRMS_52784497,train
FIRMS_52AA6C2B,train
FIRMS_52AED6EC,train
FIRMS_52DF4D3D,train
FIRMS_52F0563E,train
FIRMS_52FD5D5C,train
FIRMS_5322EA4F,train
FIRMS_53546FD1,train
FIRMS_5355B762,train
FIRMS_536807E5,train
FIRMS_539D6EF5,train
FIRMS_53A4769E,train
FIRMS_53B97929,train
FIRMS_53DB00A8,train
FIRMS_53F2790E,train
FIRMS_540C7B0E,train
FIRMS_54105E23,train
FIRMS_541D68E3,train
FIRMS_5421E2F0,train
FIRMS_542FA5B4,train
FIRMS_543F255B,train
FIRMS_54666571,train
FIRMS_5473E251,train
FIRMS_548D434B,train
FIRMS_5493C821,train
FIRMS_54948885,train
FIRMS_5495DC0C,train
FIRMS_549FF9F2,train
FIRMS_54A4BFE6,train
FIRMS_54A62B1C,train
FIRMS_54CB95A1,train
FIRMS_54D1E541,train
FIRMS_54D7532B,train
FIRMS_54D76F0D,train
FIRMS_54E8BEED,train
FIRMS_54EB27F7,train
FIRMS_54F48B72,train
FIRMS_54F72D86,train
FIRMS_54FE44AD,train
FIRMS_55150CB5,train
FIRMS_5520BC64,train
FIRMS_552579C3,train
FIRMS_5537C1F8,train
FIRMS_55431912,train
FIRMS_55739ACF,train
FIRMS_557ED1BB,train
FIRMS_557F6DAB,train
FIRMS_558B491F,train
FIRMS_559066A0,train
FIRMS_55AB9230,train
FIRMS_55AEA8A8,train
FIRMS_55B2A338,train
FIRMS_55BD0331,train
FIRMS_55BF9B3A,train
FIRMS_55C66156,train
FIRMS_55C99D0C,train
FIRMS_55DE3ABB,train
FIRMS_55DE9C49,train
FIRMS_55E6EB04,train
FIRMS_55FE7A65,train
FIRMS_56005332,train
FIRMS_5602B680,train
FIRMS_560DFA2C,train
FIRMS_562B4CD8,train
FIRMS_562DEE9D,train
FIRMS_563276CE,train
FIRMS_563F22C1,train
FIRMS_5649CBF2,train
FIRMS_564C1D5D,train
FIRMS_56519267,train
FIRMS_56592A47,train
FIRMS_5662807B,train
FIRMS_56694AB6,train
FIRMS_566C973D,train
FIRMS_5681FBB5,train
FIRMS_5696B441,train
FIRMS_56CE61B2,train
FIRMS_56D8629F,train
FIRMS_56D87EB9,train
FIRMS_56DC9660,train
FIRMS_56DF3792,train
FIRMS_56E470BF,train
FIRMS_5702674E,train
FIRMS_5721328B,train
FIRMS_5728A149,train
FIRMS_57470B54,train
FIRMS_57656943,train
FIRMS_576DE7F7,train
FIRMS_57723BA4,train
FIRMS_577624BE,train
FIRMS_57A1FCA9,train
FIRMS_57B44DF5,train
FIRMS_57BA8172,train
FIRMS_57D39487,train
FIRMS_57D8E234,train
FIRMS_57E08AA4,train
FIRMS_57FEE06C,train
FIRMS_5807FE89,train
FIRMS_580AD86B,train
FIRMS_581A758E,train
FIRMS_581DDA6A,train
FIRMS_582329E7,train
FIRMS_58258CE6,train
FIRMS_582FC46D,train
FIRMS_5853B80C,train
FIRMS_5870B1A2,train
FIRMS_5888E90A,train
FIRMS_58C58A66,train
FIRMS_58DC0D08,train
FIRMS_58DD6509,train
FIRMS_58EC29D6,train
FIRMS_590E2C81,train
FIRMS_591F8B70,train
FIRMS_59212A5A,train
FIRMS_593363F3,train
FIRMS_59966566,train
FIRMS_5998EBD9,train
FIRMS_59CD00B1,train
FIRMS_59CD3AD8,train
FIRMS_59D50898,train
FIRMS_59DE178B,train
FIRMS_59EC8842,train
FIRMS_59EFF525,train
FIRMS_59F7D16D,train
FIRMS_5A03993D,train
FIRMS_5A148BE1,train
FIRMS_5A262212,train
FIRMS_5A31402F,train
FIRMS_5A363994,train
FIRMS_5A3D0E3A,train
FIRMS_5A40F48C,train
FIRMS_5A6AFB1F,train
FIRMS_5A744223,train
FIRMS_5A769F65,train
FIRMS_5A7C0BE3,train
FIRMS_5A7C61E1,train
FIRMS_5A7FA80C,train
FIRMS_5A8C396C,train
FIRMS_5A9B5D98,train
FIRMS_5AA51E82,train
FIRMS_5AA8D62B,train
FIRMS_5AAEB9C6,train
FIRMS_5AB3FE47,train
FIRMS_5AB513D7,train
FIRMS_5ACA075E,train
FIRMS_5AD3278B,train
FIRMS_5ADEF089,train
FIRMS_5AFB211B,train
FIRMS_5B154059,train
FIRMS_5B25C8D6,train
FIRMS_5B4587D8,train
FIRMS_5B536504,train
FIRMS_5B583D4D,train
FIRMS_5B5DA813,train
FIRMS_5B5ED69A,train
FIRMS_5B8A41C7,train
FIRMS_5B9F12E0,train
FIRMS_5BA0FB81,train
FIRMS_5BA6E3DE,train
FIRMS_5BACBBB3,train
FIRMS_5BAFD7AB,train
FIRMS_5BC98D3B,train
FIRMS_5BDFD350,train
FIRMS_5BFC27F9,train
FIRMS_5C052F48,train
FIRMS_5C4B6012,train
FIRMS_5C4DAD41,train
FIRMS_5C58E501,train
FIRMS_5C6EF711,train
FIRMS_5C73AE56,train
FIRMS_5C8F1359,train
FIRMS_5C95F748,train
FIRMS_5C9DBC51,train
FIRMS_5CA43C2A,train
FIRMS_5CB3D517,train
FIRMS_5CB8662C,train
FIRMS_5CC37C71,train
FIRMS_5CC861F3,train
FIRMS_5CC98911,train
FIRMS_5CCD6711,train
FIRMS_5CE12CE2,train
FIRMS_5CF818E1,train
FIRMS_5D189C95,train
FIRMS_5D1C02FA,train
FIRMS_5D51148D,train
FIRMS_5D8210C9,train
FIRMS_5D8BEED6,train
FIRMS_5D8F5C75,train
FIRMS_5D905DF1,train
FIRMS_5D940770,train
FIRMS_5DA930A6,train
FIRMS_5DAC718C,train
FIRMS_5DACD551,train
FIRMS_5DB63EEC,train
FIRMS_5DC1E5D3,train
FIRMS_5DC7435B,train
FIRMS_5DC7491A,train
FIRMS_5DD3736D,train
FIRMS_5DE16459,train
FIRMS_5DE80713,train
FIRMS_5E02DF65,train
FIRMS_5E0781C9,train
FIRMS_5E12DA37,train
FIRMS_5E12F170,train
FIRMS_5E1FE566,train
FIRMS_5E2CF4A5,train
FIRMS_5E384851,train
FIRMS_5E3DF271,train
FIRMS_5E4BAF5F,train
FIRMS_5E5A5058,train
FIRMS_5E677E0F,train
FIRMS_5E6B0F4E,train
FIRMS_5E6CFA68,train
FIRMS_5E75FCE3,train
FIRMS_5E812F32,train
FIRMS_5E8832FA,train
FIRMS_5EC00F55,train
FIRMS_5EC380E2,train
FIRMS_5EDC7738,train
FIRMS_5EE0EA5B,train
FIRMS_5EEDC140,train
FIRMS_5EEE5F28,train
FIRMS_5F2792CA,train
FIRMS_5F328BC2,train
FIRMS_5F3928FF,train
FIRMS_5F518344,train
FIRMS_5F559C1E,train
FIRMS_5F7B6D99,train
FIRMS_5F7E6BD7,train
FIRMS_5F88BBD2,train
FIRMS_5F88C5F5,train
FIRMS_5F944C61,train
FIRMS_5FA89E1A,train
FIRMS_5FC613FF,train
FIRMS_5FD8188F,train
FIRMS_5FDCA2E3,train
FIRMS_5FDFC08B,train
FIRMS_5FE0FDE8,train
FIRMS_5FEA0251,train
FIRMS_5FEBD724,train
FIRMS_5FF221C8,train
FIRMS_60031B85,train
FIRMS_600B748B,train
FIRMS_60194451,train
FIRMS_6022F0CB,train
FIRMS_60289D00,train
FIRMS_603346BF,train
FIRMS_6048C009,train
FIRMS_604EC204,train
FIRMS_608E883F,train
FIRMS_60A2D3B1,train
FIRMS_60A2EC4C,train
FIRMS_60AE20FB,train
FIRMS_60C0AE06,train
FIRMS_60D70A09,train
FIRMS_60D7E222,train
FIRMS_60DEF21A,train
FIRMS_60E7F531,train
FIRMS_60F05211,train
FIRMS_60FFA449,train
FIRMS_611068A7,train
FIRMS_61169943,train
FIRMS_611B20F3,train
FIRMS_615C9818,train
FIRMS_616DD8E3,train
FIRMS_617447DA,train
FIRMS_6180DCF1,train
FIRMS_6182B202,train
FIRMS_618F41D3,train
FIRMS_618F9629,train
FIRMS_619A7CD3,train
FIRMS_61A618FE,train
FIRMS_61C5BA85,train
FIRMS_61D1BC46,train
FIRMS_61D2B633,train
FIRMS_61D5D72D,train
FIRMS_61DEDB70,train
FIRMS_61E68DDA,train
FIRMS_61F8ABAF,train
FIRMS_62193885,train
FIRMS_621AA399,train
FIRMS_62205BA8,train
FIRMS_623CB856,train
FIRMS_623FBBEE,train
FIRMS_624751C9,train
FIRMS_626B077A,train
FIRMS_626E2332,train
FIRMS_626F6E28,train
FIRMS_62793CC1,train
FIRMS_628784D2,train
FIRMS_62895FEC,train
FIRMS_6289BA24,train
FIRMS_6293F14F,train
FIRMS_62989331,train
FIRMS_629DD648,train
FIRMS_62AC6306,train
FIRMS_62B407C1,train
FIRMS_62B706A5,train
FIRMS_62D6543E,train
FIRMS_62D970C4,train
FIRMS_62E1E5F6,train
FIRMS_62EB39E1,train
FIRMS_63023322,train
FIRMS_630E775A,train
FIRMS_6310A6BC,train
FIRMS_63154CF1,train
FIRMS_632274D9,train
FIRMS_63257FB0,train
FIRMS_635BC020,train
FIRMS_636929CB,train
FIRMS_636D4CE6,train
FIRMS_6371EE2B,train
FIRMS_63797A13,train
FIRMS_637DCAF9,train
FIRMS_638742D9,train
FIRMS_63AD45B8,train
FIRMS_63B4EB90,train
FIRMS_63C680AB,train
FIRMS_63E2C7C0,train
FIRMS_63E2F311,train
FIRMS_63E381D9,train
FIRMS_63E708A6,train
FIRMS_640072BD,train
FIRMS_640A9214,train
FIRMS_6427EA88,train
FIRMS_64536AA0,train
FIRMS_645CC718,train
FIRMS_64728113,train
FIRMS_649FFF56,train
FIRMS_64A5D2EE,train
FIRMS_64AB5994,train
FIRMS_64B34FAC,train
FIRMS_64B686D9,train
FIRMS_64E0CDC3,train
FIRMS_64E74D4E,train
FIRMS_64F9C027,train
FIRMS_650971F3,train
FIRMS_650C1213,train
FIRMS_651E5C2D,train
FIRMS_6552000E,train
FIRMS_6567194F,train
FIRMS_656A2289,train
FIRMS_656A564B,train
FIRMS_65874977,train
FIRMS_658C02C3,train
FIRMS_65944C1F,train
FIRMS_6595E03C,train
FIRMS_65B5A0D5,train
FIRMS_65BC2ACD,train
FIRMS_65C888B6,train
FIRMS_65C99683,train
FIRMS_65DE1DC9,train
FIRMS_660847C4,train
FIRMS_6612843E,train
FIRMS_66205DAD,train
FIRMS_6625254A,train
FIRMS_6628F34E,train
FIRMS_6648E790,train
FIRMS_666ACF9C,train
FIRMS_666C765B,train
FIRMS_6676D527,train
FIRMS_6677E2D3,train
FIRMS_668DB6B6,train
FIRMS_66972F3E,train
FIRMS_669CE9BB,train
FIRMS_669E7CAF,train
FIRMS_669F2E92,train
FIRMS_66EEBB77,train
FIRMS_66F096CA,train
FIRMS_66F6A43C,train
FIRMS_66FD5FEF,train
FIRMS_67088EA8,train
FIRMS_671B4061,train
FIRMS_6738FB59,train
FIRMS_673ADCEA,train
FIRMS_6752AAC6,train
FIRMS_675D28A0,train
FIRMS_67604672,train
FIRMS_6787BD3F,train
FIRMS_67B38D42,train
FIRMS_67C7E740,train
FIRMS_67F03AE9,train
FIRMS_680FE848,train
FIRMS_681A7392,train
FIRMS_682CA942,train
FIRMS_683BD84C,train
FIRMS_686848B0,train
FIRMS_6883DD6B,train
FIRMS_68927319,train
FIRMS_68A78D78,train
FIRMS_68A7E3FE,train
FIRMS_68D386C4,train
FIRMS_68DD83D6,train
FIRMS_68E846CC,train
FIRMS_68FBAF49,train
FIRMS_690DA0AD,train
FIRMS_6912C33F,train
FIRMS_6912E3D4,train
FIRMS_6912FF4A,train
FIRMS_6925BEB2,train
FIRMS_69278406,train
FIRMS_695943C0,train
FIRMS_695CD237,train
FIRMS_69622AE1,train
FIRMS_6963383A,train
FIRMS_6967128E,train
FIRMS_696C3A8D,train
FIRMS_697F25AE,train
FIRMS_698ACEA3,train
FIRMS_6990C2D4,train
FIRMS_69918F5C,train
FIRMS_69AB78F8,train
FIRMS_69B9AD02,train
FIRMS_69BBA831,train
FIRMS_69C250B1,train
FIRMS_69D67F8D,train
FIRMS_69ED1DFD,train
FIRMS_6A02D212,train
FIRMS_6A04DA33,train
FIRMS_6A0BAF5E,train
FIRMS_6A2C4BBB,train
FIRMS_6A3D9766,train
FIRMS_6A47E8D5,train
FIRMS_6A4CB34C,train
FIRMS_6A7C2763,train
FIRMS_6A94A1BB,train
FIRMS_6ACACB06,train
FIRMS_6AEBCDAC,train
FIRMS_6AF7B0DE,train
FIRMS_6B055F15,train
FIRMS_6B0A30B2,train
FIRMS_6B1160C8,train
FIRMS_6B191962,train
FIRMS_6B2BD04D,train
FIRMS_6B34C5B5,train
FIRMS_6B48D066,train
FIRMS_6B5507D9,train
FIRMS_6B6D3251,train
FIRMS_6B6D6D1E,train
FIRMS_6B7B911F,train
FIRMS_6B970F0E,train
FIRMS_6B9B0798,train
FIRMS_6BAB78F7,train
FIRMS_6BB36262,train
FIRMS_6BBFAE82,train
FIRMS_6BC391D9,train
FIRMS_6BC8E21B,train
FIRMS_6BD47C4C,train
FIRMS_6C13058B,train
FIRMS_6C168E03,train
FIRMS_6C17290B,train
FIRMS_6C1775B4,train
FIRMS_6C1D42EF,train
FIRMS_6C2CA661,train
FIRMS_6C5A1267,train
FIRMS_6C63A045,train
FIRMS_6C7184B3,train
FIRMS_6C719A94,train
FIRMS_6C7479B0,train
FIRMS_6C7E4A60,train
FIRMS_6C84E78B,train
FIRMS_6CA29288,train
FIRMS_6CCB3F4A,train
FIRMS_6CDBAF93,train
FIRMS_6CE3A6B2,train
FIRMS_6CE42876,train
FIRMS_6CE9235A,train
FIRMS_6CF7951F,train
FIRMS_6D03321D,train
FIRMS_6D0A4761,train
FIRMS_6D155BC5,train
FIRMS_6D171A99,train
FIRMS_6D25F574,train
FIRMS_6D4D5F0A,train
FIRMS_6D5A2BF9,train
FIRMS_6D747F9B,train
FIRMS_6D7994D2,train
FIRMS_6D89D194,train
FIRMS_6D95BC39,train
FIRMS_6D9E1593,train
FIRMS_6DA13DFF,train
FIRMS_6DB4AF6B,train
FIRMS_6DB4D9C1,train
FIRMS_6DC76A0E,train
FIRMS_6DC84B81,train
FIRMS_6DE0591F,train
FIRMS_6DE84C30,train
FIRMS_6DEA15FA,train
FIRMS_6DF61017,train
FIRMS_6DFA68C6,train
FIRMS_6E02F61E,train
FIRMS_6E29A85F,train
FIRMS_6E36672E,train
FIRMS_6E389153,train
FIRMS_6E5186AC,train
FIRMS_6E6C2D2E,train
FIRMS_6E6C636B,train
FIRMS_6E7DE8AC,train
FIRMS_6E8345EC,train
FIRMS_6E8DB9B9,train
FIRMS_6E9A3500,train
FIRMS_6EC460F3,train
FIRMS_6EC5D1AE,train
FIRMS_6EC68367,train
FIRMS_6ECC612D,train
FIRMS_6ECC7270,train
FIRMS_6ED836DB,train
FIRMS_6ED92AC2,train
FIRMS_6EE20655,train
FIRMS_6EE8F903,train
FIRMS_6EF2235B,train
FIRMS_6EF6CC12,train
FIRMS_6F188BAD,train
FIRMS_6F19178B,train
FIRMS_6F1FAAA4,train
FIRMS_6F213369,train
FIRMS_6F5162BD,train
FIRMS_6F5A6331,train
FIRMS_6F5D66CE,train
FIRMS_6F6E60BF,train
FIRMS_6F7978E5,train
FIRMS_6FA693C1,train
FIRMS_6FBB5331,train
FIRMS_6FBE8708,train
FIRMS_6FDD9A69,train
FIRMS_6FE2DA5F,train
FIRMS_7012E024,train
FIRMS_70143C44,train
FIRMS_701C161D,train
FIRMS_70371394,train
FIRMS_704177B0,train
FIRMS_705C7130,train
FIRMS_706ABE1E,train
FIRMS_70A8C094,train
FIRMS_70B3357F,train
FIRMS_70B9C468,train
FIRMS_70C600D6,train
FIRMS_70D2EB4B,train
FIRMS_70D6EB1D,train
FIRMS_70E9B1A2,train
FIRMS_7104350A,train
FIRMS_7106248E,train
FIRMS_711D5315,train
FIRMS_7125B939,train
FIRMS_712BC835,train
FIRMS_715BB08C,train
FIRMS_7176A4D1,train
FIRMS_718AA9D0,train
FIRMS_719E2AFC,train
FIRMS_71A66E2C,train
FIRMS_71A81D0F,train
FIRMS_71A8A0AC,train
FIRMS_71BC2A13,train
FIRMS_71BC51F8,train
FIRMS_71BEB8E5,train
FIRMS_71C54E20,train
FIRMS_71E05714,train
FIRMS_71F42C1F,train
FIRMS_71FE3D19,train
FIRMS_720BE543,train
FIRMS_7228A4F3,train
FIRMS_722B0A05,train
FIRMS_722BE1FC,train
FIRMS_722D8CFA,train
FIRMS_72306C42,train
FIRMS_7234BD84,train
FIRMS_724CAB75,train
FIRMS_72504636,train
FIRMS_7254A28A,train
FIRMS_72573519,train
FIRMS_72582490,train
FIRMS_72595F2E,train
FIRMS_725AF67A,train
FIRMS_7263121C,train
FIRMS_72657E7F,train
FIRMS_726A3D34,train
FIRMS_72822FBF,train
FIRMS_728B3DFA,train
FIRMS_728C2828,train
FIRMS_7298D4D0,train
FIRMS_72B2E88B,train
FIRMS_72EFE5CF,train
FIRMS_7304D07A,train
FIRMS_73159020,train
FIRMS_732A25FA,train
FIRMS_73370C05,train
FIRMS_73381B07,train
FIRMS_7338FC35,train
FIRMS_733B283E,train
FIRMS_7350B91A,train
FIRMS_73599828,train
FIRMS_735B52CF,train
FIRMS_736060DC,train
FIRMS_73624F21,train
FIRMS_73958D4E,train
FIRMS_73A6E1EE,train
FIRMS_73BBE616,train
FIRMS_73E6B991,train
FIRMS_73F16689,train
FIRMS_744CCA6C,train
FIRMS_74755B7B,train
FIRMS_74853EC8,train
FIRMS_7485C231,train
FIRMS_749E414F,train
FIRMS_749FD06F,train
FIRMS_74AF3E98,train
FIRMS_74C12389,train
FIRMS_74D7701C,train
FIRMS_74DBC4B0,train
FIRMS_74FCB9FD,train
FIRMS_75068B36,train
FIRMS_7506AC2C,train
FIRMS_750CC182,train
FIRMS_7512E035,train
FIRMS_754B7243,train
FIRMS_754C7ACF,train
FIRMS_756F0199,train
FIRMS_756F4006,train
FIRMS_757A2493,train
FIRMS_75AF52A2,train
FIRMS_75B1CF2F,train
FIRMS_75BC8655,train
FIRMS_75D9AC75,train
FIRMS_75E624B8,train
FIRMS_75EAD714,train
FIRMS_75ECAF14,train
FIRMS_75F6B997,train
FIRMS_75F98AE7,train
FIRMS_75FEB8AE,train
FIRMS_7605E1BB,train
FIRMS_7613CD9C,train
FIRMS_761A4573,train
FIRMS_761E204C,train
FIRMS_76213CDC,train
FIRMS_763DD067,train
FIRMS_76432DA8,train
FIRMS_7646A815,train
FIRMS_7665A0FA,train
FIRMS_7665B080,train
FIRMS_766FD2D5,train
FIRMS_7670B359,train
FIRMS_76731A8D,train
FIRMS_767578EF,train
FIRMS_768018FD,train
FIRMS_76AF82DE,train
FIRMS_76D38C53,train
FIRMS_76D6BB82,train
FIRMS_76DA57A6,train
FIRMS_76F1E379,train
FIRMS_76FF19FA,train
FIRMS_7719CD2C,train
FIRMS_773055DC,train
FIRMS_7731E316,train
FIRMS_774FEB59,train
FIRMS_7760A429,train
FIRMS_776B52B8,train
FIRMS_77745C4C,train
FIRMS_7784C0B0,train
FIRMS_77908E4D,train
FIRMS_7792C04E,train
FIRMS_779A0EA9,train
FIRMS_77A60F01,train
FIRMS_77B1011A,train
FIRMS_77C68CDD,train
FIRMS_77DAEC7C,train
FIRMS_77DDF671,train
FIRMS_77E1F040,train
FIRMS_77EB9FE3,train
FIRMS_77F08BFD,train
FIRMS_77F9DAC2,train
FIRMS_77F9E595,train
FIRMS_77FF79AB,train
FIRMS_780D8CF3,train
FIRMS_780FF5C3,train
FIRMS_7810DB4D,train
FIRMS_781487E7,train
FIRMS_78263537,train
FIRMS_7831377E,train
FIRMS_783F4634,train
FIRMS_78502FE6,train
FIRMS_78533887,train
FIRMS_78597679,train
FIRMS_78635507,train
FIRMS_7878B076,train
FIRMS_7889C406,train
FIRMS_7890D755,train
FIRMS_78AD6217,train
FIRMS_78B39D98,train
FIRMS_78B6A9D3,train
FIRMS_78C285F4,train
FIRMS_78E23624,train
FIRMS_78E2852F,train
FIRMS_78E2AE7C,train
FIRMS_78FF4A31,train
FIRMS_7928D64D,train
FIRMS_7939F136,train
FIRMS_79598FDA,train
FIRMS_7960D0B6,train
FIRMS_7961CE63,train
FIRMS_79698621,train
FIRMS_796F248F,train
FIRMS_79766BED,train
FIRMS_7979A3F9,train
FIRMS_798B1904,train
FIRMS_79914CFF,train
FIRMS_79A2CF6A,train
FIRMS_79B7C92D,train
FIRMS_79B83AAF,train
FIRMS_79B931DD,train
FIRMS_79C22844,train
FIRMS_79C3592E,train
FIRMS_79D2737C,train
FIRMS_79ED1C75,train
FIRMS_79FE3EFF,train
FIRMS_7A065F46,train
FIRMS_7A12AE50,train
FIRMS_7A18B831,train
FIRMS_7A2172C3,train
FIRMS_7A27F5F9,train
FIRMS_7A2ED9D6,train
FIRMS_7A31E9D0,train
FIRMS_7A389C0A,train
FIRMS_7A3D2792,train
FIRMS_7A3E2D81,train
FIRMS_7A48E662,train
FIRMS_7A4D47E2,train
FIRMS_7A4DC1A1,train
FIRMS_7A6B1470,train
FIRMS_7A6C7312,train
FIRMS_7A6EF494,train
FIRMS_7A70D20D,train
FIRMS_7A7A59B9,train
FIRMS_7A8AA5B4,train
FIRMS_7AA457F2,train
FIRMS_7AB4FC1D,train
FIRMS_7AEC6CBF,train
FIRMS_7AF37B4F,train
FIRMS_7B117115,train
FIRMS_7B1EC019,train
FIRMS_7B2C93EE,train
FIRMS_7B3E25EA,train
FIRMS_7B499078,train
FIRMS_7B4BA9C7,train
FIRMS_7B55FFC9,train
FIRMS_7B5681E0,train
FIRMS_7B5C64B9,train
FIRMS_7B612BBF,train
FIRMS_7B75D0FE,train
FIRMS_7B7B8841,train
FIRMS_7B9C175A,train
FIRMS_7BA44489,train
FIRMS_7BCE7929,train
FIRMS_7BE0A989,train
FIRMS_7BE88FAC,train
FIRMS_7BEF87AF,train
FIRMS_7BFF4FE4,train
FIRMS_7C20480B,train
FIRMS_7C20EFA2,train
FIRMS_7C2423C3,train
FIRMS_7C5136E1,train
FIRMS_7C58430D,train
FIRMS_7C614929,train
FIRMS_7C70D08C,train
FIRMS_7C879974,train
FIRMS_7C884F4D,train
FIRMS_7C95CE8D,train
FIRMS_7C962597,train
FIRMS_7CAC2515,train
FIRMS_7CC018C8,train
FIRMS_7CC09C04,train
FIRMS_7CC17EAF,train
FIRMS_7CD5C4A2,train
FIRMS_7CD8BE6E,train
FIRMS_7CE0F32E,train
FIRMS_7CE26C2C,train
FIRMS_7CE55ECD,train
FIRMS_7D004516,train
FIRMS_7D235024,train
FIRMS_7D256039,train
FIRMS_7D356B97,train
FIRMS_7D36449B,train
FIRMS_7D3F1AC5,train
FIRMS_7D3F3BBD,train
FIRMS_7D400E0F,train
FIRMS_7D44C822,train
FIRMS_7D69DD51,train
FIRMS_7D862B72,train
FIRMS_7D914852,train
FIRMS_7DA6F3FF,train
FIRMS_7DDC9BE6,train
FIRMS_7DFA41C8,train
FIRMS_7DFA49CD,train
FIRMS_7DFBE5E8,train
FIRMS_7E202396,train
FIRMS_7E34DE7E,train
FIRMS_7E7FB503,train
FIRMS_7E938846,train
FIRMS_7E955DE2,train
FIRMS_7EA30523,train
FIRMS_7EA3E2DD,train
FIRMS_7EAEA21B,train
FIRMS_7EB8ADCB,train
FIRMS_7ED71F45,train
FIRMS_7EE6037B,train
FIRMS_7EFD0047,train
FIRMS_7F0DD266,train
FIRMS_7F113E5B,train
FIRMS_7F13034E,train
FIRMS_7F24FA51,train
FIRMS_7F2EA3BE,train
FIRMS_7F314EA4,train
FIRMS_7F596C91,train
FIRMS_7F6411DC,train
FIRMS_7F71B51E,train
FIRMS_7F81AC2D,train
FIRMS_7F8F21EE,train
FIRMS_7FA407D9,train
FIRMS_7FA6E1FC,train
FIRMS_7FA73227,train
FIRMS_7FB24C65,train
FIRMS_7FD639AE,train
FIRMS_7FEAC63C,train
FIRMS_800CFE02,train
FIRMS_801FB1C3,train
FIRMS_80258236,train
FIRMS_80290C84,train
FIRMS_80308E02,train
FIRMS_8037B9AE,train
FIRMS_804524E7,train
FIRMS_808BA62E,train
FIRMS_80A1C170,train
FIRMS_80D2FCA6,train
FIRMS_80DC326B,train
FIRMS_80E06CE2,train
FIRMS_80E140E4,train
FIRMS_80ECCB74,train
FIRMS_810A7BA3,train
FIRMS_8126E7FE,train
FIRMS_8130C966,train
FIRMS_813C9B07,train
FIRMS_8148868E,train
FIRMS_816DC086,train
FIRMS_817790F1,train
FIRMS_81889132,train
FIRMS_8191D8F6,train
FIRMS_81923E0E,train
FIRMS_81945BE2,train
FIRMS_81A670E5,train
FIRMS_81A9FDAE,train
FIRMS_81AFF41C,train
FIRMS_81BEB387,train
FIRMS_81EC9C3B,train
FIRMS_820BBAE8,train
FIRMS_820E2835,train
FIRMS_820F7A1D,train
FIRMS_8217523B,train
FIRMS_823A1D24,train
FIRMS_82411632,train
FIRMS_8245858B,train
FIRMS_82612E48,train
FIRMS_82615A3B,train
FIRMS_82633FD0,train
FIRMS_827899F8,train
FIRMS_82CD7808,train
FIRMS_82D4F49B,train
FIRMS_82F00145,train
FIRMS_830B0A6A,train
FIRMS_830FBA60,train
FIRMS_8314CD2D,train
FIRMS_8333925D,train
FIRMS_8347A727,train
FIRMS_8347AFEA,train
FIRMS_8359C0DD,train
FIRMS_83627F2E,train
FIRMS_836C5CF4,train
FIRMS_837808DE,train
FIRMS_83873E95,train
FIRMS_8394B051,train
FIRMS_83A33C8C,train
FIRMS_83A6A4E4,train
FIRMS_83ABB53A,train
FIRMS_83B4BE01,train
FIRMS_83B79897,train
FIRMS_83C8F3C5,train
FIRMS_83D1E5EB,train
FIRMS_83F61749,train
FIRMS_84091D9E,train
FIRMS_840D1CE0,train
FIRMS_8412807B,train
FIRMS_8416C7B4,train
FIRMS_8417101C,train
FIRMS_843F048D,train
FIRMS_844041B7,train
FIRMS_8449EC7D,train
FIRMS_845AF08A,train
FIRMS_845F1AA7,train
FIRMS_84853AE8,train
FIRMS_84B31A76,train
FIRMS_84B48DBE,train
FIRMS_84B72F6C,train
FIRMS_84C12E32,train
FIRMS_84EF4727,train
FIRMS_84FF1040,train
FIRMS_851C73DD,train
FIRMS_851E014C,train
FIRMS_851E5523,train
FIRMS_852DA191,train
FIRMS_85311F6E,train
FIRMS_85459FED,train
FIRMS_85707465,train
FIRMS_8594571E,train
FIRMS_85ABE85D,train
FIRMS_85B0D1DE,train
FIRMS_85B17104,train
FIRMS_85B9E2A1,train
FIRMS_85BA5EF0,train
FIRMS_85C5EB64,train
FIRMS_85D40F6B,train
FIRMS_85E0C208,train
FIRMS_86106AF8,train
FIRMS_86164597,train
FIRMS_8688BE37,train
FIRMS_869554D8,train
FIRMS_869D3AC2,train
FIRMS_86B29B6A,train
FIRMS_86BB8EC4,train
FIRMS_86F4BDFD,train
FIRMS_86F58543,train
FIRMS_87199180,train
FIRMS_8719E9AA,train
FIRMS_874ABE32,train
FIRMS_8757CFC2,train
FIRMS_875F9286,train
FIRMS_8775D498,train
FIRMS_8778163B,train
FIRMS_878D1976,train
FIRMS_87B07936,train
FIRMS_87B319EE,train
FIRMS_87CB7EED,train
FIRMS_87D21261,train
FIRMS_87D73BCD,train
FIRMS_87E63B0E,train
FIRMS_87F26E45,train
FIRMS_87F57568,train
FIRMS_880A0D82,train
FIRMS_88140456,train
FIRMS_881C8226,train
FIRMS_8820A129,train
FIRMS_882CA002,train
FIRMS_88329967,train
FIRMS_8834C409,train
FIRMS_884DED98,train
FIRMS_886A2040,train
FIRMS_88774146,train
FIRMS_8882C23A,train
FIRMS_888BF867,train
FIRMS_889DBEB7,train
FIRMS_88A353E9,train
FIRMS_88BAA88E,train
FIRMS_88EAF758,train
FIRMS_88F8DF44,train
FIRMS_88FE934E,train
FIRMS_89072D8A,train
FIRMS_8909F074,train
FIRMS_89305A1D,train
FIRMS_8941E2AA,train
FIRMS_89460FD0,train
FIRMS_894D7AF8,train
FIRMS_89595D1B,train
FIRMS_8967A288,train
FIRMS_8977C0EF,train
FIRMS_89785AC0,train
FIRMS_89870957,train
FIRMS_89999ECD,train
FIRMS_899F38D6,train
FIRMS_89BE0E82,train
FIRMS_89C1E023,train
FIRMS_89CEDEE8,train
FIRMS_89D3BB69,train
FIRMS_89DC4058,train
FIRMS_89E59153,train
FIRMS_89E6C674,train
FIRMS_89E999AE,train
FIRMS_89F9C90F,train
FIRMS_8A2E5F7A,train
FIRMS_8A4C9364,train
FIRMS_8A4D9A9A,train
FIRMS_8A601078,train
FIRMS_8A6A8898,train
FIRMS_8A6EDF45,train
FIRMS_8A7BFCEA,train
FIRMS_8A949320,train
FIRMS_8A9B79F6,train
FIRMS_8A9CB6FA,train
FIRMS_8A9F1300,train
FIRMS_8AA4C260,train
FIRMS_8AA5C885,train
FIRMS_8ACA83D8,train
FIRMS_8AF30467,train
FIRMS_8B0E2ECC,train
FIRMS_8B42CE5E,train
FIRMS_8B54717D,train
FIRMS_8B54749B,train
FIRMS_8B5C7680,train
FIRMS_8B73497B,train
FIRMS_8B775D3D,train
FIRMS_8B77CCA5,train
FIRMS_8B7A0703,train
FIRMS_8B7ABF60,train
FIRMS_8B7E1360,train
FIRMS_8B955288,train
FIRMS_8B9CFC63,train
FIRMS_8B9DA126,train
FIRMS_8BA856C3,train
FIRMS_8BABE045,train
FIRMS_8BACAFE3,train
FIRMS_8BC81F9F,train
FIRMS_8BCDD23D,train
FIRMS_8BD1AA81,train
FIRMS_8BDC2FB5,train
FIRMS_8BE13CCD,train
FIRMS_8BE25E6C,train
FIRMS_8BF253F9,train
FIRMS_8BFCF969,train
FIRMS_8C06F7DA,train
FIRMS_8C073492,train
FIRMS_8C135137,train
FIRMS_8C31C595,train
FIRMS_8C4C4DBC,train
FIRMS_8C4F9C93,train
FIRMS_8C5B3632,train
FIRMS_8C6965C6,train
FIRMS_8C77428A,train
FIRMS_8C7CABF5,train
FIRMS_8C8206E2,train
FIRMS_8C8F1406,train
FIRMS_8C8F83C6,train
FIRMS_8C98275B,train
FIRMS_8CBE82E7,train
FIRMS_8CD01AD3,train
FIRMS_8CE58584,train
FIRMS_8CE73A19,train
FIRMS_8CEB614A,train
FIRMS_8CFBDF1E,train
FIRMS_8D038CDC,train
FIRMS_8D0844E4,train
FIRMS_8D0A31A3,train
FIRMS_8D0B28A2,train
FIRMS_8D197585,train
FIRMS_8D26DD55,train
FIRMS_8D308602,train
FIRMS_8D42B88D,train
FIRMS_8D46473E,train
FIRMS_8D823A50,train
FIRMS_8D919E16,train
FIRMS_8DA93BE3,train
FIRMS_8DAECFFE,train
FIRMS_8DBB36E8,train
FIRMS_8DC48988,train
FIRMS_8DCDC336,train
FIRMS_8DFF72AF,train
FIRMS_8E16B13E,train
FIRMS_8E27B063,train
FIRMS_8E298E17,train
FIRMS_8E2C7FEE,train
FIRMS_8E33ABBD,train
FIRMS_8E4199F4,train
FIRMS_8E501669,train
FIRMS_8E55B65E,train
FIRMS_8E63C8DA,train
FIRMS_8E718E64,train
FIRMS_8E8853D9,train
FIRMS_8EAE726D,train
FIRMS_8EB301DB,train
FIRMS_8ECAB1C9,train
FIRMS_8ED03351,train
FIRMS_8EDA9F49,train
FIRMS_8EEFD6D9,train
FIRMS_8EF429CF,train
FIRMS_8EF845E8,train
FIRMS_8F1084C2,train
FIRMS_8F10E41F,train
FIRMS_8F122D8E,train
FIRMS_8F31531E,train
FIRMS_8F420E10,train
FIRMS_8F42CFF2,train
FIRMS_8F81EF31,train
FIRMS_8F9BABCF,train
FIRMS_8FB00E55,train
FIRMS_8FBAACC5,train
FIRMS_8FBEB426,train
FIRMS_8FC06B4A,train
FIRMS_8FD40C03,train
FIRMS_8FE8BB4F,train
FIRMS_9006482E,train
FIRMS_9006E819,train
FIRMS_90170B9F,train
FIRMS_90327274,train
FIRMS_9043A878,train
FIRMS_9048EC04,train
FIRMS_904C40DF,train
FIRMS_904D6CDF,train
FIRMS_90882F64,train
FIRMS_909DACA0,train
FIRMS_90CE10E3,train
FIRMS_90D69B18,train
FIRMS_90D8B646,train
FIRMS_90EDE821,train
FIRMS_90F178B7,train
FIRMS_90F7F8A0,train
FIRMS_91047FE8,train
FIRMS_911465E2,train
FIRMS_911951A0,train
FIRMS_911CB83E,train
FIRMS_91354751,train
FIRMS_915CCCC3,train
FIRMS_915E2826,train
FIRMS_91660DA5,train
FIRMS_91734CC9,train
FIRMS_917FABF2,train
FIRMS_918714CF,train
FIRMS_91A59400,train
FIRMS_91B51677,train
FIRMS_91BF2A54,train
FIRMS_91BFACAA,train
FIRMS_92034381,train
FIRMS_920A3E8B,train
FIRMS_920D38E1,train
FIRMS_92121FCF,train
FIRMS_922F5EF0,train
FIRMS_922F8FA5,train
FIRMS_92417C25,train
FIRMS_924B2E34,train
FIRMS_9255B0FD,train
FIRMS_925717A3,train
FIRMS_9258FFEB,train
FIRMS_926556C5,train
FIRMS_92802C79,train
FIRMS_929399F9,train
FIRMS_9293EA25,train
FIRMS_92A6283E,train
FIRMS_92B7981F,train
FIRMS_92BF2B3C,train
FIRMS_92C1CAB1,train
FIRMS_92CA0F05,train
FIRMS_92D04C69,train
FIRMS_92F647B1,train
FIRMS_92FE9D6A,train
FIRMS_93126D20,train
FIRMS_932CD1C9,train
FIRMS_935BF153,train
FIRMS_936ADDC8,train
FIRMS_936C29D6,train
FIRMS_937055F2,train
FIRMS_937E7ACB,train
FIRMS_939AAF08,train
FIRMS_93A117F9,train
FIRMS_93A5ECF8,train
FIRMS_93B9A87D,train
FIRMS_93C50CDC,train
FIRMS_93DBF37D,train
FIRMS_93EAE4F1,train
FIRMS_94008408,train
FIRMS_941B9D19,train
FIRMS_941F12B2,train
FIRMS_9427357C,train
FIRMS_943267FF,train
FIRMS_943CD1DA,train
FIRMS_945C226D,train
FIRMS_9465E3A5,train
FIRMS_946F60C4,train
FIRMS_9484B76F,train
FIRMS_948EB25A,train
FIRMS_949EF680,train
FIRMS_94A2A02E,train
FIRMS_94B94E57,train
FIRMS_94BDB869,train
FIRMS_94D6FDFC,train
FIRMS_94F60659,train
FIRMS_9515FF4E,train
FIRMS_9523D712,train
FIRMS_95300BF4,train
FIRMS_9559FD61,train
FIRMS_9573A675,train
FIRMS_95888F5B,train
FIRMS_958CBE87,train
FIRMS_95AEBFFB,train
FIRMS_95B180EB,train
FIRMS_95C72768,train
FIRMS_95DCEBF7,train
FIRMS_95F9F88D,train
FIRMS_95FB105D,train
FIRMS_95FF05B9,train
FIRMS_9606950C,train
FIRMS_961C89AC,train
FIRMS_96213EC5,train
FIRMS_96224A48,train
FIRMS_962A7286,train
FIRMS_962B2537,train
FIRMS_962D498B,train
FIRMS_962DB47F,train
FIRMS_966BAE22,train
FIRMS_96726E72,train
FIRMS_9672AE19,train
FIRMS_967C82DF,train
FIRMS_96B58F43,train
FIRMS_96C22B2C,train
FIRMS_96C3A380,train
FIRMS_96C7DBB5,train
FIRMS_96D10B33,train
FIRMS_96D910F1,train
FIRMS_97161B5D,train
FIRMS_971CAB33,train
FIRMS_97398999,train
FIRMS_973C132F,train
FIRMS_9740FD48,train
FIRMS_974E1631,train
FIRMS_976DA52E,train
FIRMS_97756548,train
FIRMS_978245C3,train
FIRMS_978B6CFA,train
FIRMS_97A83BC7,train
FIRMS_97C0C47B,train
FIRMS_97C1EA6E,train
FIRMS_97C5A748,train
FIRMS_97DDA495,train
FIRMS_97EF648F,train
FIRMS_97F69F93,train
FIRMS_98021899,train
FIRMS_980334E4,train
FIRMS_980E72DB,train
FIRMS_980F382C,train
FIRMS_981FBBC7,train
FIRMS_9822D59B,train
FIRMS_982A64CC,train
FIRMS_982CB3E8,train
FIRMS_98325460,train
FIRMS_9840D0DD,train
FIRMS_984941EE,train
FIRMS_9853BFBA,train
FIRMS_9858A643,train
FIRMS_9890A495,train
FIRMS_989A56B8,train
FIRMS_98BE832A,train
FIRMS_98C003B9,train
FIRMS_98C6AF83,train
FIRMS_98DE8A4F,train
FIRMS_98F20324,train
FIRMS_98F3009B,train
FIRMS_98FCF2A5,train
FIRMS_98FF5053,train
FIRMS_99008903,train
FIRMS_991467E4,train
FIRMS_992AD31D,train
FIRMS_994288ED,train
FIRMS_9955FBAF,train
FIRMS_995F5C4B,train
FIRMS_997A1F3F,train
FIRMS_997B6012,train
FIRMS_997E485B,train
FIRMS_9995BE02,train
FIRMS_99A183A5,train
FIRMS_99CC98A0,train
FIRMS_99CF5665,train
FIRMS_99D673CA,train
FIRMS_99DFE5E0,train
FIRMS_99EA3807,train
FIRMS_99F7B775,train
FIRMS_99FCFDBB,train
FIRMS_9A0185BE,train
FIRMS_9A2DC724,train
FIRMS_9A46240B,train
FIRMS_9A5CF8D9,train
FIRMS_9A63E641,train
FIRMS_9A707109,train
FIRMS_9A71A313,train
FIRMS_9A85C6C5,train
FIRMS_9A921DB8,train
FIRMS_9AA7B609,train
FIRMS_9AC23E42,train
FIRMS_9ACFDAEF,train
FIRMS_9AD835AC,train
FIRMS_9AE8B7FE,train
FIRMS_9AFA3046,train
FIRMS_9AFD0397,train
FIRMS_9B51C8F7,train
FIRMS_9B529782,train
FIRMS_9B7C7C8E,train
FIRMS_9B8DDBAC,train
FIRMS_9BA44DE4,train
FIRMS_9BC5066C,train
FIRMS_9BC81385,train
FIRMS_9BDAE361,train
FIRMS_9BF1F867,train
FIRMS_9C1BB8A8,train
FIRMS_9C2891C0,train
FIRMS_9C3E67E3,train
FIRMS_9C41D1E7,train
FIRMS_9C4D4D35,train
FIRMS_9C4D5720,train
FIRMS_9C4F49EC,train
FIRMS_9C70FBB0,train
FIRMS_9C7E94A0,train
FIRMS_9C8B8D00,train
FIRMS_9C8F5C02,train
FIRMS_9CA3B6B3,train
FIRMS_9CAC9DBC,train
FIRMS_9CB0C204,train
FIRMS_9CB4C30C,train
FIRMS_9CB9492C,train
FIRMS_9CC06755,train
FIRMS_9CC4791D,train
FIRMS_9CC66DAE,train
FIRMS_9CCE6CCA,train
FIRMS_9CD24442,train
FIRMS_9CD7BC1D,train
FIRMS_9CDDF399,train
FIRMS_9CE4F5F3,train
FIRMS_9CFE0F6F,train
FIRMS_9CFF9F3B,train
FIRMS_9D01E65F,train
FIRMS_9D12FC48,train
FIRMS_9D264B74,train
FIRMS_9D2A4272,train
FIRMS_9D2C2C99,train
FIRMS_9D5C767E,train
FIRMS_9D7BA57A,train
FIRMS_9D937C67,train
FIRMS_9D9687EB,train
FIRMS_9D9869B9,train
FIRMS_9D9A1F72,train
FIRMS_9DABF637,train
FIRMS_9DB0E8E0,train
FIRMS_9DBD4E40,train
FIRMS_9DE0E457,train
FIRMS_9DF54631,train
FIRMS_9E055656,train
FIRMS_9E11CFC7,train
FIRMS_9E193901,train
FIRMS_9E207532,train
FIRMS_9E541632,train
FIRMS_9E6DAA58,train
FIRMS_9E6DB4EA,train
FIRMS_9E7206CF,train
FIRMS_9E720FD5,train
FIRMS_9E73BAE1,train
FIRMS_9E8633EE,train
FIRMS_9E9BD81D,train
FIRMS_9EAAFE5A,train
FIRMS_9EB10000,train
FIRMS_9EBD982C,train
FIRMS_9EC5C567,train
FIRMS_9EC8DFFA,train
FIRMS_9ED20753,train
FIRMS_9ED7F899,train
FIRMS_9EDB8FA3,train
FIRMS_9EF157E5,train
FIRMS_9F039FAC,train
FIRMS_9F05212B,train
FIRMS_9F076E84,train
FIRMS_9F0A0778,train
FIRMS_9F0DE6C3,train
FIRMS_9F130005,train
FIRMS_9F16345E,train
FIRMS_9F4A7478,train
FIRMS_9F575471,train
FIRMS_9F8C5132,train
FIRMS_9F8D0546,train
FIRMS_9FAEAF19,train
FIRMS_9FBF9048,train
FIRMS_9FD82C94,train
FIRMS_9FDDB916,train
FIRMS_9FDE0300,train
FIRMS_9FE5815E,train
FIRMS_9FEB27CE,train
FIRMS_9FF5F8C7,train
FIRMS_A005A762,train
FIRMS_A042ED6F,train
FIRMS_A0616519,train
FIRMS_A06A532A,train
FIRMS_A091700D,train
FIRMS_A09FDBE2,train
FIRMS_A0B59777,train
FIRMS_A0BC3DED,train
FIRMS_A103E47F,train
FIRMS_A113DE28,train
FIRMS_A1145C79,train
FIRMS_A1211A5C,train
FIRMS_A132CECB,train
FIRMS_A13C5185,train
FIRMS_A147D2FC,train
FIRMS_A164AB06,train
FIRMS_A16666E8,train
FIRMS_A1679AAF,train
FIRMS_A179F35C,train
FIRMS_A17B989C,train
FIRMS_A1861109,train
FIRMS_A18935D4,train
FIRMS_A1AC8C5D,train
FIRMS_A1C4FF57,train
FIRMS_A1D796E4,train
FIRMS_A1D91EDE,train
FIRMS_A1DA1959,train
FIRMS_A1E18C75,train
FIRMS_A1EAECB5,train
FIRMS_A1F41E87,train
FIRMS_A1F44039,train
FIRMS_A1FE809A,train
FIRMS_A2137E4E,train
FIRMS_A2297C05,train
FIRMS_A24190B6,train
FIRMS_A258FE3C,train
FIRMS_A2770BF5,train
FIRMS_A27C1CC2,train
FIRMS_A2811B85,train
FIRMS_A2874E1A,train
FIRMS_A29306B5,train
FIRMS_A293774B,train
FIRMS_A2AD1D55,train
FIRMS_A2B53523,train
FIRMS_A2BB3EB9,train
FIRMS_A2BF944F,train
FIRMS_A2C0ACDC,train
FIRMS_A2C62E43,train
FIRMS_A2CBF611,train
FIRMS_A2D91537,train
FIRMS_A2ED4EA7,train
FIRMS_A2EE2737,train
FIRMS_A30757F0,train
FIRMS_A308D0B9,train
FIRMS_A3149780,train
FIRMS_A329B3C2,train
FIRMS_A32AB6B9,train
FIRMS_A32D48A5,train
FIRMS_A32DA776,train
FIRMS_A33AB3EB,train
FIRMS_A33D2FD1,train
FIRMS_A342CE7B,train
FIRMS_A35D6054,train
FIRMS_A363BC0A,train
FIRMS_A373352D,train
FIRMS_A3922D71,train
FIRMS_A3950ACB,train
FIRMS_A3A92795,train
FIRMS_A3B9E628,train
FIRMS_A3D1CDE9,train
FIRMS_A3FF150E,train
FIRMS_A41B8061,train
FIRMS_A41E2691,train
FIRMS_A4315FBF,train
FIRMS_A443D41B,train
FIRMS_A4467779,train
FIRMS_A44AD941,train
FIRMS_A4686927,train
FIRMS_A469AADF,train
FIRMS_A47C79CB,train
FIRMS_A484332D,train
FIRMS_A488626D,train
FIRMS_A48EABA8,train
FIRMS_A4965232,train
FIRMS_A4AAAF8F,train
FIRMS_A4BAEA56,train
FIRMS_A4DEC1C0,train
FIRMS_A4E2224A,train
FIRMS_A4E6099C,train
FIRMS_A527FFC2,train
FIRMS_A53187D3,train
FIRMS_A545D169,train
FIRMS_A55B784B,train
FIRMS_A57A863A,train
FIRMS_A58CD82C,train
FIRMS_A59A4165,train
FIRMS_A5A3390C,train
FIRMS_A5D63BF8,train
FIRMS_A5ECAB8B,train
FIRMS_A6053017,train
FIRMS_A60B141F,train
FIRMS_A61271FC,train
FIRMS_A6315467,train
FIRMS_A63E6F8B,train
FIRMS_A64A8859,train
FIRMS_A65946C7,train
FIRMS_A65DB58C,train
FIRMS_A669D6E7,train
FIRMS_A677F664,train
FIRMS_A67CA8EC,train
FIRMS_A6835861,train
FIRMS_A693C1C1,train
FIRMS_A69875F5,train
FIRMS_A6A86651,train
FIRMS_A6D4FD58,train
FIRMS_A6EAFBEB,train
FIRMS_A6FECD01,train
FIRMS_A711729D,train
FIRMS_A72287EF,train
FIRMS_A729E3F1,train
FIRMS_A73B4FE0,train
FIRMS_A73C2F60,train
FIRMS_A7402877,train
FIRMS_A762EF0C,train
FIRMS_A76A14C6,train
FIRMS_A76F8606,train
FIRMS_A799B117,train
FIRMS_A79F3296,train
FIRMS_A7A202AA,train
FIRMS_A7A928A3,train
FIRMS_A7AFE3F2,train
FIRMS_A7B7D229,train
FIRMS_A7BDDDAE,train
FIRMS_A7C18AFB,train
FIRMS_A7C2CDB4,train
FIRMS_A7D292D1,train
FIRMS_A7D39C00,train
FIRMS_A7D52569,train
FIRMS_A7DB516B,train
FIRMS_A7FAD6E2,train
FIRMS_A8035DDE,train
FIRMS_A81AC85E,train
FIRMS_A824A236,train
FIRMS_A8432FB0,train
FIRMS_A85E4C55,train
FIRMS_A85E647C,train
FIRMS_A8645C2D,train
FIRMS_A8924B2F,train
FIRMS_A8A86E67,train
FIRMS_A8AFCC70,train
FIRMS_A8BB5E63,train
FIRMS_A8D86E18,train
FIRMS_A8DBFB2C,train
FIRMS_A8E977E9,train
FIRMS_A916FDF3,train
FIRMS_A93DAF84,train
FIRMS_A96142EE,train
FIRMS_A961F4F5,train
FIRMS_A970E43D,train
FIRMS_A9A56858,train
FIRMS_A9A591A1,train
FIRMS_A9B87C09,train
FIRMS_A9B9141E,train
FIRMS_A9C946DD,train
FIRMS_A9CA2A27,train
FIRMS_A9E3BD9D,train
FIRMS_AA0088F6,train
FIRMS_AA05DB53,train
FIRMS_AA0EBDC2,train
FIRMS_AA2183A2,train
FIRMS_AA265040,train
FIRMS_AA492DA6,train
FIRMS_AA4FC6C0,train
FIRMS_AA54CF4C,train
FIRMS_AA5FC011,train
FIRMS_AA71A649,train
FIRMS_AA7799BF,train
FIRMS_AAA71022,train
FIRMS_AAAA0774,train
FIRMS_AAB9F051,train
FIRMS_AABCFFCA,train
FIRMS_AAD8A1B9,train
FIRMS_AADC619B,train
FIRMS_AAEBE479,train
FIRMS_AAECEB22,train
FIRMS_AAF90BA4,train
FIRMS_AB10BFCE,train
FIRMS_AB15A452,train
FIRMS_AB2F733B,train
FIRMS_AB50C3CC,train
FIRMS_AB6BC823,train
FIRMS_AB853DA9,train
FIRMS_ABA4DE9A,train
FIRMS_ABB597CC,train
FIRMS_ABC9910C,train
FIRMS_ABCEEF3C,train
FIRMS_ABD61BEE,train
FIRMS_ABE04A1B,train
FIRMS_ABE4B2F0,train
FIRMS_AC013ABB,train
FIRMS_AC1BAC6F,train
FIRMS_AC21B9FA,train
FIRMS_AC2853BE,train
FIRMS_AC2DE9DC,train
FIRMS_AC31C21E,train
FIRMS_AC50384F,train
FIRMS_AC51A129,train
FIRMS_AC554D66,train
FIRMS_AC576AE4,train
FIRMS_AC5CE1CC,train
FIRMS_AC61EB54,train
FIRMS_AC681D23,train
FIRMS_AC6F5699,train
FIRMS_AC8CFA20,train
FIRMS_AC98EEF9,train
FIRMS_AC9C4FA2,train
FIRMS_ACAC6BD7,train
FIRMS_ACB83157,train
FIRMS_ACBB434A,train
FIRMS_ACBBB9A4,train
FIRMS_ACD40907,train
FIRMS_ACD5FB05,train
FIRMS_ACEB7F89,train
FIRMS_ACF4AC79,train
FIRMS_ACFD5AAC,train
FIRMS_AD034F38,train
FIRMS_AD161817,train
FIRMS_AD31EA9E,train
FIRMS_AD4CEABC,train
FIRMS_AD5BD771,train
FIRMS_AD79D61C,train
FIRMS_AD7B18BA,train
FIRMS_AD8A3992,train
FIRMS_ADA7E7D1,train
FIRMS_ADD5642A,train
FIRMS_ADE5B3BB,train
FIRMS_ADF95C26,train
FIRMS_ADFC1B40,train
FIRMS_AE0887BD,train
FIRMS_AE4D1238,train
FIRMS_AE4DA02F,train
FIRMS_AE4FFB2D,train
FIRMS_AE5658F4,train
FIRMS_AE763CF5,train
FIRMS_AE87151E,train
FIRMS_AE962F94,train
FIRMS_AEA7202B,train
FIRMS_AEACA553,train
FIRMS_AEAF1347,train
FIRMS_AEBC2944,train
FIRMS_AEC07343,train
FIRMS_AEDAFB16,train
FIRMS_AEDDF8B5,train
FIRMS_AEE2BEEC,train
FIRMS_AEE52840,train
FIRMS_AEE683C8,train
FIRMS_AEF0CB6D,train
FIRMS_AEFBEDB4,train
FIRMS_AF046960,train
FIRMS_AF117722,train
FIRMS_AF127716,train
FIRMS_AF17A217,train
FIRMS_AF675187,train
FIRMS_AF6D5FD5,train
FIRMS_AF75A485,train
FIRMS_AF8A6F16,train
FIRMS_AFAE9AC9,train
FIRMS_AFB0C1E8,train
FIRMS_AFBA9A7D,train
FIRMS_AFC195BC,train
FIRMS_AFE57CDB,train
FIRMS_AFF0A756,train
FIRMS_AFFDD728,train
FIRMS_B00297F4,train
FIRMS_B002BADB,train
FIRMS_B013E6CA,train
FIRMS_B0178DE3,train
FIRMS_B01A0D1C,train
FIRMS_B042DEFA,train
FIRMS_B0462D42,train
FIRMS_B04E7971,train
FIRMS_B07F986E,train
FIRMS_B083BFD3,train
FIRMS_B0880977,train
FIRMS_B08E3F74,train
FIRMS_B090CEA3,train
FIRMS_B09A541F,train
FIRMS_B0A8475B,train
FIRMS_B0A84922,train
FIRMS_B0B9FDC5,train
FIRMS_B0C4DCEC,train
FIRMS_B0C54DD4,train
FIRMS_B0D8F458,train
FIRMS_B0E284D0,train
FIRMS_B0EF81D9,train
FIRMS_B102B75A,train
FIRMS_B1186336,train
FIRMS_B121DC65,train
FIRMS_B13BF761,train
FIRMS_B1453756,train
FIRMS_B14A97E8,train
FIRMS_B1533011,train
FIRMS_B153C258,train
FIRMS_B15CB81E,train
FIRMS_B16766E6,train
FIRMS_B16E6AC2,train
FIRMS_B179605A,train
FIRMS_B1900871,train
FIRMS_B197F2A1,train
FIRMS_B1A7B3CA,train
FIRMS_B1C8AC1B,train
FIRMS_B1EEF6DE,train
FIRMS_B1EF6214,train
FIRMS_B1F646CC,train
FIRMS_B1FA0E4D,train
FIRMS_B22C6E25,train
FIRMS_B2344125,train
FIRMS_B2439C42,train
FIRMS_B2467A5B,train
FIRMS_B2483615,train
FIRMS_B25940E3,train
FIRMS_B261EA64,train
FIRMS_B273CEFF,train
FIRMS_B28A418B,train
FIRMS_B2935A35,train
FIRMS_B29DED2C,train
FIRMS_B2CF5065,train
FIRMS_B2D3D209,train
FIRMS_B2DB3AC2,train
FIRMS_B2F35288,train
FIRMS_B2F5938D,train
FIRMS_B30B2D86,train
FIRMS_B3222DED,train
FIRMS_B3319FA6,train
FIRMS_B333719F,train
FIRMS_B344DED5,train
FIRMS_B35E747B,train
FIRMS_B361F69D,train
FIRMS_B370667E,train
FIRMS_B38C7B26,train
FIRMS_B38CAF69,train
FIRMS_B38F27DF,train
FIRMS_B3901A87,train
FIRMS_B3910200,train
FIRMS_B3B757A1,train
FIRMS_B3B87C89,train
FIRMS_B3CC85A0,train
FIRMS_B3D017A3,train
FIRMS_B3DBD94A,train
FIRMS_B3E15865,train
FIRMS_B3E7CA38,train
FIRMS_B3EDFDBE,train
FIRMS_B3FA1ABA,train
FIRMS_B40EB26B,train
FIRMS_B41F0EC8,train
FIRMS_B421F10E,train
FIRMS_B4324E1F,train
FIRMS_B449460A,train
FIRMS_B44C24FF,train
FIRMS_B4535F57,train
FIRMS_B45D07E6,train
FIRMS_B473ECB2,train
FIRMS_B493FD87,train
FIRMS_B498979E,train
FIRMS_B4B52826,train
FIRMS_B4DE60ED,train
FIRMS_B4EDCAB0,train
FIRMS_B50F2482,train
FIRMS_B518F2DA,train
FIRMS_B51B6768,train
FIRMS_B5208E6F,train
FIRMS_B52487CC,train
FIRMS_B5273B7B,train
FIRMS_B52C5C04,train
FIRMS_B5343992,train
FIRMS_B54540BB,train
FIRMS_B54A3561,train
FIRMS_B54EDAD3,train
FIRMS_B555F9D7,train
FIRMS_B556D9DE,train
FIRMS_B55CB5AE,train
FIRMS_B57EA67F,train
FIRMS_B5929444,train
FIRMS_B5AB8ED9,train
FIRMS_B5E182EC,train
FIRMS_B5E34738,train
FIRMS_B5E6E76E,train
FIRMS_B5EA126B,train
FIRMS_B5F9698C,train
FIRMS_B6085C18,train
FIRMS_B60F93C4,train
FIRMS_B62B78BC,train
FIRMS_B64B649E,train
FIRMS_B65D0A72,train
FIRMS_B69C1A06,train
FIRMS_B6A97DB4,train
FIRMS_B6BDBF4A,train
FIRMS_B6DDE394,train
FIRMS_B6EF1BB1,train
FIRMS_B707BD9C,train
FIRMS_B70C390C,train
FIRMS_B70FF4FB,train
FIRMS_B724E5BB,train
FIRMS_B73B8589,train
FIRMS_B77D42C3,train
FIRMS_B77FE756,train
FIRMS_B788F659,train
FIRMS_B7929DC7,train
FIRMS_B798E3BD,train
FIRMS_B7A8227C,train
FIRMS_B7B94F23,train
FIRMS_B7BB04C2,train
FIRMS_B7E4EA80,train
FIRMS_B7F142A6,train
FIRMS_B7F8114C,train
FIRMS_B834BBB5,train
FIRMS_B85EE411,train
FIRMS_B86A1F11,train
FIRMS_B885F391,train
FIRMS_B8BF4446,train
FIRMS_B8C2F98E,train
FIRMS_B8D7AE9A,train
FIRMS_B8EBBA6B,train
FIRMS_B8ECAB2A,train
FIRMS_B9187226,train
FIRMS_B91BDC4B,train
FIRMS_B9235AE9,train
FIRMS_B936D942,train
FIRMS_B94AF127,train
FIRMS_B957DE17,train
FIRMS_B9665A2C,train
FIRMS_B9B62E93,train
FIRMS_B9CADE48,train
FIRMS_B9F707B6,train
FIRMS_BA003CB7,train
FIRMS_BA2935A3,train
FIRMS_BA36CAA6,train
FIRMS_BA43E2C4,train
FIRMS_BA6DD7E6,train
FIRMS_BA811CC4,train
FIRMS_BA84B6AE,train
FIRMS_BAA122F0,train
FIRMS_BAA73DBB,train
FIRMS_BAB9A1C8,train
FIRMS_BACFD594,train
FIRMS_BADAF3C6,train
FIRMS_BAF25032,train
FIRMS_BAF70FA4,train
FIRMS_BB04516D,train
FIRMS_BB04C865,train
FIRMS_BB07EC71,train
FIRMS_BB25E830,train
FIRMS_BB384124,train
FIRMS_BB3BF073,train
FIRMS_BB451790,train
FIRMS_BB48A1A8,train
FIRMS_BB4E2BE6,train
FIRMS_BB52BD04,train
FIRMS_BB555F3B,train
FIRMS_BB563A85,train
FIRMS_BB6F0464,train
FIRMS_BB934E60,train
FIRMS_BB94E13A,train
FIRMS_BBC29467,train
FIRMS_BBE296FF,train
FIRMS_BBEF2996,train
FIRMS_BBF8622F,train
FIRMS_BBFE88B9,train
FIRMS_BC0B4854,train
FIRMS_BC14D254,train
FIRMS_BC20330F,train
FIRMS_BC2ADFF1,train
FIRMS_BC6BE0BB,train
FIRMS_BC7D7790,train
FIRMS_BCA032E5,train
FIRMS_BCD32D5C,train
FIRMS_BD3E0D01,train
FIRMS_BD4FD8CA,train
FIRMS_BD522A48,train
FIRMS_BD561AC5,train
FIRMS_BD619CA7,train
FIRMS_BD642C05,train
FIRMS_BD679D59,train
FIRMS_BD772BF6,train
FIRMS_BD79C1E6,train
FIRMS_BD8E6F31,train
FIRMS_BDA3DDE9,train
FIRMS_BDA69B11,train
FIRMS_BDB9720D,train
FIRMS_BDC8F898,train
FIRMS_BDDAF3F5,train
FIRMS_BDDEF9CC,train
FIRMS_BDF43F21,train
FIRMS_BDF701E8,train
FIRMS_BE05CB03,train
FIRMS_BE092B18,train
FIRMS_BE0951A4,train
FIRMS_BE0DABB5,train
FIRMS_BE1035AC,train
FIRMS_BE208D88,train
FIRMS_BE2428CD,train
FIRMS_BE2A1B8F,train
FIRMS_BE309F4C,train
FIRMS_BE609076,train
FIRMS_BE624D44,train
FIRMS_BE719706,train
FIRMS_BE901525,train
FIRMS_BEA90493,train
FIRMS_BEB31D9C,train
FIRMS_BEBCD45F,train
FIRMS_BEC45DDA,train
FIRMS_BECB7E6C,train
FIRMS_BED777C7,train
FIRMS_BEDDB5A3,train
FIRMS_BEE77082,train
FIRMS_BEFA4FC8,train
FIRMS_BEFAED10,train
FIRMS_BF291CE1,train
FIRMS_BF2F7690,train
FIRMS_BF3BDACB,train
FIRMS_BF45B65E,train
FIRMS_BF477585,train
FIRMS_BF489ED2,train
FIRMS_BF494C7A,train
FIRMS_BF4CE9DD,train
FIRMS_BF70919B,train
FIRMS_BF7FC740,train
FIRMS_BFA3C083,train
FIRMS_BFA7956F,train
FIRMS_BFC53E7E,train
FIRMS_BFD2D8BD,train
FIRMS_BFDAEB66,train
FIRMS_BFFD6298,train
FIRMS_C000C601,train
FIRMS_C016F954,train
FIRMS_C01E3123,train
FIRMS_C0252FEB,train
FIRMS_C026052C,train
FIRMS_C028EF62,train
FIRMS_C02E2762,train
FIRMS_C03413EA,train
FIRMS_C055E777,train
FIRMS_C058B3FA,train
FIRMS_C06EA6E8,train
FIRMS_C08D0772,train
FIRMS_C09A018D,train
FIRMS_C09F4C28,train
FIRMS_C0A8A37A,train
FIRMS_C0A92479,train
FIRMS_C0B81F20,train
FIRMS_C0C248A8,train
FIRMS_C0D12A7F,train
FIRMS_C0E9A82C,train
FIRMS_C101D70C,train
FIRMS_C102D6E8,train
FIRMS_C10C6B5E,train
FIRMS_C10E3CFF,train
FIRMS_C11ACC68,train
FIRMS_C11BB5BD,train
FIRMS_C127040F,train
FIRMS_C132FA27,train
FIRMS_C13752E7,train
FIRMS_C1460269,train
FIRMS_C14F74D1,train
FIRMS_C15AD498,train
FIRMS_C172569D,train
FIRMS_C19724AA,train
FIRMS_C1AFE6B2,train
FIRMS_C1B5E697,train
FIRMS_C1C2190B,train
FIRMS_C1C25485,train
FIRMS_C1D46449,train
FIRMS_C1D88BC9,train
FIRMS_C1E5493D,train
FIRMS_C1EBCCA7,train
FIRMS_C1FB96DE,train
FIRMS_C21BA44D,train
FIRMS_C227513E,train
FIRMS_C22DCEFA,train
FIRMS_C22FA920,train
FIRMS_C22FCEF7,train
FIRMS_C2530CFB,train
FIRMS_C2738D3E,train
FIRMS_C292E919,train
FIRMS_C29CEDCE,train
FIRMS_C2A6A69B,train
FIRMS_C2B73C84,train
FIRMS_C2C091AD,train
FIRMS_C2D4BFD6,train
FIRMS_C2E3BC7A,train
FIRMS_C2ED52C8,train
FIRMS_C2F3938C,train
FIRMS_C30128E0,train
FIRMS_C30B4323,train
FIRMS_C30C1326,train
FIRMS_C31C36D5,train
FIRMS_C3236C74,train
FIRMS_C33A9B01,train
FIRMS_C3440150,train
FIRMS_C3467A53,train
FIRMS_C3484168,train
FIRMS_C34D2F03,train
FIRMS_C35F559F,train
FIRMS_C385388F,train
FIRMS_C3B4E706,train
FIRMS_C3C2CF33,train
FIRMS_C3E396CE,train
FIRMS_C3F95522,train
FIRMS_C41063C8,train
FIRMS_C445470F,train
FIRMS_C4482198,train
FIRMS_C4539068,train
FIRMS_C45E0AAF,train
FIRMS_C4655589,train
FIRMS_C4742369,train
FIRMS_C4790DD9,train
FIRMS_C47A7D40,train
FIRMS_C480AAA5,train
FIRMS_C4841146,train
FIRMS_C4855409,train
FIRMS_C489A391,train
FIRMS_C48E4397,train
FIRMS_C492A220,train
FIRMS_C4ACF6C3,train
FIRMS_C4B10728,train
FIRMS_C4C3B9CB,train
FIRMS_C4CE004E,train
FIRMS_C4D25FA0,train
FIRMS_C4D5CA6F,train
FIRMS_C4E31835,train
FIRMS_C4E773A3,train
FIRMS_C4F050C8,train
FIRMS_C50E5B31,train
FIRMS_C51FFB08,train
FIRMS_C52D0C7D,train
FIRMS_C570CF87,train
FIRMS_C576026B,train
FIRMS_C58792F9,train
FIRMS_C59599C2,train
FIRMS_C5A505F0,train
FIRMS_C5B5CBC6,train
FIRMS_C5B7B21A,train
FIRMS_C5D71F68,train
FIRMS_C5DA9F87,train
FIRMS_C5E0307B,train
FIRMS_C5E30195,train
FIRMS_C5E5C138,train
FIRMS_C5ECA199,train
FIRMS_C5EE062A,train
FIRMS_C5F2E3EE,train
FIRMS_C5FFF347,train
FIRMS_C62DCC5C,train
FIRMS_C63C4401,train
FIRMS_C63D05BB,train
FIRMS_C6540BDE,train
FIRMS_C666371F,train
FIRMS_C672D46C,train
FIRMS_C67984F9,train
FIRMS_C6949C88,train
FIRMS_C6BA373B,train
FIRMS_C6C3CC1F,train
FIRMS_C6EA18C9,train
FIRMS_C716130E,train
FIRMS_C7172FBA,train
FIRMS_C7263D70,train
FIRMS_C75FAF9A,train
FIRMS_C76D2B1D,train
FIRMS_C7769B9A,train
FIRMS_C77CD77D,train
FIRMS_C79D74FD,train
FIRMS_C7AC415B,train
FIRMS_C7BCC3C7,train
FIRMS_C7C3AE08,train
FIRMS_C7C42F64,train
FIRMS_C7CC644B,train
FIRMS_C7CDAF72,train
FIRMS_C7D6132D,train
FIRMS_C7DBDBFB,train
FIRMS_C7E0123B,train
FIRMS_C7F4DD19,train
FIRMS_C8098FBE,train
FIRMS_C80F6006,train
FIRMS_C8214E9C,train
FIRMS_C838A3E6,train
FIRMS_C843789E,train
FIRMS_C8463A99,train
FIRMS_C850652C,train
FIRMS_C8678E94,train
FIRMS_C8746137,train
FIRMS_C885A3BD,train
FIRMS_C8A3CE37,train
FIRMS_C8A9C526,train
FIRMS_C8B32B93,train
FIRMS_C8B3D954,train
FIRMS_C8BB104F,train
FIRMS_C8CF75ED,train
FIRMS_C8EAF343,train
FIRMS_C8F3130B,train
FIRMS_C8F41F49,train
FIRMS_C9028AA7,train
FIRMS_C91FD09D,train
FIRMS_C928B61C,train
FIRMS_C933E969,train
FIRMS_C9350D96,train
FIRMS_C943E7C6,train
FIRMS_C958350A,train
FIRMS_C97418EF,train
FIRMS_C975549D,train
FIRMS_C98212B8,train
FIRMS_C9827B11,train
FIRMS_C996ACC2,train
FIRMS_C9986693,train
FIRMS_C9AD6153,train
FIRMS_C9C115A7,train
FIRMS_C9C2B44D,train
FIRMS_C9CBE763,train
FIRMS_C9D8CFB5,train
FIRMS_C9DFE8C2,train
FIRMS_C9E0AED1,train
FIRMS_C9EDB830,train
FIRMS_C9F03D20,train
FIRMS_C9F4F9BF,train
FIRMS_CA04CA2C,train
FIRMS_CA11EA4C,train
FIRMS_CA13441F,train
FIRMS_CA29833D,train
FIRMS_CA29F4C6,train
FIRMS_CA614388,train
FIRMS_CA6DDF32,train
FIRMS_CAA275E7,train
FIRMS_CAC40A09,train
FIRMS_CAC4B406,train
FIRMS_CAC50F73,train
FIRMS_CACFB930,train
FIRMS_CADE8DB6,train
FIRMS_CB0E3F2E,train
FIRMS_CB1668A6,train
FIRMS_CB183ED7,train
FIRMS_CB2E327C,train
FIRMS_CB503FB0,train
FIRMS_CB5B6B60,train
FIRMS_CB60EB06,train
FIRMS_CB645452,train
FIRMS_CB67693B,train
FIRMS_CB6D156E,train
FIRMS_CB71C976,train
FIRMS_CB7A3A23,train
FIRMS_CB8A49DE,train
FIRMS_CBA1AE6F,train
FIRMS_CBA78E8F,train
FIRMS_CBBF4EDC,train
FIRMS_CBBF6F5B,train
FIRMS_CBCF8B2B,train
FIRMS_CBD43267,train
FIRMS_CBD4B507,train
FIRMS_CC4A71EC,train
FIRMS_CC5F9E59,train
FIRMS_CC7BAE64,train
FIRMS_CC975CCF,train
FIRMS_CCB09B83,train
FIRMS_CCD4E6AB,train
FIRMS_CCD5F0F7,train
FIRMS_CCF23D4F,train
FIRMS_CD003298,train
FIRMS_CD039345,train
FIRMS_CD0BC49F,train
FIRMS_CD0BC9F0,train
FIRMS_CD0E4421,train
FIRMS_CD22DDAB,train
FIRMS_CD241B21,train
FIRMS_CD32D817,train
FIRMS_CD385FF3,train
FIRMS_CD5BE0DB,train
FIRMS_CD5EA1B7,train
FIRMS_CD654EFF,train
FIRMS_CD663DC5,train
FIRMS_CD788BE0,train
FIRMS_CD7A83AA,train
FIRMS_CD7C7D2F,train
FIRMS_CD902965,train
FIRMS_CD9570E1,train
FIRMS_CD9FD7B2,train
FIRMS_CDAF0B33,train
FIRMS_CDB5B239,train
FIRMS_CDBE4941,train
FIRMS_CDE0F0FC,train
FIRMS_CDED7B0B,train
FIRMS_CE055015,train
FIRMS_CE14B0F5,train
FIRMS_CE156A41,train
FIRMS_CE1725DD,train
FIRMS_CE18BEC2,train
FIRMS_CE29AD89,train
FIRMS_CE30F421,train
FIRMS_CE38E1DE,train
FIRMS_CE3B07B3,train
FIRMS_CE3CDF6F,train
FIRMS_CE4970ED,train
FIRMS_CE4DCBD9,train
FIRMS_CE500E64,train
FIRMS_CE6681E4,train
FIRMS_CE699502,train
FIRMS_CE7336AC,train
FIRMS_CE88E058,train
FIRMS_CE8DD34A,train
FIRMS_CE99A5FC,train
FIRMS_CEA41638,train
FIRMS_CECAA5A0,train
FIRMS_CEDB680D,train
FIRMS_CEE441B0,train
FIRMS_CEEE7470,train
FIRMS_CEEFC16C,train
FIRMS_CEFE827B,train
FIRMS_CF10948C,train
FIRMS_CF21D376,train
FIRMS_CF446165,train
FIRMS_CF466B88,train
FIRMS_CF48F508,train
FIRMS_CF4D28FA,train
FIRMS_CF6B9685,train
FIRMS_CF82FCA5,train
FIRMS_CF8C2D9A,train
FIRMS_CF98B5B7,train
FIRMS_CF9DD49D,train
FIRMS_CFBA53AC,train
FIRMS_CFC16F9F,train
FIRMS_CFDC5FC2,train
FIRMS_CFE00842,train
FIRMS_CFE8B9A4,train
FIRMS_CFEB02ED,train
FIRMS_CFF7D49A,train
FIRMS_D000AB37,train
FIRMS_D0085AB6,train
FIRMS_D06626E4,train
FIRMS_D06ACEA8,train
FIRMS_D076DBAD,train
FIRMS_D078D9FE,train
FIRMS_D0830B1D,train
FIRMS_D088ED99,train
FIRMS_D0987E58,train
FIRMS_D09FBFA9,train
FIRMS_D0A2F3CE,train
FIRMS_D0C3A7A0,train
FIRMS_D0D0D26C,train
FIRMS_D0DFA516,train
FIRMS_D0EBE941,train
FIRMS_D0F09915,train
FIRMS_D0F6C938,train
FIRMS_D0FD15D9,train
FIRMS_D0FFDA2B,train
FIRMS_D1013186,train
FIRMS_D1196C94,train
FIRMS_D1251CE2,train
FIRMS_D126739C,train
FIRMS_D12E4437,train
FIRMS_D138020A,train
FIRMS_D14982E1,train
FIRMS_D14A295D,train
FIRMS_D167192E,train
FIRMS_D16B2F68,train
FIRMS_D16DCB3A,train
FIRMS_D18FADD8,train
FIRMS_D1968B62,train
FIRMS_D1A88DA3,train
FIRMS_D1AB004A,train
FIRMS_D1E04CBB,train
FIRMS_D1E572C1,train
FIRMS_D1F5AA3C,train
FIRMS_D1F67037,train
FIRMS_D1FA532C,train
FIRMS_D1FAE44A,train
FIRMS_D2041BA7,train
FIRMS_D208288F,train
FIRMS_D2098C20,train
FIRMS_D20B6D64,train
FIRMS_D226B590,train
FIRMS_D232C637,train
FIRMS_D243C070,train
FIRMS_D24437DC,train
FIRMS_D2811130,train
FIRMS_D28E456A,train
FIRMS_D2CE208D,train
FIRMS_D2D29911,train
FIRMS_D2F84F05,train
FIRMS_D300CDB4,train
FIRMS_D30C472F,train
FIRMS_D31D5531,train
FIRMS_D31F0D77,train
FIRMS_D3246A4C,train
FIRMS_D3359E83,train
FIRMS_D33CDD60,train
FIRMS_D3413115,train
FIRMS_D341323D,train
FIRMS_D3444539,train
FIRMS_D346EED4,train
FIRMS_D34925E1,train
FIRMS_D355DAE5,train
FIRMS_D3621DF4,train
FIRMS_D37C96AA,train
FIRMS_D39ABD5C,train
FIRMS_D3AB2FF6,train
FIRMS_D3C5362C,train
FIRMS_D3C7F7F7,train
FIRMS_D3C7FA9D,train
FIRMS_D3CDD2A0,train
FIRMS_D3DD48E1,train
FIRMS_D3E4F65C,train
FIRMS_D405395A,train
FIRMS_D427FBE6,train
FIRMS_D44B0C02,train
FIRMS_D470123C,train
FIRMS_D4731C46,train
FIRMS_D487EF3E,train
FIRMS_D4C3DFB7,train
FIRMS_D4C583E0,train
FIRMS_D4D7AABB,train
FIRMS_D4DE726C,train
FIRMS_D4F88E3B,train
FIRMS_D5053E9D,train
FIRMS_D5086919,train
FIRMS_D50E2999,train
FIRMS_D510A616,train
FIRMS_D5111F02,train
FIRMS_D5199F31,train
FIRMS_D51A78A5,train
FIRMS_D51BDA42,train
FIRMS_D52BEBE3,train
FIRMS_D540FB73,train
FIRMS_D54D47F0,train
FIRMS_D5616C04,train
FIRMS_D56350D2,train
FIRMS_D5762C5A,train
FIRMS_D57AB2A4,train
FIRMS_D584ADC6,train
FIRMS_D58C8E6C,train
FIRMS_D594E598,train
FIRMS_D596D143,train
FIRMS_D5A8FE5B,train
FIRMS_D5B74BF0,train
FIRMS_D5B831FD,train
FIRMS_D5BBC9C9,train
FIRMS_D5C6F5B9,train
FIRMS_D5F1717A,train
FIRMS_D60B62FA,train
FIRMS_D64B5247,train
FIRMS_D686FDC0,train
FIRMS_D68C9F8E,train
FIRMS_D68E156A,train
FIRMS_D68F9A05,train
FIRMS_D6A1B289,train
FIRMS_D6BFFAA0,train
FIRMS_D6C3E447,train
FIRMS_D6F1C76C,train
FIRMS_D6FCD0D2,train
FIRMS_D6FCF2CD,train
FIRMS_D72CF9EE,train
FIRMS_D742C318,train
FIRMS_D76A96F1,train
FIRMS_D7796F27,train
FIRMS_D7889100,train
FIRMS_D793FCED,train
FIRMS_D79410F8,train
FIRMS_D7A0FDBF,train
FIRMS_D7A28D94,train
FIRMS_D7A2D27D,train
FIRMS_D7A36ED3,train
FIRMS_D7B770E2,train
FIRMS_D7D94A93,train
FIRMS_D7E35F35,train
FIRMS_D7EA8053,train
FIRMS_D7EE6D07,train
FIRMS_D7FA20B4,train
FIRMS_D7FE0C5D,train
FIRMS_D81D731E,train
FIRMS_D84CBB16,train
FIRMS_D84DF9C4,train
FIRMS_D850F43B,train
FIRMS_D8604CFB,train
FIRMS_D882CDB6,train
FIRMS_D88665AB,train
FIRMS_D88BF5D2,train
FIRMS_D89E1DD1,train
FIRMS_D8AE22AD,train
FIRMS_D8B6AA85,train
FIRMS_D8BC732D,train
FIRMS_D8E483BD,train
FIRMS_D8EF5587,train
FIRMS_D8FCD267,train
FIRMS_D915CDAA,train
FIRMS_D9170C01,train
FIRMS_D922AFC9,train
FIRMS_D9384C9E,train
FIRMS_D939862D,train
FIRMS_D943F354,train
FIRMS_D94DD275,train
FIRMS_D95BA25A,train
FIRMS_D95CAB24,train
FIRMS_D96A6D9E,train
FIRMS_D972D180,train
FIRMS_D97A6627,train
FIRMS_D97BFE1D,train
FIRMS_D9A99FDD,train
FIRMS_D9A9E09A,train
FIRMS_D9AD1465,train
FIRMS_D9C0298A,train
FIRMS_D9CFC86D,train
FIRMS_D9D9561F,train
FIRMS_D9FDB661,train
FIRMS_D9FF1327,train
FIRMS_DA0A06B4,train
FIRMS_DA184C06,train
FIRMS_DA251A46,train
FIRMS_DA331030,train
FIRMS_DA338F33,train
FIRMS_DA33AF98,train
FIRMS_DA443753,train
FIRMS_DA52C774,train
FIRMS_DA54D996,train
FIRMS_DA5931F2,train
FIRMS_DA6E219E,train
FIRMS_DA8173F2,train
FIRMS_DA87A27A,train
FIRMS_DA8B71BC,train
FIRMS_DA97B998,train
FIRMS_DA9933A1,train
FIRMS_DA9D91B3,train
FIRMS_DAA1971F,train
FIRMS_DAA3DC66,train
FIRMS_DABF8A38,train
FIRMS_DAD1EF1E,train
FIRMS_DAE48455,train
FIRMS_DAEFC420,train
FIRMS_DAF93DA3,train
FIRMS_DAFDC9A5,train
FIRMS_DAFED594,train
FIRMS_DB0D2848,train
FIRMS_DB1CA91A,train
FIRMS_DB24A32D,train
FIRMS_DB2C18E9,train
FIRMS_DB30A76D,train
FIRMS_DB367C31,train
FIRMS_DB3E1310,train
FIRMS_DB3E83F4,train
FIRMS_DB47FC6A,train
FIRMS_DB5C274C,train
FIRMS_DB605EE9,train
FIRMS_DB75038E,train
FIRMS_DB799A5D,train
FIRMS_DB7F803C,train
FIRMS_DB896FC7,train
FIRMS_DBB72470,train
FIRMS_DBE40098,train
FIRMS_DBEA331A,train
FIRMS_DBEBA367,train
FIRMS_DBF045BA,train
FIRMS_DBF4BAB8,train
FIRMS_DC334AF4,train
FIRMS_DC37134D,train
FIRMS_DC4BAF2A,train
FIRMS_DC4C7F1D,train
FIRMS_DC4F33AB,train
FIRMS_DC543B58,train
FIRMS_DC6433B6,train
FIRMS_DC6DBD4D,train
FIRMS_DC6EB76C,train
FIRMS_DC7A8861,train
FIRMS_DC90C8B9,train
FIRMS_DC92C6B2,train
FIRMS_DCAB5530,train
FIRMS_DCABDBF6,train
FIRMS_DCE40349,train
FIRMS_DCE7A10B,train
FIRMS_DCEAF6BA,train
FIRMS_DCF66622,train
FIRMS_DCF66BAD,train
FIRMS_DD04C151,train
FIRMS_DD0A986F,train
FIRMS_DD263A5B,train
FIRMS_DD2D2F8D,train
FIRMS_DD2D52D8,train
FIRMS_DD30AE8C,train
FIRMS_DD54E38B,train
FIRMS_DD5B67DA,train
FIRMS_DD6B2991,train
FIRMS_DD768AB9,train
FIRMS_DD82F4C2,train
FIRMS_DD88F3F1,train
FIRMS_DD8E635C,train
FIRMS_DDAA6AC3,train
FIRMS_DDAE7383,train
FIRMS_DDAED3AF,train
FIRMS_DDB2321F,train
FIRMS_DDB3F174,train
FIRMS_DDB8E585,train
FIRMS_DDDED122,train
FIRMS_DDF4A917,train
FIRMS_DE222931,train
FIRMS_DE33EB09,train
FIRMS_DE5407BD,train
FIRMS_DE6418AD,train
FIRMS_DEA7A1DA,train
FIRMS_DEB20499,train
FIRMS_DEB6F5CD,train
FIRMS_DEB747CE,train
FIRMS_DEC5C9A3,train
FIRMS_DEC611DC,train
FIRMS_DECA4BD3,train
FIRMS_DECF673D,train
FIRMS_DEE994BA,train
FIRMS_DEF237DC,train
FIRMS_DEF6C7F7,train
FIRMS_DF098CBF,train
FIRMS_DF0BD16F,train
FIRMS_DF1E30A6,train
FIRMS_DF3CEC89,train
FIRMS_DF4C99EB,train
FIRMS_DF4F6C44,train
FIRMS_DF518E3E,train
FIRMS_DF663FD0,train
FIRMS_DF7289A8,train
FIRMS_DF92EC61,train
FIRMS_DFBC7F8F,train
FIRMS_DFDFCCD9,train
FIRMS_DFE2049E,train
FIRMS_DFF7B4F4,train
FIRMS_E007CDD2,train
FIRMS_E01684C0,train
FIRMS_E022C034,train
FIRMS_E029B06D,train
FIRMS_E02BF2CE,train
FIRMS_E03B10BD,train
FIRMS_E03B9E0F,train
FIRMS_E03F1C38,train
FIRMS_E05321A2,train
FIRMS_E055B62B,train
FIRMS_E056A4B2,train
FIRMS_E0596AD0,train
FIRMS_E05C677E,train
FIRMS_E072E3DA,train
FIRMS_E07D0E97,train
FIRMS_E07F9710,train
FIRMS_E094E3EF,train
FIRMS_E09FFD1F,train
FIRMS_E0A2EBA8,train
FIRMS_E0A701BC,train
FIRMS_E0A71500,train
FIRMS_E0C78E75,train
FIRMS_E0CDC2F4,train
FIRMS_E0E6EDEF,train
FIRMS_E0ED4070,train
FIRMS_E10041BC,train
FIRMS_E101B038,train
FIRMS_E1058AA6,train
FIRMS_E10BA1CE,train
FIRMS_E10FC038,train
FIRMS_E110D705,train
FIRMS_E11FE5C2,train
FIRMS_E120382D,train
FIRMS_E1252FDB,train
FIRMS_E1306B69,train
FIRMS_E13F535D,train
FIRMS_E162C132,train
FIRMS_E171A4AF,train
FIRMS_E1754967,train
FIRMS_E17C56A8,train
FIRMS_E1882B23,train
FIRMS_E1AFB369,train
FIRMS_E1AFCE64,train
FIRMS_E1B1A80E,train
FIRMS_E1B275EA,train
FIRMS_E1B89A58,train
FIRMS_E1B9AB9E,train
FIRMS_E1CB059E,train
FIRMS_E1E37929,train
FIRMS_E1F56891,train
FIRMS_E1F67C8E,train
FIRMS_E1F80AD4,train
FIRMS_E1FB6A2F,train
FIRMS_E2084135,train
FIRMS_E222FF70,train
FIRMS_E22BD51B,train
FIRMS_E2304C10,train
FIRMS_E263C084,train
FIRMS_E2681CB0,train
FIRMS_E29F480A,train
FIRMS_E2A0CCEA,train
FIRMS_E2A1B388,train
FIRMS_E2BF3162,train
FIRMS_E2C65569,train
FIRMS_E2CE9A5D,train
FIRMS_E2D81459,train
FIRMS_E2E548A3,train
FIRMS_E2E586F0,train
FIRMS_E30D9786,train
FIRMS_E31F475E,train
FIRMS_E3376789,train
FIRMS_E338D898,train
FIRMS_E35A765A,train
FIRMS_E360180E,train
FIRMS_E36AAC6D,train
FIRMS_E3BC6358,train
FIRMS_E3BD7239,train
FIRMS_E3D47A09,train
FIRMS_E3E93CAD,train
FIRMS_E4062EE4,train
FIRMS_E408E031,train
FIRMS_E40B045B,train
FIRMS_E4202552,train
FIRMS_E4285484,train
FIRMS_E42F40D1,train
FIRMS_E435AB77,train
FIRMS_E4550B06,train
FIRMS_E45AAD7D,train
FIRMS_E46D1625,train
FIRMS_E48A809D,train
FIRMS_E4A3C7B2,train
FIRMS_E4AB0813,train
FIRMS_E4B4027D,train
FIRMS_E4B68E62,train
FIRMS_E4DD7E53,train
FIRMS_E4FE804B,train
FIRMS_E524595B,train
FIRMS_E52B04D6,train
FIRMS_E52FB5B9,train
FIRMS_E54383BC,train
FIRMS_E54E96A5,train
FIRMS_E551F9E3,train
FIRMS_E553D78C,train
FIRMS_E55BBE09,train
FIRMS_E55BE802,train
FIRMS_E55F1BD7,train
FIRMS_E565E66E,train
FIRMS_E56B8DBC,train
FIRMS_E5780FBC,train
FIRMS_E5847F97,train
FIRMS_E586889C,train
FIRMS_E58B4958,train
FIRMS_E58B8284,train
FIRMS_E5A4E1B9,train
FIRMS_E5B056EA,train
FIRMS_E5D28E18,train
FIRMS_E5D66A09,train
FIRMS_E5EE01BF,train
FIRMS_E5FB1841,train
FIRMS_E6040070,train
FIRMS_E60CBE93,train
FIRMS_E62907AD,train
FIRMS_E62D18F1,train
FIRMS_E638063B,train
FIRMS_E64B8B93,train
FIRMS_E64C7094,train
FIRMS_E663CA27,train
FIRMS_E673B952,train
FIRMS_E68900CB,train
FIRMS_E6A63C47,train
FIRMS_E6A67CF0,train
FIRMS_E6BF57DA,train
FIRMS_E6C2BFC1,train
FIRMS_E6C5BF85,train
FIRMS_E6C65808,train
FIRMS_E6C7EAE8,train
FIRMS_E6C92E57,train
FIRMS_E6DFE14D,train
FIRMS_E6E88204,train
FIRMS_E6FB8CC2,train
FIRMS_E7113FB5,train
FIRMS_E716129B,train
FIRMS_E718F405,train
FIRMS_E71BB508,train
FIRMS_E72C31A8,train
FIRMS_E72C58AF,train
FIRMS_E730C6CA,train
FIRMS_E733EF76,train
FIRMS_E748B26A,train
FIRMS_E74BE027,train
FIRMS_E7556310,train
FIRMS_E7606EBF,train
FIRMS_E787DC93,train
FIRMS_E793054A,train
FIRMS_E79979F5,train
FIRMS_E79A68CE,train
FIRMS_E7A25E47,train
FIRMS_E7A54C33,train
FIRMS_E7ACBF35,train
FIRMS_E7C8E15B,train
FIRMS_E7CA7EF7,train
FIRMS_E7EDDFA2,train
FIRMS_E7EE4F90,train
FIRMS_E7FB17FD,train
FIRMS_E80EDED2,train
FIRMS_E8379FA2,train
FIRMS_E83A009C,train
FIRMS_E83EBFD1,train
FIRMS_E84CE69B,train
FIRMS_E871C4E6,train
FIRMS_E877A914,train
FIRMS_E8954719,train
FIRMS_E8957ED8,train
FIRMS_E8AC4106,train
FIRMS_E8ACEC0F,train
FIRMS_E8B1DBF0,train
FIRMS_E8C35137,train
FIRMS_E8D619F9,train
FIRMS_E8EA0679,train
FIRMS_E8FDA893,train
FIRMS_E90509E7,train
FIRMS_E91C37AE,train
FIRMS_E92A5DB6,train
FIRMS_E936D94B,train
FIRMS_E93ABA25,train
FIRMS_E93C7893,train
FIRMS_E941A4E8,train
FIRMS_E94A0CDB,train
FIRMS_E9539F0A,train
FIRMS_E979D460,train
FIRMS_E982BAAA,train
FIRMS_E9EAA563,train
FIRMS_E9EAB57F,train
FIRMS_EA111E7B,train
FIRMS_EA175E69,train
FIRMS_EA262B10,train
FIRMS_EA43B17D,train
FIRMS_EA5CAD95,train
FIRMS_EA5FC182,train
FIRMS_EA7842D0,train
FIRMS_EA90AC54,train
FIRMS_EA9F6271,train
FIRMS_EAA602B3,train
FIRMS_EAB4427A,train
FIRMS_EACB581C,train
FIRMS_EACEBB81,train
FIRMS_EAD947AA,train
FIRMS_EAE00177,train
FIRMS_EAE68490,train
FIRMS_EAFF2BFD,train
FIRMS_EB06224B,train
FIRMS_EB3DEE49,train
FIRMS_EB6EB98B,train
FIRMS_EB75ABDE,train
FIRMS_EB7FBD6A,train
FIRMS_EB9BD339,train
FIRMS_EBA6BFA2,train
FIRMS_EBB317B6,train
FIRMS_EBCD0C78,train
FIRMS_EBE3F5A4,train
FIRMS_EBF36E50,train
FIRMS_EC066E54,train
FIRMS_EC1801FD,train
FIRMS_EC257FB6,train
FIRMS_EC28EC51,train
FIRMS_EC307C9A,train
FIRMS_EC41A860,train
FIRMS_EC41F75C,train
FIRMS_EC59FC72,train
FIRMS_EC64A369,train
FIRMS_EC6A0020,train
FIRMS_EC6AF105,train
FIRMS_EC758B10,train
FIRMS_EC78D7B0,train
FIRMS_ECA4200C,train
FIRMS_ECABF237,train
FIRMS_ECB7E9BF,train
FIRMS_ECB93A07,train
FIRMS_ECBA2638,train
FIRMS_ECBE2A2D,train
FIRMS_ECC9512B,train
FIRMS_ECCD6B86,train
FIRMS_ECCE4920,train
FIRMS_ECD394CE,train
FIRMS_ED025526,train
FIRMS_ED05B873,train
FIRMS_ED21230C,train
FIRMS_ED399C49,train
FIRMS_ED3BCBF5,train
FIRMS_ED4C56ED,train
FIRMS_ED4E2E7C,train
FIRMS_ED4F2E51,train
FIRMS_ED4FA226,train
FIRMS_ED569D4D,train
FIRMS_ED5A5E78,train
FIRMS_ED87DAD8,train
FIRMS_ED8CBA6E,train
FIRMS_ED943EFA,train
FIRMS_ED9BA0AF,train
FIRMS_EDABCD53,train
FIRMS_EDC38A6E,train
FIRMS_EDC548A7,train
FIRMS_EDE76693,train
FIRMS_EDEAEBCD,train
FIRMS_EDFBDE59,train
FIRMS_EE15ED07,train
FIRMS_EE2829C1,train
FIRMS_EE447B56,train
FIRMS_EE63E8FA,train
FIRMS_EE6BD7D5,train
FIRMS_EE6C8931,train
FIRMS_EE6EDA95,train
FIRMS_EE7B5758,train
FIRMS_EE83F7FD,train
FIRMS_EE89CD40,train
FIRMS_EE94F73F,train
FIRMS_EE977C46,train
FIRMS_EE992FE0,train
FIRMS_EE9B6FAD,train
FIRMS_EE9D770E,train
FIRMS_EEB174D5,train
FIRMS_EEBE131E,train
FIRMS_EEC11F23,train
FIRMS_EEECAA03,train
FIRMS_EF03A8F6,train
FIRMS_EF0FC0D5,train
FIRMS_EF170D11,train
FIRMS_EF1B98D5,train
FIRMS_EF1D10F5,train
FIRMS_EF348D48,train
FIRMS_EF39ABB1,train
FIRMS_EF52B7F6,train
FIRMS_EF553D55,train
FIRMS_EF5895CD,train
FIRMS_EF6BFE6F,train
FIRMS_EFA23872,train
FIRMS_EFA54F08,train
FIRMS_EFA75A46,train
FIRMS_EFA7F019,train
FIRMS_EFA7FF8C,train
FIRMS_EFB71952,train
FIRMS_EFFCAF98,train
FIRMS_F0080A66,train
FIRMS_F01E7504,train
FIRMS_F02B5573,train
FIRMS_F05027BF,train
FIRMS_F0541A4B,train
FIRMS_F05C7358,train
FIRMS_F06032BA,train
FIRMS_F075AFDE,train
FIRMS_F096FF00,train
FIRMS_F0AA0AD6,train
FIRMS_F0B6FBEB,train
FIRMS_F0B78CCC,train
FIRMS_F0BB537F,train
FIRMS_F0D36B04,train
FIRMS_F0DDC09F,train
FIRMS_F0E1242C,train
FIRMS_F0E62583,train
FIRMS_F0FC0CC2,train
FIRMS_F0FC44EE,train
FIRMS_F0FEC2F7,train
FIRMS_F1113F10,train
FIRMS_F1151674,train
FIRMS_F12020B9,train
FIRMS_F123A911,train
FIRMS_F130B213,train
FIRMS_F16B7243,train
FIRMS_F178AEBE,train
FIRMS_F18137CB,train
FIRMS_F1855DF8,train
FIRMS_F187277E,train
FIRMS_F19B5EFD,train
FIRMS_F1A20839,train
FIRMS_F1C7E315,train
FIRMS_F1D019AB,train
FIRMS_F1D7751C,train
FIRMS_F1E23508,train
FIRMS_F1EC8409,train
FIRMS_F1EF05F9,train
FIRMS_F2120255,train
FIRMS_F2138EB6,train
FIRMS_F22F4C1D,train
FIRMS_F233D227,train
FIRMS_F2417359,train
FIRMS_F242B707,train
FIRMS_F24AD5A8,train
FIRMS_F266F76A,train
FIRMS_F2752458,train
FIRMS_F27E9AE5,train
FIRMS_F27F2C5D,train
FIRMS_F28911AF,train
FIRMS_F289A76D,train
FIRMS_F2A24CED,train
FIRMS_F2A4807D,train
FIRMS_F2C6D69E,train
FIRMS_F2D96788,train
FIRMS_F2E0FA0E,train
FIRMS_F2F05AB6,train
FIRMS_F2F6BC50,train
FIRMS_F2FB5A5F,train
FIRMS_F30235C1,train
FIRMS_F33656DD,train
FIRMS_F3427064,train
FIRMS_F37590B1,train
FIRMS_F3904C53,train
FIRMS_F3ACD2C3,train
FIRMS_F3B81B4D,train
FIRMS_F3BE02F0,train
FIRMS_F3C6C39C,train
FIRMS_F3D9E369,train
FIRMS_F3F70599,train
FIRMS_F3FC151B,train
FIRMS_F4417EA3,train
FIRMS_F45E2A0E,train
FIRMS_F462A9E3,train
FIRMS_F475F45F,train
FIRMS_F477C5A4,train
FIRMS_F47A917C,train
FIRMS_F47DEFBD,train
FIRMS_F481FCBA,train
FIRMS_F48FE7A5,train
FIRMS_F4AD8124,train
FIRMS_F4CD7018,train
FIRMS_F508969D,train
FIRMS_F51974B2,train
FIRMS_F540DE8E,train
FIRMS_F555E583,train
FIRMS_F55DC85E,train
FIRMS_F56714C7,train
FIRMS_F5862F51,train
FIRMS_F5872B8C,train
FIRMS_F58E6FFA,train
FIRMS_F5957CCA,train
FIRMS_F59A046C,train
FIRMS_F59AC766,train
FIRMS_F59B5C62,train
FIRMS_F5C260A9,train
FIRMS_F5DCA9EB,train
FIRMS_F5E8EAD6,train
FIRMS_F5EC72C8,train
FIRMS_F5EEE1D9,train
FIRMS_F5F0D8CC,train
FIRMS_F5F3EFCA,train
FIRMS_F648D044,train
FIRMS_F684FC09,train
FIRMS_F68D2714,train
FIRMS_F698C54C,train
FIRMS_F6A431CA,train
FIRMS_F6BAE9B9,train
FIRMS_F6CB2A2F,train
FIRMS_F6E0D41E,train
FIRMS_F6E3C9AE,train
FIRMS_F6EE38F0,train
FIRMS_F6F6164E,train
FIRMS_F6F8DE5D,train
FIRMS_F7278653,train
FIRMS_F72E2F62,train
FIRMS_F7308501,train
FIRMS_F7659F9B,train
FIRMS_F766503D,train
FIRMS_F76E0BA7,train
FIRMS_F7828CB3,train
FIRMS_F7970515,train
FIRMS_F79CF337,train
FIRMS_F7B6ED12,train
FIRMS_F7BBB19A,train
FIRMS_F7C9FAD1,train
FIRMS_F7CCF5CD,train
FIRMS_F7D66664,train
FIRMS_F7E0C3EC,train
FIRMS_F7F684C5,train
FIRMS_F819FDF3,train
FIRMS_F84EE7A4,train
FIRMS_F8828265,train
FIRMS_F88DF2B2,train
FIRMS_F89B9BE6,train
FIRMS_F8BB6375,train
FIRMS_F8BCD91B,train
FIRMS_F8EAB010,train
FIRMS_F8ED7E2E,train
FIRMS_F8F04F25,train
FIRMS_F8FF3814,train
FIRMS_F8FFE12E,train
FIRMS_F9177221,train
FIRMS_F926A72B,train
FIRMS_F92FE2A3,train
FIRMS_F92FF49C,train
FIRMS_F9455AED,train
FIRMS_F9766A7C,train
FIRMS_F97705AE,train
FIRMS_F993368A,train
FIRMS_F9CF79B7,train
FIRMS_F9DD49C6,train
FIRMS_F9E3DA4B,train
FIRMS_F9E8BB73,train
FIRMS_F9EACFA9,train
FIRMS_F9F52EE0,train
FIRMS_F9FE68F6,train
FIRMS_FA16C010,train
FIRMS_FA274574,train
FIRMS_FA36F53A,train
FIRMS_FA52F3D5,train
FIRMS_FA7F4F67,train
FIRMS_FA834ED9,train
FIRMS_FA95C21F,train
FIRMS_FA98BE57,train
FIRMS_FAA64A5B,train
FIRMS_FAABE006,train
FIRMS_FAB5A3A0,train
FIRMS_FAC7D6CD,train
FIRMS_FAF988D1,train
FIRMS_FB0A12D7,train
FIRMS_FB0F5983,train
FIRMS_FB1FD971,train
FIRMS_FB2C3428,train
FIRMS_FB3C436E,train
FIRMS_FB3CAE25,train
FIRMS_FB3D59DE,train
FIRMS_FB4A2EF1,train
FIRMS_FB4E6893,train
FIRMS_FB54D6B6,train
FIRMS_FB5D8AEC,train
FIRMS_FB76D60D,train
FIRMS_FB7AA6EA,train
FIRMS_FB7AF19B,train
FIRMS_FB8F47CF,train
FIRMS_FB9B3263,train
FIRMS_FBC76004,train
FIRMS_FBEE0738,train
FIRMS_FC04ACE0,train
FIRMS_FC08C235,train
FIRMS_FC11DEAB,train
FIRMS_FC19691C,train
FIRMS_FC2F4781,train
FIRMS_FC3FF7EF,train
FIRMS_FC59506E,train
FIRMS_FC7D7F03,train
FIRMS_FC92CD40,train
FIRMS_FCB81F55,train
FIRMS_FCBD9997,train
FIRMS_FCCAEE84,train
FIRMS_FCCD0ED6,train
FIRMS_FCDA0ED6,train
FIRMS_FCF44A9E,train
FIRMS_FCFC2846,train
FIRMS_FD0BC939,train
FIRMS_FD1B6463,train
FIRMS_FD1C885A,train
FIRMS_FD245F2A,train
FIRMS_FD28CA47,train
FIRMS_FD2FCD8F,train
FIRMS_FD3518C2,train
FIRMS_FD4BF4FF,train
FIRMS_FD503067,train
FIRMS_FD6824EC,train
FIRMS_FD75ED9D,train
FIRMS_FD949D30,train
FIRMS_FD96C084,train
FIRMS_FD9FC1A3,train
FIRMS_FDA28A04,train
FIRMS_FDC21404,train
FIRMS_FDC6081A,train
FIRMS_FDE06504,train
FIRMS_FDE85508,train
FIRMS_FDEBFCDF,train
FIRMS_FDEC4AF2,train
FIRMS_FDF76FBF,train
FIRMS_FDF83324,train
FIRMS_FE178B5E,train
FIRMS_FE17A526,train
FIRMS_FE21A4BF,train
FIRMS_FE36BCFA,train
FIRMS_FE3E19CD,train
FIRMS_FE572747,train
FIRMS_FE59C101,train
FIRMS_FE619F22,train
FIRMS_FE881613,train
FIRMS_FE947256,train
FIRMS_FE9A4659,train
FIRMS_FE9E68BA,train
FIRMS_FEDE41C1,train
FIRMS_FEE21011,train
FIRMS_FEE9A943,train
FIRMS_FEF08C25,train
FIRMS_FF0FEAE8,train
FIRMS_FF246722,train
FIRMS_FF2B886C,train
FIRMS_FF2EA96E,train
FIRMS_FF4B75B8,train
FIRMS_FF5D1540,train
FIRMS_FF5D514B,train
FIRMS_FF6F5E6E,train
FIRMS_FF740F57,train
FIRMS_FF7B6C40,train
FIRMS_FF8CF824,train
FIRMS_FF9FDDF9,train
FIRMS_FFA35C82,train
FIRMS_FFB72373,train
FIRMS_FFBA225B,train
FIRMS_FFC7885D,train
FIRMS_FFCC258F,train
FIRMS_FFCE864B,train
FIRMS_FFD618A1,train
FIRMS_FFE67FE3,train
FIRMS_FFF3613E,train
FIRMS_FFFEC96D,train
FIRMS_006EAE36,val
FIRMS_00E3CC07,val
FIRMS_011648F5,val
FIRMS_01487FD8,val
FIRMS_01B2C442,val
FIRMS_01DB3D89,val
FIRMS_0283175E,val
FIRMS_03DA5664,val
FIRMS_04A9ADB2,val
FIRMS_04F24B6B,val
FIRMS_053360ED,val
FIRMS_055C44D2,val
FIRMS_056CD03A,val
FIRMS_05A31875,val
FIRMS_05B53FB2,val
FIRMS_05BBAB47,val
FIRMS_05BF274D,val
FIRMS_05F8FBB4,val
FIRMS_06CCCD8E,val
FIRMS_06D34251,val
FIRMS_06F2D09D,val
FIRMS_071B5E4D,val
FIRMS_079C26A0,val
FIRMS_07A4DD31,val
FIRMS_0804E192,val
FIRMS_0821E9C3,val
FIRMS_08AE4734,val
FIRMS_08DBB053,val
FIRMS_08F86F6D,val
FIRMS_0920478B,val
FIRMS_09652172,val
FIRMS_09818E82,val
FIRMS_09AB0808,val
FIRMS_09BC023D,val
FIRMS_09E28535,val
FIRMS_0A80A318,val
FIRMS_0B578B27,val
FIRMS_0BBF35C7,val
FIRMS_0BE9AFC3,val
FIRMS_0BFB06C0,val
FIRMS_0C5D19CA,val
FIRMS_0C80B9E3,val
FIRMS_0CAB9DFF,val
FIRMS_0D195B37,val
FIRMS_0D318198,val
FIRMS_0E2EA935,val
FIRMS_0E3382BC,val
FIRMS_0E8C71AA,val
FIRMS_0E9C696C,val
FIRMS_0EC6B928,val
FIRMS_0F293047,val
FIRMS_0F7E5520,val
FIRMS_0F9A1BAC,val
FIRMS_0FAD914B,val
FIRMS_0FDC101F,val
FIRMS_0FE58D5E,val
FIRMS_0FFBBE6D,val
FIRMS_11025CDA,val
FIRMS_111D83CF,val
FIRMS_1168C0EF,val
FIRMS_11EE088A,val
FIRMS_11F1048B,val
FIRMS_12825536,val
FIRMS_129CD755,val
FIRMS_12BD056C,val
FIRMS_12C8B46C,val
FIRMS_12DF5D9F,val
FIRMS_12F81DE1,val
FIRMS_1307ABA0,val
FIRMS_13BAE8F0,val
FIRMS_13D1397F,val
FIRMS_14082D0D,val
FIRMS_1446C04E,val
FIRMS_145F628D,val
FIRMS_1484BED2,val
FIRMS_1489230B,val
FIRMS_149EAD3F,val
FIRMS_14C87201,val
FIRMS_1537FD52,val
FIRMS_15BB1277,val
FIRMS_15DD8CB2,val
FIRMS_160CE025,val
FIRMS_1665AAAA,val
FIRMS_1699E59C,val
FIRMS_16E534F0,val
FIRMS_171CE226,val
FIRMS_172F5F3B,val
FIRMS_174D974B,val
FIRMS_174E0C18,val
FIRMS_176563D1,val
FIRMS_17E62482,val
FIRMS_18322251,val
FIRMS_18A8B011,val
FIRMS_196B7E8D,val
FIRMS_1976B65D,val
FIRMS_19D45994,val
FIRMS_1A0CAF19,val
FIRMS_1A89F939,val
FIRMS_1AA85344,val
FIRMS_1B05D995,val
FIRMS_1B4AE66F,val
FIRMS_1B732A6E,val
FIRMS_1C31D9AE,val
FIRMS_1C5816BF,val
FIRMS_1CEB1B6F,val
FIRMS_1D17E85F,val
FIRMS_1D43D106,val
FIRMS_1D97FACF,val
FIRMS_1E2A5502,val
FIRMS_1E69BBD1,val
FIRMS_1EC3E087,val
FIRMS_1F336E84,val
FIRMS_1F710B3D,val
FIRMS_20B231C5,val
FIRMS_20D068DD,val
FIRMS_2135A9EC,val
FIRMS_21404C82,val
FIRMS_2150FF78,val
FIRMS_21683854,val
FIRMS_21B283D6,val
FIRMS_21BCBF95,val
FIRMS_21EAF96A,val
FIRMS_220D2E85,val
FIRMS_22A0CF9A,val
FIRMS_2308BBC0,val
FIRMS_230A0FB8,val
FIRMS_2329A7E8,val
FIRMS_23967F42,val
FIRMS_23DFC87B,val
FIRMS_23F64515,val
FIRMS_2427186E,val
FIRMS_24767F95,val
FIRMS_24B7F7D3,val
FIRMS_24E2F3C6,val
FIRMS_25A1A1AE,val
FIRMS_25B82B80,val
FIRMS_2631AB7D,val
FIRMS_26892FCE,val
FIRMS_2716904A,val
FIRMS_27B40D1E,val
FIRMS_27BCAA05,val
FIRMS_27E63F94,val
FIRMS_27F30DFF,val
FIRMS_2828228E,val
FIRMS_288A74DB,val
FIRMS_28DEF55C,val
FIRMS_29138F4E,val
FIRMS_291EF1F5,val
FIRMS_29E4CEC9,val
FIRMS_29E911EE,val
FIRMS_2A397986,val
FIRMS_2A81555A,val
FIRMS_2A82F60A,val
FIRMS_2AE0E6E6,val
FIRMS_2BD8A959,val
FIRMS_2C0E547E,val
FIRMS_2C186FE4,val
FIRMS_2C600204,val
FIRMS_2CBB95FF,val
FIRMS_2CCEE3D1,val
FIRMS_2D3DB905,val
FIRMS_2DA4CEC3,val
FIRMS_2DE1DF4B,val
FIRMS_2E1D0FC7,val
FIRMS_2EBC775A,val
FIRMS_2EC41495,val
FIRMS_2EC914F7,val
FIRMS_2F959020,val
FIRMS_2FDE507B,val
FIRMS_2FF58F79,val
FIRMS_30062A08,val
FIRMS_300E4413,val
FIRMS_306EF38A,val
FIRMS_30E6463C,val
FIRMS_31629D52,val
FIRMS_32016482,val
FIRMS_3211736B,val
FIRMS_32379D22,val
FIRMS_32868EFA,val
FIRMS_32B93FF9,val
FIRMS_3307378C,val
FIRMS_331E6A9F,val
FIRMS_336CA844,val
FIRMS_336EDE93,val
FIRMS_3399084B,val
FIRMS_33A2AE29,val
FIRMS_3425E5B0,val
FIRMS_344FAEFD,val
FIRMS_347C0D00,val
FIRMS_34BA7CCF,val
FIRMS_34CF074F,val
FIRMS_3513B62C,val
FIRMS_35579941,val
FIRMS_360E897A,val
FIRMS_362F4042,val
FIRMS_363607E4,val
FIRMS_365E4351,val
FIRMS_36719CEE,val
FIRMS_36806913,val
FIRMS_3696468D,val
FIRMS_36D74012,val
FIRMS_372DB122,val
FIRMS_379A9943,val
FIRMS_37CE7ACC,val
FIRMS_37FF2B43,val
FIRMS_3889DA32,val
FIRMS_38C52F01,val
FIRMS_38CD69E4,val
FIRMS_38F0740E,val
FIRMS_39C19068,val
FIRMS_39F72C39,val
FIRMS_3A09D371,val
FIRMS_3A1C7C19,val
FIRMS_3A4356CF,val
FIRMS_3A5C83DE,val
FIRMS_3A921D6D,val
FIRMS_3B001445,val
FIRMS_3C3DBB7B,val
FIRMS_3CF711AF,val
FIRMS_3D1F86CE,val
FIRMS_3D39DC2C,val
FIRMS_3D6402A9,val
FIRMS_3D861827,val
FIRMS_3D9EF2C5,val
FIRMS_3D9F0CE9,val
FIRMS_3E171FD0,val
FIRMS_3E23E5BD,val
FIRMS_3F31A9C9,val
FIRMS_3F5B7CEC,val
FIRMS_3F762A36,val
FIRMS_3F986FBE,val
FIRMS_401D9B55,val
FIRMS_402DC744,val
FIRMS_4077CE41,val
FIRMS_40AC23D9,val
FIRMS_412015A1,val
FIRMS_425D63D0,val
FIRMS_432BE208,val
FIRMS_43635378,val
FIRMS_4376ACC6,val
FIRMS_44ABD695,val
FIRMS_45061D31,val
FIRMS_452DF2D2,val
FIRMS_4574D47B,val
FIRMS_45CD4A80,val
FIRMS_45D24CCE,val
FIRMS_461CCB13,val
FIRMS_468AF251,val
FIRMS_469BE6A0,val
FIRMS_46A77008,val
FIRMS_46A784C7,val
FIRMS_46A8A537,val
FIRMS_46BD4F57,val
FIRMS_46D475D8,val
FIRMS_46D959E6,val
FIRMS_472C357D,val
FIRMS_4785E5E1,val
FIRMS_47AD9F90,val
FIRMS_47F37BDA,val
FIRMS_487DD6A1,val
FIRMS_48919709,val
FIRMS_48B72C38,val
FIRMS_490D1E05,val
FIRMS_49944C57,val
FIRMS_499D7A06,val
FIRMS_4A3C9C73,val
FIRMS_4A407A53,val
FIRMS_4AA7E00B,val
FIRMS_4AC9E7A8,val
FIRMS_4B080E40,val
FIRMS_4B870392,val
FIRMS_4BDCE71A,val
FIRMS_4C270352,val
FIRMS_4C349877,val
FIRMS_4C49CAB4,val
FIRMS_4C55C32E,val
FIRMS_4C6CD221,val
FIRMS_4CBF6801,val
FIRMS_4D110F82,val
FIRMS_4D1EB599,val
FIRMS_4D28AA74,val
FIRMS_4DD2D352,val
FIRMS_4E15C124,val
FIRMS_4E22CE47,val
FIRMS_4E34163E,val
FIRMS_4E50512F,val
FIRMS_4E949FA4,val
FIRMS_4EC975DB,val
FIRMS_4EEA1E9E,val
FIRMS_4EF5999B,val
FIRMS_4EFC2FF3,val
FIRMS_4F7807A1,val
FIRMS_5015C8E3,val
FIRMS_507E6B13,val
FIRMS_50A373CF,val
FIRMS_50D694B0,val
FIRMS_5125DD67,val
FIRMS_5141C679,val
FIRMS_518F820E,val
FIRMS_51BB820B,val
FIRMS_51DD6A08,val
FIRMS_51EC1239,val
FIRMS_5267E11A,val
FIRMS_52CDA3F5,val
FIRMS_535245B8,val
FIRMS_538C768A,val
FIRMS_53949661,val
FIRMS_539FE9F7,val
FIRMS_5402F7A5,val
FIRMS_54682667,val
FIRMS_546CE3D3,val
FIRMS_5491A857,val
FIRMS_54B8BD42,val
FIRMS_552B9351,val
FIRMS_55957AFB,val
FIRMS_55B70E7D,val
FIRMS_564DB8FC,val
FIRMS_565351AD,val
FIRMS_569043E7,val
FIRMS_56A57A2F,val
FIRMS_57024CF5,val
FIRMS_571F0B9E,val
FIRMS_5776474F,val
FIRMS_57B045F9,val
FIRMS_58334B10,val
FIRMS_5905E118,val
FIRMS_5911A7C6,val
FIRMS_5943EC90,val
FIRMS_594DE070,val
FIRMS_5971951E,val
FIRMS_59876C0F,val
FIRMS_598F5027,val
FIRMS_59CFD165,val
FIRMS_59FFB5AE,val
FIRMS_5AFB8788,val
FIRMS_5B29D327,val
FIRMS_5B454D2D,val
FIRMS_5BAD5F00,val
FIRMS_5BD1CD12,val
FIRMS_5BFB0BC0,val
FIRMS_5C433D37,val
FIRMS_5C5A6737,val
FIRMS_5C6A0B86,val
FIRMS_5C6DC3B3,val
FIRMS_5C825D49,val
FIRMS_5CA1B058,val
FIRMS_5CB4CABA,val
FIRMS_5CC69279,val
FIRMS_5CD81846,val
FIRMS_5D1C67EB,val
FIRMS_5D72BA70,val
FIRMS_5DAB6027,val
FIRMS_5DAECC5D,val
FIRMS_5DB727F4,val
FIRMS_5DD7ADC7,val
FIRMS_5DE25332,val
FIRMS_5E05FE36,val
FIRMS_5E72B5FD,val
FIRMS_5EB4EB94,val
FIRMS_5FCF3201,val
FIRMS_5FD708B9,val
FIRMS_5FEB2CE0,val
FIRMS_5FF91B5D,val
FIRMS_604E5DC5,val
FIRMS_609ED043,val
FIRMS_60E9426E,val
FIRMS_60FDBBCE,val
FIRMS_618567A7,val
FIRMS_61AF71B2,val
FIRMS_61E7214E,val
FIRMS_61EEA30B,val
FIRMS_6295363E,val
FIRMS_62CAD186,val
FIRMS_6305CBD1,val
FIRMS_635ADA67,val
FIRMS_63EAFDF0,val
FIRMS_63FA9F02,val
FIRMS_64004521,val
FIRMS_641EC8DC,val
FIRMS_64484C06,val
FIRMS_646B997B,val
FIRMS_64A4E5EA,val
FIRMS_65660826,val
FIRMS_656D588B,val
FIRMS_658D7D2E,val
FIRMS_65B264C9,val
FIRMS_65F52969,val
FIRMS_66085C90,val
FIRMS_665DF97C,val
FIRMS_667EEE03,val
FIRMS_6692110C,val
FIRMS_6693B228,val
FIRMS_66AD2044,val
FIRMS_67099572,val
FIRMS_67303678,val
FIRMS_6747CA49,val
FIRMS_6750455D,val
FIRMS_6870F178,val
FIRMS_688A4797,val
FIRMS_68CFF331,val
FIRMS_68FA6DB2,val
FIRMS_69664660,val
FIRMS_6984432C,val
FIRMS_69A74F30,val
FIRMS_69B6F284,val
FIRMS_69C7F26E,val
FIRMS_69EB4F89,val
FIRMS_6AC50EC2,val
FIRMS_6AFE8414,val
FIRMS_6B5DE1B3,val
FIRMS_6B6A44A1,val
FIRMS_6B6AE777,val
FIRMS_6C29A102,val
FIRMS_6C3E1D1F,val
FIRMS_6CE2ABBE,val
FIRMS_6CFB7833,val
FIRMS_6D09800B,val
FIRMS_6D2F079C,val
FIRMS_6D570CFF,val
FIRMS_6D9E6B34,val
FIRMS_6DC00A45,val
FIRMS_6DF0235A,val
FIRMS_6E3B5E95,val
FIRMS_6E4002A9,val
FIRMS_6E647C85,val
FIRMS_6E747047,val
FIRMS_6EF12C57,val
FIRMS_6EF24456,val
FIRMS_6F054FA1,val
FIRMS_6FBAC68F,val
FIRMS_6FC024BC,val
FIRMS_6FC166C4,val
FIRMS_6FF1920E,val
FIRMS_7032CF96,val
FIRMS_706F8403,val
FIRMS_70D9C835,val
FIRMS_712C7063,val
FIRMS_71D6EC97,val
FIRMS_71FFE6B3,val
FIRMS_721E661D,val
FIRMS_723A8E3C,val
FIRMS_73397E9F,val
FIRMS_741E78B1,val
FIRMS_7433697C,val
FIRMS_75246640,val
FIRMS_752C9730,val
FIRMS_752FB9EF,val
FIRMS_753181D5,val
FIRMS_75C10231,val
FIRMS_766247B6,val
FIRMS_76832A14,val
FIRMS_76BAE71D,val
FIRMS_77304360,val
FIRMS_7747E9E7,val
FIRMS_778FD5FE,val
FIRMS_77DD678F,val
FIRMS_788850B1,val
FIRMS_78896557,val
FIRMS_78A493DA,val
FIRMS_78FAB71E,val
FIRMS_79294E3D,val
FIRMS_799202EA,val
FIRMS_79B4B908,val
FIRMS_79CBF684,val
FIRMS_79CE8F37,val
FIRMS_7A2183DA,val
FIRMS_7A4491E0,val
FIRMS_7A5FD772,val
FIRMS_7A68A238,val
FIRMS_7A6C85D6,val
FIRMS_7A8734BF,val
FIRMS_7AACB0EA,val
FIRMS_7AECE413,val
FIRMS_7AF0F7E1,val
FIRMS_7B945EA0,val
FIRMS_7BD4FDEB,val
FIRMS_7BDC5CF4,val
FIRMS_7BF84AEB,val
FIRMS_7C40558F,val
FIRMS_7C5748A9,val
FIRMS_7CA4046A,val
FIRMS_7CC4ECCF,val
FIRMS_7D340E6C,val
FIRMS_7D36413C,val
FIRMS_7D44D547,val
FIRMS_7D5E7C6F,val
FIRMS_7D686EA4,val
FIRMS_7DC088AC,val
FIRMS_7DDEA071,val
FIRMS_7E24400E,val
FIRMS_7E74267F,val
FIRMS_7ED9CA66,val
FIRMS_7EEBEFDA,val
FIRMS_7F2AAB36,val
FIRMS_7F515152,val
FIRMS_7FAEDA1E,val
FIRMS_7FB2DE5D,val
FIRMS_7FC328C6,val
FIRMS_7FC86FE4,val
FIRMS_801FDBC7,val
FIRMS_807AF764,val
FIRMS_80DF3A05,val
FIRMS_80EE2FB2,val
FIRMS_815C51ED,val
FIRMS_816F38F1,val
FIRMS_81A72CE4,val
FIRMS_81EBF194,val
FIRMS_81F67DDE,val
FIRMS_82227E73,val
FIRMS_826C717D,val
FIRMS_828851D0,val
FIRMS_8316C05A,val
FIRMS_83416868,val
FIRMS_8365491D,val
FIRMS_836D14D6,val
FIRMS_83A79EA8,val
FIRMS_8405AE9E,val
FIRMS_842EF447,val
FIRMS_84B7F1D2,val
FIRMS_84ED2B09,val
FIRMS_84FADE36,val
FIRMS_855A83E7,val
FIRMS_858805BC,val
FIRMS_860FA142,val
FIRMS_86270131,val
FIRMS_8659B449,val
FIRMS_86C04798,val
FIRMS_86F1C742,val
FIRMS_8724D8D3,val
FIRMS_87678832,val
FIRMS_87AC7CDE,val
FIRMS_87AD03E6,val
FIRMS_87AF49D6,val
FIRMS_88A1485D,val
FIRMS_88DD9BBB,val
FIRMS_89020F9A,val
FIRMS_89819060,val
FIRMS_89BAB00D,val
FIRMS_89FD5A16,val
FIRMS_8A224497,val
FIRMS_8A402B4F,val
FIRMS_8AA8D310,val
FIRMS_8AD2E104,val
FIRMS_8B9B04DD,val
FIRMS_8BE5C0F3,val
FIRMS_8C26CDC2,val
FIRMS_8C73F6FF,val
FIRMS_8CE3AC54,val
FIRMS_8CFED577,val
FIRMS_8D1D241F,val
FIRMS_8D5EFD57,val
FIRMS_8DCBE68D,val
FIRMS_8DF94FA7,val
FIRMS_8E19F6E4,val
FIRMS_8E31B64A,val
FIRMS_8E614DFE,val
FIRMS_8E6A6764,val
FIRMS_8E84A7F8,val
FIRMS_8E91E3F2,val
FIRMS_8EB4654A,val
FIRMS_8EE9BCFD,val
FIRMS_8F22876C,val
FIRMS_8F59BF07,val
FIRMS_8F765406,val
FIRMS_9029DB57,val
FIRMS_9036B316,val
FIRMS_9037BD41,val
FIRMS_90389DCC,val
FIRMS_9056B8FB,val
FIRMS_909E2D19,val
FIRMS_90C97655,val
FIRMS_911DCA26,val
FIRMS_917ED81B,val
FIRMS_9185E886,val
FIRMS_919C1CAF,val
FIRMS_91B21AAE,val
FIRMS_9238F32D,val
FIRMS_929510A6,val
FIRMS_92BE224A,val
FIRMS_92C63172,val
FIRMS_93A424CB,val
FIRMS_93AADF11,val
FIRMS_93B85613,val
FIRMS_93EF64E9,val
FIRMS_94305522,val
FIRMS_94B527E3,val
FIRMS_94BAEAD1,val
FIRMS_94C9E5FB,val
FIRMS_94E4324F,val
FIRMS_94FCC9F3,val
FIRMS_951F4D01,val
FIRMS_9523957E,val
FIRMS_954A19A9,val
FIRMS_9567C8B3,val
FIRMS_95BC6636,val
FIRMS_95CA76DB,val
FIRMS_961868A7,val
FIRMS_9623F6ED,val
FIRMS_965BE059,val
FIRMS_968B7A36,val
FIRMS_9698D37A,val
FIRMS_969C0ED9,val
FIRMS_96B1493C,val
FIRMS_97B742DF,val
FIRMS_97D6EFFF,val
FIRMS_982AC266,val
FIRMS_984E2AAE,val
FIRMS_98A82782,val
FIRMS_98AE8E81,val
FIRMS_98C93D9A,val
FIRMS_991C34DC,val
FIRMS_99D2007A,val
FIRMS_9A0A963F,val
FIRMS_9AF00767,val
FIRMS_9B2BEAB9,val
FIRMS_9B45DAEA,val
FIRMS_9B757F15,val
FIRMS_9B794096,val
FIRMS_9BA09405,val
FIRMS_9C066CD1,val
FIRMS_9C3B6F47,val
FIRMS_9C40EC92,val
FIRMS_9C6DA8DD,val
FIRMS_9CCB65F2,val
FIRMS_9D3CFF76,val
FIRMS_9D3DFF6B,val
FIRMS_9D4AB7C0,val
FIRMS_9D5FDAF9,val
FIRMS_9D7ACBE9,val
FIRMS_9E1E8129,val
FIRMS_9E5191D1,val
FIRMS_9E682188,val
FIRMS_9E96C5D6,val
FIRMS_9F3F8786,val
FIRMS_9F54E420,val
FIRMS_9F86110C,val
FIRMS_9FD6C1AE,val
FIRMS_9FE48531,val
FIRMS_A0052845,val
FIRMS_A1038232,val
FIRMS_A112D7BD,val
FIRMS_A14590D2,val
FIRMS_A216DA48,val
FIRMS_A281048D,val
FIRMS_A31BE3FA,val
FIRMS_A357F0B3,val
FIRMS_A3A0D751,val
FIRMS_A3C2B969,val
FIRMS_A3CCF632,val
FIRMS_A43A5918,val
FIRMS_A4C0025C,val
FIRMS_A5034050,val
FIRMS_A5425DA9,val
FIRMS_A56FA91A,val
FIRMS_A5C2CE54,val
FIRMS_A5F47737,val
FIRMS_A639186D,val
FIRMS_A6B069C2,val
FIRMS_A6C6C5D0,val
FIRMS_A6D033D3,val
FIRMS_A74305CD,val
FIRMS_A7A79E50,val
FIRMS_A7E15213,val
FIRMS_A885A7ED,val
FIRMS_A89836CA,val
FIRMS_A8A40AF4,val
FIRMS_A8B650C9,val
FIRMS_A9A8B8CB,val
FIRMS_A9CB47E9,val
FIRMS_A9D32EFA,val
FIRMS_AAFF5790,val
FIRMS_ABF2DBF2,val
FIRMS_AC11A84E,val
FIRMS_AC3C55AD,val
FIRMS_AC53AD0D,val
FIRMS_AC557C00,val
FIRMS_ACC6C3EF,val
FIRMS_ACFB6593,val
FIRMS_ADAC29DB,val
FIRMS_ADF73A14,val
FIRMS_AE164CDC,val
FIRMS_AEB994CD,val
FIRMS_AF0C3373,val
FIRMS_AF867602,val
FIRMS_AFB5297D,val
FIRMS_B00DEED0,val
FIRMS_B0442526,val
FIRMS_B0A0BFCD,val
FIRMS_B0ACAF46,val
FIRMS_B0BCBA51,val
FIRMS_B0EAC407,val
FIRMS_B1B0851A,val
FIRMS_B1D88435,val
FIRMS_B2307358,val
FIRMS_B244D845,val
FIRMS_B2BB2020,val
FIRMS_B2ECE810,val
FIRMS_B3733060,val
FIRMS_B3CD8B3F,val
FIRMS_B3EB8492,val
FIRMS_B4399B47,val
FIRMS_B4462ABC,val
FIRMS_B45584C7,val
FIRMS_B463E71C,val
FIRMS_B52D7602,val
FIRMS_B535AF54,val
FIRMS_B570945F,val
FIRMS_B58B3B74,val
FIRMS_B5FFDA33,val
FIRMS_B6BBD463,val
FIRMS_B6BC8EA5,val
FIRMS_B72812CC,val
FIRMS_B7385B79,val
FIRMS_B7A1EE13,val
FIRMS_B7C2662B,val
FIRMS_B818598C,val
FIRMS_B8682782,val
FIRMS_B919CD61,val
FIRMS_B91F606A,val
FIRMS_B994B1C1,val
FIRMS_B99F33E0,val
FIRMS_B9C17EE9,val
FIRMS_B9CCF22F,val
FIRMS_BADD1D94,val
FIRMS_BAF5607C,val
FIRMS_BB09D17E,val
FIRMS_BB21EC26,val
FIRMS_BB23E022,val
FIRMS_BBA7F8F9,val
FIRMS_BBE64FA4,val
FIRMS_BC0CBAB5,val
FIRMS_BC148D89,val
FIRMS_BCBEBFF1,val
FIRMS_BCD56046,val
FIRMS_BD1FDA88,val
FIRMS_BD6613F2,val
FIRMS_BD760010,val
FIRMS_BD88F9A2,val
FIRMS_BD98C735,val
FIRMS_BDB17A4D,val
FIRMS_BDE3BD67,val
FIRMS_BDE8CB83,val
FIRMS_BE2973C7,val
FIRMS_BE3DB8D8,val
FIRMS_BE7ADC46,val
FIRMS_BEE60BB4,val
FIRMS_BF3326AE,val
FIRMS_C03F6CF0,val
FIRMS_C0A735BE,val
FIRMS_C0B4F8AD,val
FIRMS_C0C1B5FC,val
FIRMS_C0CB15E3,val
FIRMS_C24E57E1,val
FIRMS_C254F715,val
FIRMS_C2AF2B67,val
FIRMS_C2B7E7CF,val
FIRMS_C2F1D867,val
FIRMS_C31709DF,val
FIRMS_C37A6086,val
FIRMS_C381DC99,val
FIRMS_C3EA768E,val
FIRMS_C3F629F5,val
FIRMS_C454FCBD,val
FIRMS_C45604F9,val
FIRMS_C521B3A9,val
FIRMS_C526365F,val
FIRMS_C5320196,val
FIRMS_C55CFDAF,val
FIRMS_C567483E,val
FIRMS_C5A8F3AF,val
FIRMS_C60B865C,val
FIRMS_C6484D41,val
FIRMS_C68563A8,val
FIRMS_C6F8579D,val
FIRMS_C800821F,val
FIRMS_C8BFD13B,val
FIRMS_C8D7C240,val
FIRMS_C8EBC7F7,val
FIRMS_C929A3BF,val
FIRMS_C937C4B0,val
FIRMS_C973BE43,val
FIRMS_C9F39494,val
FIRMS_CA1FEA3B,val
FIRMS_CA3110F8,val
FIRMS_CA717305,val
FIRMS_CA98448D,val
FIRMS_CBF943D9,val
FIRMS_CC2DE716,val
FIRMS_CC4A046B,val
FIRMS_CC84121C,val
FIRMS_CCA2483C,val
FIRMS_CDB017EC,val
FIRMS_CDD30F72,val
FIRMS_CE6485C8,val
FIRMS_CE7A2A8F,val
FIRMS_CECF64A1,val
FIRMS_CEDA1407,val
FIRMS_CEF9CF15,val
FIRMS_CFB1BE29,val
FIRMS_D0ACA197,val
FIRMS_D118826D,val
FIRMS_D121839F,val
FIRMS_D139DD07,val
FIRMS_D1CA2729,val
FIRMS_D1E8BC68,val
FIRMS_D23379A9,val
FIRMS_D24F949D,val
FIRMS_D25D9535,val
FIRMS_D28A9927,val
FIRMS_D2C8F809,val
FIRMS_D3049E20,val
FIRMS_D37F1584,val
FIRMS_D3803FD3,val
FIRMS_D384A5FA,val
FIRMS_D4225238,val
FIRMS_D4585F93,val
FIRMS_D4D4DDE4,val
FIRMS_D51A640C,val
FIRMS_D55CC287,val
FIRMS_D57B959D,val
FIRMS_D5923B06,val
FIRMS_D5A5C226,val
FIRMS_D5D9758C,val
FIRMS_D60EC187,val
FIRMS_D67E33A8,val
FIRMS_D6E29F98,val
FIRMS_D6EDB719,val
FIRMS_D7579919,val
FIRMS_D75CA6AE,val
FIRMS_D76D1EBB,val
FIRMS_D7A12737,val
FIRMS_D7C789EE,val
FIRMS_D84BB7A7,val
FIRMS_D86684E6,val
FIRMS_D8869765,val
FIRMS_D8E5F188,val
FIRMS_D946EE7F,val
FIRMS_D94F07B1,val
FIRMS_D999CDF2,val
FIRMS_D9CA4C75,val
FIRMS_D9F522DC,val
FIRMS_DA0EA25C,val
FIRMS_DAD7B067,val
FIRMS_DAEF0770,val
FIRMS_DAF0537E,val
FIRMS_DB112FB5,val
FIRMS_DB278FB0,val
FIRMS_DB375BC1,val
FIRMS_DB606333,val
FIRMS_DB8BE022,val
FIRMS_DCF47822,val
FIRMS_DD73FEB0,val
FIRMS_DD90CB84,val
FIRMS_DDE822AA,val
FIRMS_DE4AB375,val
FIRMS_DE5FEB1A,val
FIRMS_DE659F90,val
FIRMS_DEAB2619,val
FIRMS_DEECA3FE,val
FIRMS_DF05259B,val
FIRMS_DF3481D1,val
FIRMS_E071244A,val
FIRMS_E0A46FD6,val
FIRMS_E0B2CCC1,val
FIRMS_E1F12874,val
FIRMS_E2063F60,val
FIRMS_E20E541D,val
FIRMS_E27ECB3E,val
FIRMS_E2A1EF33,val
FIRMS_E3846AB4,val
FIRMS_E45DD02F,val
FIRMS_E47D9E77,val
FIRMS_E4964F41,val
FIRMS_E4CE0057,val
FIRMS_E4EE3951,val
FIRMS_E520AC4A,val
FIRMS_E5449EB6,val
FIRMS_E548B4DD,val
FIRMS_E58811C8,val
FIRMS_E5BE4118,val
FIRMS_E5E070AD,val
FIRMS_E5E8728C,val
FIRMS_E5F20D02,val
FIRMS_E6124C9D,val
FIRMS_E65E51AF,val
FIRMS_E6DFE945,val
FIRMS_E74F1D1B,val
FIRMS_E7741F35,val
FIRMS_E7A34753,val
FIRMS_E7B21372,val
FIRMS_E90DBEDF,val
FIRMS_E94ADF1A,val
FIRMS_E98C65FA,val
FIRMS_E996C318,val
FIRMS_EA0FBA81,val
FIRMS_EA19010E,val
FIRMS_EA660323,val
FIRMS_EA82F532,val
FIRMS_EA830CD7,val
FIRMS_EB271C45,val
FIRMS_EB4D6BC9,val
FIRMS_EC299F47,val
FIRMS_EC7C9506,val
FIRMS_ECD47590,val
FIRMS_ECE7D44D,val
FIRMS_ECEC5513,val
FIRMS_ED18BF7E,val
FIRMS_EE186FF6,val
FIRMS_EE5338C9,val
FIRMS_EE6CB4CB,val
FIRMS_EE70CDCA,val
FIRMS_EE75759D,val
FIRMS_EE871A49,val
FIRMS_EED32B95,val
FIRMS_EF2815CD,val
FIRMS_EF3AAA40,val
FIRMS_EFACE607,val
FIRMS_F02CCBF4,val
FIRMS_F06A0133,val
FIRMS_F09CE75D,val
FIRMS_F1083713,val
FIRMS_F167C031,val
FIRMS_F1A3883C,val
FIRMS_F1C86624,val
FIRMS_F1EB244F,val
FIRMS_F23E8889,val
FIRMS_F295935B,val
FIRMS_F295DB1A,val
FIRMS_F2E27D94,val
FIRMS_F2E911E0,val
FIRMS_F3060C0C,val
FIRMS_F3798A64,val
FIRMS_F399AA0C,val
FIRMS_F3C39BE6,val
FIRMS_F3C708BC,val
FIRMS_F4296FB4,val
FIRMS_F47266A4,val
FIRMS_F482A01E,val
FIRMS_F4ABD50E,val
FIRMS_F58667F2,val
FIRMS_F5956E21,val
FIRMS_F5EDA3D4,val
FIRMS_F6480CB7,val
FIRMS_F6E26DE5,val
FIRMS_F709952C,val
FIRMS_F72C3AED,val
FIRMS_F75E09B3,val
FIRMS_F7655BE6,val
FIRMS_F7B61AAE,val
FIRMS_F8574FD6,val
FIRMS_F8A899D1,val
FIRMS_F92694C1,val
FIRMS_F9840CDA,val
FIRMS_FA273337,val
FIRMS_FA3B5330,val
FIRMS_FA477CA7,val
FIRMS_FA880C4F,val
FIRMS_FA907066,val
FIRMS_FAC3E821,val
FIRMS_FAEF6BC5,val
FIRMS_FAFC97C3,val
FIRMS_FB9D26BE,val
FIRMS_FCB1AF39,val
FIRMS_FCC3DD46,val
FIRMS_FCD37B39,val
FIRMS_FD1144AD,val
FIRMS_FD1D7677,val
FIRMS_FD9D95AB,val
FIRMS_FDCF6452,val
FIRMS_FE1C7DD1,val
FIRMS_FE2968CC,val
FIRMS_FE63B74C,val
FIRMS_FE6F7E13,val
FIRMS_FEC0A4A9,val
FIRMS_FED11321,val
FIRMS_FF9073A0,val
FIRMS_FFD723D3,val
FIRMS_FFDA2EF5,val
FIRMS_00342D63,test
FIRMS_0040E9C1,test
FIRMS_00D75112,test
FIRMS_00E40805,test
FIRMS_014A6A5F,test
FIRMS_01543114,test
FIRMS_01ACBF5E,test
FIRMS_01DB947C,test
FIRMS_02130CAA,test
FIRMS_02897730,test
FIRMS_02D4EEA3,test
FIRMS_030D243D,test
FIRMS_032E8FAE,test
FIRMS_0373A9E7,test
FIRMS_03F81413,test
FIRMS_03FC75C1,test
FIRMS_043FE29F,test
FIRMS_053BCD73,test
FIRMS_056B8CC1,test
FIRMS_0648A463,test
FIRMS_0653E668,test
FIRMS_065F1570,test
FIRMS_06A5AC8D,test
FIRMS_07C7B618,test
FIRMS_084AD65F,test
FIRMS_08A29123,test
FIRMS_09277077,test
FIRMS_097D17C9,test
FIRMS_09960F1B,test
FIRMS_09B1AD6F,test
FIRMS_0A43DE41,test
FIRMS_0A518DF5,test
FIRMS_0A917BFF,test
FIRMS_0BB3D4FC,test
FIRMS_0BC7339C,test
FIRMS_0BD26E33,test
FIRMS_0CB3BACF,test
FIRMS_0CC0F73F,test
FIRMS_0D043A4C,test
FIRMS_0DA23A0B,test
FIRMS_0DA8B945,test
FIRMS_0DDB9CF3,test
FIRMS_0E50D961,test
FIRMS_0EB66CFA,test
FIRMS_0EEAC77B,test
FIRMS_0EFDB9D9,test
FIRMS_0F29BF1F,test
FIRMS_0F497980,test
FIRMS_0F648484,test
FIRMS_0F7CA1DD,test
FIRMS_0FA421D2,test
FIRMS_1086812B,test
FIRMS_109E53CF,test
FIRMS_10B2F788,test
FIRMS_10D37273,test
FIRMS_10D59802,test
FIRMS_110489E5,test
FIRMS_11384333,test
FIRMS_113C577C,test
FIRMS_115AEA80,test
FIRMS_118CEFB6,test
FIRMS_1192F3A1,test
FIRMS_12307D81,test
FIRMS_124B6224,test
FIRMS_124DA356,test
FIRMS_12A9B14F,test
FIRMS_12BB5B45,test
FIRMS_12D8A934,test
FIRMS_13D09D91,test
FIRMS_13F218FF,test
FIRMS_14010D5A,test
FIRMS_1412345D,test
FIRMS_147D7852,test
FIRMS_1485F834,test
FIRMS_148E97AE,test
FIRMS_14A09D6F,test
FIRMS_157940BF,test
FIRMS_164A2A35,test
FIRMS_167911CE,test
FIRMS_16D09BA8,test
FIRMS_16DC2C46,test
FIRMS_16E11D17,test
FIRMS_1719B91F,test
FIRMS_17465352,test
FIRMS_17774420,test
FIRMS_17FBA098,test
FIRMS_185C0373,test
FIRMS_185D2846,test
FIRMS_18ED7252,test
FIRMS_19C32EDB,test
FIRMS_19D58C88,test
FIRMS_1A966155,test
FIRMS_1AEF65BC,test
FIRMS_1AFD34C4,test
FIRMS_1AFEE530,test
FIRMS_1B55CBDE,test
FIRMS_1C07B4AA,test
FIRMS_1C69A0E0,test
FIRMS_1CA3B3D2,test
FIRMS_1CE26A2C,test
FIRMS_1D303E7A,test
FIRMS_1D3F29EB,test
FIRMS_1D46EFDB,test
FIRMS_1D5A9454,test
FIRMS_1DD481F2,test
FIRMS_1E0076B3,test
FIRMS_1E3C8072,test
FIRMS_1E51F120,test
FIRMS_1E6AC1B3,test
FIRMS_1EB9588F,test
FIRMS_1F15F59B,test
FIRMS_1FC04EC4,test
FIRMS_1FCB837D,test
FIRMS_1FCDEAEE,test
FIRMS_1FDB5EC0,test
FIRMS_1FE66129,test
FIRMS_2003BF2D,test
FIRMS_20092205,test
FIRMS_2088A15F,test
FIRMS_209DA7DA,test
FIRMS_20AC733E,test
FIRMS_2114171D,test
FIRMS_218CD2CF,test
FIRMS_21F0C2A1,test
FIRMS_225600DB,test
FIRMS_2269EB08,test
FIRMS_22B01601,test
FIRMS_23E6DAA7,test
FIRMS_2406D2C8,test
FIRMS_240EB977,test
FIRMS_2415FFEC,test
FIRMS_2487F94B,test
FIRMS_248869F3,test
FIRMS_25176252,test
FIRMS_25540EC9,test
FIRMS_25577DEB,test
FIRMS_2575FAED,test
FIRMS_25792EFA,test
FIRMS_257E7B7D,test
FIRMS_2586870B,test
FIRMS_25AB2D9A,test
FIRMS_25F7B0BF,test
FIRMS_261836EE,test
FIRMS_26331741,test
FIRMS_264E8F79,test
FIRMS_2653B9BF,test
FIRMS_26A65CE3,test
FIRMS_26DB2D30,test
FIRMS_26E055CA,test
FIRMS_2725FDF9,test
FIRMS_2730D549,test
FIRMS_2780F880,test
FIRMS_27DD7D6D,test
FIRMS_27FAFB24,test
FIRMS_2833402C,test
FIRMS_28622F6D,test
FIRMS_2867F82C,test
FIRMS_288BEB6B,test
FIRMS_28ADF068,test
FIRMS_29303E0D,test
FIRMS_297E9E35,test
FIRMS_2998B032,test
FIRMS_299C07A0,test
FIRMS_29D34633,test
FIRMS_29E2BE1A,test
FIRMS_2B38BC0D,test
FIRMS_2B88D50A,test
FIRMS_2BB5215D,test
FIRMS_2BED8367,test
FIRMS_2C0848A1,test
FIRMS_2C231517,test
FIRMS_2CADE691,test
FIRMS_2CEE0E53,test
FIRMS_2DA82574,test
FIRMS_2E37E2BE,test
FIRMS_2E45A823,test
FIRMS_2E5EBAB3,test
FIRMS_2E7701A4,test
FIRMS_2EC1D399,test
FIRMS_2F55BF0C,test
FIRMS_2F61A5A7,test
FIRMS_2F7D53BD,test
FIRMS_2F829AD2,test
FIRMS_2F9D184E,test
FIRMS_2FB908A6,test
FIRMS_2FFA9C9F,test
FIRMS_30F760F4,test
FIRMS_30F8D999,test
FIRMS_3186F2AA,test
FIRMS_321695DB,test
FIRMS_3263B972,test
FIRMS_3292702A,test
FIRMS_32DB6757,test
FIRMS_33044585,test
FIRMS_330CB71F,test
FIRMS_330E3270,test
FIRMS_337F3B23,test
FIRMS_33B10AFC,test
FIRMS_33CC7B27,test
FIRMS_3428CEAD,test
FIRMS_35320F38,test
FIRMS_353882DA,test
FIRMS_3545A7BF,test
FIRMS_355F5B96,test
FIRMS_358E3BF9,test
FIRMS_3593539B,test
FIRMS_36670ED7,test
FIRMS_368332D7,test
FIRMS_36FC7151,test
FIRMS_370B4357,test
FIRMS_373E9768,test
FIRMS_37A3689F,test
FIRMS_37DAF64C,test
FIRMS_37F1188D,test
FIRMS_38C8EDC4,test
FIRMS_394D2EB3,test
FIRMS_397B6241,test
FIRMS_39B32489,test
FIRMS_39BC3EFE,test
FIRMS_3A20498F,test
FIRMS_3A25FB8F,test
FIRMS_3A5BFEA3,test
FIRMS_3AD8F9B5,test
FIRMS_3B087264,test
FIRMS_3B0B53FC,test
FIRMS_3B19E16A,test
FIRMS_3B86354B,test
FIRMS_3BBBD099,test
FIRMS_3BF67F9F,test
FIRMS_3C40475E,test
FIRMS_3C758D73,test
FIRMS_3C9E266B,test
FIRMS_3D089365,test
FIRMS_3D174C5A,test
FIRMS_3DDB4BA8,test
FIRMS_3DFFEE9A,test
FIRMS_3E22059E,test
FIRMS_3E63D335,test
FIRMS_3F17D825,test
FIRMS_3F1B27B8,test
FIRMS_3F4DF282,test
FIRMS_3F5D06B1,test
FIRMS_3F6D4070,test
FIRMS_3FA2F1B8,test
FIRMS_3FFAD4A5,test
FIRMS_4008D78C,test
FIRMS_40979018,test
FIRMS_40B75E88,test
FIRMS_4144B0BB,test
FIRMS_41E74EC1,test
FIRMS_41E789A7,test
FIRMS_429AEBAF,test
FIRMS_42A02068,test
FIRMS_42BA06BC,test
FIRMS_432781D3,test
FIRMS_432FFCFB,test
FIRMS_433D60EB,test
FIRMS_43D15218,test
FIRMS_442DAD50,test
FIRMS_44596E38,test
FIRMS_44A4E976,test
FIRMS_453560E5,test
FIRMS_4556AB91,test
FIRMS_455ED3BB,test
FIRMS_455EF0DC,test
FIRMS_4579CD18,test
FIRMS_457B2ADD,test
FIRMS_4586FEB4,test
FIRMS_45FA2554,test
FIRMS_460BA1E0,test
FIRMS_46194683,test
FIRMS_464FC1B3,test
FIRMS_46529D66,test
FIRMS_46718B41,test
FIRMS_4673B7B1,test
FIRMS_46B87963,test
FIRMS_46C1E42C,test
FIRMS_46C9BD6A,test
FIRMS_4729DB13,test
FIRMS_47A42626,test
FIRMS_47C6EF3F,test
FIRMS_480B3824,test
FIRMS_4815237B,test
FIRMS_487297DA,test
FIRMS_493E17AA,test
FIRMS_4950B16C,test
FIRMS_4989929E,test
FIRMS_4998B972,test
FIRMS_49B8C048,test
FIRMS_4A28D95B,test
FIRMS_4A6029FD,test
FIRMS_4A639FA3,test
FIRMS_4AAA706E,test
FIRMS_4AB0385C,test
FIRMS_4B4A7244,test
FIRMS_4B9E95D9,test
FIRMS_4BCDA2A0,test
FIRMS_4BD237A8,test
FIRMS_4BDC0E3C,test
FIRMS_4C003AAD,test
FIRMS_4C399AC9,test
FIRMS_4C8538E7,test
FIRMS_4CDCB630,test
FIRMS_4CED7D7C,test
FIRMS_4D1209F7,test
FIRMS_4D1B7D59,test
FIRMS_4D66C6F1,test
FIRMS_4D6D2BF2,test
FIRMS_4D8BE40A,test
FIRMS_4DA7315D,test
FIRMS_4DA76BD5,test
FIRMS_4DC1117E,test
FIRMS_4DDE3E37,test
FIRMS_4E13FD2D,test
FIRMS_4E1DD373,test
FIRMS_4E67999C,test
FIRMS_4E7FB43F,test
FIRMS_4E8684DB,test
FIRMS_4EA38595,test
FIRMS_4EE2FB12,test
FIRMS_4EF60DB8,test
FIRMS_4F5ADD3B,test
FIRMS_4FC17DF0,test
FIRMS_5016DDEC,test
FIRMS_505B14C1,test
FIRMS_5074AE1A,test
FIRMS_508F98F6,test
FIRMS_50F5A707,test
FIRMS_51196AA6,test
FIRMS_51230FE5,test
FIRMS_519A63DC,test
FIRMS_51AB7579,test
FIRMS_51AD8CFD,test
FIRMS_51CB98E8,test
FIRMS_520D0C40,test
FIRMS_5247B2FE,test
FIRMS_53352735,test
FIRMS_53760348,test
FIRMS_537E1696,test
FIRMS_53E6BCF8,test
FIRMS_54062E28,test
FIRMS_5443E6AA,test
FIRMS_54732FB9,test
FIRMS_54E9D379,test
FIRMS_54E9F288,test
FIRMS_55219F53,test
FIRMS_555EAE09,test
FIRMS_57042816,test
FIRMS_575891F7,test
FIRMS_577DE12E,test
FIRMS_57B8677F,test
FIRMS_58155F56,test
FIRMS_5848C3CE,test
FIRMS_5873B9FF,test
FIRMS_587DA5D1,test
FIRMS_588F6BC0,test
FIRMS_58AF200E,test
FIRMS_58DA73A7,test
FIRMS_5940D143,test
FIRMS_59795C67,test
FIRMS_597FD825,test
FIRMS_5A85D35C,test
FIRMS_5AE6BDD6,test
FIRMS_5BB1C725,test
FIRMS_5BD8095E,test
FIRMS_5C11DCE2,test
FIRMS_5CBB92D5,test
FIRMS_5CDCC8EF,test
FIRMS_5CEAF2C0,test
FIRMS_5D03EBF7,test
FIRMS_5D5CC320,test
FIRMS_5DA4EB62,test
FIRMS_5DD2C9DA,test
FIRMS_5E175235,test
FIRMS_5E3827B9,test
FIRMS_5E876401,test
FIRMS_5EBD28BA,test
FIRMS_5EF44547,test
FIRMS_5F0601B1,test
FIRMS_5F284AC3,test
FIRMS_5F28B0E6,test
FIRMS_5FD32CBC,test
FIRMS_5FD32E66,test
FIRMS_604E310B,test
FIRMS_60970B1A,test
FIRMS_60C133E4,test
FIRMS_60C83F26,test
FIRMS_6103DDA7,test
FIRMS_61875679,test
FIRMS_61D569C7,test
FIRMS_6274D7DA,test
FIRMS_6290510C,test
FIRMS_62F4734F,test
FIRMS_631DF73E,test
FIRMS_636BAF81,test
FIRMS_63A40E9B,test
FIRMS_6437EB6F,test
FIRMS_64A75B02,test
FIRMS_64C89473,test
FIRMS_64E9A2FD,test
FIRMS_65037320,test
FIRMS_653AD6D0,test
FIRMS_654DE11D,test
FIRMS_659B07DF,test
FIRMS_66016E31,test
FIRMS_6604AF1E,test
FIRMS_665985D9,test
FIRMS_66F575CA,test
FIRMS_66FC7EBB,test
FIRMS_67F6FEC5,test
FIRMS_68478E79,test
FIRMS_6886CACD,test
FIRMS_689B7CA8,test
FIRMS_68D0EE9A,test
FIRMS_68E861BC,test
FIRMS_6901A6E0,test
FIRMS_692B8FA7,test
FIRMS_6939D115,test
FIRMS_694C98D7,test
FIRMS_694DD2B6,test
FIRMS_6960E56E,test
FIRMS_697DB4F5,test
FIRMS_6A08319C,test
FIRMS_6A0DE1B7,test
FIRMS_6A3C104A,test
FIRMS_6ADD9DF9,test
FIRMS_6AFE2B2C,test
FIRMS_6B9AF421,test
FIRMS_6BE3351B,test
FIRMS_6C15D615,test
FIRMS_6C8B4A68,test
FIRMS_6CA140F8,test
FIRMS_6CE491EF,test
FIRMS_6CEA06F7,test
FIRMS_6D45BAC0,test
FIRMS_6D744836,test
FIRMS_6DA56D1B,test
FIRMS_6DDD20A6,test
FIRMS_6E236286,test
FIRMS_6E639C02,test
FIRMS_6EA33A5B,test
FIRMS_6EF011B5,test
FIRMS_6F7B4163,test
FIRMS_6FFA560F,test
FIRMS_70397DD3,test
FIRMS_708D6B21,test
FIRMS_70A4FF25,test
FIRMS_710B4B3C,test
FIRMS_714A5018,test
FIRMS_71719019,test
FIRMS_717225BA,test
FIRMS_71BADB0C,test
FIRMS_72296FF0,test
FIRMS_7254093C,test
FIRMS_726BF9D0,test
FIRMS_729A5B87,test
FIRMS_72B89C3E,test
FIRMS_72CA1567,test
FIRMS_740A44EB,test
FIRMS_74169FB8,test
FIRMS_74225475,test
FIRMS_74630DF0,test
FIRMS_74706C7B,test
FIRMS_74A4BFAC,test
FIRMS_751740DA,test
FIRMS_752E5A27,test
FIRMS_757BE4B8,test
FIRMS_75C117CA,test
FIRMS_75C6145F,test
FIRMS_7612C2D7,test
FIRMS_7622F14D,test
FIRMS_766850D0,test
FIRMS_768CFEE0,test
FIRMS_7779312D,test
FIRMS_77A5429C,test
FIRMS_78454215,test
FIRMS_7939A204,test
FIRMS_79897F00,test
FIRMS_798F8582,test
FIRMS_799BD626,test
FIRMS_79AD4FDF,test
FIRMS_79DE932C,test
FIRMS_79FD0CA3,test
FIRMS_7A3C7D03,test
FIRMS_7A5D1CE5,test
FIRMS_7AB5B63C,test
FIRMS_7AE32198,test
FIRMS_7B055184,test
FIRMS_7B7B5106,test
FIRMS_7BAAEBDF,test
FIRMS_7BC74425,test
FIRMS_7C1014F9,test
FIRMS_7C8D5394,test
FIRMS_7CA2D8AC,test
FIRMS_7CCD9D2F,test
FIRMS_7D514515,test
FIRMS_7D529E81,test
FIRMS_7D69CCC4,test
FIRMS_7D74A0E6,test
FIRMS_7E18FD20,test
FIRMS_7E1A370F,test
FIRMS_7E747952,test
FIRMS_7E958F1A,test
FIRMS_7EFAB8A8,test
FIRMS_7FB390B8,test
FIRMS_7FB74CA5,test
FIRMS_7FF7F638,test
FIRMS_7FFCAEF1,test
FIRMS_80162F47,test
FIRMS_802BA2BC,test
FIRMS_806564EF,test
FIRMS_807D6D01,test
FIRMS_80B94987,test
FIRMS_814A9FBE,test
FIRMS_8158AE07,test
FIRMS_8171FD34,test
FIRMS_817937D1,test
FIRMS_8266220C,test
FIRMS_82C6C1D9,test
FIRMS_8339D8C5,test
FIRMS_83423F9A,test
FIRMS_84D0D5A0,test
FIRMS_84F7743B,test
FIRMS_850D1808,test
FIRMS_8542CD85,test
FIRMS_85D5FBFD,test
FIRMS_86296369,test
FIRMS_863FBC5D,test
FIRMS_864692EA,test
FIRMS_86CDFAC5,test
FIRMS_87326192,test
FIRMS_8771D15D,test
FIRMS_87728990,test
FIRMS_87829894,test
FIRMS_879E7C37,test
FIRMS_87BD7D3A,test
FIRMS_88748FA6,test
FIRMS_88B74C71,test
FIRMS_88E7EA4E,test
FIRMS_894FB5B5,test
FIRMS_898849B9,test
FIRMS_89B1DD50,test
FIRMS_89B779F8,test
FIRMS_8A04EC51,test
FIRMS_8A323FA9,test
FIRMS_8A8ACD85,test
FIRMS_8A9F05C0,test
FIRMS_8AAED70D,test
FIRMS_8AD60176,test
FIRMS_8BDE755A,test
FIRMS_8C38B582,test
FIRMS_8C71236B,test
FIRMS_8CA38D07,test
FIRMS_8CCA8D06,test
FIRMS_8CD4BAD7,test
FIRMS_8CE0B595,test
FIRMS_8D40E958,test
FIRMS_8D5659D3,test
FIRMS_8D92C464,test
FIRMS_8E04A8C3,test
FIRMS_8E6953B9,test
FIRMS_8E8E9006,test
FIRMS_8ECD1462,test
FIRMS_8F1A271F,test
FIRMS_8FD20F40,test
FIRMS_900F4F99,test
FIRMS_9078F996,test
FIRMS_90A7D2E8,test
FIRMS_910A8807,test
FIRMS_914AACE2,test
FIRMS_9180118B,test
FIRMS_92028960,test
FIRMS_9248C45B,test
FIRMS_924B1CDF,test
FIRMS_92653770,test
FIRMS_92765003,test
FIRMS_929DA401,test
FIRMS_92D46F08,test
FIRMS_936AE39D,test
FIRMS_93742947,test
FIRMS_939634C7,test
FIRMS_939D5CBC,test
FIRMS_93E58DF0,test
FIRMS_93F1EB8D,test
FIRMS_93F7FE04,test
FIRMS_9427DFA2,test
FIRMS_9428DC5D,test
FIRMS_94759049,test
FIRMS_949744D3,test
FIRMS_94D98B8D,test
FIRMS_94F44863,test
FIRMS_95112C2D,test
FIRMS_95149E3F,test
FIRMS_9524EB2E,test
FIRMS_9576AE4A,test
FIRMS_9590DDFF,test
FIRMS_95C0A378,test
FIRMS_9605D1EB,test
FIRMS_961931DB,test
FIRMS_965A06A5,test
FIRMS_96B9B7A7,test
FIRMS_9789C13D,test
FIRMS_97A29AD0,test
FIRMS_97AF5122,test
FIRMS_97DA57CC,test
FIRMS_980FE5E2,test
FIRMS_98C49361,test
FIRMS_99240BB6,test
FIRMS_99465ECC,test
FIRMS_9968CB14,test
FIRMS_9987E52D,test
FIRMS_99B4B902,test
FIRMS_99CC4385,test
FIRMS_9A2218FE,test
FIRMS_9A22973C,test
FIRMS_9A234084,test
FIRMS_9AF0BF7F,test
FIRMS_9B337EC2,test
FIRMS_9B8B7776,test
FIRMS_9BA6FDFA,test
FIRMS_9BACDD64,test
FIRMS_9C2BBC07,test
FIRMS_9C912361,test
FIRMS_9C948CE1,test
FIRMS_9EC62718,test
FIRMS_9F601CA8,test
FIRMS_9F9FFBEC,test
FIRMS_A08D0605,test
FIRMS_A0B0D59D,test
FIRMS_A139B715,test
FIRMS_A25C3E57,test
FIRMS_A285A7DE,test
FIRMS_A32A428B,test
FIRMS_A37FA961,test
FIRMS_A3A85EBE,test
FIRMS_A43C172A,test
FIRMS_A43C8239,test
FIRMS_A462AE5E,test
FIRMS_A4AFB401,test
FIRMS_A50024C2,test
FIRMS_A510EA68,test
FIRMS_A5AA8460,test
FIRMS_A5C246A0,test
FIRMS_A5C7F217,test
FIRMS_A601A86A,test
FIRMS_A614F42B,test
FIRMS_A6E4D181,test
FIRMS_A74E5A4B,test
FIRMS_A7C350A7,test
FIRMS_A7EE1F95,test
FIRMS_A869D10D,test
FIRMS_A8DCC728,test
FIRMS_A8F56F1B,test
FIRMS_A8FF764C,test
FIRMS_A9110338,test
FIRMS_A9139EFC,test
FIRMS_A923F671,test
FIRMS_A99F083F,test
FIRMS_A9D16B26,test
FIRMS_A9E0CF1B,test
FIRMS_AAC99DAC,test
FIRMS_AC3E32B3,test
FIRMS_AD3BB350,test
FIRMS_AD5E4A17,test
FIRMS_AD6A1B6D,test
FIRMS_ADCB4F11,test
FIRMS_AE035334,test
FIRMS_AE0D0516,test
FIRMS_AE13B02A,test
FIRMS_AEB49501,test
FIRMS_B01BE876,test
FIRMS_B01F66DF,test
FIRMS_B04A99AF,test
FIRMS_B058A4A1,test
FIRMS_B09B97F9,test
FIRMS_B0B3059D,test
FIRMS_B0CA8D4E,test
FIRMS_B0DB6542,test
FIRMS_B11C3246,test
FIRMS_B1326A80,test
FIRMS_B14706A4,test
FIRMS_B148AB8A,test
FIRMS_B1936E11,test
FIRMS_B1BFEDE9,test
FIRMS_B1DDBF8E,test
FIRMS_B21725C6,test
FIRMS_B230A2DB,test
FIRMS_B253E8BF,test
FIRMS_B2A7F985,test
FIRMS_B372B499,test
FIRMS_B3A7C79D,test
FIRMS_B3D17107,test
FIRMS_B4402414,test
FIRMS_B44F26F1,test
FIRMS_B4603985,test
FIRMS_B460D134,test
FIRMS_B48B28FD,test
FIRMS_B515DF29,test
FIRMS_B55B73F6,test
FIRMS_B57B0321,test
FIRMS_B5867049,test
FIRMS_B586CAEB,test
FIRMS_B5E10165,test
FIRMS_B618DA02,test
FIRMS_B6C7871A,test
FIRMS_B6FF2589,test
FIRMS_B705A181,test
FIRMS_B71BB93E,test
FIRMS_B72B2BC6,test
FIRMS_B76D05C8,test
FIRMS_B7810835,test
FIRMS_B79882A5,test
FIRMS_B81CBFAC,test
FIRMS_B837F095,test
FIRMS_B893BA0C,test
FIRMS_B89A3B04,test
FIRMS_B8F224C3,test
FIRMS_B911367D,test
FIRMS_B9226F6E,test
FIRMS_B957E7E4,test
FIRMS_BA05207E,test
FIRMS_BA086CB4,test
FIRMS_BB18B42A,test
FIRMS_BB3C8A33,test
FIRMS_BBF679D0,test
FIRMS_BC0E466F,test
FIRMS_BCE26A80,test
FIRMS_BD3C86E0,test
FIRMS_BD464C90,test
FIRMS_BD6225BD,test
FIRMS_BD764E0D,test
FIRMS_BD97E355,test
FIRMS_BDAD2CD3,test
FIRMS_BE4CAE53,test
FIRMS_BE5299F7,test
FIRMS_BF3D72BB,test
FIRMS_BF9CD2B0,test
FIRMS_BFC91839,test
FIRMS_BFD59C6A,test
FIRMS_BFFEC4D5,test
FIRMS_C034C38B,test
FIRMS_C124417F,test
FIRMS_C154D3C1,test
FIRMS_C16854E5,test
FIRMS_C1830849,test
FIRMS_C186BBC2,test
FIRMS_C1B8E751,test
FIRMS_C3660D3C,test
FIRMS_C39F1C3B,test
FIRMS_C40D8EBC,test
FIRMS_C47BCB86,test
FIRMS_C50301E9,test
FIRMS_C53C6449,test
FIRMS_C558135F,test
FIRMS_C570E4F9,test
FIRMS_C573B64D,test
FIRMS_C5D10B18,test
FIRMS_C5F2B336,test
FIRMS_C645F3DE,test
FIRMS_C68C37B5,test
FIRMS_C69C204B,test
FIRMS_C6DB40A1,test
FIRMS_C78782CA,test
FIRMS_C78AC241,test
FIRMS_C7DABEAD,test
FIRMS_C802465D,test
FIRMS_C837BE56,test
FIRMS_C84E37D4,test
FIRMS_C894CF37,test
FIRMS_C8AD348E,test
FIRMS_C8B47E66,test
FIRMS_C8E3DDF8,test
FIRMS_C940E474,test
FIRMS_C96E8D56,test
FIRMS_C97F4AFD,test
FIRMS_C9BBA719,test
FIRMS_CA03CEF0,test
FIRMS_CA63681C,test
FIRMS_CAB971FE,test
FIRMS_CAD0E1EF,test
FIRMS_CB392859,test
FIRMS_CB7DF347,test
FIRMS_CB7F083F,test
FIRMS_CBC32964,test
FIRMS_CBC9FFAC,test
FIRMS_CBF72CD6,test
FIRMS_CC553207,test
FIRMS_CC89B525,test
FIRMS_CCA3367A,test
FIRMS_CCD873C3,test
FIRMS_CCD91430,test
FIRMS_CCE3F9C0,test
FIRMS_CCE7A0D6,test
FIRMS_CCFD506C,test
FIRMS_CD6B6F15,test
FIRMS_CE19F0EC,test
FIRMS_CE8691FF,test
FIRMS_CF56A7A6,test
FIRMS_CF90B7A2,test
FIRMS_CF945AAD,test
FIRMS_CF970B2B,test
FIRMS_CFD974D4,test
FIRMS_D09BF6D0,test
FIRMS_D0DD0024,test
FIRMS_D1379B6B,test
FIRMS_D190A184,test
FIRMS_D1AA79E1,test
FIRMS_D2915847,test
FIRMS_D2AE5AB6,test
FIRMS_D2AF531A,test
FIRMS_D2D6CD30,test
FIRMS_D2E8F77A,test
FIRMS_D3B2BFAA,test
FIRMS_D3C39C46,test
FIRMS_D3CC79B3,test
FIRMS_D3E98BE5,test
FIRMS_D3ECFB1B,test
FIRMS_D413693B,test
FIRMS_D48D73BA,test
FIRMS_D56F8D4F,test
FIRMS_D591B5A6,test
FIRMS_D5A449DB,test
FIRMS_D5AFA25A,test
FIRMS_D5E2939D,test
FIRMS_D6101736,test
FIRMS_D6149092,test
FIRMS_D65507D5,test
FIRMS_D678D0B6,test
FIRMS_D820063A,test
FIRMS_D8AA38B2,test
FIRMS_D8B54E21,test
FIRMS_D8C6A9E0,test
FIRMS_D911C6C0,test
FIRMS_D967DBC8,test
FIRMS_D9B94F71,test
FIRMS_DA4BF404,test
FIRMS_DA7C94A6,test
FIRMS_DA919C66,test
FIRMS_DABF8E63,test
FIRMS_DAD806D0,test
FIRMS_DAF6AD59,test
FIRMS_DB5A1EC1,test
FIRMS_DB7B8873,test
FIRMS_DBA1B662,test
FIRMS_DBB10500,test
FIRMS_DC4FD1BD,test
FIRMS_DD03207F,test
FIRMS_DD8660C6,test
FIRMS_DDDD9A66,test
FIRMS_DDEC4E38,test
FIRMS_DDF1D5AC,test
FIRMS_DE03FFA5,test
FIRMS_DE091F2A,test
FIRMS_DE1CDB5B,test
FIRMS_DE7B4B9F,test
FIRMS_DEF615FD,test
FIRMS_DFDB1452,test
FIRMS_DFED1219,test
FIRMS_E008802E,test
FIRMS_E0419B17,test
FIRMS_E0A56C22,test
FIRMS_E0F513DF,test
FIRMS_E11CED6A,test
FIRMS_E1535F86,test
FIRMS_E17839D5,test
FIRMS_E17E0690,test
FIRMS_E1B5D14F,test
FIRMS_E228735C,test
FIRMS_E2390E56,test
FIRMS_E2920E6F,test
FIRMS_E2A61256,test
FIRMS_E2E55EAB,test
FIRMS_E399D78F,test
FIRMS_E4212117,test
FIRMS_E4C17371,test
FIRMS_E4F4B882,test
FIRMS_E50F7895,test
FIRMS_E555F805,test
FIRMS_E55A8D08,test
FIRMS_E57D0963,test
FIRMS_E586761F,test
FIRMS_E60DD5BC,test
FIRMS_E63CCCC5,test
FIRMS_E686697F,test
FIRMS_E6DC4085,test
FIRMS_E6F4C2D7,test
FIRMS_E70C707C,test
FIRMS_E72F17C5,test
FIRMS_E740A7F0,test
FIRMS_E7BEA6B9,test
FIRMS_E80B6B93,test
FIRMS_E998C2D8,test
FIRMS_EA0874F1,test
FIRMS_EA365A1D,test
FIRMS_EA6C9551,test
FIRMS_EAAC0493,test
FIRMS_EABE05BE,test
FIRMS_EAC8542E,test
FIRMS_EAD7FD97,test
FIRMS_EB2E3E0A,test
FIRMS_EB5A47FE,test
FIRMS_EB5C7D12,test
FIRMS_EB8952AF,test
FIRMS_EC0BC5BF,test
FIRMS_EC593C95,test
FIRMS_EC608AEF,test
FIRMS_ECA86FB2,test
FIRMS_ECF6237E,test
FIRMS_ED1CF745,test
FIRMS_ED33EE32,test
FIRMS_EE2C2F1F,test
FIRMS_EEE32343,test
FIRMS_EFA79ED8,test
FIRMS_EFD3E030,test
FIRMS_F0074E24,test
FIRMS_F022CB47,test
FIRMS_F02E5C67,test
FIRMS_F070A7AD,test
FIRMS_F0A183D2,test
FIRMS_F0E780B8,test
FIRMS_F14C316F,test
FIRMS_F163A5AD,test
FIRMS_F17E770A,test
FIRMS_F1DA092E,test
FIRMS_F249DF53,test
FIRMS_F2B10CB2,test
FIRMS_F2EB2C15,test
FIRMS_F2F0BB6C,test
FIRMS_F3BB97EA,test
FIRMS_F424627A,test
FIRMS_F4AD2696,test
FIRMS_F5281352,test
FIRMS_F52B1F9A,test
FIRMS_F5B2F001,test
FIRMS_F5F58E5F,test
FIRMS_F62BE39F,test
FIRMS_F636A849,test
FIRMS_F64102D6,test
FIRMS_F6898AEA,test
FIRMS_F6AAF917,test
FIRMS_F6AD636A,test
FIRMS_F71F3EB8,test
FIRMS_F7502E2E,test
FIRMS_F7B07219,test
FIRMS_F7FFBD25,test
FIRMS_F87AAED3,test
FIRMS_F90C957D,test
FIRMS_F935836A,test
FIRMS_F9584330,test
FIRMS_F9587F47,test
FIRMS_F9C4ACB2,test
FIRMS_FA208881,test
FIRMS_FA32B442,test
FIRMS_FAEC74F5,test
FIRMS_FB2212AB,test
FIRMS_FB600D95,test
FIRMS_FB693123,test
FIRMS_FB763AF6,test
FIRMS_FBD77EB5,test
FIRMS_FC4F3EA5,test
FIRMS_FC7C82FE,test
FIRMS_FC99A512,test
FIRMS_FCB0F63D,test
FIRMS_FCCA3648,test
FIRMS_FCD16FE8,test
FIRMS_FCDFA667,test
FIRMS_FCE48D84,test
FIRMS_FCEDF68D,test
FIRMS_FCEE6299,test
FIRMS_FD469E53,test
FIRMS_FD738C25,test
FIRMS_FDBC8B47,test
FIRMS_FE04AEE4,test
FIRMS_FE09AA70,test
FIRMS_FE0D960D,test
FIRMS_FF3234F5,test
FIRMS_FF7F7561,test
FIRMS_FFE2DE72,test
