id,latitude,longitude,frp,brightness_temperature,confidence,timestamp,satellite,nearest_facility_distance_m,nearest_facility_present,nearest_facility_type,facility_count_500m,facility_count_1km,facility_count_5km,power_plant_count_1km,oil_refinery_count_1km,oil_well_count_1km,ethanol_plant_count_1km,wind_farm_count_1km,solar_plant_count_1km,nearest_power_plant_distance_m,nearest_power_plant_present,nearest_oil_refinery_distance_m,nearest_oil_refinery_present,nearest_oil_well_distance_m,nearest_oil_well_present,nearest_ethanol_plant_distance_m,nearest_ethanol_plant_present,nearest_wind_farm_distance_m,nearest_wind_farm_present,nearest_solar_plant_distance_m,nearest_solar_plant_present
FIRMS_45CABF6E,9.39618,78.85063,10.2,345.85,60.0,2026-08-01T07:50:00Z,N20,372.2655724688719,1,oil_well,1,1,4,0,0,1,0,0,0,,0,,0,372.2655724688719,1,,0,,0,,0
FIRMS_5ACA075E,9.68989,78.37985,4.34,335.15,60.0,2026-08-01T07:50:00Z,N20,,0,,0,0,0,0,0,0,0,0,0,,0,,0,,0,,0,,0,,0
FIRMS_5E1FE566,10.26295,79.14907,2.67,331.65,60.0,2026-08-01T07:50:00Z,N20,,0,,0,0,0,0,0,0,0,0,0,,0,,0,,0,,0,,0,,0
FIRMS_4F68B0D5,10.38009,78.3605,2.77,331.79,60.0,2026-08-01T07:50:00Z,N20,,0,,0,0,0,0,0,0,0,0,0,,0,,0,,0,,0,,0,,0
FIRMS_E638063B,10.96096,79.73511,2.48,331.46,60.0,2026-08-01T07:50:00Z,N20,,0,,0,0,0,0,0,0,0,0,0,,0,,0,,0,,0,,0,,0
FIRMS_2A048F48,11.02383,78.76881,1.68,332.56,60.0,2026-08-01T07:50:00Z,N20,,0,,0,0,0,0,0,0,0,0,0,,0,,0,,0,,0,,0,,0
FIRMS_AEBC2944,11.05059,79.3532,10.81,341.89,60.0,2026-08-01T07:50:00Z,N20,,0,,0,0,0,0,0,0,0,0,0,,0,,0,,0,,0,,0,,0
FIRMS_E03F1C38,11.15094,78.02576,1.56,330.71,60.0,2026-08-01T07:50:00Z,N20,,0,,0,0,0,0,0,0,0,0,0,,0,,0,,0,,0,,0,,0
FIRMS_5160FE9A,11.155,77.7301,2.37,330.49,60.0,2026-08-01T07:50:00Z,N20,,0,,0,0,0,0,0,0,0,0,0,,0,,0,,0,,0,,0,,0
FIRMS_19457FFD,11.27329,78.15312,3.22,337.74,60.0,2026-08-01T07:50:00Z,N20,,0,,0,0,0,0,0,0,0,0,0,,0,,0,,0,,0,,0,,0
FIRMS_7B117115,11.29113,79.78253,5.38,335.48,60.0,2026-08-01T07:50:00Z,N20,1842.272744800527,1,oil_well,0,0,11,0,0,0,0,0,0,,0,,0,1842.272744800527,1,,0,,0,,0
FIRMS_6A04DA33,11.72811,78.7383,4.81,333.55,60.0,2026-08-01T07:50:00Z,N20,,0,,0,0,0,0,0,0,0,0,0,,0,,0,,0,,0,,0,,0
FIRMS_CBA78E8F,11.87308,79.73968,2.46,332.62,60.0,2026-08-01T07:50:00Z,N20,,0,,0,0,0,0,0,0,0,0,0,,0,,0,,0,,0,,0,,0
FIRMS_D89E1DD1,11.87655,79.37332,9.09,337.57,60.0,2026-08-01T07:50:00Z,N20,,0,,0,0,0,0,0,0,0,0,0,,0,,0,,0,,0,,0,,0
FIRMS_7D356B97,11.93526,79.55087,2.33,335.31,60.0,2026-08-01T07:50:00Z,N20,,0,,0,0,0,0,0,0,0,0,0,,0,,0,,0,,0,,0,,0
FIRMS_9F0DE6C3,12.41949,80.10271,7.3,335.44,60.0,2026-08-01T07:50:00Z,N20,,0,,0,0,0,0,0,0,0,0,0,,0,,0,,0,,0,,0,,0
FIRMS_203E35DD,12.57915,79.24837,3.02,332.54,60.0,2026-08-01T07:50:00Z,N20,,0,,0,0,0,0,0,0,0,0,0,,0,,0,,0,,0,,0,,0
FIRMS_3439F62D,20.96636,86.01635,8.5,335.7,60.0,2026-08-01T07:52:00Z,N20,,0,,0,0,0,0,0,0,0,0,0,,0,,0,,0,,0,,0,,0
FIRMS_BC0B4854,21.29788,81.60934,3.09,330.83,60.0,2026-08-01T07:52:00Z,N20,,0,,0,0,0,0,0,0,0,0,0,,0,,0,,0,,0,,0,,0
FIRMS_64B34FAC,21.74177,83.84429,5.46,338.72,60.0,2026-08-01T07:52:00Z,N20,,0,,0,0,0,0,0,0,0,0,0,,0,,0,,0,,0,,0,,0
FIRMS_7EAEA21B,21.74533,83.84377,11.96,348.35,60.0,2026-08-01T07:52:00Z,N20,,0,,0,0,0,0,0,0,0,0,0,,0,,0,,0,,0,,0,,0
FIRMS_0A6569E9,21.74889,83.84324,11.96,341.48,60.0,2026-08-01T07:52:00Z,N20,,0,,0,0,0,0,0,0,0,0,0,,0,,0,,0,,0,,0,,0
FIRMS_349EB44C,21.75245,83.84271,3.13,333.3,60.0,2026-08-01T07:52:00Z,N20,,0,,0,0,0,0,0,0,0,0,0,,0,,0,,0,,0,,0,,0
FIRMS_8D0B28A2,21.756,83.84217,3.13,334.59,60.0,2026-08-01T07:52:00Z,N20,,0,,0,0,0,0,0,0,0,0,0,,0,,0,,0,,0,,0,,0
FIRMS_D6A1B289,21.75659,83.8465,3.13,334.92,60.0,2026-08-01T07:52:00Z,N20,,0,,0,0,0,0,0,0,0,0,0,,0,,0,,0,,0,,0,,0
FIRMS_A69875F5,21.91989,83.35123,3.41,343.28,60.0,2026-08-01T07:52:00Z,N20,,0,,0,0,0,0,0,0,0,0,0,,0,,0,,0,,0,,0,,0
FIRMS_76F1E379,22.3573,82.3028,8.32,345.09,60.0,2026-08-01T07:52:00Z,N20,,0,,0,0,0,0,0,0,0,0,0,,0,,0,,0,,0,,0,,0
FIRMS_61C5BA85,22.78513,86.20668,5.76,330.33,60.0,2026-08-01T07:52:00Z,N20,,0,,0,0,0,0,0,0,0,0,0,,0,,0,,0,,0,,0,,0
FIRMS_C0B81F20,22.78832,86.19825,4.18,333.15,60.0,2026-08-01T07:52:00Z,N20,,0,,0,0,0,0,0,0,0,0,0,,0,,0,,0,,0,,0,,0
FIRMS_0242E399,23.78719,85.55325,2.53,332.66,60.0,2026-08-01T07:52:00Z,N20,2073.095653207714,1,oil_well,0,0,3,0,0,0,0,0,0,,0,,0,2073.095653207714,1,,0,,0,,0
FIRMS_B3B87C89,24.14243,82.71046,4.02,330.26,60.0,2026-08-01T07:52:00Z,N20,4366.888625746215,1,power_plant,0,0,1,0,0,0,0,0,0,4366.888625746215,1,,0,,0,,0,,0,,0
FIRMS_0808050D,24.16346,82.63028,4.87,330.04,60.0,2026-08-01T07:52:00Z,N20,,0,,0,0,0,0,0,0,0,0,0,,0,,0,,0,,0,,0,,0
FIRMS_CE1725DD,24.20259,82.70964,5.41,331.81,60.0,2026-08-01T07:52:00Z,N20,,0,,0,0,0,0,0,0,0,0,0,,0,,0,,0,,0,,0,,0
FIRMS_1A82A6E8,22.37671,87.27874,1.95,311.91,60.0,2026-08-01T20:19:00Z,N20,,0,,0,0,0,0,0,0,0,0,0,,0,,0,,0,,0,,0,,0
FIRMS_BE2A1B8F,23.16289,82.33456,0.58,295.63,60.0,2026-08-01T20:19:00Z,N20,,0,,0,0,0,0,0,0,0,0,0,,0,,0,,0,,0,,0,,0
FIRMS_6F1FAAA4,23.16494,82.3429,0.96,295.32,60.0,2026-08-01T20:19:00Z,N20,,0,,0,0,0,0,0,0,0,0,0,,0,,0,,0,,0,,0,,0
FIRMS_91BFACAA,23.16558,82.33907,0.58,309.5,60.0,2026-08-01T20:19:00Z,N20,,0,,0,0,0,0,0,0,0,0,0,,0,,0,,0,,0,,0,,0
FIRMS_228E7A05,23.16828,82.34354,0.59,295.31,60.0,2026-08-01T20:19:00Z,N20,,0,,0,0,0,0,0,0,0,0,0,,0,,0,,0,,0,,0,,0
FIRMS_C2F3938C,23.64702,85.44136,2.23,312.65,60.0,2026-08-01T20:19:00Z,N20,,0,,0,0,0,0,0,0,0,0,0,,0,,0,,0,,0,,0,,0
FIRMS_C8746137,23.64797,85.43639,2.23,307.59,60.0,2026-08-01T20:19:00Z,N20,,0,,0,0,0,0,0,0,0,0,0,,0,,0,,0,,0,,0,,0
FIRMS_C5B5CBC6,23.67752,86.4006,0.96,300.56,60.0,2026-08-01T20:19:00Z,N20,2652.6045934072963,1,oil_well,0,0,2,0,0,0,0,0,0,,0,,0,2652.6045934072963,1,,0,,0,,0
FIRMS_D6FCF2CD,23.67825,86.39687,0.96,303.28,60.0,2026-08-01T20:19:00Z,N20,2447.9868086276383,1,oil_well,0,0,2,0,0,0,0,0,0,,0,,0,2447.9868086276383,1,,0,,0,,0
FIRMS_78C285F4,23.67898,86.39319,0.53,298.2,60.0,2026-08-01T20:19:00Z,N20,2294.1135741265466,1,oil_well,0,0,10,0,0,0,0,0,0,,0,,0,2294.1135741265466,1,,0,,0,,0
FIRMS_D5B74BF0,23.68017,86.09469,3.14,325.52,60.0,2026-08-01T20:19:00Z,N20,,0,,0,0,0,0,0,0,0,0,0,,0,,0,,0,,0,,0,,0
FIRMS_2A64D826,23.68292,86.39404,0.92,308.4,60.0,2026-08-01T20:19:00Z,N20,2717.177364637775,1,oil_well,0,0,11,0,0,0,0,0,0,,0,,0,2717.177364637775,1,,0,,0,,0
FIRMS_91354751,23.68404,86.0956,3.14,306.81,60.0,2026-08-01T20:19:00Z,N20,,0,,0,0,0,0,0,0,0,0,0,,0,,0,,0,,0,,0,,0
FIRMS_A9B87C09,23.68686,86.39489,0.92,298.84,60.0,2026-08-01T20:19:00Z,N20,2985.5952314654173,1,oil_well,0,0,11,0,0,0,0,0,0,,0,,0,2985.5952314654173,1,,0,,0,,0
FIRMS_B1900871,23.68758,86.39125,0.92,302.55,60.0,2026-08-01T20:19:00Z,N20,2637.504249627065,1,oil_well,0,0,12,0,0,0,0,0,0,,0,,0,2637.504249627065,1,,0,,0,,0
FIRMS_8DBB36E8,23.69513,85.28842,1.74,306.7,60.0,2026-08-01T20:19:00Z,N20,1665.8025867032366,1,oil_well,0,0,9,0,0,0,0,0,0,,0,,0,1665.8025867032366,1,,0,,0,,0
FIRMS_BEFA4FC8,23.73701,86.43325,1.05,306.48,60.0,2026-08-01T20:19:00Z,N20,,0,,0,0,0,0,0,0,0,0,0,,0,,0,,0,,0,,0,,0
FIRMS_BB04C865,23.75916,86.4034,0.76,300.03,60.0,2026-08-01T20:19:00Z,N20,,0,,0,0,0,0,0,0,0,0,0,,0,,0,,0,,0,,0,,0
FIRMS_6427EA88,23.7631,86.40427,1.7,300.18,60.0,2026-08-01T20:19:00Z,N20,,0,,0,0,0,0,0,0,0,0,0,,0,,0,,0,,0,,0,,0
FIRMS_564C1D5D,23.77422,86.36267,1.21,295.99,60.0,2026-08-01T20:19:00Z,N20,,0,,0,0,0,0,0,0,0,0,0,,0,,0,,0,,0,,0,,0
FIRMS_74DBC4B0,23.77842,86.38842,0.69,295.34,60.0,2026-08-01T20:19:00Z,N20,,0,,0,0,0,0,0,0,0,0,0,,0,,0,,0,,0,,0,,0
FIRMS_84B31A76,23.78183,85.57716,1.37,301.41,60.0,2026-08-01T20:19:00Z,N20,3129.5255032090604,1,oil_well,0,0,1,0,0,0,0,0,0,,0,,0,3129.5255032090604,1,,0,,0,,0
FIRMS_D6C3E447,23.78277,85.5721,1.05,300.92,60.0,2026-08-01T20:19:00Z,N20,2741.5760808403556,1,oil_well,0,0,1,0,0,0,0,0,0,,0,,0,2741.5760808403556,1,,0,,0,,0
FIRMS_CE699502,23.78337,86.34074,1.73,298.07,60.0,2026-08-01T20:19:00Z,N20,,0,,0,0,0,0,0,0,0,0,0,,0,,0,,0,,0,,0,,0
FIRMS_ED8CBA6E,23.78371,85.56706,1.05,300.4,60.0,2026-08-01T20:19:00Z,N20,2407.8559927161955,1,oil_well,0,0,2,0,0,0,0,0,0,,0,,0,2407.8559927161955,1,,0,,0,,0
FIRMS_8977C0EF,23.78638,86.34246,1.52,297.56,60.0,2026-08-01T20:19:00Z,N20,,0,,0,0,0,0,0,0,0,0,0,,0,,0,,0,,0,,0,,0
FIRMS_EE447B56,23.78652,85.55202,2.64,309.45,60.0,2026-08-01T20:19:00Z,N20,1982.150743530079,1,oil_well,0,0,3,0,0,0,0,0,0,,0,,0,1982.150743530079,1,,0,,0,,0
FIRMS_3D31D3BC,23.79527,86.23495,1.41,297.43,60.0,2026-08-01T20:19:00Z,N20,,0,,0,0,0,0,0,0,0,0,0,,0,,0,,0,,0,,0,,0
FIRMS_D584ADC6,23.79707,86.35059,1.57,300.13,60.0,2026-08-01T20:19:00Z,N20,,0,,0,0,0,0,0,0,0,0,0,,0,,0,,0,,0,,0,,0
FIRMS_B473ECB2,23.80529,86.32943,2.18,312.24,60.0,2026-08-01T20:19:00Z,N20,,0,,0,0,0,0,0,0,0,0,0,,0,,0,,0,,0,,0,,0
FIRMS_94008408,23.82386,85.49789,2.56,308.15,60.0,2026-08-01T20:19:00Z,N20,,0,,0,0,0,0,0,0,0,0,0,,0,,0,,0,,0,,0,,0
FIRMS_E1306B69,24.11791,86.85925,2.23,308.61,60.0,2026-08-01T20:19:00Z,N20,,0,,0,0,0,0,0,0,0,0,0,,0,,0,,0,,0,,0,,0
FIRMS_0D95D20C,24.12118,86.86406,1.42,309.77,60.0,2026-08-01T20:19:00Z,N20,,0,,0,0,0,0,0,0,0,0,0,,0,,0,,0,,0,,0,,0
FIRMS_5728A149,24.12186,86.86384,1.42,309.91,60.0,2026-08-01T20:19:00Z,N20,,0,,0,0,0,0,0,0,0,0,0,,0,,0,,0,,0,,0,,0
FIRMS_274ED838,24.76533,74.60587,1.08,305.62,60.0,2026-08-01T20:19:00Z,N20,,0,,0,0,0,0,0,0,0,0,0,,0,,0,,0,,0,,0,,0
FIRMS_68E846CC,25.03351,87.3898,1.33,301.06,60.0,2026-08-01T20:19:00Z,N20,,0,,0,0,0,0,0,0,0,0,0,,0,,0,,0,,0,,0,,0
FIRMS_978245C3,26.64038,79.47826,1.01,308.02,60.0,2026-08-01T20:19:00Z,N20,,0,,0,0,0,0,0,0,0,0,0,,0,,0,,0,,0,,0,,0
FIRMS_A30757F0,26.64381,79.47885,1.55,311.21,60.0,2026-08-01T20:19:00Z,N20,,0,,0,0,0,0,0,0,0,0,0,,0,,0,,0,,0,,0,,0
FIRMS_25B4F49C,17.13884,77.17729,0.77,305.53,60.0,2026-08-01T20:21:00Z,N20,,0,,0,0,0,0,0,0,0,0,0,,0,,0,,0,,0,,0,,0
FIRMS_5DC1E5D3,17.14112,77.18571,1.18,307.49,60.0,2026-08-01T20:21:00Z,N20,,0,,0,0,0,0,0,0,0,0,0,,0,,0,,0,,0,,0,,0
FIRMS_30AB353B,20.69718,78.63522,0.71,307.55,60.0,2026-08-01T20:21:00Z,N20,,0,,0,0,0,0,0,0,0,0,0,,0,,0,,0,,0,,0,,0
FIRMS_48E2CD24,21.00937,80.87962,1.13,303.97,60.0,2026-08-01T20:21:00Z,N20,,0,,0,0,0,0,0,0,0,0,0,,0,,0,,0,,0,,0,,0
FIRMS_1097F311,21.17946,81.38543,1.7,306.98,60.0,2026-08-01T20:21:00Z,N20,,0,,0,0,0,0,0,0,0,0,0,,0,,0,,0,,0,,0,,0
FIRMS_BD522A48,21.18277,81.38604,1.7,323.77,60.0,2026-08-01T20:21:00Z,N20,,0,,0,0,0,0,0,0,0,0,0,,0,,0,,0,,0,,0,,0
FIRMS_12E43629,21.18547,81.39037,1.15,309.62,60.0,2026-08-01T20:21:00Z,N20,4626.05742031578,1,power_plant,0,0,1,0,0,0,0,0,0,4626.05742031578,1,,0,,0,,0,,0,,0
FIRMS_8688BE37,21.18878,81.39098,1.15,312.27,60.0,2026-08-01T20:21:00Z,N20,4535.5162190533865,1,power_plant,0,0,1,0,0,0,0,0,0,4535.5162190533865,1,,0,,0,,0,,0,,0
FIRMS_04B05068,21.18909,81.20028,0.81,309.08,60.0,2026-08-01T20:21:00Z,N20,,0,,0,0,0,0,0,0,0,0,0,,0,,0,,0,,0,,0,,0
FIRMS_C1460269,21.24936,79.20856,0.67,303.01,60.0,2026-08-01T20:21:00Z,N20,,0,,0,0,0,0,0,0,0,0,0,,0,,0,,0,,0,,0,,0
FIRMS_EBF36E50,21.33537,78.96964,1.16,309.48,60.0,2026-08-01T20:21:00Z,N20,,0,,0,0,0,0,0,0,0,0,0,,0,,0,,0,,0,,0,,0
FIRMS_4DD8EC5A,21.33872,78.97022,1.04,310.54,60.0,2026-08-01T20:21:00Z,N20,,0,,0,0,0,0,0,0,0,0,0,,0,,0,,0,,0,,0,,0
FIRMS_08E8E044,21.56129,81.75552,2.0,308.68,60.0,2026-08-01T20:21:00Z,N20,,0,,0,0,0,0,0,0,0,0,0,,0,,0,,0,,0,,0,,0
FIRMS_973C132F,21.62338,81.79445,1.77,308.07,60.0,2026-08-01T20:21:00Z,N20,,0,,0,0,0,0,0,0,0,0,0,,0,,0,,0,,0,,0,,0
FIRMS_4B78354B,21.63124,82.11251,0.62,304.85,60.0,2026-08-01T20:21:00Z,N20,,0,,0,0,0,0,0,0,0,0,0,,0,,0,,0,,0,,0,,0
FIRMS_F684FC09,21.67444,82.08134,0.76,304.84,60.0,2026-08-01T20:21:00Z,N20,,0,,0,0,0,0,0,0,0,0,0,,0,,0,,0,,0,,0,,0
FIRMS_780FF5C3,21.73024,82.21424,1.78,309.17,60.0,2026-08-01T20:21:00Z,N20,,0,,0,0,0,0,0,0,0,0,0,,0,,0,,0,,0,,0,,0
FIRMS_1E136A2F,22.00468,82.67042,1.63,314.24,60.0,2026-08-01T20:21:00Z,N20,,0,,0,0,0,0,0,0,0,0,0,,0,,0,,0,,0,,0,,0
FIRMS_911CB83E,22.31705,82.53432,0.25,296.12,60.0,2026-08-01T20:21:00Z,N20,2394.340081231011,1,power_plant,0,0,2,0,0,0,0,0,0,2394.340081231011,1,,0,,0,,0,,0,,0
FIRMS_D5111F02,22.31848,82.56682,0.47,298.12,60.0,2026-08-01T20:21:00Z,N20,4882.92335317188,1,power_plant,0,0,1,0,0,0,0,0,0,4882.92335317188,1,,0,,0,,0,,0,,0
FIRMS_BD642C05,22.31914,82.56291,0.57,301.39,60.0,2026-08-01T20:21:00Z,N20,4573.975133372429,1,power_plant,0,0,1,0,0,0,0,0,0,4573.975133372429,1,,0,,0,,0,,0,,0
FIRMS_F8828265,22.32185,82.56748,0.47,295.04,60.0,2026-08-01T20:21:00Z,N20,,0,,0,0,0,0,0,0,0,0,0,,0,,0,,0,,0,,0,,0
FIRMS_B4B52826,22.32251,82.56358,0.57,295.39,60.0,2026-08-01T20:21:00Z,N20,4840.22481271008,1,power_plant,0,0,1,0,0,0,0,0,0,4840.22481271008,1,,0,,0,,0,,0,,0
FIRMS_200973EB,22.32516,82.54797,0.87,298.63,60.0,2026-08-01T20:21:00Z,N20,3886.456540699428,1,power_plant,0,0,1,0,0,0,0,0,0,3886.456540699428,1,,0,,0,,0,,0,,0
FIRMS_D1A88DA3,22.33272,82.60599,0.4,299.53,60.0,2026-08-01T20:21:00Z,N20,,0,,0,0,0,0,0,0,0,0,0,,0,,0,,0,,0,,0,,0
FIRMS_E979D460,22.35636,82.30221,1.97,309.28,60.0,2026-08-01T20:21:00Z,N20,,0,,0,0,0,0,0,0,0,0,0,,0,,0,,0,,0,,0,,0
FIRMS_E7A25E47,22.3597,82.30285,1.97,323.6,60.0,2026-08-01T20:21:00Z,N20,,0,,0,0,0,0,0,0,0,0,0,,0,,0,,0,,0,,0,,0
FIRMS_3F525A3B,10.63879,77.44735,0.32,301.63,60.0,2026-08-01T20:23:00Z,N20,,0,,0,0,0,0,0,0,0,0,0,,0,,0,,0,,0,,0,,0
FIRMS_190E7E14,10.81198,79.84731,1.81,314.36,60.0,2026-08-01T20:23:00Z,N20,1309.6145171970127,1,oil_refinery,0,0,5,0,0,0,0,0,0,,0,1309.6145171970127,1,1757.1598012227846,1,,0,,0,3820.0095912299394,1
FIRMS_549FF9F2,11.28767,79.75057,2.43,330.43,60.0,2026-08-01T20:23:00Z,N20,4055.193269682939,1,oil_well,0,0,2,0,0,0,0,0,0,,0,,0,4055.193269682939,1,,0,,0,,0
FIRMS_7512E035,11.36164,79.23067,1.81,307.7,60.0,2026-08-01T20:23:00Z,N20,,0,,0,0,0,0,0,0,0,0,0,,0,,0,,0,,0,,0,,0
FIRMS_70C600D6,11.42618,77.49764,1.15,314.74,60.0,2026-08-01T20:23:00Z,N20,,0,,0,0,0,0,0,0,0,0,0,,0,,0,,0,,0,,0,,0
FIRMS_A7D292D1,11.81586,77.9163,0.63,305.33,60.0,2026-08-01T20:23:00Z,N20,,0,,0,0,0,0,0,0,0,0,0,,0,,0,,0,,0,,0,,0
FIRMS_D078D9FE,8.66925,77.99277,0.82,304.57,60.0,2026-08-01T20:25:00Z,N20,,0,,0,0,0,0,0,0,0,0,0,,0,,0,,0,,0,,0,,0
FIRMS_D31D5531,8.82361,78.08907,1.24,306.98,60.0,2026-08-01T20:25:00Z,N20,,0,,0,0,0,0,0,0,0,0,0,,0,,0,,0,,0,,0,,0
FIRMS_5E02DF65,8.82417,78.08559,1.24,306.46,60.0,2026-08-01T20:25:00Z,N20,,0,,0,0,0,0,0,0,0,0,0,,0,,0,,0,,0,,0,,0
FIRMS_7646A815,8.82692,78.08961,8.97,324.72,60.0,2026-08-01T20:25:00Z,N20,,0,,0,0,0,0,0,0,0,0,0,,0,,0,,0,,0,,0,,0
FIRMS_A67CA8EC,8.82747,78.08612,8.97,331.31,60.0,2026-08-01T20:25:00Z,N20,,0,,0,0,0,0,0,0,0,0,0,,0,,0,,0,,0,,0,,0
FIRMS_F233D227,10.61565,79.65601,2.93,338.06,60.0,2026-08-02T07:29:00Z,N20,,0,,0,0,0,0,0,0,0,0,0,,0,,0,,0,,0,,0,,0
FIRMS_E55BE802,10.88474,79.83207,1.48,339.26,60.0,2026-08-02T07:29:00Z,N20,339.4403070878217,1,oil_well,1,1,9,0,0,1,0,0,0,,0,,0,339.4403070878217,1,,0,,0,,0
FIRMS_3909F940,10.94911,79.78835,4.2,339.3,60.0,2026-08-02T07:29:00Z,N20,2430.3258768731125,1,oil_well,0,0,3,0,0,0,0,0,0,4072.883136444348,1,,0,2430.3258768731125,1,,0,,0,,0
FIRMS_45F5DD34,11.18027,79.53069,1.63,336.33,60.0,2026-08-02T07:29:00Z,N20,1627.6351497987496,1,oil_well,0,0,4,0,0,0,0,0,0,,0,,0,1627.6351497987496,1,,0,,0,,0
FIRMS_488F6AFF,11.49028,79.55821,3.37,339.59,60.0,2026-08-02T07:31:00Z,N20,2788.1876624672936,1,oil_well,0,0,6,0,0,0,0,0,0,,0,,0,2788.1876624672936,1,,0,,0,,0
FIRMS_23318275,12.04076,79.63448,6.1,340.49,60.0,2026-08-02T07:31:00Z,N20,,0,,0,0,0,0,0,0,0,0,0,,0,,0,,0,,0,,0,,0
FIRMS_3C442EFF,12.06237,78.75201,6.24,367.0,90.0,2026-08-02T07:31:00Z,N20,,0,,0,0,0,0,0,0,0,0,0,,0,,0,,0,,0,,0,,0
FIRMS_686848B0,13.6854,78.08358,4.31,340.21,60.0,2026-08-02T07:31:00Z,N20,,0,,0,0,0,0,0,0,0,0,0,,0,,0,,0,,0,,0,,0
FIRMS_9A63E641,14.67235,79.53287,3.82,331.94,60.0,2026-08-02T07:31:00Z,N20,,0,,0,0,0,0,0,0,0,0,0,,0,,0,,0,,0,,0,,0
FIRMS_29B3E53E,15.1253,76.765,3.26,335.8,60.0,2026-08-02T07:31:00Z,N20,,0,,0,0,0,0,0,0,0,0,0,,0,,0,,0,,0,,0,,0
FIRMS_18999DD0,17.34344,80.85319,11.86,345.23,60.0,2026-08-02T07:31:00Z,N20,,0,,0,0,0,0,0,0,0,0,0,,0,,0,,0,,0,,0,,0
FIRMS_B5343992,19.10179,82.16485,4.25,330.28,60.0,2026-08-02T07:31:00Z,N20,,0,,0,0,0,0,0,0,0,0,0,,0,,0,,0,,0,,0,,0
FIRMS_527565A2,20.96793,86.00375,6.18,337.35,60.0,2026-08-02T07:33:00Z,N20,,0,,0,0,0,0,0,0,0,0,0,,0,,0,,0,,0,,0,,0
FIRMS_DC543B58,21.07794,85.03757,10.2,332.32,30.0,2026-08-02T07:33:00Z,N20,4311.650812139422,1,power_plant,0,0,2,0,0,0,0,0,0,4311.650812139422,1,,0,,0,,0,,0,,0
FIRMS_ED87DAD8,21.67383,84.04063,3.05,330.91,30.0,2026-08-02T07:33:00Z,N20,,0,,0,0,0,0,0,0,0,0,0,,0,,0,,0,,0,,0,,0
FIRMS_75B1CF2F,21.67717,84.04002,6.52,337.96,30.0,2026-08-02T07:33:00Z,N20,,0,,0,0,0,0,0,0,0,0,0,,0,,0,,0,,0,,0,,0
FIRMS_65DE1DC9,21.74012,83.84264,5.04,331.9,30.0,2026-08-02T07:33:00Z,N20,,0,,0,0,0,0,0,0,0,0,0,,0,,0,,0,,0,,0,,0
FIRMS_0A72CB93,21.74349,83.842,5.04,345.51,30.0,2026-08-02T07:33:00Z,N20,,0,,0,0,0,0,0,0,0,0,0,,0,,0,,0,,0,,0,,0
FIRMS_04CDC5B2,21.74748,83.84521,17.84,337.28,30.0,2026-08-02T07:33:00Z,N20,,0,,0,0,0,0,0,0,0,0,0,,0,,0,,0,,0,,0,,0
FIRMS_8882C23A,21.7542,83.84396,9.87,346.78,30.0,2026-08-02T07:33:00Z,N20,,0,,0,0,0,0,0,0,0,0,0,,0,,0,,0,,0,,0,,0
FIRMS_E435AB77,21.76219,83.85041,7.29,336.0,30.0,2026-08-02T07:33:00Z,N20,,0,,0,0,0,0,0,0,0,0,0,,0,,0,,0,,0,,0,,0
FIRMS_02CB4E8D,21.76636,84.02389,6.79,338.6,30.0,2026-08-02T07:33:00Z,N20,,0,,0,0,0,0,0,0,0,0,0,,0,,0,,0,,0,,0,,0
FIRMS_6595E03C,22.35583,82.3048,4.59,331.86,30.0,2026-08-02T07:33:00Z,N20,,0,,0,0,0,0,0,0,0,0,0,,0,,0,,0,,0,,0,,0
FIRMS_1340C9A8,22.35817,87.29308,2.61,330.47,60.0,2026-08-02T07:33:00Z,N20,,0,,0,0,0,0,0,0,0,0,0,,0,,0,,0,,0,,0,,0
FIRMS_7878B076,22.35936,82.30412,5.03,339.68,60.0,2026-08-02T07:33:00Z,N20,,0,,0,0,0,0,0,0,0,0,0,,0,,0,,0,,0,,0,,0
FIRMS_43CA0758,22.36522,87.01934,6.81,330.83,60.0,2026-08-02T07:33:00Z,N20,,0,,0,0,0,0,0,0,0,0,0,,0,,0,,0,,0,,0,,0
FIRMS_4B5D4C89,22.37743,87.27801,5.9,347.93,60.0,2026-08-02T07:33:00Z,N20,,0,,0,0,0,0,0,0,0,0,0,,0,,0,,0,,0,,0,,0
FIRMS_25490C05,22.37799,87.28196,5.9,338.58,60.0,2026-08-02T07:33:00Z,N20,,0,,0,0,0,0,0,0,0,0,0,,0,,0,,0,,0,,0,,0
FIRMS_DFBC7F8F,22.57195,85.89941,2.55,331.09,60.0,2026-08-02T07:33:00Z,N20,,0,,0,0,0,0,0,0,0,0,0,,0,,0,,0,,0,,0,,0
FIRMS_09AAF790,23.16589,82.34008,4.03,331.55,30.0,2026-08-02T07:33:00Z,N20,,0,,0,0,0,0,0,0,0,0,0,,0,,0,,0,,0,,0,,0
FIRMS_483F1B8C,26.00009,93.45987,1.85,333.39,60.0,2026-08-02T07:33:00Z,N20,,0,,0,0,0,0,0,0,0,0,0,,0,,0,,0,,0,,0,,0
FIRMS_D594E598,28.18286,76.60889,3.39,337.22,60.0,2026-08-02T07:35:00Z,N20,,0,,0,0,0,0,0,0,0,0,0,,0,,0,,0,,0,,0,,0
FIRMS_7254A28A,29.59424,76.10698,3.14,333.3,60.0,2026-08-02T07:35:00Z,N20,,0,,0,0,0,0,0,0,0,0,0,,0,,0,,0,,0,,0,,0
FIRMS_7719CD2C,29.59477,76.10917,5.64,331.84,60.0,2026-08-02T07:35:00Z,N20,,0,,0,0,0,0,0,0,0,0,0,,0,,0,,0,,0,,0,,0
FIRMS_17C32096,29.59857,76.10577,4.28,343.58,60.0,2026-08-02T07:35:00Z,N20,,0,,0,0,0,0,0,0,0,0,0,,0,,0,,0,,0,,0,,0
FIRMS_23865208,29.59909,76.10796,5.9,338.67,60.0,2026-08-02T07:35:00Z,N20,,0,,0,0,0,0,0,0,0,0,0,,0,,0,,0,,0,,0,,0
FIRMS_1A7C7B34,29.63628,77.26997,4.27,334.98,60.0,2026-08-02T07:35:00Z,N20,,0,,0,0,0,0,0,0,0,0,0,,0,,0,,0,,0,,0,,0
FIRMS_FDE06504,29.99296,73.6627,2.99,344.36,60.0,2026-08-02T07:35:00Z,N20,,0,,0,0,0,0,0,0,0,0,0,,0,,0,,0,,0,,0,,0
FIRMS_3BC5287D,28.7467,76.92795,0.6,303.75,60.0,2026-08-02T20:00:00Z,N20,,0,,0,0,0,0,0,0,0,0,0,,0,,0,,0,,0,,0,,0
FIRMS_CD241B21,20.51417,85.72617,0.54,305.99,60.0,2026-08-02T20:02:00Z,N20,,0,,0,0,0,0,0,0,0,0,0,,0,,0,,0,,0,,0,,0
FIRMS_1BA1ED07,20.75957,85.2993,1.05,309.29,60.0,2026-08-02T20:02:00Z,N20,,0,,0,0,0,0,0,0,0,0,0,,0,,0,,0,,0,,0,,0
FIRMS_0ED0EC28,20.76015,85.29565,1.05,304.05,60.0,2026-08-02T20:02:00Z,N20,,0,,0,0,0,0,0,0,0,0,0,,0,,0,,0,,0,,0,,0
FIRMS_5BC98D3B,20.76073,85.29199,0.8,304.7,60.0,2026-08-02T20:02:00Z,N20,,0,,0,0,0,0,0,0,0,0,0,,0,,0,,0,,0,,0,,0
FIRMS_DB2C18E9,20.78572,85.26602,0.66,299.85,60.0,2026-08-02T20:02:00Z,N20,,0,,0,0,0,0,0,0,0,0,0,,0,,0,,0,,0,,0,,0
FIRMS_C492A220,20.7863,85.26237,0.66,303.61,60.0,2026-08-02T20:02:00Z,N20,,0,,0,0,0,0,0,0,0,0,0,,0,,0,,0,,0,,0,,0
FIRMS_6D747F9B,20.79017,85.2593,1.08,298.71,60.0,2026-08-02T20:02:00Z,N20,,0,,0,0,0,0,0,0,0,0,0,,0,,0,,0,,0,,0,,0
FIRMS_11187FDA,20.79133,85.25199,0.86,305.31,60.0,2026-08-02T20:02:00Z,N20,,0,,0,0,0,0,0,0,0,0,0,,0,,0,,0,,0,,0,,0
FIRMS_33E52F49,20.79404,85.25623,0.75,302.29,60.0,2026-08-02T20:02:00Z,N20,,0,,0,0,0,0,0,0,0,0,0,,0,,0,,0,,0,,0,,0
FIRMS_F9DD49C6,20.79462,85.25258,3.83,331.28,60.0,2026-08-02T20:02:00Z,N20,,0,,0,0,0,0,0,0,0,0,0,,0,,0,,0,,0,,0,,0
FIRMS_25A65546,20.79675,85.26048,0.75,299.25,60.0,2026-08-02T20:02:00Z,N20,,0,,0,0,0,0,0,0,0,0,0,,0,,0,,0,,0,,0,,0
FIRMS_5E384851,20.79733,85.25683,0.75,295.4,60.0,2026-08-02T20:02:00Z,N20,,0,,0,0,0,0,0,0,0,0,0,,0,,0,,0,,0,,0,,0
FIRMS_393F5007,20.80061,85.25742,0.41,299.21,60.0,2026-08-02T20:02:00Z,N20,,0,,0,0,0,0,0,0,0,0,0,,0,,0,,0,,0,,0,,0
FIRMS_0D06BA1A,20.8039,85.25801,0.41,297.5,60.0,2026-08-02T20:02:00Z,N20,,0,,0,0,0,0,0,0,0,0,0,,0,,0,,0,,0,,0,,0
FIRMS_107E7F07,20.80719,85.2586,0.57,299.77,60.0,2026-08-02T20:02:00Z,N20,,0,,0,0,0,0,0,0,0,0,0,,0,,0,,0,,0,,0,,0
FIRMS_81923E0E,20.80777,85.25494,0.67,304.39,60.0,2026-08-02T20:02:00Z,N20,,0,,0,0,0,0,0,0,0,0,0,,0,,0,,0,,0,,0,,0
FIRMS_A81AC85E,20.9223,86.04272,1.75,304.65,60.0,2026-08-02T20:02:00Z,N20,,0,,0,0,0,0,0,0,0,0,0,,0,,0,,0,,0,,0,,0
FIRMS_8A4C9364,20.95207,86.04819,4.21,331.88,60.0,2026-08-02T20:02:00Z,N20,,0,,0,0,0,0,0,0,0,0,0,,0,,0,,0,,0,,0,,0
FIRMS_FFD618A1,20.95268,86.04448,1.85,315.01,60.0,2026-08-02T20:02:00Z,N20,,0,,0,0,0,0,0,0,0,0,0,,0,,0,,0,,0,,0,,0
FIRMS_5E8832FA,20.96203,86.00803,2.34,319.44,60.0,2026-08-02T20:02:00Z,N20,,0,,0,0,0,0,0,0,0,0,0,,0,,0,,0,,0,,0,,0
FIRMS_3C7E2B7F,20.96531,86.05065,1.73,317.47,60.0,2026-08-02T20:02:00Z,N20,,0,,0,0,0,0,0,0,0,0,0,,0,,0,,0,,0,,0,,0
FIRMS_0A1B95CE,20.96803,86.01297,2.46,310.14,60.0,2026-08-02T20:02:00Z,N20,,0,,0,0,0,0,0,0,0,0,0,,0,,0,,0,,0,,0,,0
FIRMS_26414AF0,20.97013,86.021,1.52,310.48,60.0,2026-08-02T20:02:00Z,N20,,0,,0,0,0,0,0,0,0,0,0,,0,,0,,0,,0,,0,,0
FIRMS_DB367C31,20.97585,86.00678,1.91,310.78,60.0,2026-08-02T20:02:00Z,N20,,0,,0,0,0,0,0,0,0,0,0,,0,,0,,0,,0,,0,,0
FIRMS_978B6CFA,21.00001,86.02637,1.9,313.99,60.0,2026-08-02T20:02:00Z,N20,,0,,0,0,0,0,0,0,0,0,0,,0,,0,,0,,0,,0,,0
FIRMS_D5086919,21.00332,86.02699,1.2,309.42,60.0,2026-08-02T20:02:00Z,N20,,0,,0,0,0,0,0,0,0,0,0,,0,,0,,0,,0,,0,,0
FIRMS_26CE3A68,21.80086,82.03843,0.33,295.04,60.0,2026-08-02T20:02:00Z,N20,,0,,0,0,0,0,0,0,0,0,0,,0,,0,,0,,0,,0,,0
FIRMS_195CC75E,21.80234,82.0415,0.49,295.24,60.0,2026-08-02T20:02:00Z,N20,,0,,0,0,0,0,0,0,0,0,0,,0,,0,,0,,0,,0,,0
FIRMS_A1FE809A,22.24586,87.38796,0.63,303.59,60.0,2026-08-02T20:02:00Z,N20,,0,,0,0,0,0,0,0,0,0,0,,0,,0,,0,,0,,0,,0
FIRMS_5A6AFB1F,22.35808,87.28825,0.8,302.52,60.0,2026-08-02T20:02:00Z,N20,,0,,0,0,0,0,0,0,0,0,0,,0,,0,,0,,0,,0,,0
FIRMS_6D0A4761,22.36283,87.30126,0.48,296.0,60.0,2026-08-02T20:02:00Z,N20,,0,,0,0,0,0,0,0,0,0,0,,0,,0,,0,,0,,0,,0
FIRMS_76FF19FA,22.3662,87.30193,0.58,305.38,60.0,2026-08-02T20:02:00Z,N20,,0,,0,0,0,0,0,0,0,0,0,,0,,0,,0,,0,,0,,0
FIRMS_776B52B8,22.37688,87.27986,1.52,313.67,60.0,2026-08-02T20:02:00Z,N20,,0,,0,0,0,0,0,0,0,0,0,,0,,0,,0,,0,,0,,0
FIRMS_A484332D,22.37754,87.27596,0.45,302.82,60.0,2026-08-02T20:02:00Z,N20,,0,,0,0,0,0,0,0,0,0,0,,0,,0,,0,,0,,0,,0
FIRMS_D1F67037,22.57402,85.89589,1.13,304.82,60.0,2026-08-02T20:02:00Z,N20,,0,,0,0,0,0,0,0,0,0,0,,0,,0,,0,,0,,0,,0
FIRMS_FD1C885A,23.26589,88.54272,0.51,306.54,60.0,2026-08-02T20:02:00Z,N20,,0,,0,0,0,0,0,0,0,0,0,,0,,0,,0,,0,,0,,0
FIRMS_ACD40907,23.56163,87.08474,1.23,308.41,60.0,2026-08-02T20:02:00Z,N20,,0,,0,0,0,0,0,0,0,0,0,,0,,0,,0,,0,,0,,0
FIRMS_F1EF05F9,23.61422,86.78865,0.92,303.56,60.0,2026-08-02T20:02:00Z,N20,,0,,0,0,0,0,0,0,0,0,0,,0,,0,,0,,0,,0,,0
FIRMS_61E68DDA,23.66245,87.15553,1.25,310.79,60.0,2026-08-02T20:02:00Z,N20,,0,,0,0,0,0,0,0,0,0,0,,0,,0,,0,,0,,0,,0
FIRMS_9B8DDBAC,23.66928,86.09188,1.46,303.72,60.0,2026-08-02T20:02:00Z,N20,,0,,0,0,0,0,0,0,0,0,0,,0,,0,,0,,0,,0,,0
FIRMS_D09FBFA9,23.67369,86.40417,0.81,296.87,60.0,2026-08-02T20:02:00Z,N20,2691.6733321101738,1,oil_well,0,0,2,0,0,0,0,0,0,,0,,0,2691.6733321101738,1,,0,,0,,0
FIRMS_98C6AF83,23.67759,86.40105,0.81,304.26,60.0,2026-08-02T20:02:00Z,N20,2691.7642312181088,1,oil_well,0,0,2,0,0,0,0,0,0,,0,,0,2691.7642312181088,1,,0,,0,,0
FIRMS_3F39F7C3,23.6782,86.39729,2.03,306.92,60.0,2026-08-02T20:02:00Z,N20,2471.526426159527,1,oil_well,0,0,2,0,0,0,0,0,0,,0,,0,2471.526426159527,1,,0,,0,,0
FIRMS_244F4AED,23.6821,86.39417,0.79,308.72,60.0,2026-08-02T20:02:00Z,N20,2643.721598206282,1,oil_well,0,0,9,0,0,0,0,0,0,,0,,0,2643.721598206282,1,,0,,0,,0
FIRMS_5145BFFC,23.68539,86.39481,0.79,303.29,60.0,2026-08-02T20:02:00Z,N20,2996.8182870182873,1,oil_well,0,0,10,0,0,0,0,0,0,,0,,0,2996.8182870182873,1,,0,,0,,0
FIRMS_DC7A8861,23.68549,87.12046,1.12,303.45,60.0,2026-08-02T20:02:00Z,N20,,0,,0,0,0,0,0,0,0,0,0,,0,,0,,0,,0,,0,,0
FIRMS_BF2F7690,23.686,86.39107,0.98,306.38,60.0,2026-08-02T20:02:00Z,N20,2733.1506448774467,1,oil_well,0,0,12,0,0,0,0,0,0,,0,,0,2733.1506448774467,1,,0,,0,,0
FIRMS_96224A48,23.68881,87.12111,1.12,310.82,60.0,2026-08-02T20:02:00Z,N20,,0,,0,0,0,0,0,0,0,0,0,,0,,0,,0,,0,,0,,0
FIRMS_AE4DA02F,23.68932,87.09747,1.05,303.29,60.0,2026-08-02T20:02:00Z,N20,,0,,0,0,0,0,0,0,0,0,0,,0,,0,,0,,0,,0,,0
FIRMS_2425D678,23.69214,87.12176,1.63,308.54,60.0,2026-08-02T20:02:00Z,N20,4935.1076691815015,1,oil_well,0,0,1,0,0,0,0,0,0,,0,,0,4935.1076691815015,1,,0,,0,,0
FIRMS_DA8173F2,23.69342,87.11409,1.37,303.44,60.0,2026-08-02T20:02:00Z,N20,,0,,0,0,0,0,0,0,0,0,0,,0,,0,,0,,0,,0,,0
FIRMS_C058B3FA,23.69405,87.11027,0.86,306.13,60.0,2026-08-02T20:02:00Z,N20,,0,,0,0,0,0,0,0,0,0,0,,0,,0,,0,,0,,0,,0
FIRMS_FAB5A3A0,23.69469,87.10643,0.86,306.28,60.0,2026-08-02T20:02:00Z,N20,,0,,0,0,0,0,0,0,0,0,0,,0,,0,,0,,0,,0,,0
FIRMS_8ACA83D8,23.6966,87.09495,0.96,308.06,60.0,2026-08-02T20:02:00Z,N20,,0,,0,0,0,0,0,0,0,0,0,,0,,0,,0,,0,,0,,0
FIRMS_BD772BF6,23.71371,86.45043,1.3,311.71,60.0,2026-08-02T20:02:00Z,N20,,0,,0,0,0,0,0,0,0,0,0,,0,,0,,0,,0,,0,,0
FIRMS_16F748EE,23.75502,85.85387,2.23,316.42,60.0,2026-08-02T20:02:00Z,N20,2044.9422790423448,1,oil_well,0,0,12,0,0,0,0,0,0,4051.394123329111,1,,0,2044.9422790423448,1,,0,,0,,0
FIRMS_CD663DC5,23.75561,85.85014,1.32,307.81,60.0,2026-08-02T20:02:00Z,N20,1877.6503915159074,1,oil_well,0,0,12,0,0,0,0,0,0,4427.048572027494,1,,0,1877.6503915159074,1,,0,,0,,0
FIRMS_509EC2FA,23.75633,86.39672,3.11,310.55,60.0,2026-08-02T20:02:00Z,N20,,0,,0,0,0,0,0,0,0,0,0,,0,,0,,0,,0,,0,,0
FIRMS_E6E88204,23.7583,85.85448,2.23,318.56,60.0,2026-08-02T20:02:00Z,N20,1736.59703221738,1,oil_well,0,0,13,0,0,0,0,0,0,3944.432337399604,1,,0,1736.59703221738,1,,0,,0,,0
FIRMS_8126E7FE,23.75841,86.40484,2.26,320.27,60.0,2026-08-02T20:02:00Z,N20,,0,,0,0,0,0,0,0,0,0,0,,0,,0,,0,,0,,0,,0
FIRMS_12B29040,23.75902,86.40109,2.26,311.52,60.0,2026-08-02T20:02:00Z,N20,,0,,0,0,0,0,0,0,0,0,0,,0,,0,,0,,0,,0,,0
FIRMS_E54383BC,23.76225,86.40533,1.77,317.36,60.0,2026-08-02T20:02:00Z,N20,,0,,0,0,0,0,0,0,0,0,0,,0,,0,,0,,0,,0,,0
FIRMS_47830F0D,23.76285,86.40158,1.77,319.53,60.0,2026-08-02T20:02:00Z,N20,,0,,0,0,0,0,0,0,0,0,0,,0,,0,,0,,0,,0,,0
FIRMS_285FB93A,23.76407,86.3941,3.93,310.71,60.0,2026-08-02T20:02:00Z,N20,,0,,0,0,0,0,0,0,0,0,0,,0,,0,,0,,0,,0,,0
FIRMS_94BDB869,23.76554,86.40596,1.77,324.58,60.0,2026-08-02T20:02:00Z,N20,,0,,0,0,0,0,0,0,0,0,0,,0,,0,,0,,0,,0,,0
FIRMS_66EEBB77,23.76614,86.40221,1.77,309.8,60.0,2026-08-02T20:02:00Z,N20,,0,,0,0,0,0,0,0,0,0,0,,0,,0,,0,,0,,0,,0
FIRMS_8037B9AE,23.76944,86.40283,2.34,320.5,60.0,2026-08-02T20:02:00Z,N20,,0,,0,0,0,0,0,0,0,0,0,,0,,0,,0,,0,,0,,0
FIRMS_1A40EC8C,23.77175,86.19526,1.65,310.26,60.0,2026-08-02T20:02:00Z,N20,,0,,0,0,0,0,0,0,0,0,0,,0,,0,,0,,0,,0,,0
FIRMS_21AB9BD9,23.7755,86.36537,3.27,324.08,60.0,2026-08-02T20:02:00Z,N20,,0,,0,0,0,0,0,0,0,0,0,,0,,0,,0,,0,,0,,0
FIRMS_1D6526A9,23.77576,86.38472,2.26,307.38,60.0,2026-08-02T20:02:00Z,N20,,0,,0,0,0,0,0,0,0,0,0,,0,,0,,0,,0,,0,,0
FIRMS_EF553D55,23.77593,86.21146,1.29,307.34,60.0,2026-08-02T20:02:00Z,N20,,0,,0,0,0,0,0,0,0,0,0,,0,,0,,0,,0,,0,,0
FIRMS_1A086D6D,23.77611,86.36163,2.03,312.06,60.0,2026-08-02T20:02:00Z,N20,,0,,0,0,0,0,0,0,0,0,0,,0,,0,,0,,0,,0,,0
FIRMS_ADE5B3BB,23.77845,86.38909,3.12,316.45,60.0,2026-08-02T20:02:00Z,N20,,0,,0,0,0,0,0,0,0,0,0,,0,,0,,0,,0,,0,,0
FIRMS_924B2E34,23.77922,86.21207,2.85,320.28,60.0,2026-08-02T20:02:00Z,N20,,0,,0,0,0,0,0,0,0,0,0,,0,,0,,0,,0,,0,,0
FIRMS_0CE7C15E,23.77982,86.20834,1.94,323.76,60.0,2026-08-02T20:02:00Z,N20,,0,,0,0,0,0,0,0,0,0,0,,0,,0,,0,,0,,0,,0
FIRMS_D28E456A,23.78087,86.37411,2.23,314.56,60.0,2026-08-02T20:02:00Z,N20,,0,,0,0,0,0,0,0,0,0,0,,0,,0,,0,,0,,0,,0
FIRMS_20C5FF79,23.78182,86.34728,2.11,308.85,60.0,2026-08-02T20:02:00Z,N20,,0,,0,0,0,0,0,0,0,0,0,,0,,0,,0,,0,,0,,0
FIRMS_4E15F858,23.78311,86.20896,1.94,311.99,60.0,2026-08-02T20:02:00Z,N20,,0,,0,0,0,0,0,0,0,0,0,,0,,0,,0,,0,,0,,0
FIRMS_95300BF4,23.79437,86.35352,2.4,319.83,60.0,2026-08-02T20:02:00Z,N20,,0,,0,0,0,0,0,0,0,0,0,,0,,0,,0,,0,,0,,0
FIRMS_5CE12CE2,23.79827,86.35041,1.92,317.48,60.0,2026-08-02T20:02:00Z,N20,,0,,0,0,0,0,0,0,0,0,0,,0,,0,,0,,0,,0,,0
FIRMS_81BEB387,23.80129,86.33167,1.84,312.44,60.0,2026-08-02T20:02:00Z,N20,,0,,0,0,0,0,0,0,0,0,0,,0,,0,,0,,0,,0,,0
FIRMS_704177B0,23.8019,86.32793,2.15,311.61,60.0,2026-08-02T20:02:00Z,N20,,0,,0,0,0,0,0,0,0,0,0,,0,,0,,0,,0,,0,,0
FIRMS_2EBD3D7E,23.80458,86.3323,1.84,319.84,60.0,2026-08-02T20:02:00Z,N20,,0,,0,0,0,0,0,0,0,0,0,,0,,0,,0,,0,,0,,0
FIRMS_54F48B72,23.80519,86.32856,2.15,322.4,60.0,2026-08-02T20:02:00Z,N20,,0,,0,0,0,0,0,0,0,0,0,,0,,0,,0,,0,,0,,0
FIRMS_40C4AD0F,24.76735,74.60503,0.48,297.2,60.0,2026-08-02T20:02:00Z,N20,,0,,0,0,0,0,0,0,0,0,0,,0,,0,,0,,0,,0,,0
FIRMS_1D91E1B1,25.03508,87.38956,0.83,306.3,60.0,2026-08-02T20:02:00Z,N20,,0,,0,0,0,0,0,0,0,0,0,,0,,0,,0,,0,,0,,0
FIRMS_2D06DB8B,15.0254,78.0157,1.54,307.25,60.0,2026-08-02T20:04:00Z,N20,,0,,0,0,0,0,0,0,0,0,0,,0,,0,,0,,0,,0,,0
FIRMS_15329D8C,17.46376,80.6548,2.73,312.46,60.0,2026-08-02T20:04:00Z,N20,,0,,0,0,0,0,0,0,0,0,0,,0,,0,,0,,0,,0,,0
FIRMS_BE05CB03,17.61375,83.19126,2.3,307.5,60.0,2026-08-02T20:04:00Z,N20,1046.6083726856473,1,power_plant,0,0,1,0,0,0,0,0,0,1046.6083726856473,1,,0,,0,,0,,0,,0
FIRMS_AF6D5FD5,17.95569,80.79449,2.12,308.13,60.0,2026-08-02T20:04:00Z,N20,,0,,0,0,0,0,0,0,0,0,0,,0,,0,,0,,0,,0,,0
FIRMS_1E2FE34E,17.9686,83.15366,1.68,310.1,60.0,2026-08-02T20:04:00Z,N20,,0,,0,0,0,0,0,0,0,0,0,,0,,0,,0,,0,,0,,0
FIRMS_82411632,18.54154,83.34146,1.83,306.89,60.0,2026-08-02T20:04:00Z,N20,,0,,0,0,0,0,0,0,0,0,0,,0,,0,,0,,0,,0,,0
FIRMS_4F49B387,19.09676,82.16548,2.43,312.61,60.0,2026-08-02T20:04:00Z,N20,,0,,0,0,0,0,0,0,0,0,0,,0,,0,,0,,0,,0,,0
FIRMS_2E2186BB,19.10023,82.16604,1.3,309.56,60.0,2026-08-02T20:04:00Z,N20,,0,,0,0,0,0,0,0,0,0,0,,0,,0,,0,,0,,0,,0
FIRMS_3C6B22A8,19.10312,82.17064,1.3,305.19,60.0,2026-08-02T20:04:00Z,N20,,0,,0,0,0,0,0,0,0,0,0,,0,,0,,0,,0,,0,,0
FIRMS_6CCB3F4A,19.10371,82.16659,1.3,333.8,60.0,2026-08-02T20:04:00Z,N20,,0,,0,0,0,0,0,0,0,0,0,,0,,0,,0,,0,,0,,0
FIRMS_C0A92479,29.47797,76.85978,1.34,307.2,60.0,2026-08-02T21:40:00Z,N20,1469.6679706679572,1,oil_refinery,0,0,1,0,0,0,0,0,0,,0,1469.6679706679572,1,,0,,0,,0,,0
FIRMS_F5EC72C8,17.07052,81.6089,3.42,328.92,60.0,2026-08-03T07:14:00Z,N20,,0,,0,0,0,0,0,0,0,0,0,,0,,0,,0,,0,,0,,0
FIRMS_D5C6F5B9,20.86234,84.98875,5.54,347.01,60.0,2026-08-03T07:14:00Z,N20,,0,,0,0,0,0,0,0,0,0,0,,0,,0,,0,,0,,0,,0
FIRMS_5CC98911,20.86302,84.9925,9.17,331.12,60.0,2026-08-03T07:14:00Z,N20,,0,,0,0,0,0,0,0,0,0,0,,0,,0,,0,,0,,0,,0
FIRMS_2124A226,20.86308,84.98917,5.57,339.36,60.0,2026-08-03T07:14:00Z,N20,,0,,0,0,0,0,0,0,0,0,0,,0,,0,,0,,0,,0,,0
FIRMS_8C8F83C6,20.86379,84.9929,7.25,331.5,60.0,2026-08-03T07:14:00Z,N20,,0,,0,0,0,0,0,0,0,0,0,,0,,0,,0,,0,,0,,0
FIRMS_D405395A,20.88319,84.98493,5.62,329.78,60.0,2026-08-03T07:14:00Z,N20,,0,,0,0,0,0,0,0,0,0,0,,0,,0,,0,,0,,0,,0
FIRMS_2182C019,20.88649,84.98027,4.95,335.86,60.0,2026-08-03T07:14:00Z,N20,,0,,0,0,0,0,0,0,0,0,0,,0,,0,,0,,0,,0,,0
FIRMS_9DF54631,20.8872,84.98403,4.95,341.89,60.0,2026-08-03T07:14:00Z,N20,,0,,0,0,0,0,0,0,0,0,0,,0,,0,,0,,0,,0,,0
FIRMS_18696E87,15.23059,76.74387,3.01,345.8,60.0,2026-08-03T08:54:00Z,N20,4911.526101738166,1,power_plant,0,0,3,0,0,0,0,0,0,4911.526101738166,1,,0,,0,,0,,0,,0
FIRMS_62AC6306,15.23342,76.74485,3.19,340.34,60.0,2026-08-03T08:54:00Z,N20,,0,,0,0,0,0,0,0,0,0,0,,0,,0,,0,,0,,0,,0
FIRMS_2E447303,20.86334,84.98847,0.72,299.63,60.0,2026-08-03T19:45:00Z,N20,,0,,0,0,0,0,0,0,0,0,0,,0,,0,,0,,0,,0,,0
FIRMS_B1533011,21.92705,85.22448,0.68,295.19,60.0,2026-08-03T19:45:00Z,N20,,0,,0,0,0,0,0,0,0,0,0,,0,,0,,0,,0,,0,,0
FIRMS_D0F09915,21.92715,85.22404,1.3,296.76,60.0,2026-08-03T19:45:00Z,N20,,0,,0,0,0,0,0,0,0,0,0,,0,,0,,0,,0,,0,,0
FIRMS_2F35DEA7,22.21446,84.86998,1.51,308.05,60.0,2026-08-03T19:45:00Z,N20,,0,,0,0,0,0,0,0,0,0,0,,0,,0,,0,,0,,0,,0
FIRMS_7AB4FC1D,22.78971,86.19771,0.92,296.17,60.0,2026-08-03T19:45:00Z,N20,,0,,0,0,0,0,0,0,0,0,0,,0,,0,,0,,0,,0,,0
FIRMS_450BF0B0,12.747,77.61954,1.49,298.19,60.0,2026-08-03T19:47:00Z,N20,,0,,0,0,0,0,0,0,0,0,0,,0,,0,,0,,0,,0,,0
FIRMS_9E055656,22.9088,69.69844,1.27,307.32,60.0,2026-08-03T21:23:00Z,N20,,0,,0,0,0,0,0,0,0,0,0,,0,,0,,0,,0,,0,,0
FIRMS_3440312A,22.92707,69.82308,0.82,304.26,60.0,2026-08-03T21:23:00Z,N20,,0,,0,0,0,0,0,0,0,0,0,,0,,0,,0,,0,,0,,0
FIRMS_A4467779,22.93262,69.69827,1.57,308.68,60.0,2026-08-03T21:23:00Z,N20,,0,,0,0,0,0,0,0,0,0,0,,0,,0,,0,,0,,0,,0
FIRMS_4C883CF8,8.64996,77.84708,1.28,331.15,60.0,2026-08-04T08:35:00Z,N20,,0,,0,0,0,0,0,0,0,0,0,,0,,0,,0,,0,,0,,0
FIRMS_3C4F9DC8,8.94327,78.07706,0.46,331.27,60.0,2026-08-04T08:35:00Z,N20,,0,,0,0,0,0,0,0,0,0,0,,0,,0,,0,,0,,0,,0
FIRMS_8778163B,9.4172,77.78387,3.56,337.45,60.0,2026-08-04T08:35:00Z,N20,,0,,0,0,0,0,0,0,0,0,0,,0,,0,,0,,0,,0,,0
FIRMS_B7929DC7,13.88589,77.49372,3.43,332.68,60.0,2026-08-04T08:35:00Z,N20,,0,,0,0,0,0,0,0,0,0,0,,0,,0,,0,,0,,0,,0
FIRMS_D8604CFB,14.94077,79.90197,1.79,335.26,60.0,2026-08-04T08:35:00Z,N20,,0,,0,0,0,0,0,0,0,0,0,,0,,0,,0,,0,,0,,0
FIRMS_7B612BBF,22.34027,69.85518,1.84,308.21,60.0,2026-08-04T21:06:00Z,N20,2155.579101285148,1,oil_refinery,0,0,2,0,0,0,0,0,0,,0,2155.579101285148,1,,0,,0,,0,,0
FIRMS_05E34126,8.98639,77.9323,3.03,331.56,60.0,2026-08-05T08:13:00Z,N20,,0,,0,0,0,0,0,0,0,0,0,,0,,0,,0,,0,,0,,0
FIRMS_B5E182EC,9.28354,78.23689,16.37,349.51,60.0,2026-08-05T08:13:00Z,N20,,0,,0,0,0,0,0,0,0,0,0,,0,,0,,0,,0,,0,,0
FIRMS_8B0E2ECC,9.37203,78.84874,5.66,339.67,60.0,2026-08-05T08:13:00Z,N20,1853.2687326090636,1,oil_well,0,0,5,0,0,0,0,0,0,,0,,0,1853.2687326090636,1,,0,,0,,0
FIRMS_19FFF028,9.40154,78.85131,4.44,340.8,60.0,2026-08-05T08:13:00Z,N20,964.0426828951248,1,oil_well,0,1,2,0,0,1,0,0,0,,0,,0,964.0426828951248,1,,0,,0,,0
FIRMS_D39ABD5C,9.42462,78.84413,2.44,337.84,60.0,2026-08-05T08:13:00Z,N20,3550.459022220253,1,oil_well,0,0,3,0,0,0,0,0,0,,0,,0,3550.459022220253,1,,0,,0,,0
FIRMS_5B154059,9.5614,77.60436,6.01,342.51,60.0,2026-08-05T08:13:00Z,N20,,0,,0,0,0,0,0,0,0,0,0,,0,,0,,0,,0,,0,,0
FIRMS_52AA6C2B,9.58819,78.81952,7.69,337.82,60.0,2026-08-05T08:13:00Z,N20,,0,,0,0,0,0,0,0,0,0,0,,0,,0,,0,,0,,0,,0
FIRMS_D8E483BD,9.61993,77.74524,6.54,345.63,60.0,2026-08-05T08:13:00Z,N20,,0,,0,0,0,0,0,0,0,0,0,,0,,0,,0,,0,,0,,0
FIRMS_E1E37929,9.76575,78.28732,4.03,336.49,60.0,2026-08-05T08:13:00Z,N20,,0,,0,0,0,0,0,0,0,0,0,,0,,0,,0,,0,,0,,0
FIRMS_F84EE7A4,9.8193,79.0771,5.23,345.46,60.0,2026-08-05T08:13:00Z,N20,,0,,0,0,0,0,0,0,0,0,0,,0,,0,,0,,0,,0,,0
FIRMS_E80EDED2,9.86244,78.77674,4.26,338.87,60.0,2026-08-05T08:13:00Z,N20,,0,,0,0,0,0,0,0,0,0,0,,0,,0,,0,,0,,0,,0
FIRMS_1EED9915,9.87702,78.25932,6.89,342.75,60.0,2026-08-05T08:13:00Z,N20,,0,,0,0,0,0,0,0,0,0,0,,0,,0,,0,,0,,0,,0
FIRMS_96D910F1,9.87982,78.25526,5.59,337.75,60.0,2026-08-05T08:13:00Z,N20,,0,,0,0,0,0,0,0,0,0,0,,0,,0,,0,,0,,0,,0
FIRMS_5F518344,9.88035,78.25882,5.59,339.92,60.0,2026-08-05T08:13:00Z,N20,,0,,0,0,0,0,0,0,0,0,0,,0,,0,,0,,0,,0,,0
FIRMS_3786DBC8,9.96631,78.24514,3.27,336.96,60.0,2026-08-05T08:13:00Z,N20,,0,,0,0,0,0,0,0,0,0,0,,0,,0,,0,,0,,0,,0
FIRMS_61D2B633,9.96965,78.24463,3.27,338.21,60.0,2026-08-05T08:13:00Z,N20,,0,,0,0,0,0,0,0,0,0,0,,0,,0,,0,,0,,0,,0
FIRMS_C489A391,9.98151,78.05077,1.59,330.56,60.0,2026-08-05T08:13:00Z,N20,989.7027846884969,1,power_plant,0,1,1,1,0,0,0,0,0,989.7027846884969,1,,0,,0,,0,,0,,0
FIRMS_A8924B2F,10.02021,78.65574,4.4,337.01,60.0,2026-08-05T08:13:00Z,N20,,0,,0,0,0,0,0,0,0,0,0,,0,,0,,0,,0,,0,,0
FIRMS_6C84E78B,10.10668,78.09279,2.98,343.38,60.0,2026-08-05T08:13:00Z,N20,,0,,0,0,0,0,0,0,0,0,0,,0,,0,,0,,0,,0,,0
FIRMS_6C63A045,10.34656,77.54609,52.66,348.92,60.0,2026-08-05T08:13:00Z,N20,,0,,0,0,0,0,0,0,0,0,0,,0,,0,,0,,0,,0,,0
FIRMS_06FDB052,10.59075,79.70005,6.12,330.72,60.0,2026-08-05T08:13:00Z,N20,,0,,0,0,0,0,0,0,0,0,0,,0,,0,,0,,0,,0,,0
FIRMS_E2084135,10.59132,79.70403,4.22,338.61,60.0,2026-08-05T08:13:00Z,N20,,0,,0,0,0,0,0,0,0,0,0,,0,,0,,0,,0,,0,,0
FIRMS_7A3E2D81,10.59416,79.7034,9.46,340.01,60.0,2026-08-05T08:13:00Z,N20,,0,,0,0,0,0,0,0,0,0,0,,0,,0,,0,,0,,0,,0
FIRMS_73E6B991,10.59483,79.70353,4.22,337.59,60.0,2026-08-05T08:13:00Z,N20,,0,,0,0,0,0,0,0,0,0,0,,0,,0,,0,,0,,0,,0
FIRMS_0B02D4A8,10.65871,79.02698,1.55,333.29,60.0,2026-08-05T08:13:00Z,N20,,0,,0,0,0,0,0,0,0,0,0,,0,,0,,0,,0,,0,,0
FIRMS_9AFD0397,10.86822,79.07246,2.58,335.22,60.0,2026-08-05T08:13:00Z,N20,,0,,0,0,0,0,0,0,0,0,0,,0,,0,,0,,0,,0,,0
FIRMS_761A4573,10.99911,77.93703,1.78,334.26,60.0,2026-08-05T08:13:00Z,N20,,0,,0,0,0,0,0,0,0,0,0,,0,,0,,0,,0,,0,,0
FIRMS_BEBCD45F,11.28048,78.47698,2.82,331.64,60.0,2026-08-05T08:13:00Z,N20,,0,,0,0,0,0,0,0,0,0,0,,0,,0,,0,,0,,0,,0
FIRMS_EB7FBD6A,11.28171,78.47571,2.92,335.54,60.0,2026-08-05T08:13:00Z,N20,,0,,0,0,0,0,0,0,0,0,0,,0,,0,,0,,0,,0,,0
FIRMS_027A0884,14.41257,78.48093,3.89,342.52,60.0,2026-08-05T08:16:00Z,N20,,0,,0,0,0,0,0,0,0,0,0,,0,,0,,0,,0,,0,,0
FIRMS_2BF127DF,14.41602,78.48034,5.6,336.88,60.0,2026-08-05T08:16:00Z,N20,,0,,0,0,0,0,0,0,0,0,0,,0,,0,,0,,0,,0,,0
FIRMS_A729E3F1,14.4836,78.49083,3.31,330.65,60.0,2026-08-05T08:16:00Z,N20,,0,,0,0,0,0,0,0,0,0,0,,0,,0,,0,,0,,0,,0
FIRMS_763DD067,14.49299,79.59117,3.11,338.14,60.0,2026-08-05T08:16:00Z,N20,,0,,0,0,0,0,0,0,0,0,0,,0,,0,,0,,0,,0,,0
FIRMS_576DE7F7,14.49723,79.59502,3.11,335.36,60.0,2026-08-05T08:16:00Z,N20,,0,,0,0,0,0,0,0,0,0,0,,0,,0,,0,,0,,0,,0
FIRMS_526CE0A8,14.72739,77.27681,3.82,331.57,60.0,2026-08-05T08:16:00Z,N20,,0,,0,0,0,0,0,0,0,0,0,,0,,0,,0,,0,,0,,0
FIRMS_C15AD498,14.95594,79.48812,4.31,337.23,60.0,2026-08-05T08:16:00Z,N20,,0,,0,0,0,0,0,0,0,0,0,,0,,0,,0,,0,,0,,0
FIRMS_020BA957,15.14045,79.33853,3.99,340.08,60.0,2026-08-05T08:16:00Z,N20,,0,,0,0,0,0,0,0,0,0,0,,0,,0,,0,,0,,0,,0
FIRMS_D1E04CBB,15.16453,79.54033,3.23,338.5,60.0,2026-08-05T08:16:00Z,N20,,0,,0,0,0,0,0,0,0,0,0,,0,,0,,0,,0,,0,,0
FIRMS_1B33F168,15.48999,76.92797,4.61,336.41,60.0,2026-08-05T08:16:00Z,N20,,0,,0,0,0,0,0,0,0,0,0,,0,,0,,0,,0,,0,,0
FIRMS_4BA49C93,15.72755,79.81848,2.61,336.04,60.0,2026-08-05T08:16:00Z,N20,,0,,0,0,0,0,0,0,0,0,0,,0,,0,,0,,0,,0,,0
FIRMS_3FC1480E,15.72879,79.91379,2.08,333.56,60.0,2026-08-05T08:16:00Z,N20,,0,,0,0,0,0,0,0,0,0,0,,0,,0,,0,,0,,0,,0
FIRMS_929399F9,15.85899,79.68302,4.76,341.04,60.0,2026-08-05T08:16:00Z,N20,,0,,0,0,0,0,0,0,0,0,0,,0,,0,,0,,0,,0,,0
FIRMS_C2D4BFD6,15.94053,79.96963,7.25,341.91,60.0,2026-08-05T08:16:00Z,N20,,0,,0,0,0,0,0,0,0,0,0,,0,,0,,0,,0,,0,,0
FIRMS_D6FCD0D2,16.48337,79.87724,5.93,332.88,60.0,2026-08-05T08:16:00Z,N20,,0,,0,0,0,0,0,0,0,0,0,,0,,0,,0,,0,,0,,0
FIRMS_945C226D,17.95611,80.79485,2.49,326.53,60.0,2026-08-05T08:16:00Z,N20,,0,,0,0,0,0,0,0,0,0,0,,0,,0,,0,,0,,0,,0
FIRMS_5BFC27F9,27.22478,95.34709,2.1,311.21,60.0,2026-08-05T19:04:00Z,N20,471.31370344968457,1,oil_well,2,2,8,0,0,2,0,0,0,,0,,0,471.31370344968457,1,,0,,0,,0
FIRMS_6B1160C8,27.37885,95.33604,3.48,319.57,60.0,2026-08-05T19:04:00Z,N20,471.8083918477535,1,oil_well,1,7,103,0,0,7,0,0,0,,0,,0,471.8083918477535,1,,0,,0,,0
FIRMS_2CF538B7,27.37909,95.08685,3.36,314.51,60.0,2026-08-05T19:04:00Z,N20,279.34698786600245,1,oil_well,4,14,84,0,0,14,0,0,0,3451.0803373184826,1,,0,279.34698786600245,1,,0,,0,,0
FIRMS_132A3AAE,27.37923,95.3353,4.5,324.76,60.0,2026-08-05T19:04:00Z,N20,389.70184944083513,1,oil_well,1,5,102,0,0,5,0,0,0,,0,,0,389.70184944083513,1,,0,,0,,0
FIRMS_81A9FDAE,31.25127,76.92996,0.69,305.33,60.0,2026-08-05T20:44:00Z,N20,,0,,0,0,0,0,0,0,0,0,0,,0,,0,,0,,0,,0,,0
FIRMS_3CD4015F,31.32849,76.8965,0.52,305.89,60.0,2026-08-05T20:44:00Z,N20,,0,,0,0,0,0,0,0,0,0,0,,0,,0,,0,,0,,0,,0
FIRMS_8DC48988,31.41325,76.83527,0.81,305.18,60.0,2026-08-05T20:44:00Z,N20,3187.630045892703,1,power_plant,0,0,2,0,0,0,0,0,0,3187.630045892703,1,,0,,0,,0,,0,,0
FIRMS_7D69DD51,24.76417,74.60862,1.61,313.02,60.0,2026-08-05T20:46:00Z,N20,,0,,0,0,0,0,0,0,0,0,0,,0,,0,,0,,0,,0,,0
FIRMS_87F26E45,24.93367,74.63535,0.97,306.22,60.0,2026-08-05T20:46:00Z,N20,,0,,0,0,0,0,0,0,0,0,0,,0,,0,,0,,0,,0,,0
FIRMS_E8ACEC0F,25.78086,73.69974,1.45,311.64,60.0,2026-08-05T20:46:00Z,N20,,0,,0,0,0,0,0,0,0,0,0,,0,,0,,0,,0,,0,,0
FIRMS_B8ECAB2A,25.94118,72.19144,3.15,326.85,60.0,2026-08-05T20:46:00Z,N20,,0,,0,0,0,0,0,0,0,0,0,,0,,0,,0,,0,,0,,0
FIRMS_4462ACFA,25.94178,72.187,3.15,307.99,60.0,2026-08-05T20:46:00Z,N20,,0,,0,0,0,0,0,0,0,0,0,,0,,0,,0,,0,,0,,0
FIRMS_ABB597CC,25.94411,72.19648,3.79,307.72,60.0,2026-08-05T20:46:00Z,N20,,0,,0,0,0,0,0,0,0,0,0,,0,,0,,0,,0,,0,,0
FIRMS_399B50F7,25.94472,72.19203,19.74,330.67,60.0,2026-08-05T20:46:00Z,N20,,0,,0,0,0,0,0,0,0,0,0,,0,,0,,0,,0,,0,,0
FIRMS_54CB95A1,25.94532,72.18759,19.74,310.74,60.0,2026-08-05T20:46:00Z,N20,,0,,0,0,0,0,0,0,0,0,0,,0,,0,,0,,0,,0,,0
FIRMS_DA54D996,26.25941,74.09792,0.96,305.48,60.0,2026-08-05T20:46:00Z,N20,,0,,0,0,0,0,0,0,0,0,0,,0,,0,,0,,0,,0,,0
FIRMS_BE092B18,26.60505,73.68496,1.14,305.32,60.0,2026-08-05T20:46:00Z,N20,,0,,0,0,0,0,0,0,0,0,0,,0,,0,,0,,0,,0,,0
FIRMS_3BD60A77,26.87412,73.5176,1.69,306.28,60.0,2026-08-05T20:46:00Z,N20,,0,,0,0,0,0,0,0,0,0,0,,0,,0,,0,,0,,0,,0
FIRMS_8ECAB1C9,15.07226,76.86432,0.83,301.76,60.0,2026-08-05T20:49:00Z,N20,,0,,0,0,0,0,0,0,0,0,0,,0,,0,,0,,0,,0,,0
FIRMS_128A1DBF,15.16926,76.67113,1.04,302.36,60.0,2026-08-05T20:49:00Z,N20,,0,,0,0,0,0,0,0,0,0,0,,0,,0,,0,,0,,0,,0
FIRMS_00C8ABA1,15.17464,76.66259,1.86,323.77,60.0,2026-08-05T20:49:00Z,N20,,0,,0,0,0,0,0,0,0,0,0,,0,,0,,0,,0,,0,,0
FIRMS_AAA71022,15.17546,76.65794,2.0,316.88,60.0,2026-08-05T20:49:00Z,N20,,0,,0,0,0,0,0,0,0,0,0,,0,,0,,0,,0,,0,,0
FIRMS_75E624B8,15.17587,76.67725,2.34,314.73,60.0,2026-08-05T20:49:00Z,N20,4926.486999795979,1,power_plant,0,0,3,0,0,0,0,0,0,4926.486999795979,1,,0,,0,,0,,0,,0
FIRMS_13917473,15.17629,76.6533,2.0,302.74,60.0,2026-08-05T20:49:00Z,N20,,0,,0,0,0,0,0,0,0,0,0,,0,,0,,0,,0,,0,,0
FIRMS_6E8345EC,15.17836,76.66331,1.86,301.57,60.0,2026-08-05T20:49:00Z,N20,,0,,0,0,0,0,0,0,0,0,0,,0,,0,,0,,0,,0,,0
FIRMS_D9C0298A,15.18043,76.67332,1.46,299.8,60.0,2026-08-05T20:49:00Z,N20,,0,,0,0,0,0,0,0,0,0,0,,0,,0,,0,,0,,0,,0
FIRMS_A32DA776,15.18126,76.66867,1.31,312.59,60.0,2026-08-05T20:49:00Z,N20,,0,,0,0,0,0,0,0,0,0,0,,0,,0,,0,,0,,0,,0
FIRMS_5B9F12E0,15.18208,76.66402,1.31,301.53,60.0,2026-08-05T20:49:00Z,N20,,0,,0,0,0,0,0,0,0,0,0,,0,,0,,0,,0,,0,,0
FIRMS_ABE04A1B,15.2262,76.76402,1.6,310.07,60.0,2026-08-05T20:49:00Z,N20,,0,,0,0,0,0,0,0,0,0,0,,0,,0,,0,,0,,0,,0
FIRMS_E0E6EDEF,15.33508,76.28782,0.53,300.06,60.0,2026-08-05T20:49:00Z,N20,,0,,0,0,0,0,0,0,0,0,0,,0,,0,,0,,0,,0,,0
FIRMS_55AB9230,15.33569,76.28526,0.95,301.06,60.0,2026-08-05T20:49:00Z,N20,,0,,0,0,0,0,0,0,0,0,0,,0,,0,,0,,0,,0,,0
FIRMS_9FD82C94,27.69781,96.24203,6.92,341.06,60.0,2026-08-06T06:20:00Z,N20,,0,,0,0,0,0,0,0,0,0,0,,0,,0,,0,,0,,0,,0
FIRMS_41AFC517,19.96325,79.33332,3.82,333.34,60.0,2026-08-06T07:58:00Z,N20,,0,,0,0,0,0,0,0,0,0,0,,0,,0,,0,,0,,0,,0
FIRMS_45E0143C,26.15446,92.94144,2.0,296.0,60.0,2026-08-06T18:45:00Z,N20,,0,,0,0,0,0,0,0,0,0,0,,0,,0,,0,,0,,0,,0
FIRMS_2F7B6209,26.15988,92.95267,5.52,297.37,60.0,2026-08-06T18:45:00Z,N20,,0,,0,0,0,0,0,0,0,0,0,,0,,0,,0,,0,,0,,0
FIRMS_E3E93CAD,26.16027,92.94733,2.0,296.55,60.0,2026-08-06T18:45:00Z,N20,,0,,0,0,0,0,0,0,0,0,0,,0,,0,,0,,0,,0,,0
FIRMS_FD4BF4FF,26.16067,92.94205,2.0,295.62,60.0,2026-08-06T18:45:00Z,N20,,0,,0,0,0,0,0,0,0,0,0,,0,,0,,0,,0,,0,,0
FIRMS_A5D63BF8,23.56366,87.0838,4.59,311.23,60.0,2026-08-06T20:25:00Z,N20,,0,,0,0,0,0,0,0,0,0,0,,0,,0,,0,,0,,0,,0
FIRMS_9E6DB4EA,23.61259,87.14576,3.92,304.87,60.0,2026-08-06T20:25:00Z,N20,,0,,0,0,0,0,0,0,0,0,0,,0,,0,,0,,0,,0,,0
FIRMS_27C8260D,23.70799,86.07117,0.99,298.92,60.0,2026-08-06T20:25:00Z,N20,,0,,0,0,0,0,0,0,0,0,0,,0,,0,,0,,0,,0,,0
FIRMS_DB7F803C,23.77165,86.19753,1.29,305.46,60.0,2026-08-06T20:25:00Z,N20,,0,,0,0,0,0,0,0,0,0,0,,0,,0,,0,,0,,0,,0
FIRMS_974E1631,23.77409,86.19598,1.49,308.53,60.0,2026-08-06T20:25:00Z,N20,,0,,0,0,0,0,0,0,0,0,0,,0,,0,,0,,0,,0,,0
FIRMS_5B5DA813,23.79603,86.35184,2.93,304.21,60.0,2026-08-06T20:25:00Z,N20,,0,,0,0,0,0,0,0,0,0,0,,0,,0,,0,,0,,0,,0
FIRMS_11B44DAB,25.03468,87.37018,2.03,307.36,60.0,2026-08-06T20:25:00Z,N20,,0,,0,0,0,0,0,0,0,0,0,,0,,0,,0,,0,,0,,0
FIRMS_97C0C47B,25.43655,86.06909,1.83,306.06,60.0,2026-08-06T20:25:00Z,N20,1251.2376460791415,1,oil_refinery,0,0,1,0,0,0,0,0,0,,0,1251.2376460791415,1,,0,,0,,0,,0
FIRMS_50746F27,18.95567,73.94324,1.44,309.36,60.0,2026-08-06T20:27:00Z,N20,,0,,0,0,0,0,0,0,0,0,0,,0,,0,,0,,0,,0,,0
FIRMS_911465E2,18.9567,73.94102,1.61,312.09,60.0,2026-08-06T20:27:00Z,N20,,0,,0,0,0,0,0,0,0,0,0,,0,,0,,0,,0,,0,,0
FIRMS_84C12E32,20.58127,74.5366,0.35,299.17,60.0,2026-08-06T20:27:00Z,N20,,0,,0,0,0,0,0,0,0,0,0,,0,,0,,0,,0,,0,,0
FIRMS_C850652C,22.20951,84.86139,1.42,299.6,60.0,2026-08-06T20:27:00Z,N20,,0,,0,0,0,0,0,0,0,0,0,,0,,0,,0,,0,,0,,0
FIRMS_75FEB8AE,8.57914,77.95925,2.48,335.98,60.0,2026-08-07T07:35:00Z,N20,,0,,0,0,0,0,0,0,0,0,0,,0,,0,,0,,0,,0,,0
FIRMS_7CC17EAF,8.58266,77.97887,6.73,367.0,90.0,2026-08-07T07:35:00Z,N20,,0,,0,0,0,0,0,0,0,0,0,,0,,0,,0,,0,,0,,0
FIRMS_55E6EB04,9.40517,77.77493,6.1,340.05,60.0,2026-08-07T07:35:00Z,N20,,0,,0,0,0,0,0,0,0,0,0,,0,,0,,0,,0,,0,,0
FIRMS_523AE619,9.52495,78.04314,3.77,330.31,60.0,2026-08-07T07:37:00Z,N20,,0,,0,0,0,0,0,0,0,0,0,,0,,0,,0,,0,,0,,0
FIRMS_10F44E45,23.67701,86.39612,4.48,334.95,60.0,2026-08-07T07:39:00Z,N20,2293.502462903744,1,oil_well,0,0,2,0,0,0,0,0,0,,0,,0,2293.502462903744,1,,0,,0,,0
FIRMS_50C8F7C8,23.67759,86.40043,4.48,330.24,60.0,2026-08-07T07:39:00Z,N20,2645.159273838705,1,oil_well,0,0,2,0,0,0,0,0,0,,0,,0,2645.159273838705,1,,0,,0,,0
FIRMS_2E721FF9,23.68406,86.39498,4.52,334.35,60.0,2026-08-07T07:39:00Z,N20,2874.262468656613,1,oil_well,0,0,9,0,0,0,0,0,0,,0,,0,2874.262468656613,1,,0,,0,,0
FIRMS_CAA275E7,23.70935,86.44843,2.69,331.11,60.0,2026-08-07T07:39:00Z,N20,,0,,0,0,0,0,0,0,0,0,0,,0,,0,,0,,0,,0,,0
FIRMS_5A8C396C,23.70941,86.44973,3.14,330.45,60.0,2026-08-07T07:39:00Z,N20,,0,,0,0,0,0,0,0,0,0,0,,0,,0,,0,,0,,0,,0
FIRMS_4D1CE703,23.64634,68.56316,4.95,346.63,60.0,2026-08-07T09:22:00Z,N20,,0,,0,0,0,0,0,0,0,0,0,,0,,0,,0,,0,,0,,0
FIRMS_6BC391D9,23.6651,84.99844,2.16,311.54,60.0,2026-08-07T20:08:00Z,N20,,0,,0,0,0,0,0,0,0,0,0,,0,,0,,0,,0,,0,,0
FIRMS_D88665AB,23.72148,85.009,1.72,311.93,60.0,2026-08-07T20:08:00Z,N20,,0,,0,0,0,0,0,0,0,0,0,,0,,0,,0,,0,,0,,0
FIRMS_2092CCD7,23.73612,85.02348,1.07,302.72,60.0,2026-08-07T20:08:00Z,N20,,0,,0,0,0,0,0,0,0,0,0,,0,,0,,0,,0,,0,,0
FIRMS_476CD478,23.77231,86.19855,2.24,304.89,60.0,2026-08-07T20:08:00Z,N20,,0,,0,0,0,0,0,0,0,0,0,,0,,0,,0,,0,,0,,0
FIRMS_E4A3C7B2,23.79395,86.23575,2.03,303.73,60.0,2026-08-07T20:08:00Z,N20,,0,,0,0,0,0,0,0,0,0,0,,0,,0,,0,,0,,0,,0
FIRMS_888BF867,24.14051,82.70663,1.11,303.1,60.0,2026-08-07T20:08:00Z,N20,4137.604904376721,1,power_plant,0,0,1,0,0,0,0,0,0,4137.604904376721,1,,0,,0,,0,,0,,0
FIRMS_BAB9A1C8,24.14751,82.65939,0.81,295.89,60.0,2026-08-07T20:08:00Z,N20,,0,,0,0,0,0,0,0,0,0,0,,0,,0,,0,,0,,0,,0
FIRMS_CA29F4C6,25.03395,87.37189,2.42,311.33,60.0,2026-08-07T20:08:00Z,N20,,0,,0,0,0,0,0,0,0,0,0,,0,,0,,0,,0,,0,,0
FIRMS_4A952174,25.03437,87.38967,2.42,309.42,60.0,2026-08-07T20:08:00Z,N20,,0,,0,0,0,0,0,0,0,0,0,,0,,0,,0,,0,,0,,0
FIRMS_EF0FC0D5,25.43868,86.06711,0.71,308.26,60.0,2026-08-07T20:08:00Z,N20,1378.796490586759,1,oil_refinery,0,0,1,0,0,0,0,0,0,,0,1378.796490586759,1,,0,,0,,0,,0
FIRMS_2F70D5D7,25.94346,72.18764,2.82,319.37,60.0,2026-08-07T20:08:00Z,N20,,0,,0,0,0,0,0,0,0,0,0,,0,,0,,0,,0,,0,,0
FIRMS_22D4D380,25.94566,72.18745,3.63,328.13,60.0,2026-08-07T20:08:00Z,N20,,0,,0,0,0,0,0,0,0,0,0,,0,,0,,0,,0,,0,,0
FIRMS_EE6C8931,26.7614,83.20079,1.14,302.9,60.0,2026-08-07T20:08:00Z,N20,3095.0544443901586,1,ethanol_plant,0,0,1,0,0,0,0,0,0,,0,,0,,0,3095.0544443901586,1,,0,,0
FIRMS_A59A4165,23.77952,86.39025,8.41,342.22,60.0,2026-08-08T07:22:00Z,N20,,0,,0,0,0,0,0,0,0,0,0,,0,,0,,0,,0,,0,,0
FIRMS_47BA3371,29.06436,79.52175,4.71,337.22,60.0,2026-08-08T07:24:00Z,N20,,0,,0,0,0,0,0,0,0,0,0,,0,,0,,0,,0,,0,,0
FIRMS_61DEDB70,25.54309,91.2356,0.93,305.85,60.0,2026-08-08T19:47:00Z,N20,,0,,0,0,0,0,0,0,0,0,0,,0,,0,,0,,0,,0,,0
FIRMS_0197AD27,26.64249,79.47604,1.49,319.1,60.0,2026-08-08T19:47:00Z,N20,,0,,0,0,0,0,0,0,0,0,0,,0,,0,,0,,0,,0,,0
FIRMS_9258FFEB,26.75992,83.19685,1.66,307.83,60.0,2026-08-08T19:47:00Z,N20,3364.9208986385156,1,ethanol_plant,0,0,1,0,0,0,0,0,0,,0,,0,,0,3364.9208986385156,1,,0,,0
FIRMS_EF03A8F6,26.76135,83.19946,2.81,307.21,60.0,2026-08-08T19:47:00Z,N20,3206.6102123134497,1,ethanol_plant,0,0,1,0,0,0,0,0,0,,0,,0,,0,3206.6102123134497,1,,0,,0
FIRMS_E787DC93,28.85252,77.14256,0.97,303.76,60.0,2026-08-08T19:47:00Z,N20,,0,,0,0,0,0,0,0,0,0,0,,0,,0,,0,,0,,0,,0
FIRMS_E31F475E,20.75985,85.29664,2.51,318.9,60.0,2026-08-08T19:49:00Z,N20,,0,,0,0,0,0,0,0,0,0,0,,0,,0,,0,,0,,0,,0
FIRMS_80ECCB74,20.76046,85.29235,0.94,305.84,60.0,2026-08-08T19:49:00Z,N20,,0,,0,0,0,0,0,0,0,0,0,,0,,0,,0,,0,,0,,0
FIRMS_852DA191,20.78587,85.26447,1.48,313.51,60.0,2026-08-08T19:49:00Z,N20,,0,,0,0,0,0,0,0,0,0,0,,0,,0,,0,,0,,0,,0
FIRMS_E5A4E1B9,20.78646,85.26022,1.55,310.94,60.0,2026-08-08T19:49:00Z,N20,,0,,0,0,0,0,0,0,0,0,0,,0,,0,,0,,0,,0,,0
FIRMS_A64A8859,20.78656,85.26159,2.16,321.15,60.0,2026-08-08T19:49:00Z,N20,,0,,0,0,0,0,0,0,0,0,0,,0,,0,,0,,0,,0,,0
FIRMS_58DD6509,20.78941,85.26505,0.55,303.33,60.0,2026-08-08T19:49:00Z,N20,,0,,0,0,0,0,0,0,0,0,0,,0,,0,,0,,0,,0,,0
FIRMS_77B1011A,20.79,85.26079,1.95,304.87,60.0,2026-08-08T19:49:00Z,N20,,0,,0,0,0,0,0,0,0,0,0,,0,,0,,0,,0,,0,,0
FIRMS_ED3BCBF5,20.79472,85.25284,2.28,319.28,60.0,2026-08-08T19:49:00Z,N20,,0,,0,0,0,0,0,0,0,0,0,,0,,0,,0,,0,,0,,0
FIRMS_1C83F76E,20.79768,85.25767,1.48,309.27,60.0,2026-08-08T19:49:00Z,N20,,0,,0,0,0,0,0,0,0,0,0,,0,,0,,0,,0,,0,,0
FIRMS_9A0185BE,20.80477,85.25878,1.79,309.56,60.0,2026-08-08T19:49:00Z,N20,,0,,0,0,0,0,0,0,0,0,0,,0,,0,,0,,0,,0,,0
FIRMS_623CB856,20.80891,85.25505,2.36,314.19,60.0,2026-08-08T19:49:00Z,N20,,0,,0,0,0,0,0,0,0,0,0,,0,,0,,0,,0,,0,,0
FIRMS_D06626E4,20.86326,84.9935,1.38,306.65,60.0,2026-08-08T19:49:00Z,N20,,0,,0,0,0,0,0,0,0,0,0,,0,,0,,0,,0,,0,,0
FIRMS_005673EE,20.86386,84.98915,1.61,316.6,60.0,2026-08-08T19:49:00Z,N20,,0,,0,0,0,0,0,0,0,0,0,,0,,0,,0,,0,,0,,0
FIRMS_744CCA6C,20.86685,84.99406,1.38,309.86,60.0,2026-08-08T19:49:00Z,N20,,0,,0,0,0,0,0,0,0,0,0,,0,,0,,0,,0,,0,,0
FIRMS_F766503D,20.86744,84.98976,1.61,299.76,60.0,2026-08-08T19:49:00Z,N20,,0,,0,0,0,0,0,0,0,0,0,,0,,0,,0,,0,,0,,0
FIRMS_07F83972,20.95228,86.04957,2.44,325.52,60.0,2026-08-08T19:49:00Z,N20,,0,,0,0,0,0,0,0,0,0,0,,0,,0,,0,,0,,0,,0
FIRMS_293E2C0E,20.95286,86.04559,4.22,332.55,60.0,2026-08-08T19:49:00Z,N20,,0,,0,0,0,0,0,0,0,0,0,,0,,0,,0,,0,,0,,0
FIRMS_3D30426B,20.96258,85.18911,2.75,328.3,60.0,2026-08-08T19:49:00Z,N20,,0,,0,0,0,0,0,0,0,0,0,,0,,0,,0,,0,,0,,0
FIRMS_ED4C56ED,20.96318,85.18481,2.75,314.66,60.0,2026-08-08T19:49:00Z,N20,,0,,0,0,0,0,0,0,0,0,0,,0,,0,,0,,0,,0,,0
FIRMS_455A64CB,20.96378,85.18049,1.57,310.49,60.0,2026-08-08T19:49:00Z,N20,,0,,0,0,0,0,0,0,0,0,0,,0,,0,,0,,0,,0,,0
FIRMS_308BFE8B,20.96439,85.17616,1.57,306.31,60.0,2026-08-08T19:49:00Z,N20,,0,,0,0,0,0,0,0,0,0,0,,0,,0,,0,,0,,0,,0
FIRMS_DCF66BAD,20.96499,85.17181,1.74,311.45,60.0,2026-08-08T19:49:00Z,N20,,0,,0,0,0,0,0,0,0,0,0,,0,,0,,0,,0,,0,,0
FIRMS_43A1FF1A,20.9656,85.16747,1.74,309.42,60.0,2026-08-08T19:49:00Z,N20,,0,,0,0,0,0,0,0,0,0,0,,0,,0,,0,,0,,0,,0
FIRMS_A41B8061,20.96614,85.18969,1.19,304.74,60.0,2026-08-08T19:49:00Z,N20,,0,,0,0,0,0,0,0,0,0,0,,0,,0,,0,,0,,0,,0
FIRMS_5F88C5F5,20.96621,85.16311,1.96,313.47,60.0,2026-08-08T19:49:00Z,N20,,0,,0,0,0,0,0,0,0,0,0,,0,,0,,0,,0,,0,,0
FIRMS_9573A675,20.96795,85.17672,2.13,316.4,60.0,2026-08-08T19:49:00Z,N20,,0,,0,0,0,0,0,0,0,0,0,,0,,0,,0,,0,,0,,0
FIRMS_C716130E,20.96856,85.17236,1.64,314.5,60.0,2026-08-08T19:49:00Z,N20,,0,,0,0,0,0,0,0,0,0,0,,0,,0,,0,,0,,0,,0
FIRMS_0B5367C2,20.96917,85.16802,1.64,311.11,60.0,2026-08-08T19:49:00Z,N20,,0,,0,0,0,0,0,0,0,0,0,,0,,0,,0,,0,,0,,0
FIRMS_7A3D2792,20.96957,86.0031,0.96,303.83,60.0,2026-08-08T19:49:00Z,N20,,0,,0,0,0,0,0,0,0,0,0,,0,,0,,0,,0,,0,,0
FIRMS_E5780FBC,20.97152,85.17728,2.13,319.85,60.0,2026-08-08T19:49:00Z,N20,,0,,0,0,0,0,0,0,0,0,0,,0,,0,,0,,0,,0,,0
FIRMS_AE763CF5,20.97302,86.00365,1.77,308.61,60.0,2026-08-08T19:49:00Z,N20,,0,,0,0,0,0,0,0,0,0,0,,0,,0,,0,,0,,0,,0
FIRMS_24E121B4,20.97569,85.17348,1.18,314.6,60.0,2026-08-08T19:49:00Z,N20,,0,,0,0,0,0,0,0,0,0,0,,0,,0,,0,,0,,0,,0
FIRMS_5A7C61E1,20.9763,85.16914,1.18,305.74,60.0,2026-08-08T19:49:00Z,N20,,0,,0,0,0,0,0,0,0,0,0,,0,,0,,0,,0,,0,,0
FIRMS_E5EE01BF,20.98116,85.13437,1.2,302.21,60.0,2026-08-08T19:49:00Z,N20,,0,,0,0,0,0,0,0,0,0,0,,0,,0,,0,,0,,0,,0
FIRMS_FBEE0738,20.98473,85.13493,1.2,307.85,60.0,2026-08-08T19:49:00Z,N20,,0,,0,0,0,0,0,0,0,0,0,,0,,0,,0,,0,,0,,0
FIRMS_80290C84,21.00043,86.02753,1.05,309.01,60.0,2026-08-08T19:49:00Z,N20,,0,,0,0,0,0,0,0,0,0,0,,0,,0,,0,,0,,0,,0
FIRMS_48AD6855,21.00165,86.02482,1.07,308.89,60.0,2026-08-08T19:49:00Z,N20,,0,,0,0,0,0,0,0,0,0,0,,0,,0,,0,,0,,0,,0
FIRMS_00E3B966,21.07626,85.04499,2.63,308.61,60.0,2026-08-08T19:49:00Z,N20,3764.8406108559843,1,power_plant,0,0,2,0,0,0,0,0,0,3764.8406108559843,1,,0,,0,,0,,0,,0
FIRMS_E05321A2,21.07747,85.03615,2.13,309.08,60.0,2026-08-08T19:49:00Z,N20,4466.019268361626,1,power_plant,0,0,2,0,0,0,0,0,0,4466.019268361626,1,,0,,0,,0,,0,,0
FIRMS_F5F3EFCA,21.93223,85.22158,1.13,297.9,60.0,2026-08-08T19:49:00Z,N20,,0,,0,0,0,0,0,0,0,0,0,,0,,0,,0,,0,,0,,0
FIRMS_8C4C4DBC,22.36072,87.01862,1.18,302.22,60.0,2026-08-08T19:49:00Z,N20,,0,,0,0,0,0,0,0,0,0,0,,0,,0,,0,,0,,0,,0
FIRMS_6B6D6D1E,23.54922,86.54599,2.3,303.54,60.0,2026-08-08T19:49:00Z,N20,,0,,0,0,0,0,0,0,0,0,0,,0,,0,,0,,0,,0,,0
FIRMS_CD902965,23.56342,87.08524,1.17,302.34,60.0,2026-08-08T19:49:00Z,N20,,0,,0,0,0,0,0,0,0,0,0,,0,,0,,0,,0,,0,,0
FIRMS_AE0887BD,23.66191,87.15392,1.9,308.39,60.0,2026-08-08T19:49:00Z,N20,,0,,0,0,0,0,0,0,0,0,0,,0,,0,,0,,0,,0,,0
FIRMS_63797A13,23.66471,87.15846,2.1,308.7,60.0,2026-08-08T19:49:00Z,N20,,0,,0,0,0,0,0,0,0,0,0,,0,,0,,0,,0,,0,,0
FIRMS_D33CDD60,23.66529,87.1545,2.1,327.61,60.0,2026-08-08T19:49:00Z,N20,,0,,0,0,0,0,0,0,0,0,0,,0,,0,,0,,0,,0,,0
FIRMS_B85EE411,23.67859,86.39649,1.22,305.1,60.0,2026-08-08T19:49:00Z,N20,2452.608974861503,1,oil_well,0,0,2,0,0,0,0,0,0,,0,,0,2452.608974861503,1,,0,,0,,0
FIRMS_1A994D92,23.67918,86.39229,1.22,304.16,60.0,2026-08-08T19:49:00Z,N20,2266.8686364178343,1,oil_well,0,0,11,0,0,0,0,0,0,,0,,0,2266.8686364178343,1,,0,,0,,0
FIRMS_8FBEB426,23.68207,86.39709,1.22,316.37,60.0,2026-08-08T19:49:00Z,N20,2799.250053351828,1,oil_well,0,0,5,0,0,0,0,0,0,,0,,0,2799.250053351828,1,,0,,0,,0
FIRMS_B2483615,23.68265,86.39288,1.22,304.55,60.0,2026-08-08T19:49:00Z,N20,2636.3036127164005,1,oil_well,0,0,11,0,0,0,0,0,0,,0,,0,2636.3036127164005,1,,0,,0,,0
FIRMS_209C851C,23.68284,87.1291,2.52,309.75,60.0,2026-08-08T19:49:00Z,N20,,0,,0,0,0,0,0,0,0,0,0,,0,,0,,0,,0,,0,,0
FIRMS_04490782,23.68612,86.39349,3.37,320.67,60.0,2026-08-08T19:49:00Z,N20,2917.3615055189566,1,oil_well,0,0,12,0,0,0,0,0,0,,0,,0,2917.3615055189566,1,,0,,0,,0
FIRMS_F7BBB19A,23.69019,86.38985,2.65,308.81,60.0,2026-08-08T19:49:00Z,N20,2353.1269894038037,1,oil_well,0,0,12,0,0,0,0,0,0,,0,,0,2353.1269894038037,1,,0,,0,,0
FIRMS_9A707109,23.69076,87.12234,1.71,305.84,60.0,2026-08-08T19:49:00Z,N20,,0,,0,0,0,0,0,0,0,0,0,,0,,0,,0,,0,,0,,0
FIRMS_1B7F5FC0,23.69081,87.09795,2.01,306.72,60.0,2026-08-08T19:49:00Z,N20,,0,,0,0,0,0,0,0,0,0,0,,0,,0,,0,,0,,0,,0
FIRMS_3353F122,23.69248,87.11044,2.63,308.7,60.0,2026-08-08T19:49:00Z,N20,,0,,0,0,0,0,0,0,0,0,0,,0,,0,,0,,0,,0,,0
FIRMS_BD679D59,23.69305,87.10648,2.79,309.3,60.0,2026-08-08T19:49:00Z,N20,,0,,0,0,0,0,0,0,0,0,0,,0,,0,,0,,0,,0,,0
FIRMS_0A40186C,23.69414,87.12292,1.71,312.8,60.0,2026-08-08T19:49:00Z,N20,4687.71098239666,1,oil_well,0,0,1,0,0,0,0,0,0,,0,,0,4687.71098239666,1,,0,,0,,0
FIRMS_B0A8475B,23.71376,86.4495,1.61,303.89,60.0,2026-08-08T19:49:00Z,N20,,0,,0,0,0,0,0,0,0,0,0,,0,,0,,0,,0,,0,,0
FIRMS_1865C3A3,23.71384,86.42384,2.42,304.29,60.0,2026-08-08T19:49:00Z,N20,,0,,0,0,0,0,0,0,0,0,0,,0,,0,,0,,0,,0,,0
FIRMS_5A7C0BE3,23.7179,86.42026,1.55,308.22,60.0,2026-08-08T19:49:00Z,N20,,0,,0,0,0,0,0,0,0,0,0,,0,,0,,0,,0,,0,,0
FIRMS_65C888B6,23.71841,86.44173,2.72,308.23,60.0,2026-08-08T19:49:00Z,N20,,0,,0,0,0,0,0,0,0,0,0,,0,,0,,0,,0,,0,,0
FIRMS_3A345F0E,23.72111,85.00737,1.24,303.14,60.0,2026-08-08T19:49:00Z,N20,,0,,0,0,0,0,0,0,0,0,0,,0,,0,,0,,0,,0,,0
FIRMS_C2530CFB,23.73825,85.00724,0.91,299.27,60.0,2026-08-08T19:49:00Z,N20,,0,,0,0,0,0,0,0,0,0,0,,0,,0,,0,,0,,0,,0
FIRMS_5473E251,23.75031,86.4172,2.38,311.42,60.0,2026-08-08T19:49:00Z,N20,,0,,0,0,0,0,0,0,0,0,0,,0,,0,,0,,0,,0,,0
FIRMS_C9028AA7,23.75378,86.41779,2.28,312.32,60.0,2026-08-08T19:49:00Z,N20,,0,,0,0,0,0,0,0,0,0,0,,0,,0,,0,,0,,0,,0
FIRMS_063B5213,23.75904,86.40582,2.16,306.3,60.0,2026-08-08T19:49:00Z,N20,,0,,0,0,0,0,0,0,0,0,0,,0,,0,,0,,0,,0,,0
FIRMS_9043A878,23.75964,86.40161,2.05,319.24,60.0,2026-08-08T19:49:00Z,N20,,0,,0,0,0,0,0,0,0,0,0,,0,,0,,0,,0,,0,,0
FIRMS_FD28CA47,23.76024,86.3974,2.05,304.41,60.0,2026-08-08T19:49:00Z,N20,,0,,0,0,0,0,0,0,0,0,0,,0,,0,,0,,0,,0,,0
FIRMS_9C2891C0,23.76311,86.4022,2.56,313.6,60.0,2026-08-08T19:49:00Z,N20,,0,,0,0,0,0,0,0,0,0,0,,0,,0,,0,,0,,0,,0
FIRMS_DD6B2991,23.7643,86.40504,2.95,321.26,60.0,2026-08-08T19:49:00Z,N20,,0,,0,0,0,0,0,0,0,0,0,,0,,0,,0,,0,,0,,0
FIRMS_8BA856C3,23.76488,86.40083,2.2,308.19,60.0,2026-08-08T19:49:00Z,N20,,0,,0,0,0,0,0,0,0,0,0,,0,,0,,0,,0,,0,,0
FIRMS_42566408,23.76599,86.40699,3.9,323.55,60.0,2026-08-08T19:49:00Z,N20,,0,,0,0,0,0,0,0,0,0,0,,0,,0,,0,,0,,0,,0
FIRMS_722B0A05,23.76605,86.39243,2.26,306.84,60.0,2026-08-08T19:49:00Z,N20,,0,,0,0,0,0,0,0,0,0,0,,0,,0,,0,,0,,0,,0
FIRMS_0B98C4D1,23.76659,86.40277,2.56,316.18,60.0,2026-08-08T19:49:00Z,N20,,0,,0,0,0,0,0,0,0,0,0,,0,,0,,0,,0,,0,,0
FIRMS_DF92EC61,23.76778,86.40562,2.95,325.11,60.0,2026-08-08T19:49:00Z,N20,,0,,0,0,0,0,0,0,0,0,0,,0,,0,,0,,0,,0,,0
FIRMS_03AFD830,23.76836,86.40141,2.2,318.64,60.0,2026-08-08T19:49:00Z,N20,,0,,0,0,0,0,0,0,0,0,0,,0,,0,,0,,0,,0,,0
FIRMS_9F8C5132,23.77359,86.36359,4.41,328.01,60.0,2026-08-08T19:49:00Z,N20,,0,,0,0,0,0,0,0,0,0,0,,0,,0,,0,,0,,0,,0
FIRMS_558B491F,23.77416,86.38523,2.36,305.77,60.0,2026-08-08T19:49:00Z,N20,,0,,0,0,0,0,0,0,0,0,0,,0,,0,,0,,0,,0,,0
FIRMS_25A5BB59,23.77707,86.36417,2.89,311.64,60.0,2026-08-08T19:49:00Z,N20,,0,,0,0,0,0,0,0,0,0,0,,0,,0,,0,,0,,0,,0
FIRMS_7C2423C3,23.77938,86.37319,2.51,315.23,60.0,2026-08-08T19:49:00Z,N20,,0,,0,0,0,0,0,0,0,0,0,,0,,0,,0,,0,,0,,0
FIRMS_4AE0EAE5,23.77941,86.34731,1.29,307.68,60.0,2026-08-08T19:49:00Z,N20,,0,,0,0,0,0,0,0,0,0,0,,0,,0,,0,,0,,0,,0
FIRMS_09FF5BF0,23.78053,86.39062,2.62,307.01,60.0,2026-08-08T19:49:00Z,N20,,0,,0,0,0,0,0,0,0,0,0,,0,,0,,0,,0,,0,,0
FIRMS_1048ECEC,23.78289,86.34789,1.29,306.09,60.0,2026-08-08T19:49:00Z,N20,,0,,0,0,0,0,0,0,0,0,0,,0,,0,,0,,0,,0,,0
FIRMS_E55F1BD7,23.79623,86.35448,2.79,309.89,60.0,2026-08-08T19:49:00Z,N20,,0,,0,0,0,0,0,0,0,0,0,,0,,0,,0,,0,,0,,0
FIRMS_9F16345E,23.80323,86.32977,2.02,312.97,60.0,2026-08-08T19:49:00Z,N20,,0,,0,0,0,0,0,0,0,0,0,,0,,0,,0,,0,,0,,0
FIRMS_4DE9BDDD,24.11667,86.86233,0.76,305.44,60.0,2026-08-08T19:49:00Z,N20,,0,,0,0,0,0,0,0,0,0,0,,0,,0,,0,,0,,0,,0
FIRMS_F3C6C39C,24.11726,86.85825,0.76,305.43,60.0,2026-08-08T19:49:00Z,N20,,0,,0,0,0,0,0,0,0,0,0,,0,,0,,0,,0,,0,,0
FIRMS_C1E5493D,24.1201,86.86292,0.76,309.55,60.0,2026-08-08T19:49:00Z,N20,,0,,0,0,0,0,0,0,0,0,0,,0,,0,,0,,0,,0,,0
FIRMS_64E74D4E,24.16996,82.62179,1.6,310.52,60.0,2026-08-08T19:49:00Z,N20,,0,,0,0,0,0,0,0,0,0,0,,0,,0,,0,,0,,0,,0
FIRMS_0F14F2B3,24.18365,82.65485,1.13,304.81,60.0,2026-08-08T19:49:00Z,N20,,0,,0,0,0,0,0,0,0,0,0,,0,,0,,0,,0,,0,,0
FIRMS_D68E156A,24.19848,82.71488,0.7,302.04,60.0,2026-08-08T19:49:00Z,N20,,0,,0,0,0,0,0,0,0,0,0,,0,,0,,0,,0,,0,,0
FIRMS_A8432FB0,24.2033,82.71077,1.16,303.58,60.0,2026-08-08T19:49:00Z,N20,,0,,0,0,0,0,0,0,0,0,0,,0,,0,,0,,0,,0,,0
FIRMS_9CA3B6B3,24.20755,82.71158,1.16,303.82,60.0,2026-08-08T19:49:00Z,N20,,0,,0,0,0,0,0,0,0,0,0,,0,,0,,0,,0,,0,,0
FIRMS_980E72DB,25.03335,87.37007,2.57,310.04,60.0,2026-08-08T19:49:00Z,N20,,0,,0,0,0,0,0,0,0,0,0,,0,,0,,0,,0,,0,,0
FIRMS_8B7A0703,25.03469,87.39004,2.82,308.49,60.0,2026-08-08T19:49:00Z,N20,,0,,0,0,0,0,0,0,0,0,0,,0,,0,,0,,0,,0,,0
FIRMS_E71BB508,11.03697,77.77518,0.91,297.17,60.0,2026-08-08T19:51:00Z,N20,,0,,0,0,0,0,0,0,0,0,0,,0,,0,,0,,0,,0,,0
FIRMS_6677E2D3,15.02639,78.0145,1.53,304.39,60.0,2026-08-08T19:51:00Z,N20,,0,,0,0,0,0,0,0,0,0,0,,0,,0,,0,,0,,0,,0
FIRMS_0B474850,15.18034,77.10195,0.84,299.76,60.0,2026-08-08T19:51:00Z,N20,,0,,0,0,0,0,0,0,0,0,0,,0,,0,,0,,0,,0,,0
FIRMS_EBB317B6,9.76131,77.62019,0.62,297.9,60.0,2026-08-08T19:53:00Z,N20,,0,,0,0,0,0,0,0,0,0,0,,0,,0,,0,,0,,0,,0
FIRMS_49615D7C,26.64099,79.48178,6.27,297.58,60.0,2026-08-08T21:27:00Z,N20,4866.158274327047,1,power_plant,0,0,1,0,0,0,0,0,0,4866.158274327047,1,,0,,0,,0,,0,,0
FIRMS_5BAFD7AB,26.64129,79.48198,1.18,298.08,60.0,2026-08-08T21:27:00Z,N20,4857.037100965229,1,power_plant,0,0,1,0,0,0,0,0,0,4857.037100965229,1,,0,,0,,0,,0,,0
FIRMS_14D99A33,31.2613,76.92593,1.56,304.77,60.0,2026-08-08T21:27:00Z,N20,,0,,0,0,0,0,0,0,0,0,0,,0,,0,,0,,0,,0,,0
FIRMS_15BB8D27,22.93449,69.69886,1.9,306.59,60.0,2026-08-08T21:29:00Z,N20,,0,,0,0,0,0,0,0,0,0,0,,0,,0,,0,,0,,0,,0
FIRMS_E1252FDB,25.94461,72.19249,8.82,327.14,60.0,2026-08-08T21:29:00Z,N20,,0,,0,0,0,0,0,0,0,0,0,,0,,0,,0,,0,,0,,0
FIRMS_D54D47F0,18.95629,73.94073,0.92,295.62,60.0,2026-08-08T21:31:00Z,N20,,0,,0,0,0,0,0,0,0,0,0,,0,,0,,0,,0,,0,,0
FIRMS_CFE8B9A4,18.95796,73.94247,0.87,295.97,60.0,2026-08-08T21:31:00Z,N20,,0,,0,0,0,0,0,0,0,0,0,,0,,0,,0,,0,,0,,0
FIRMS_48D9B7CB,23.69815,86.07658,2.84,328.72,60.0,2026-08-09T07:01:00Z,N20,,0,,0,0,0,0,0,0,0,0,0,,0,,0,,0,,0,,0,,0
FIRMS_93126D20,27.77391,95.53493,5.92,331.1,30.0,2026-08-09T07:03:00Z,N20,,0,,0,0,0,0,0,0,0,0,0,,0,,0,,0,,0,,0,,0
FIRMS_E6A67CF0,27.77813,95.53909,5.38,330.71,30.0,2026-08-09T07:03:00Z,N20,,0,,0,0,0,0,0,0,0,0,0,,0,,0,,0,,0,,0,,0
FIRMS_12CEAA2F,27.96522,95.60564,6.08,330.57,30.0,2026-08-09T07:03:00Z,N20,,0,,0,0,0,0,0,0,0,0,0,,0,,0,,0,,0,,0,,0
FIRMS_3CFD5D0E,27.96945,95.60986,8.53,332.72,60.0,2026-08-09T07:03:00Z,N20,,0,,0,0,0,0,0,0,0,0,0,,0,,0,,0,,0,,0,,0
FIRMS_FB9B3263,9.33855,77.71365,8.76,337.5,60.0,2026-08-09T08:39:00Z,N20,,0,,0,0,0,0,0,0,0,0,0,,0,,0,,0,,0,,0,,0
FIRMS_8D0A31A3,9.33919,77.71819,9.22,337.47,60.0,2026-08-09T08:39:00Z,N20,,0,,0,0,0,0,0,0,0,0,0,,0,,0,,0,,0,,0,,0
FIRMS_0708C0DA,9.34092,77.71509,9.47,345.75,60.0,2026-08-09T08:39:00Z,N20,,0,,0,0,0,0,0,0,0,0,0,,0,,0,,0,,0,,0,,0
FIRMS_136EDB02,9.55403,77.81441,10.47,335.36,60.0,2026-08-09T08:39:00Z,N20,,0,,0,0,0,0,0,0,0,0,0,,0,,0,,0,,0,,0,,0
FIRMS_967C82DF,11.07089,78.70502,4.67,334.46,60.0,2026-08-09T08:39:00Z,N20,,0,,0,0,0,0,0,0,0,0,0,,0,,0,,0,,0,,0,,0
FIRMS_2030CF8A,11.07198,78.70229,4.92,337.59,60.0,2026-08-09T08:39:00Z,N20,,0,,0,0,0,0,0,0,0,0,0,,0,,0,,0,,0,,0,,0
FIRMS_1F7C530A,11.19376,78.23439,10.73,339.25,60.0,2026-08-09T08:39:00Z,N20,,0,,0,0,0,0,0,0,0,0,0,,0,,0,,0,,0,,0,,0
FIRMS_D341323D,12.53732,77.01344,2.92,334.41,60.0,2026-08-09T08:39:00Z,N20,,0,,0,0,0,0,0,0,0,0,0,,0,,0,,0,,0,,0,,0
FIRMS_F9766A7C,13.35395,76.12534,11.14,352.49,60.0,2026-08-09T08:39:00Z,N20,,0,,0,0,0,0,0,0,0,0,0,,0,,0,,0,,0,,0,,0
FIRMS_E05C677E,13.43076,79.83887,12.27,367.0,90.0,2026-08-09T08:39:00Z,N20,,0,,0,0,0,0,0,0,0,0,0,,0,,0,,0,,0,,0,,0
FIRMS_804524E7,13.68176,76.16438,3.42,334.11,60.0,2026-08-09T08:39:00Z,N20,,0,,0,0,0,0,0,0,0,0,0,,0,,0,,0,,0,,0,,0
FIRMS_98FF5053,26.06175,70.26306,3.21,340.74,60.0,2026-08-09T08:43:00Z,N20,,0,,0,0,0,0,0,0,0,0,0,,0,,0,,0,,0,,0,,0
FIRMS_918714CF,28.61605,73.78303,8.5,330.42,60.0,2026-08-09T08:45:00Z,N20,,0,,0,0,0,0,0,0,0,0,0,,0,,0,,0,,0,,0,,0
FIRMS_F130B213,27.40552,96.0146,0.86,308.47,60.0,2026-08-09T19:28:00Z,N20,,0,,0,0,0,0,0,0,0,0,0,,0,,0,,0,,0,,0,,0
FIRMS_80DC326B,22.36184,87.0181,3.33,309.81,60.0,2026-08-09T19:30:00Z,N20,,0,,0,0,0,0,0,0,0,0,0,,0,,0,,0,,0,,0,,0
FIRMS_15DC40B5,22.36613,87.01873,3.86,311.28,60.0,2026-08-09T19:30:00Z,N20,,0,,0,0,0,0,0,0,0,0,0,,0,,0,,0,,0,,0,,0
FIRMS_EE6BD7D5,22.78914,86.19627,3.99,305.92,60.0,2026-08-09T19:30:00Z,N20,,0,,0,0,0,0,0,0,0,0,0,,0,,0,,0,,0,,0,,0
FIRMS_1F03F489,22.78982,86.19749,3.16,306.64,60.0,2026-08-09T19:30:00Z,N20,,0,,0,0,0,0,0,0,0,0,0,,0,,0,,0,,0,,0,,0
FIRMS_851E5523,22.79198,86.21184,3.7,306.4,60.0,2026-08-09T19:30:00Z,N20,,0,,0,0,0,0,0,0,0,0,0,,0,,0,,0,,0,,0,,0
FIRMS_817790F1,22.80119,86.09136,2.6,311.64,60.0,2026-08-09T19:30:00Z,N20,,0,,0,0,0,0,0,0,0,0,0,,0,,0,,0,,0,,0,,0
FIRMS_AEC07343,22.80127,86.09036,3.35,311.6,60.0,2026-08-09T19:30:00Z,N20,,0,,0,0,0,0,0,0,0,0,0,,0,,0,,0,,0,,0,,0
FIRMS_F289A76D,22.8109,86.08758,1.64,303.78,60.0,2026-08-09T19:30:00Z,N20,4819.046684967605,1,power_plant,0,0,1,0,0,0,0,0,0,4819.046684967605,1,,0,,0,,0,,0,,0
FIRMS_DBB72470,22.87357,88.21239,1.09,305.31,60.0,2026-08-09T19:30:00Z,N20,,0,,0,0,0,0,0,0,0,0,0,,0,,0,,0,,0,,0,,0
FIRMS_0B5CAC5E,22.87399,86.06478,1.21,303.36,60.0,2026-08-09T19:30:00Z,N20,3741.803907297651,1,power_plant,0,0,1,0,0,0,0,0,0,3741.803907297651,1,,0,,0,,0,,0,,0
FIRMS_9BC81385,22.87456,86.05971,1.21,304.32,60.0,2026-08-09T19:30:00Z,N20,3692.660909177167,1,power_plant,0,0,1,0,0,0,0,0,0,3692.660909177167,1,,0,,0,,0,,0,,0
FIRMS_A527FFC2,23.4847,87.36115,4.78,313.17,60.0,2026-08-09T19:30:00Z,N20,4169.769674931887,1,oil_well,0,0,10,0,0,0,0,0,0,,0,,0,4169.769674931887,1,,0,,0,,0
FIRMS_92C1CAB1,23.55819,87.24075,2.71,311.66,60.0,2026-08-09T19:30:00Z,N20,899.9029960415952,1,oil_well,0,1,7,0,0,1,0,0,0,4436.469928676639,1,,0,899.9029960415952,1,,0,,0,,0
FIRMS_FCF44A9E,23.56292,87.08218,2.48,313.01,60.0,2026-08-09T19:30:00Z,N20,,0,,0,0,0,0,0,0,0,0,0,,0,,0,,0,,0,,0,,0
FIRMS_B01A0D1C,23.56351,87.23245,5.84,333.44,60.0,2026-08-09T19:30:00Z,N20,537.021963201782,1,oil_well,0,1,8,0,0,1,0,0,0,3404.8582171646954,1,,0,537.021963201782,1,,0,,0,,0
FIRMS_603346BF,23.61313,87.14422,2.36,306.56,60.0,2026-08-09T19:30:00Z,N20,,0,,0,0,0,0,0,0,0,0,0,,0,,0,,0,,0,,0,,0
FIRMS_3388C56E,23.63527,86.83443,2.59,304.87,60.0,2026-08-09T19:30:00Z,N20,,0,,0,0,0,0,0,0,0,0,0,,0,,0,,0,,0,,0,,0
FIRMS_AC1BAC6F,23.65034,85.43754,9.3,329.37,60.0,2026-08-09T19:30:00Z,N20,,0,,0,0,0,0,0,0,0,0,0,,0,,0,,0,,0,,0,,0
FIRMS_D3C5362C,23.66207,87.15318,2.82,307.75,60.0,2026-08-09T19:30:00Z,N20,,0,,0,0,0,0,0,0,0,0,0,,0,,0,,0,,0,,0,,0
FIRMS_78E2852F,23.6664,87.15377,2.98,312.24,60.0,2026-08-09T19:30:00Z,N20,,0,,0,0,0,0,0,0,0,0,0,,0,,0,,0,,0,,0,,0
FIRMS_6E9A3500,23.66858,86.93404,1.93,304.88,60.0,2026-08-09T19:30:00Z,N20,1901.0809976047358,1,oil_well,0,0,68,0,0,0,0,0,0,,0,,0,1901.0809976047358,1,,0,,0,,0
FIRMS_C6C3CC1F,23.67894,86.40165,2.24,306.48,60.0,2026-08-09T19:30:00Z,N20,2838.4613876571125,1,oil_well,0,0,2,0,0,0,0,0,0,,0,,0,2838.4613876571125,1,,0,,0,,0
FIRMS_13257CA2,23.67949,86.39664,2.24,324.02,60.0,2026-08-09T19:30:00Z,N20,2540.6794461732516,1,oil_well,0,0,5,0,0,0,0,0,0,,0,,0,2540.6794461732516,1,,0,,0,,0
FIRMS_5493C821,23.68245,87.12855,2.4,306.09,60.0,2026-08-09T19:30:00Z,N20,,0,,0,0,0,0,0,0,0,0,0,,0,,0,,0,,0,,0,,0
FIRMS_32A461F8,23.68398,86.09574,2.62,319.64,60.0,2026-08-09T19:30:00Z,N20,,0,,0,0,0,0,0,0,0,0,0,,0,,0,,0,,0,,0,,0
FIRMS_E056A4B2,23.68403,86.39732,2.24,308.59,60.0,2026-08-09T19:30:00Z,N20,2993.4095366691395,1,oil_well,0,0,5,0,0,0,0,0,0,,0,,0,2993.4095366691395,1,,0,,0,,0
FIRMS_FF9FDDF9,23.68459,86.3922,3.39,313.68,60.0,2026-08-09T19:30:00Z,N20,2803.3776126334824,1,oil_well,0,0,12,0,0,0,0,0,0,,0,,0,2803.3776126334824,1,,0,,0,,0
FIRMS_991467E4,23.68781,87.12008,3.03,314.11,60.0,2026-08-09T19:30:00Z,N20,,0,,0,0,0,0,0,0,0,0,0,,0,,0,,0,,0,,0,,0
FIRMS_86BB8EC4,23.68914,86.39288,2.48,305.02,60.0,2026-08-09T19:30:00Z,N20,2675.727580368836,1,oil_well,0,0,12,0,0,0,0,0,0,,0,,0,2675.727580368836,1,,0,,0,,0
FIRMS_93C50CDC,23.69037,87.09753,3.5,306.69,60.0,2026-08-09T19:30:00Z,N20,,0,,0,0,0,0,0,0,0,0,0,,0,,0,,0,,0,,0,,0
FIRMS_FB76D60D,23.69215,87.12071,3.03,317.84,60.0,2026-08-09T19:30:00Z,N20,,0,,0,0,0,0,0,0,0,0,0,,0,,0,,0,,0,,0,,0
FIRMS_323573A0,23.69257,86.40362,2.28,306.66,60.0,2026-08-09T19:30:00Z,N20,3518.5006138786885,1,oil_well,0,0,2,0,0,0,0,0,0,,0,,0,3518.5006138786885,1,,0,,0,,0
FIRMS_B77D42C3,23.69318,87.11169,3.3,309.79,60.0,2026-08-09T19:30:00Z,N20,,0,,0,0,0,0,0,0,0,0,0,,0,,0,,0,,0,,0,,0
FIRMS_C8678E94,23.69369,87.10718,3.94,308.64,60.0,2026-08-09T19:30:00Z,N20,,0,,0,0,0,0,0,0,0,0,0,,0,,0,,0,,0,,0,,0
FIRMS_B2467A5B,23.70795,86.43107,4.19,308.24,60.0,2026-08-09T19:30:00Z,N20,,0,,0,0,0,0,0,0,0,0,0,,0,,0,,0,,0,,0,,0
FIRMS_ABCEEF3C,23.71476,86.45244,2.41,316.01,60.0,2026-08-09T19:30:00Z,N20,,0,,0,0,0,0,0,0,0,0,0,,0,,0,,0,,0,,0,,0
FIRMS_CAC50F73,23.7162,86.4491,1.63,305.81,60.0,2026-08-09T19:30:00Z,N20,,0,,0,0,0,0,0,0,0,0,0,,0,,0,,0,,0,,0,,0
FIRMS_8EAE726D,23.71673,86.44408,1.75,304.11,60.0,2026-08-09T19:30:00Z,N20,,0,,0,0,0,0,0,0,0,0,0,,0,,0,,0,,0,,0,,0
FIRMS_60194451,23.71815,86.42233,4.56,307.08,60.0,2026-08-09T19:30:00Z,N20,,0,,0,0,0,0,0,0,0,0,0,,0,,0,,0,,0,,0,,0
FIRMS_45524F47,23.71938,86.41898,3.03,305.17,60.0,2026-08-09T19:30:00Z,N20,,0,,0,0,0,0,0,0,0,0,0,,0,,0,,0,,0,,0,,0
FIRMS_995F5C4B,23.72042,86.44305,2.84,305.57,60.0,2026-08-09T19:30:00Z,N20,,0,,0,0,0,0,0,0,0,0,0,,0,,0,,0,,0,,0,,0
FIRMS_ED21230C,23.7218,86.4397,1.75,305.79,60.0,2026-08-09T19:30:00Z,N20,,0,,0,0,0,0,0,0,0,0,0,,0,,0,,0,,0,,0,,0
FIRMS_EEBE131E,23.72552,86.43864,3.4,313.31,60.0,2026-08-09T19:30:00Z,N20,,0,,0,0,0,0,0,0,0,0,0,,0,,0,,0,,0,,0,,0
FIRMS_16BA5A6D,23.72634,86.44032,1.99,309.25,60.0,2026-08-09T19:30:00Z,N20,,0,,0,0,0,0,0,0,0,0,0,,0,,0,,0,,0,,0,,0
FIRMS_1680276A,23.73648,86.43156,2.76,319.98,60.0,2026-08-09T19:30:00Z,N20,,0,,0,0,0,0,0,0,0,0,0,,0,,0,,0,,0,,0,,0
FIRMS_7D914852,23.74102,86.43219,2.76,307.75,60.0,2026-08-09T19:30:00Z,N20,,0,,0,0,0,0,0,0,0,0,0,,0,,0,,0,,0,,0,,0
FIRMS_ABE4B2F0,23.75696,85.85595,2.31,307.31,60.0,2026-08-09T19:30:00Z,N20,1938.5145332054658,1,oil_well,0,0,12,0,0,0,0,0,0,3831.9233648514796,1,,0,1938.5145332054658,1,,0,,0,,0
FIRMS_A2CBF611,23.75755,85.85046,1.26,304.48,60.0,2026-08-09T19:30:00Z,N20,1673.3444834332743,1,oil_well,0,0,13,0,0,0,0,0,0,4284.01790771673,1,,0,1673.3444834332743,1,,0,,0,,0
FIRMS_A33D2FD1,23.75789,86.40396,1.51,309.87,60.0,2026-08-09T19:30:00Z,N20,,0,,0,0,0,0,0,0,0,0,0,,0,,0,,0,,0,,0,,0
FIRMS_4B119984,23.75844,86.39886,2.49,307.16,60.0,2026-08-09T19:30:00Z,N20,,0,,0,0,0,0,0,0,0,0,0,,0,,0,,0,,0,,0,,0
FIRMS_A9B9141E,23.76243,86.40464,1.51,309.63,60.0,2026-08-09T19:30:00Z,N20,,0,,0,0,0,0,0,0,0,0,0,,0,,0,,0,,0,,0,,0
FIRMS_86F4BDFD,23.76299,86.39951,2.49,310.56,60.0,2026-08-09T19:30:00Z,N20,,0,,0,0,0,0,0,0,0,0,0,,0,,0,,0,,0,,0,,0
FIRMS_73958D4E,23.76698,86.40524,3.27,318.41,60.0,2026-08-09T19:30:00Z,N20,,0,,0,0,0,0,0,0,0,0,0,,0,,0,,0,,0,,0,,0
FIRMS_EAD947AA,23.76753,86.40013,2.48,306.11,60.0,2026-08-09T19:30:00Z,N20,,0,,0,0,0,0,0,0,0,0,0,,0,,0,,0,,0,,0,,0
FIRMS_3C3FAF5A,23.77592,86.36537,3.79,321.27,60.0,2026-08-09T19:30:00Z,N20,,0,,0,0,0,0,0,0,0,0,0,,0,,0,,0,,0,,0,,0
FIRMS_A4E2224A,23.77827,86.38636,4.73,315.55,60.0,2026-08-09T19:30:00Z,N20,,0,,0,0,0,0,0,0,0,0,0,,0,,0,,0,,0,,0,,0
FIRMS_C8214E9C,23.77864,86.20998,1.52,309.25,60.0,2026-08-09T19:30:00Z,N20,,0,,0,0,0,0,0,0,0,0,0,,0,,0,,0,,0,,0,,0
FIRMS_FE9A4659,23.7792,86.20475,2.86,305.55,60.0,2026-08-09T19:30:00Z,N20,,0,,0,0,0,0,0,0,0,0,0,,0,,0,,0,,0,,0,,0
FIRMS_8D919E16,23.77993,86.37107,2.22,307.02,60.0,2026-08-09T19:30:00Z,N20,,0,,0,0,0,0,0,0,0,0,0,,0,,0,,0,,0,,0,,0
FIRMS_2550A679,23.78325,86.21065,1.52,305.69,60.0,2026-08-09T19:30:00Z,N20,,0,,0,0,0,0,0,0,0,0,0,,0,,0,,0,,0,,0,,0
FIRMS_03A67379,23.79584,86.35263,4.5,314.98,60.0,2026-08-09T19:30:00Z,N20,,0,,0,0,0,0,0,0,0,0,0,,0,,0,,0,,0,,0,,0
FIRMS_A4315FBF,23.8004,86.35328,1.73,304.87,60.0,2026-08-09T19:30:00Z,N20,,0,,0,0,0,0,0,0,0,0,0,,0,,0,,0,,0,,0,,0
FIRMS_451FDD12,23.80096,86.34815,1.73,309.88,60.0,2026-08-09T19:30:00Z,N20,,0,,0,0,0,0,0,0,0,0,0,,0,,0,,0,,0,,0,,0
FIRMS_9CAC9DBC,23.80263,86.333,2.35,305.58,60.0,2026-08-09T19:30:00Z,N20,,0,,0,0,0,0,0,0,0,0,0,,0,,0,,0,,0,,0,,0
FIRMS_68FBAF49,23.80318,86.3279,2.35,319.29,60.0,2026-08-09T19:30:00Z,N20,,0,,0,0,0,0,0,0,0,0,0,,0,,0,,0,,0,,0,,0
FIRMS_125FD426,23.80776,86.32849,2.35,309.13,60.0,2026-08-09T19:30:00Z,N20,,0,,0,0,0,0,0,0,0,0,0,,0,,0,,0,,0,,0,,0
FIRMS_997E485B,24.16866,82.61945,3.18,312.03,60.0,2026-08-09T19:30:00Z,N20,,0,,0,0,0,0,0,0,0,0,0,,0,,0,,0,,0,,0,,0
FIRMS_408698D8,24.17769,82.65121,2.29,301.64,60.0,2026-08-09T19:30:00Z,N20,,0,,0,0,0,0,0,0,0,0,0,,0,,0,,0,,0,,0,,0
FIRMS_6289BA24,24.18274,82.66058,2.38,304.02,60.0,2026-08-09T19:30:00Z,N20,,0,,0,0,0,0,0,0,0,0,0,,0,,0,,0,,0,,0,,0
FIRMS_0DC942FE,24.1829,82.66151,2.4,304.97,60.0,2026-08-09T19:30:00Z,N20,,0,,0,0,0,0,0,0,0,0,0,,0,,0,,0,,0,,0,,0
FIRMS_383341EF,24.18312,82.65615,1.64,299.78,60.0,2026-08-09T19:30:00Z,N20,,0,,0,0,0,0,0,0,0,0,0,,0,,0,,0,,0,,0,,0
FIRMS_8FBAACC5,24.20134,82.71565,2.07,305.62,60.0,2026-08-09T19:30:00Z,N20,,0,,0,0,0,0,0,0,0,0,0,,0,,0,,0,,0,,0,,0
FIRMS_D72CF9EE,24.20174,82.71103,1.46,301.51,60.0,2026-08-09T19:30:00Z,N20,,0,,0,0,0,0,0,0,0,0,0,,0,,0,,0,,0,,0,,0
FIRMS_E1882B23,24.20751,82.71186,1.46,308.6,60.0,2026-08-09T19:30:00Z,N20,,0,,0,0,0,0,0,0,0,0,0,,0,,0,,0,,0,,0,,0
FIRMS_DEB747CE,24.20799,82.71298,2.23,303.89,60.0,2026-08-09T19:30:00Z,N20,,0,,0,0,0,0,0,0,0,0,0,,0,,0,,0,,0,,0,,0
FIRMS_F4CD7018,24.20835,82.70866,1.61,303.83,60.0,2026-08-09T19:30:00Z,N20,,0,,0,0,0,0,0,0,0,0,0,,0,,0,,0,,0,,0,,0
FIRMS_5243B21F,27.31784,95.26588,1.33,307.88,60.0,2026-08-09T19:30:00Z,N20,110.5448293182442,1,oil_well,3,12,154,0,0,12,0,0,0,,0,,0,110.5448293182442,1,,0,,0,,0
FIRMS_E58B8284,21.75876,84.02281,2.87,311.01,60.0,2026-08-09T19:32:00Z,N20,,0,,0,0,0,0,0,0,0,0,0,,0,,0,,0,,0,,0,,0
FIRMS_47D2B9D3,21.76072,83.84116,0.69,303.05,60.0,2026-08-09T19:32:00Z,N20,,0,,0,0,0,0,0,0,0,0,0,,0,,0,,0,,0,,0,,0
FIRMS_3E9084F6,21.76504,83.84802,2.59,311.47,60.0,2026-08-09T19:32:00Z,N20,,0,,0,0,0,0,0,0,0,0,0,,0,,0,,0,,0,,0,,0
FIRMS_D9CFC86D,21.7653,83.84863,1.95,312.51,60.0,2026-08-09T19:32:00Z,N20,,0,,0,0,0,0,0,0,0,0,0,,0,,0,,0,,0,,0,,0
FIRMS_B9235AE9,21.9717,83.19962,0.89,301.17,60.0,2026-08-09T19:32:00Z,N20,3738.4039751583214,1,power_plant,0,0,2,0,0,0,0,0,0,3738.4039751583214,1,,0,,0,,0,,0,,0
FIRMS_536807E5,22.004,82.66974,1.9,314.99,60.0,2026-08-09T19:32:00Z,N20,,0,,0,0,0,0,0,0,0,0,0,,0,,0,,0,,0,,0,,0
FIRMS_7D862B72,22.06671,83.70587,0.77,302.74,60.0,2026-08-09T19:32:00Z,N20,,0,,0,0,0,0,0,0,0,0,0,,0,,0,,0,,0,,0,,0
FIRMS_B5929444,22.20396,84.59077,1.54,300.31,60.0,2026-08-09T19:32:00Z,N20,,0,,0,0,0,0,0,0,0,0,0,,0,,0,,0,,0,,0,,0
FIRMS_06A63700,34.15832,77.61065,0.65,299.54,60.0,2026-08-09T21:08:00Z,N20,,0,,0,0,0,0,0,0,0,0,0,,0,,0,,0,,0,,0,,0
FIRMS_89F9C90F,25.94308,72.19237,1.53,323.48,60.0,2026-08-09T21:10:00Z,N20,,0,,0,0,0,0,0,0,0,0,0,,0,,0,,0,,0,,0,,0
FIRMS_0A8A19DE,29.47427,76.85662,0.68,308.43,60.0,2026-08-09T21:10:00Z,N20,1742.9712946498485,1,oil_refinery,0,0,1,0,0,0,0,0,0,,0,1742.9712946498485,1,,0,,0,,0,,0
FIRMS_3EA662C2,29.47654,76.86024,0.86,309.21,60.0,2026-08-09T21:10:00Z,N20,1399.2736643295173,1,oil_refinery,0,0,1,0,0,0,0,0,0,,0,1399.2736643295173,1,,0,,0,,0,,0
FIRMS_010A2249,19.8015,78.86324,0.52,301.41,60.0,2026-08-09T21:12:00Z,N20,,0,,0,0,0,0,0,0,0,0,0,,0,,0,,0,,0,,0,,0
FIRMS_2C32B888,19.93199,79.12069,1.2,301.99,60.0,2026-08-09T21:12:00Z,N20,1316.0149316835082,1,power_plant,0,0,1,0,0,0,0,0,0,1316.0149316835082,1,,0,,0,,0,,0,,0
FIRMS_0F0E551C,21.05456,72.85148,0.7,304.19,60.0,2026-08-09T21:12:00Z,N20,3881.414450626831,1,oil_well,0,0,1,0,0,0,0,0,0,,0,,0,3881.414450626831,1,,0,,0,,0
FIRMS_9C41D1E7,21.05469,72.85502,0.79,306.21,60.0,2026-08-09T21:12:00Z,N20,4248.105996611773,1,oil_well,0,0,2,0,0,0,0,0,0,,0,,0,4248.105996611773,1,,0,,0,,0
FIRMS_5EE0EA5B,22.33785,69.86696,1.23,301.74,60.0,2026-08-09T21:12:00Z,N20,1769.1445331872749,1,oil_refinery,0,0,2,0,0,0,0,0,0,,0,1769.1445331872749,1,,0,,0,,0,,0
FIRMS_98325460,22.33982,69.85525,1.06,302.09,60.0,2026-08-09T21:12:00Z,N20,2184.5733895594226,1,oil_refinery,0,0,2,0,0,0,0,0,0,,0,2184.5733895594226,1,,0,,0,,0,,0
FIRMS_2D43F7EB,22.92689,69.82484,1.21,306.64,60.0,2026-08-09T21:12:00Z,N20,,0,,0,0,0,0,0,0,0,0,0,,0,,0,,0,,0,,0,,0
FIRMS_E79A68CE,22.93224,69.69859,1.85,321.56,60.0,2026-08-09T21:12:00Z,N20,,0,,0,0,0,0,0,0,0,0,0,,0,,0,,0,,0,,0,,0
FIRMS_BADAF3C6,22.93379,69.70245,1.23,307.21,60.0,2026-08-09T21:12:00Z,N20,,0,,0,0,0,0,0,0,0,0,0,,0,,0,,0,,0,,0,,0
FIRMS_02717B35,22.93444,69.6986,1.79,319.78,60.0,2026-08-09T21:12:00Z,N20,,0,,0,0,0,0,0,0,0,0,0,,0,,0,,0,,0,,0,,0
FIRMS_42508882,23.24687,69.86861,1.26,305.87,60.0,2026-08-09T21:12:00Z,N20,,0,,0,0,0,0,0,0,0,0,0,,0,,0,,0,,0,,0,,0
FIRMS_C4E31835,23.31344,70.20078,0.62,302.83,60.0,2026-08-09T21:12:00Z,N20,,0,,0,0,0,0,0,0,0,0,0,,0,,0,,0,,0,,0,,0
FIRMS_97A83BC7,23.49984,68.57928,1.26,308.19,60.0,2026-08-09T21:12:00Z,N20,,0,,0,0,0,0,0,0,0,0,0,,0,,0,,0,,0,,0,,0
FIRMS_DA97B998,10.41274,77.106,0.75,297.29,60.0,2026-08-09T21:14:00Z,N20,,0,,0,0,0,0,0,0,0,0,0,,0,,0,,0,,0,,0,,0
FIRMS_63023322,10.41613,77.10946,0.52,304.02,60.0,2026-08-09T21:14:00Z,N20,,0,,0,0,0,0,0,0,0,0,0,,0,,0,,0,,0,,0,,0
FIRMS_6C5A1267,11.30191,77.87934,1.12,304.66,60.0,2026-08-09T21:14:00Z,N20,,0,,0,0,0,0,0,0,0,0,0,,0,,0,,0,,0,,0,,0
FIRMS_112F1D61,14.87422,78.05255,1.33,305.93,60.0,2026-08-09T21:14:00Z,N20,,0,,0,0,0,0,0,0,0,0,0,,0,,0,,0,,0,,0,,0
FIRMS_8D46473E,14.87509,78.05061,1.36,301.43,60.0,2026-08-09T21:14:00Z,N20,,0,,0,0,0,0,0,0,0,0,0,,0,,0,,0,,0,,0,,0
FIRMS_493CCC8D,15.07372,76.86428,1.32,300.48,60.0,2026-08-09T21:14:00Z,N20,,0,,0,0,0,0,0,0,0,0,0,,0,,0,,0,,0,,0,,0
FIRMS_6552000E,15.17463,76.65839,1.09,305.91,60.0,2026-08-09T21:14:00Z,N20,,0,,0,0,0,0,0,0,0,0,0,,0,,0,,0,,0,,0,,0
FIRMS_2036B476,15.17543,76.65447,1.09,305.44,60.0,2026-08-09T21:14:00Z,N20,,0,,0,0,0,0,0,0,0,0,0,,0,,0,,0,,0,,0,,0
FIRMS_82F00145,15.17702,76.67539,1.91,300.84,60.0,2026-08-09T21:14:00Z,N20,,0,,0,0,0,0,0,0,0,0,0,,0,,0,,0,,0,,0,,0
FIRMS_30262B36,15.17825,76.65834,1.42,309.19,60.0,2026-08-09T21:14:00Z,N20,,0,,0,0,0,0,0,0,0,0,0,,0,,0,,0,,0,,0,,0
FIRMS_C4539068,15.17907,76.65443,1.42,306.28,60.0,2026-08-09T21:14:00Z,N20,,0,,0,0,0,0,0,0,0,0,0,,0,,0,,0,,0,,0,,0
FIRMS_B22C6E25,15.1803,77.10293,1.21,297.77,60.0,2026-08-09T21:14:00Z,N20,,0,,0,0,0,0,0,0,0,0,0,,0,,0,,0,,0,,0,,0
FIRMS_D300CDB4,15.18098,76.65578,1.1,300.94,60.0,2026-08-09T21:14:00Z,N20,,0,,0,0,0,0,0,0,0,0,0,,0,,0,,0,,0,,0,,0
FIRMS_51FFACC8,15.18574,76.66101,1.1,302.94,60.0,2026-08-09T21:14:00Z,N20,,0,,0,0,0,0,0,0,0,0,0,,0,,0,,0,,0,,0,,0
FIRMS_F05027BF,15.18654,76.6571,1.1,306.69,60.0,2026-08-09T21:14:00Z,N20,,0,,0,0,0,0,0,0,0,0,0,,0,,0,,0,,0,,0,,0
FIRMS_086C93DF,15.18936,76.66093,2.77,302.58,60.0,2026-08-09T21:14:00Z,N20,,0,,0,0,0,0,0,0,0,0,0,,0,,0,,0,,0,,0,,0
FIRMS_89870957,15.33559,76.28592,0.35,296.76,60.0,2026-08-09T21:14:00Z,N20,,0,,0,0,0,0,0,0,0,0,0,,0,,0,,0,,0,,0,,0
FIRMS_B41F0EC8,17.14878,78.22474,0.75,300.48,60.0,2026-08-09T21:14:00Z,N20,,0,,0,0,0,0,0,0,0,0,0,,0,,0,,0,,0,,0,,0
FIRMS_749E414F,9.71661,77.60519,2.41,314.24,60.0,2026-08-09T21:16:00Z,N20,,0,,0,0,0,0,0,0,0,0,0,,0,,0,,0,,0,,0,,0
FIRMS_E8AC4106,9.72237,77.61021,5.42,316.17,60.0,2026-08-09T21:16:00Z,N20,,0,,0,0,0,0,0,0,0,0,0,,0,,0,,0,,0,,0,,0
FIRMS_780D8CF3,9.7239,77.60253,2.41,315.84,60.0,2026-08-09T21:16:00Z,N20,,0,,0,0,0,0,0,0,0,0,0,,0,,0,,0,,0,,0,,0
FIRMS_4C4308F4,22.37571,87.28049,6.12,331.03,60.0,2026-08-10T06:44:00Z,N20,,0,,0,0,0,0,0,0,0,0,0,,0,,0,,0,,0,,0,,0
FIRMS_25AA2BC9,27.77472,95.5388,1.82,330.86,30.0,2026-08-10T06:44:00Z,N20,,0,,0,0,0,0,0,0,0,0,0,,0,,0,,0,,0,,0,,0
FIRMS_5DA930A6,8.66362,77.87156,3.14,336.94,60.0,2026-08-10T08:20:00Z,N20,,0,,0,0,0,0,0,0,0,0,0,,0,,0,,0,,0,,0,,0
FIRMS_4452E84E,8.66383,77.87165,5.11,338.08,60.0,2026-08-10T08:20:00Z,N20,,0,,0,0,0,0,0,0,0,0,0,,0,,0,,0,,0,,0,,0
FIRMS_666C765B,8.73037,77.89612,6.32,340.37,60.0,2026-08-10T08:20:00Z,N20,,0,,0,0,0,0,0,0,0,0,0,,0,,0,,0,,0,,0,,0
FIRMS_A4965232,9.00506,77.7899,6.79,342.06,60.0,2026-08-10T08:20:00Z,N20,,0,,0,0,0,0,0,0,0,0,0,,0,,0,,0,,0,,0,,0
FIRMS_99CC98A0,9.11244,77.54563,3.17,339.22,60.0,2026-08-10T08:20:00Z,N20,,0,,0,0,0,0,0,0,0,0,0,,0,,0,,0,,0,,0,,0
FIRMS_BBF8622F,9.11584,77.54512,3.17,347.39,60.0,2026-08-10T08:20:00Z,N20,,0,,0,0,0,0,0,0,0,0,0,,0,,0,,0,,0,,0,,0
FIRMS_4F89E4F6,9.21488,78.68938,3.08,335.6,60.0,2026-08-10T08:20:00Z,N20,4802.073610228678,1,oil_well,0,0,1,0,0,0,0,0,0,,0,,0,4802.073610228678,1,,0,,0,,0
FIRMS_A113DE28,9.21539,78.68924,3.01,335.67,60.0,2026-08-10T08:20:00Z,N20,4792.278279714244,1,oil_well,0,0,1,0,0,0,0,0,0,,0,,0,4792.278279714244,1,,0,,0,,0
FIRMS_4ECC1F14,9.21721,77.95048,10.42,338.78,60.0,2026-08-10T08:20:00Z,N20,,0,,0,0,0,0,0,0,0,0,0,,0,,0,,0,,0,,0,,0
FIRMS_063F7178,9.24181,77.61673,12.57,341.53,60.0,2026-08-10T08:20:00Z,N20,,0,,0,0,0,0,0,0,0,0,0,,0,,0,,0,,0,,0,,0
FIRMS_B60F93C4,9.45328,77.62675,8.88,344.8,60.0,2026-08-10T08:20:00Z,N20,,0,,0,0,0,0,0,0,0,0,0,,0,,0,,0,,0,,0,,0
FIRMS_C8098FBE,9.5336,78.52003,2.23,333.08,30.0,2026-08-10T08:20:00Z,N20,,0,,0,0,0,0,0,0,0,0,0,,0,,0,,0,,0,,0,,0
FIRMS_DD54E38B,9.63104,77.74139,11.65,341.86,60.0,2026-08-10T08:20:00Z,N20,,0,,0,0,0,0,0,0,0,0,0,,0,,0,,0,,0,,0,,0
FIRMS_6B9B0798,9.67609,77.4088,23.88,347.17,60.0,2026-08-10T08:20:00Z,N20,,0,,0,0,0,0,0,0,0,0,0,,0,,0,,0,,0,,0,,0
FIRMS_507D8E1C,9.94512,78.71644,4.88,337.78,60.0,2026-08-10T08:20:00Z,N20,,0,,0,0,0,0,0,0,0,0,0,,0,,0,,0,,0,,0,,0
FIRMS_88FE934E,10.00575,78.03493,5.99,346.98,60.0,2026-08-10T08:20:00Z,N20,3565.620716488041,1,power_plant,0,0,1,0,0,0,0,0,0,3565.620716488041,1,,0,,0,,0,,0,,0
FIRMS_0E1D9400,9.98345,77.63867,6.1,339.66,60.0,2026-08-10T08:22:00Z,N20,,0,,0,0,0,0,0,0,0,0,0,,0,,0,,0,,0,,0,,0
FIRMS_1B988F57,10.00979,78.03833,3.88,335.25,60.0,2026-08-10T08:22:00Z,N20,3916.086132276502,1,power_plant,0,0,1,0,0,0,0,0,0,3916.086132276502,1,,0,,0,,0,,0,,0
FIRMS_2B8EB5FF,10.05825,77.90831,3.81,331.1,60.0,2026-08-10T08:22:00Z,N20,,0,,0,0,0,0,0,0,0,0,0,,0,,0,,0,,0,,0,,0
FIRMS_25391FC3,10.14497,78.85644,1.3,331.26,60.0,2026-08-10T08:22:00Z,N20,,0,,0,0,0,0,0,0,0,0,0,,0,,0,,0,,0,,0,,0
FIRMS_BA84B6AE,10.39875,79.41953,3.65,333.63,60.0,2026-08-10T08:22:00Z,N20,1878.2469459953998,1,oil_well,0,0,1,0,0,0,0,0,0,,0,,0,1878.2469459953998,1,,0,,0,,0
FIRMS_A8035DDE,10.64331,79.07994,5.48,335.42,60.0,2026-08-10T08:22:00Z,N20,3980.833532265704,1,oil_well,0,0,1,0,0,0,0,0,0,,0,,0,3980.833532265704,1,,0,,0,,0
FIRMS_96C3A380,10.72432,78.83788,9.31,339.84,60.0,2026-08-10T08:22:00Z,N20,,0,,0,0,0,0,0,0,0,0,0,,0,,0,,0,,0,,0,,0
FIRMS_E4062EE4,10.73855,78.73103,1.7,335.66,60.0,2026-08-10T08:22:00Z,N20,,0,,0,0,0,0,0,0,0,0,0,,0,,0,,0,,0,,0,,0
FIRMS_6B0A30B2,10.73917,78.72775,2.72,332.28,60.0,2026-08-10T08:22:00Z,N20,,0,,0,0,0,0,0,0,0,0,0,,0,,0,,0,,0,,0,,0
FIRMS_76DA57A6,11.7135,77.73086,6.6,336.43,60.0,2026-08-10T08:22:00Z,N20,,0,,0,0,0,0,0,0,0,0,0,,0,,0,,0,,0,,0,,0
FIRMS_55DE9C49,11.86015,77.02831,4.34,338.33,60.0,2026-08-10T08:22:00Z,N20,,0,,0,0,0,0,0,0,0,0,0,,0,,0,,0,,0,,0,,0
FIRMS_A8E977E9,12.03508,77.07492,3.05,336.61,60.0,2026-08-10T08:22:00Z,N20,,0,,0,0,0,0,0,0,0,0,0,,0,,0,,0,,0,,0,,0
FIRMS_AC2DE9DC,12.27599,76.51857,3.75,335.51,60.0,2026-08-10T08:22:00Z,N20,,0,,0,0,0,0,0,0,0,0,0,,0,,0,,0,,0,,0,,0
FIRMS_E360180E,12.46242,78.27564,2.77,334.7,60.0,2026-08-10T08:22:00Z,N20,,0,,0,0,0,0,0,0,0,0,0,,0,,0,,0,,0,,0,,0
FIRMS_C4790DD9,12.55401,76.62975,3.01,330.41,60.0,2026-08-10T08:22:00Z,N20,,0,,0,0,0,0,0,0,0,0,0,,0,,0,,0,,0,,0,,0
FIRMS_7FEAC63C,12.56628,76.95201,5.57,334.51,60.0,2026-08-10T08:22:00Z,N20,,0,,0,0,0,0,0,0,0,0,0,,0,,0,,0,,0,,0,,0
FIRMS_C5E0307B,12.60272,76.67905,2.11,332.22,60.0,2026-08-10T08:22:00Z,N20,,0,,0,0,0,0,0,0,0,0,0,,0,,0,,0,,0,,0,,0
FIRMS_6E02F61E,12.61552,77.65279,3.03,335.2,60.0,2026-08-10T08:22:00Z,N20,,0,,0,0,0,0,0,0,0,0,0,,0,,0,,0,,0,,0,,0
FIRMS_218A9B95,12.86452,78.37373,5.07,333.13,60.0,2026-08-10T08:22:00Z,N20,,0,,0,0,0,0,0,0,0,0,0,,0,,0,,0,,0,,0,,0
FIRMS_33EFF615,13.1379,79.62981,3.1,330.41,60.0,2026-08-10T08:22:00Z,N20,,0,,0,0,0,0,0,0,0,0,0,,0,,0,,0,,0,,0,,0
FIRMS_FF2B886C,13.21113,78.82519,9.5,335.3,60.0,2026-08-10T08:22:00Z,N20,,0,,0,0,0,0,0,0,0,0,0,,0,,0,,0,,0,,0,,0
FIRMS_0722B780,13.21487,78.82461,9.5,337.51,60.0,2026-08-10T08:22:00Z,N20,,0,,0,0,0,0,0,0,0,0,0,,0,,0,,0,,0,,0,,0
FIRMS_5681FBB5,13.43354,78.25616,3.87,333.66,60.0,2026-08-10T08:22:00Z,N20,,0,,0,0,0,0,0,0,0,0,0,,0,,0,,0,,0,,0,,0
FIRMS_7A70D20D,13.49751,79.59806,8.33,334.53,60.0,2026-08-10T08:22:00Z,N20,,0,,0,0,0,0,0,0,0,0,0,,0,,0,,0,,0,,0,,0
FIRMS_23E28E8F,13.57464,77.34303,4.53,337.24,60.0,2026-08-10T08:22:00Z,N20,,0,,0,0,0,0,0,0,0,0,0,,0,,0,,0,,0,,0,,0
FIRMS_A3922D71,13.57614,77.34341,4.29,336.1,60.0,2026-08-10T08:22:00Z,N20,,0,,0,0,0,0,0,0,0,0,0,,0,,0,,0,,0,,0,,0
FIRMS_FC3FF7EF,13.76895,78.33397,3.89,332.77,60.0,2026-08-10T08:22:00Z,N20,,0,,0,0,0,0,0,0,0,0,0,,0,,0,,0,,0,,0,,0
FIRMS_9E11CFC7,13.99193,79.82552,5.74,339.29,60.0,2026-08-10T08:22:00Z,N20,,0,,0,0,0,0,0,0,0,0,0,,0,,0,,0,,0,,0,,0
FIRMS_09E98F7D,14.14816,77.2318,3.9,341.68,60.0,2026-08-10T08:22:00Z,N20,,0,,0,0,0,0,0,0,0,0,0,,0,,0,,0,,0,,0,,0
FIRMS_5AD3278B,14.14929,77.23981,4.95,335.55,60.0,2026-08-10T08:22:00Z,N20,,0,,0,0,0,0,0,0,0,0,0,,0,,0,,0,,0,,0,,0
FIRMS_47FBB98E,14.14986,77.24381,4.95,345.82,60.0,2026-08-10T08:22:00Z,N20,,0,,0,0,0,0,0,0,0,0,0,,0,,0,,0,,0,,0,,0
FIRMS_56005332,14.15165,77.23126,3.9,349.09,60.0,2026-08-10T08:22:00Z,N20,,0,,0,0,0,0,0,0,0,0,0,,0,,0,,0,,0,,0,,0
FIRMS_749FD06F,14.15458,77.22675,3.52,337.66,60.0,2026-08-10T08:22:00Z,N20,,0,,0,0,0,0,0,0,0,0,0,,0,,0,,0,,0,,0,,0
FIRMS_F096FF00,14.15537,79.64816,2.06,330.71,60.0,2026-08-10T08:22:00Z,N20,,0,,0,0,0,0,0,0,0,0,0,,0,,0,,0,,0,,0,,0
FIRMS_FC11DEAB,14.21666,78.06795,7.05,339.0,60.0,2026-08-10T08:22:00Z,N20,,0,,0,0,0,0,0,0,0,0,0,,0,,0,,0,,0,,0,,0
FIRMS_4A342189,14.21716,78.06883,10.0,346.62,60.0,2026-08-10T08:22:00Z,N20,,0,,0,0,0,0,0,0,0,0,0,,0,,0,,0,,0,,0,,0
FIRMS_7FA73227,14.24873,77.45737,5.8,338.59,60.0,2026-08-10T08:22:00Z,N20,,0,,0,0,0,0,0,0,0,0,0,,0,,0,,0,,0,,0,,0
FIRMS_82633FD0,14.25112,77.44867,4.59,335.77,60.0,2026-08-10T08:22:00Z,N20,,0,,0,0,0,0,0,0,0,0,0,,0,,0,,0,,0,,0,,0
FIRMS_A6315467,14.25226,77.45686,2.09,332.16,60.0,2026-08-10T08:22:00Z,N20,,0,,0,0,0,0,0,0,0,0,0,,0,,0,,0,,0,,0,,0
FIRMS_7F8F21EE,14.27824,77.43636,4.45,337.49,60.0,2026-08-10T08:22:00Z,N20,,0,,0,0,0,0,0,0,0,0,0,,0,,0,,0,,0,,0,,0
FIRMS_4C9E1CCA,14.2812,77.43176,9.94,346.66,60.0,2026-08-10T08:22:00Z,N20,,0,,0,0,0,0,0,0,0,0,0,,0,,0,,0,,0,,0,,0
FIRMS_111740B9,14.28178,77.43584,4.45,345.06,60.0,2026-08-10T08:22:00Z,N20,,0,,0,0,0,0,0,0,0,0,0,,0,,0,,0,,0,,0,,0
FIRMS_18492F69,14.28235,77.43993,4.45,346.08,60.0,2026-08-10T08:22:00Z,N20,,0,,0,0,0,0,0,0,0,0,0,,0,,0,,0,,0,,0,,0
FIRMS_3B1F7BD7,14.28646,77.44348,4.1,338.54,60.0,2026-08-10T08:22:00Z,N20,,0,,0,0,0,0,0,0,0,0,0,,0,,0,,0,,0,,0,,0
FIRMS_8A4D9A9A,14.28827,77.43073,2.35,336.0,60.0,2026-08-10T08:22:00Z,N20,,0,,0,0,0,0,0,0,0,0,0,,0,,0,,0,,0,,0,,0
FIRMS_557ED1BB,14.28884,77.43481,19.66,350.18,60.0,2026-08-10T08:22:00Z,N20,,0,,0,0,0,0,0,0,0,0,0,,0,,0,,0,,0,,0,,0
FIRMS_70143C44,14.29591,77.43378,6.74,344.53,60.0,2026-08-10T08:22:00Z,N20,,0,,0,0,0,0,0,0,0,0,0,,0,,0,,0,,0,,0,,0
FIRMS_331A7DB1,14.29648,77.43787,6.74,355.99,30.0,2026-08-10T08:22:00Z,N20,,0,,0,0,0,0,0,0,0,0,0,,0,,0,,0,,0,,0,,0
FIRMS_E2A1B388,14.29706,77.44194,4.38,340.53,60.0,2026-08-10T08:22:00Z,N20,,0,,0,0,0,0,0,0,0,0,0,,0,,0,,0,,0,,0,,0
FIRMS_4C9C0249,14.30181,77.42458,3.63,341.63,60.0,2026-08-10T08:22:00Z,N20,,0,,0,0,0,0,0,0,0,0,0,,0,,0,,0,,0,,0,,0
FIRMS_706ABE1E,14.30239,77.42867,3.63,343.69,60.0,2026-08-10T08:22:00Z,N20,,0,,0,0,0,0,0,0,0,0,0,,0,,0,,0,,0,,0,,0
FIRMS_3DC58230,14.30297,77.43273,24.5,356.07,30.0,2026-08-10T08:22:00Z,N20,,0,,0,0,0,0,0,0,0,0,0,,0,,0,,0,,0,,0,,0
FIRMS_76213CDC,14.30413,77.44093,6.22,340.38,60.0,2026-08-10T08:22:00Z,N20,,0,,0,0,0,0,0,0,0,0,0,,0,,0,,0,,0,,0,,0
FIRMS_E74BE027,14.30471,77.44501,6.22,338.9,60.0,2026-08-10T08:22:00Z,N20,,0,,0,0,0,0,0,0,0,0,0,,0,,0,,0,,0,,0,,0
FIRMS_7760A429,14.30592,77.42816,8.45,341.86,60.0,2026-08-10T08:22:00Z,N20,,0,,0,0,0,0,0,0,0,0,0,,0,,0,,0,,0,,0,,0
FIRMS_90882F64,14.30825,77.44452,4.87,337.17,60.0,2026-08-10T08:22:00Z,N20,,0,,0,0,0,0,0,0,0,0,0,,0,,0,,0,,0,,0,,0
FIRMS_05D2125F,14.31178,77.44402,4.87,343.64,60.0,2026-08-10T08:22:00Z,N20,,0,,0,0,0,0,0,0,0,0,0,,0,,0,,0,,0,,0,,0
FIRMS_44E91B30,14.31236,77.44811,5.85,338.01,60.0,2026-08-10T08:22:00Z,N20,,0,,0,0,0,0,0,0,0,0,0,,0,,0,,0,,0,,0,,0
FIRMS_B00297F4,14.32301,77.42155,4.54,337.25,60.0,2026-08-10T08:22:00Z,N20,,0,,0,0,0,0,0,0,0,0,0,,0,,0,,0,,0,,0,,0
FIRMS_522309B8,14.33125,77.40359,5.09,345.33,60.0,2026-08-10T08:22:00Z,N20,,0,,0,0,0,0,0,0,0,0,0,,0,,0,,0,,0,,0,,0
FIRMS_5A744223,14.33184,77.40768,5.09,355.06,60.0,2026-08-10T08:22:00Z,N20,,0,,0,0,0,0,0,0,0,0,0,,0,,0,,0,,0,,0,,0
FIRMS_042F5597,14.55706,77.39198,8.6,338.34,60.0,2026-08-10T08:22:00Z,N20,,0,,0,0,0,0,0,0,0,0,0,,0,,0,,0,,0,,0,,0
FIRMS_39E79F9E,14.55707,77.39243,9.38,337.62,60.0,2026-08-10T08:22:00Z,N20,,0,,0,0,0,0,0,0,0,0,0,,0,,0,,0,,0,,0,,0
FIRMS_C0D12A7F,14.66078,77.3604,1.97,331.89,60.0,2026-08-10T08:22:00Z,N20,,0,,0,0,0,0,0,0,0,0,0,,0,,0,,0,,0,,0,,0
FIRMS_AEE683C8,14.71122,79.80875,2.02,330.02,60.0,2026-08-10T08:22:00Z,N20,,0,,0,0,0,0,0,0,0,0,0,,0,,0,,0,,0,,0,,0
FIRMS_EE89CD40,14.78169,77.37339,2.63,336.48,60.0,2026-08-10T08:22:00Z,N20,,0,,0,0,0,0,0,0,0,0,0,,0,,0,,0,,0,,0,,0
FIRMS_4291EF5E,14.78524,77.37289,2.63,336.64,60.0,2026-08-10T08:22:00Z,N20,,0,,0,0,0,0,0,0,0,0,0,,0,,0,,0,,0,,0,,0
FIRMS_C91FD09D,14.78591,79.71244,2.83,343.58,60.0,2026-08-10T08:22:00Z,N20,,0,,0,0,0,0,0,0,0,0,0,,0,,0,,0,,0,,0,,0
FIRMS_D34925E1,14.78995,79.71188,2.83,339.35,60.0,2026-08-10T08:22:00Z,N20,,0,,0,0,0,0,0,0,0,0,0,,0,,0,,0,,0,,0,,0
FIRMS_6883DD6B,14.80234,79.93763,3.3,332.22,60.0,2026-08-10T08:22:00Z,N20,,0,,0,0,0,0,0,0,0,0,0,,0,,0,,0,,0,,0,,0
FIRMS_9FEB27CE,14.84694,77.79433,4.53,337.54,60.0,2026-08-10T08:22:00Z,N20,,0,,0,0,0,0,0,0,0,0,0,,0,,0,,0,,0,,0,,0
FIRMS_7D3F1AC5,14.85055,77.79381,4.53,337.12,60.0,2026-08-10T08:22:00Z,N20,,0,,0,0,0,0,0,0,0,0,0,,0,,0,,0,,0,,0,,0
FIRMS_60D70A09,14.88878,78.10177,5.38,338.18,60.0,2026-08-10T08:22:00Z,N20,,0,,0,0,0,0,0,0,0,0,0,,0,,0,,0,,0,,0,,0
FIRMS_B6085C18,14.89306,78.10571,5.38,337.64,60.0,2026-08-10T08:22:00Z,N20,,0,,0,0,0,0,0,0,0,0,0,,0,,0,,0,,0,,0,,0
FIRMS_1FEBD810,14.97224,80.03103,3.6,336.77,60.0,2026-08-10T08:22:00Z,N20,,0,,0,0,0,0,0,0,0,0,0,,0,,0,,0,,0,,0,,0
FIRMS_DA338F33,14.97743,79.43329,2.72,333.0,60.0,2026-08-10T08:22:00Z,N20,,0,,0,0,0,0,0,0,0,0,0,,0,,0,,0,,0,,0,,0
FIRMS_1E35D51E,15.09287,79.96823,5.68,339.81,60.0,2026-08-10T08:22:00Z,N20,,0,,0,0,0,0,0,0,0,0,0,,0,,0,,0,,0,,0,,0
FIRMS_60E7F531,15.19627,76.08163,2.54,337.68,60.0,2026-08-10T08:22:00Z,N20,,0,,0,0,0,0,0,0,0,0,0,,0,,0,,0,,0,,0,,0
FIRMS_ECBA2638,15.31296,79.78638,4.74,342.14,60.0,2026-08-10T08:22:00Z,N20,,0,,0,0,0,0,0,0,0,0,0,,0,,0,,0,,0,,0,,0
FIRMS_16D65F7B,15.31365,79.78667,5.44,341.47,60.0,2026-08-10T08:22:00Z,N20,,0,,0,0,0,0,0,0,0,0,0,,0,,0,,0,,0,,0,,0
FIRMS_1CAF6989,15.41795,78.95978,1.99,331.92,60.0,2026-08-10T08:22:00Z,N20,,0,,0,0,0,0,0,0,0,0,0,,0,,0,,0,,0,,0,,0
FIRMS_AFB0C1E8,15.49235,79.8241,0.97,332.11,60.0,2026-08-10T08:22:00Z,N20,,0,,0,0,0,0,0,0,0,0,0,,0,,0,,0,,0,,0,,0
FIRMS_FC08C235,15.5248,79.9765,17.07,351.78,60.0,2026-08-10T08:22:00Z,N20,,0,,0,0,0,0,0,0,0,0,0,,0,,0,,0,,0,,0,,0
FIRMS_88329967,15.55135,76.48229,1.88,335.96,60.0,2026-08-10T08:22:00Z,N20,,0,,0,0,0,0,0,0,0,0,0,,0,,0,,0,,0,,0,,0
FIRMS_E10041BC,15.55479,76.48177,1.88,339.78,60.0,2026-08-10T08:22:00Z,N20,,0,,0,0,0,0,0,0,0,0,0,,0,,0,,0,,0,,0,,0
FIRMS_56694AB6,15.56125,76.03621,7.6,343.31,60.0,2026-08-10T08:22:00Z,N20,,0,,0,0,0,0,0,0,0,0,0,,0,,0,,0,,0,,0,,0
FIRMS_64536AA0,15.56179,76.03996,2.83,338.87,60.0,2026-08-10T08:22:00Z,N20,,0,,0,0,0,0,0,0,0,0,0,,0,,0,,0,,0,,0,,0
FIRMS_CE18BEC2,15.56518,76.03944,2.83,336.13,60.0,2026-08-10T08:22:00Z,N20,,0,,0,0,0,0,0,0,0,0,0,,0,,0,,0,,0,,0,,0
FIRMS_E8C35137,15.56572,76.0432,2.83,336.78,60.0,2026-08-10T08:22:00Z,N20,,0,,0,0,0,0,0,0,0,0,0,,0,,0,,0,,0,,0,,0
FIRMS_BB52BD04,15.60812,79.18585,3.6,330.25,60.0,2026-08-10T08:22:00Z,N20,,0,,0,0,0,0,0,0,0,0,0,,0,,0,,0,,0,,0,,0
FIRMS_5AFB211B,15.61103,79.78051,1.71,334.72,60.0,2026-08-10T08:22:00Z,N20,,0,,0,0,0,0,0,0,0,0,0,,0,,0,,0,,0,,0,,0
FIRMS_10AFDF51,15.66667,80.24131,4.66,343.19,60.0,2026-08-10T08:22:00Z,N20,,0,,0,0,0,0,0,0,0,0,0,,0,,0,,0,,0,,0,,0
FIRMS_0613E488,15.67091,80.24074,4.66,343.53,60.0,2026-08-10T08:22:00Z,N20,,0,,0,0,0,0,0,0,0,0,0,,0,,0,,0,,0,,0,,0
FIRMS_02C63F1F,15.73907,76.86617,3.0,338.1,60.0,2026-08-10T08:22:00Z,N20,,0,,0,0,0,0,0,0,0,0,0,,0,,0,,0,,0,,0,,0
FIRMS_D470123C,15.7542,79.77182,2.03,338.71,60.0,2026-08-10T08:22:00Z,N20,,0,,0,0,0,0,0,0,0,0,0,,0,,0,,0,,0,,0,,0
FIRMS_01CCD6A5,15.75735,79.76363,3.92,336.35,60.0,2026-08-10T08:22:00Z,N20,,0,,0,0,0,0,0,0,0,0,0,,0,,0,,0,,0,,0,,0
FIRMS_7EA30523,15.75783,79.76744,3.92,335.57,60.0,2026-08-10T08:22:00Z,N20,,0,,0,0,0,0,0,0,0,0,0,,0,,0,,0,,0,,0,,0
FIRMS_BDDEF9CC,15.81728,79.80627,4.29,336.88,60.0,2026-08-10T08:22:00Z,N20,,0,,0,0,0,0,0,0,0,0,0,,0,,0,,0,,0,,0,,0
FIRMS_6612843E,15.86669,79.77642,4.62,335.2,60.0,2026-08-10T08:22:00Z,N20,,0,,0,0,0,0,0,0,0,0,0,,0,,0,,0,,0,,0,,0
FIRMS_C22DCEFA,16.05512,78.06351,3.88,330.08,60.0,2026-08-10T08:22:00Z,N20,,0,,0,0,0,0,0,0,0,0,0,,0,,0,,0,,0,,0,,0
FIRMS_113E6981,16.60608,75.57046,1.41,330.0,60.0,2026-08-10T08:22:00Z,N20,,0,,0,0,0,0,0,0,0,0,0,,0,,0,,0,,0,,0,,0
FIRMS_8F9BABCF,16.62461,80.19436,3.93,331.67,60.0,2026-08-10T08:22:00Z,N20,,0,,0,0,0,0,0,0,0,0,0,,0,,0,,0,,0,,0,,0
FIRMS_C6540BDE,26.77439,94.50468,4.17,308.83,60.0,2026-08-10T19:10:00Z,N20,445.4477591461819,1,oil_well,2,2,7,0,0,2,0,0,0,,0,,0,445.4477591461819,1,,0,,0,,0
FIRMS_49B66415,27.37869,95.33251,5.95,325.7,60.0,2026-08-10T19:10:00Z,N20,334.6986479309493,1,oil_well,2,5,103,0,0,5,0,0,0,,0,,0,334.6986479309493,1,,0,,0,,0
FIRMS_FE178B5E,27.3791,95.08576,1.88,306.78,60.0,2026-08-10T19:10:00Z,N20,227.69687446079482,1,oil_well,4,14,84,0,0,14,0,0,0,3461.3326957917443,1,,0,227.69687446079482,1,,0,,0,,0
FIRMS_4C92E0CB,27.53482,95.39982,3.01,308.55,60.0,2026-08-10T19:10:00Z,N20,176.28174758934466,1,oil_well,3,8,33,0,0,8,0,0,0,,0,,0,176.28174758934466,1,,0,,0,,0
FIRMS_B0D8F458,22.78907,86.20575,2.02,298.88,60.0,2026-08-10T19:13:00Z,N20,,0,,0,0,0,0,0,0,0,0,0,,0,,0,,0,,0,,0,,0
FIRMS_6C168E03,22.87483,86.0607,3.49,309.68,60.0,2026-08-10T19:13:00Z,N20,3738.266261766028,1,power_plant,0,0,1,0,0,0,0,0,0,3738.266261766028,1,,0,,0,,0,,0,,0
FIRMS_827899F8,23.61393,86.78837,0.51,302.67,60.0,2026-08-10T19:13:00Z,N20,,0,,0,0,0,0,0,0,0,0,0,,0,,0,,0,,0,,0,,0
FIRMS_AFAE9AC9,23.61654,86.78923,0.91,302.22,60.0,2026-08-10T19:13:00Z,N20,,0,,0,0,0,0,0,0,0,0,0,,0,,0,,0,,0,,0,,0
FIRMS_C03413EA,23.64957,85.43659,4.84,321.91,60.0,2026-08-10T19:13:00Z,N20,,0,,0,0,0,0,0,0,0,0,0,,0,,0,,0,,0,,0,,0
FIRMS_13E546F3,23.64963,85.43684,4.89,324.65,60.0,2026-08-10T19:13:00Z,N20,,0,,0,0,0,0,0,0,0,0,0,,0,,0,,0,,0,,0,,0
FIRMS_3AF20B10,23.66453,87.15629,1.47,299.42,60.0,2026-08-10T19:13:00Z,N20,,0,,0,0,0,0,0,0,0,0,0,,0,,0,,0,,0,,0,,0
FIRMS_77DAEC7C,23.68155,86.0921,6.51,312.29,60.0,2026-08-10T19:13:00Z,N20,,0,,0,0,0,0,0,0,0,0,0,,0,,0,,0,,0,,0,,0
FIRMS_56519267,23.75644,85.85308,1.58,307.01,60.0,2026-08-10T19:13:00Z,N20,1868.845112702976,1,oil_well,0,0,12,0,0,0,0,0,0,4124.940948720219,1,,0,1868.845112702976,1,,0,,0,,0
FIRMS_CF98B5B7,23.79861,86.34744,3.95,300.65,60.0,2026-08-10T19:13:00Z,N20,,0,,0,0,0,0,0,0,0,0,0,,0,,0,,0,,0,,0,,0
FIRMS_ECD394CE,29.45847,76.86858,0.54,313.9,60.0,2026-08-10T20:49:00Z,N20,1938.8407793840747,1,oil_refinery,0,0,1,0,0,0,0,0,0,,0,1938.8407793840747,1,,0,,0,,0,,0
FIRMS_AC98EEF9,29.45921,76.86439,0.79,300.55,60.0,2026-08-10T20:49:00Z,N20,2024.5756846568422,1,oil_refinery,0,0,1,0,0,0,0,0,0,,0,2024.5756846568422,1,,0,,0,,0,,0
FIRMS_A32D48A5,20.97868,85.13556,1.86,296.34,60.0,2026-08-10T20:51:00Z,N20,,0,,0,0,0,0,0,0,0,0,0,,0,,0,,0,,0,,0,,0
FIRMS_4333C683,20.97995,85.1302,1.86,299.23,60.0,2026-08-10T20:51:00Z,N20,,0,,0,0,0,0,0,0,0,0,0,,0,,0,,0,,0,,0,,0
FIRMS_8417101C,20.98315,85.13412,2.38,299.79,60.0,2026-08-10T20:51:00Z,N20,,0,,0,0,0,0,0,0,0,0,0,,0,,0,,0,,0,,0,,0
FIRMS_F9E3DA4B,20.98444,85.12879,2.38,297.34,60.0,2026-08-10T20:51:00Z,N20,,0,,0,0,0,0,0,0,0,0,0,,0,,0,,0,,0,,0,,0
FIRMS_C9827B11,20.98612,85.1319,1.86,299.74,60.0,2026-08-10T20:51:00Z,N20,,0,,0,0,0,0,0,0,0,0,0,,0,,0,,0,,0,,0,,0
FIRMS_022F867F,21.5029,81.81057,1.31,298.76,60.0,2026-08-10T20:51:00Z,N20,,0,,0,0,0,0,0,0,0,0,0,,0,,0,,0,,0,,0,,0
FIRMS_ECA4200C,22.78837,86.20921,3.81,301.4,60.0,2026-08-10T20:51:00Z,N20,,0,,0,0,0,0,0,0,0,0,0,,0,,0,,0,,0,,0,,0
FIRMS_EB6EB98B,22.78977,86.20351,3.11,316.04,60.0,2026-08-10T20:51:00Z,N20,,0,,0,0,0,0,0,0,0,0,0,,0,,0,,0,,0,,0,,0
FIRMS_7A18B831,22.79116,86.1979,3.11,302.84,60.0,2026-08-10T20:51:00Z,N20,,0,,0,0,0,0,0,0,0,0,0,,0,,0,,0,,0,,0,,0
FIRMS_34FC4EA3,22.87393,86.06034,1.92,307.16,60.0,2026-08-10T20:51:00Z,N20,3633.429718090505,1,power_plant,0,0,1,0,0,0,0,0,0,3633.429718090505,1,,0,,0,,0,,0,,0
FIRMS_DD768AB9,23.64582,85.43847,1.62,305.49,60.0,2026-08-10T20:51:00Z,N20,,0,,0,0,0,0,0,0,0,0,0,,0,,0,,0,,0,,0,,0
FIRMS_3B66F8AE,23.64651,85.44092,2.44,299.89,60.0,2026-08-10T20:51:00Z,N20,,0,,0,0,0,0,0,0,0,0,0,,0,,0,,0,,0,,0,,0
FIRMS_669CE9BB,23.64775,85.43591,3.12,313.62,60.0,2026-08-10T20:51:00Z,N20,,0,,0,0,0,0,0,0,0,0,0,,0,,0,,0,,0,,0,,0
FIRMS_8CEB614A,23.65179,85.44008,1.75,303.94,60.0,2026-08-10T20:51:00Z,N20,,0,,0,0,0,0,0,0,0,0,0,,0,,0,,0,,0,,0,,0
FIRMS_65C99683,23.66668,86.09091,1.72,303.34,60.0,2026-08-10T20:51:00Z,N20,,0,,0,0,0,0,0,0,0,0,0,,0,,0,,0,,0,,0,,0
FIRMS_EE2829C1,23.67991,86.39603,1.76,309.85,60.0,2026-08-10T20:51:00Z,N20,2540.8925460629544,1,oil_well,0,0,6,0,0,0,0,0,0,,0,,0,2540.8925460629544,1,,0,,0,,0
FIRMS_D7A36ED3,23.68129,86.39057,1.76,306.83,60.0,2026-08-10T20:51:00Z,N20,2400.7488271353395,1,oil_well,0,0,13,0,0,0,0,0,0,,0,,0,2400.7488271353395,1,,0,,0,,0
FIRMS_D2D29911,23.68758,86.39223,1.76,307.96,60.0,2026-08-10T20:51:00Z,N20,2717.7201504701784,1,oil_well,0,0,12,0,0,0,0,0,0,,0,,0,2717.7201504701784,1,,0,,0,,0
FIRMS_BCA032E5,23.69436,85.36815,2.07,313.48,60.0,2026-08-10T20:51:00Z,N20,,0,,0,0,0,0,0,0,0,0,0,,0,,0,,0,,0,,0,,0
FIRMS_6293F14F,23.69555,85.37071,1.99,315.69,60.0,2026-08-10T20:51:00Z,N20,,0,,0,0,0,0,0,0,0,0,0,,0,,0,,0,,0,,0,,0
FIRMS_5A40F48C,23.69679,85.28837,1.24,305.54,60.0,2026-08-10T20:51:00Z,N20,1845.5080798921676,1,oil_well,0,0,8,0,0,0,0,0,0,,0,,0,1845.5080798921676,1,,0,,0,,0
FIRMS_D355DAE5,23.69786,86.07152,0.89,301.54,60.0,2026-08-10T20:51:00Z,N20,,0,,0,0,0,0,0,0,0,0,0,,0,,0,,0,,0,,0,,0
FIRMS_D24437DC,23.70771,86.44617,1.86,305.44,60.0,2026-08-10T20:51:00Z,N20,,0,,0,0,0,0,0,0,0,0,0,,0,,0,,0,,0,,0,,0
FIRMS_C59599C2,23.714,86.44791,1.86,310.79,60.0,2026-08-10T20:51:00Z,N20,,0,,0,0,0,0,0,0,0,0,0,,0,,0,,0,,0,,0,,0
FIRMS_EDC548A7,23.73844,86.43079,3.82,311.63,60.0,2026-08-10T20:51:00Z,N20,,0,,0,0,0,0,0,0,0,0,0,,0,,0,,0,,0,,0,,0
FIRMS_0063E376,23.73986,86.43388,2.78,312.4,60.0,2026-08-10T20:51:00Z,N20,,0,,0,0,0,0,0,0,0,0,0,,0,,0,,0,,0,,0,,0
FIRMS_38F62322,23.76097,86.40368,1.93,303.25,60.0,2026-08-10T20:51:00Z,N20,,0,,0,0,0,0,0,0,0,0,0,,0,,0,,0,,0,,0,,0
FIRMS_10F57C92,23.76558,86.40242,3.01,313.51,60.0,2026-08-10T20:51:00Z,N20,,0,,0,0,0,0,0,0,0,0,0,,0,,0,,0,,0,,0,,0
FIRMS_E055B62B,23.76862,86.4,1.93,304.07,60.0,2026-08-10T20:51:00Z,N20,,0,,0,0,0,0,0,0,0,0,0,,0,,0,,0,,0,,0,,0
FIRMS_8967A288,23.78147,85.5724,1.54,303.08,60.0,2026-08-10T20:51:00Z,N20,2688.297993161173,1,oil_well,0,0,1,0,0,0,0,0,0,,0,,0,2688.297993161173,1,,0,,0,,0
FIRMS_DBEBA367,23.78405,86.33894,1.69,308.11,60.0,2026-08-10T20:51:00Z,N20,,0,,0,0,0,0,0,0,0,0,0,,0,,0,,0,,0,,0,,0
FIRMS_0798FFAD,23.78639,85.55227,1.12,305.35,60.0,2026-08-10T20:51:00Z,N20,1970.73295227258,1,oil_well,0,0,3,0,0,0,0,0,0,,0,,0,1970.73295227258,1,,0,,0,,0
FIRMS_E0596AD0,23.79377,86.35343,1.53,305.95,60.0,2026-08-10T20:51:00Z,N20,,0,,0,0,0,0,0,0,0,0,0,,0,,0,,0,,0,,0,,0
FIRMS_75068B36,23.79513,86.34801,1.53,306.53,60.0,2026-08-10T20:51:00Z,N20,,0,,0,0,0,0,0,0,0,0,0,,0,,0,,0,,0,,0,,0
FIRMS_2C43EE9B,23.80698,86.32746,2.84,310.28,60.0,2026-08-10T20:51:00Z,N20,,0,,0,0,0,0,0,0,0,0,0,,0,,0,,0,,0,,0,,0
FIRMS_65B5A0D5,24.76402,74.60906,0.26,296.61,60.0,2026-08-10T20:51:00Z,N20,,0,,0,0,0,0,0,0,0,0,0,,0,,0,,0,,0,,0,,0
FIRMS_F59A046C,26.25819,74.0951,0.52,303.12,60.0,2026-08-10T20:51:00Z,N20,,0,,0,0,0,0,0,0,0,0,0,,0,,0,,0,,0,,0,,0
FIRMS_10137A60,26.64114,79.47723,1.43,312.55,60.0,2026-08-10T20:51:00Z,N20,,0,,0,0,0,0,0,0,0,0,0,,0,,0,,0,,0,,0,,0
FIRMS_7810DB4D,8.61649,77.94954,2.86,307.5,60.0,2026-08-10T20:55:00Z,N20,,0,,0,0,0,0,0,0,0,0,0,,0,,0,,0,,0,,0,,0
FIRMS_9AE8B7FE,9.28053,77.3913,0.93,310.02,60.0,2026-08-10T20:55:00Z,N20,,0,,0,0,0,0,0,0,0,0,0,,0,,0,,0,,0,,0,,0
FIRMS_E2E586F0,9.29199,77.49243,1.1,307.91,60.0,2026-08-10T20:55:00Z,N20,,0,,0,0,0,0,0,0,0,0,0,,0,,0,,0,,0,,0,,0
FIRMS_59CD3AD8,9.52623,77.45048,1.66,305.38,60.0,2026-08-10T20:55:00Z,N20,,0,,0,0,0,0,0,0,0,0,0,,0,,0,,0,,0,,0,,0
FIRMS_5A7FA80C,9.52703,77.44603,1.66,308.2,60.0,2026-08-10T20:55:00Z,N20,,0,,0,0,0,0,0,0,0,0,0,,0,,0,,0,,0,,0,,0
FIRMS_1235CE96,9.53123,77.45007,10.75,347.58,60.0,2026-08-10T20:55:00Z,N20,,0,,0,0,0,0,0,0,0,0,0,,0,,0,,0,,0,,0,,0
FIRMS_0AFF8BA4,9.53198,77.44591,10.75,338.6,60.0,2026-08-10T20:55:00Z,N20,,0,,0,0,0,0,0,0,0,0,0,,0,,0,,0,,0,,0,,0
FIRMS_42E63D49,9.70288,77.59147,3.19,311.67,60.0,2026-08-10T20:55:00Z,N20,,0,,0,0,0,0,0,0,0,0,0,,0,,0,,0,,0,,0,,0
FIRMS_711D5315,9.70375,77.58665,3.65,313.21,60.0,2026-08-10T20:55:00Z,N20,,0,,0,0,0,0,0,0,0,0,0,,0,,0,,0,,0,,0,,0
FIRMS_8C7CABF5,9.76019,77.70898,0.97,302.96,60.0,2026-08-10T20:55:00Z,N20,,0,,0,0,0,0,0,0,0,0,0,,0,,0,,0,,0,,0,,0
FIRMS_3F98167E,27.24037,88.29879,6.31,325.72,60.0,2026-08-11T06:25:00Z,N20,3058.781505664272,1,power_plant,0,0,1,0,0,0,0,0,0,3058.781505664272,1,,0,,0,,0,,0,,0
FIRMS_89E999AE,27.24048,88.30505,8.53,337.86,60.0,2026-08-11T06:25:00Z,N20,3194.090101455499,1,power_plant,0,0,1,0,0,0,0,0,0,3194.090101455499,1,,0,,0,,0,,0,,0
FIRMS_6C1775B4,27.24228,88.3063,7.74,334.79,60.0,2026-08-11T06:25:00Z,N20,3051.315639659342,1,power_plant,0,0,1,0,0,0,0,0,0,3051.315639659342,1,,0,,0,,0,,0,,0
FIRMS_D68F9A05,27.72578,95.4888,6.21,331.18,30.0,2026-08-11T06:25:00Z,N20,,0,,0,0,0,0,0,0,0,0,0,,0,,0,,0,,0,,0,,0
FIRMS_F0541A4B,27.773,95.53599,3.4,330.11,30.0,2026-08-11T06:25:00Z,N20,,0,,0,0,0,0,0,0,0,0,0,,0,,0,,0,,0,,0,,0
FIRMS_46CAA000,27.77858,95.54299,4.04,330.41,30.0,2026-08-11T06:25:00Z,N20,,0,,0,0,0,0,0,0,0,0,0,,0,,0,,0,,0,,0,,0
FIRMS_E4285484,27.80815,95.56168,4.04,329.71,30.0,2026-08-11T06:25:00Z,N20,,0,,0,0,0,0,0,0,0,0,0,,0,,0,,0,,0,,0,,0
FIRMS_11340563,27.95623,95.60721,3.79,329.33,30.0,2026-08-11T06:25:00Z,N20,,0,,0,0,0,0,0,0,0,0,0,,0,,0,,0,,0,,0,,0
FIRMS_C5DA9F87,28.06248,95.35514,5.03,334.09,60.0,2026-08-11T06:25:00Z,N20,,0,,0,0,0,0,0,0,0,0,0,,0,,0,,0,,0,,0,,0
FIRMS_8E718E64,28.06329,95.35921,5.03,332.38,60.0,2026-08-11T06:25:00Z,N20,,0,,0,0,0,0,0,0,0,0,0,,0,,0,,0,,0,,0,,0
FIRMS_5EC380E2,28.06727,95.37943,7.23,332.36,60.0,2026-08-11T06:25:00Z,N20,,0,,0,0,0,0,0,0,0,0,0,,0,,0,,0,,0,,0,,0
FIRMS_60D7E222,12.80698,79.95535,3.13,331.35,30.0,2026-08-11T08:03:00Z,N20,,0,,0,0,0,0,0,0,0,0,0,,0,,0,,0,,0,,0,,0
FIRMS_338C1513,13.36676,80.1537,3.85,345.95,60.0,2026-08-11T08:05:00Z,N20,,0,,0,0,0,0,0,0,0,0,0,,0,,0,,0,,0,,0,,0
FIRMS_84091D9E,13.41835,80.20307,2.27,332.78,60.0,2026-08-11T08:05:00Z,N20,,0,,0,0,0,0,0,0,0,0,0,,0,,0,,0,,0,,0,,0
FIRMS_3536B693,14.44843,77.61977,7.37,337.0,30.0,2026-08-11T08:05:00Z,N20,,0,,0,0,0,0,0,0,0,0,0,,0,,0,,0,,0,,0,,0
FIRMS_77908E4D,14.79032,79.71083,4.16,337.76,30.0,2026-08-11T08:05:00Z,N20,,0,,0,0,0,0,0,0,0,0,0,,0,,0,,0,,0,,0,,0
FIRMS_541D68E3,14.79469,79.71741,6.21,347.18,60.0,2026-08-11T08:05:00Z,N20,,0,,0,0,0,0,0,0,0,0,0,,0,,0,,0,,0,,0,,0
FIRMS_77745C4C,14.798,79.71689,3.3,336.59,60.0,2026-08-11T08:05:00Z,N20,,0,,0,0,0,0,0,0,0,0,0,,0,,0,,0,,0,,0,,0
FIRMS_33143E44,15.17736,76.65829,3.42,331.25,30.0,2026-08-11T08:05:00Z,N20,,0,,0,0,0,0,0,0,0,0,0,,0,,0,,0,,0,,0,,0
FIRMS_69AB78F8,15.55267,80.06813,6.58,340.26,60.0,2026-08-11T08:05:00Z,N20,,0,,0,0,0,0,0,0,0,0,0,,0,,0,,0,,0,,0,,0
FIRMS_69BBA831,15.63307,79.89992,36.14,348.35,60.0,2026-08-11T08:05:00Z,N20,,0,,0,0,0,0,0,0,0,0,0,,0,,0,,0,,0,,0,,0
FIRMS_BF489ED2,15.68148,79.9514,6.19,338.38,60.0,2026-08-11T08:05:00Z,N20,,0,,0,0,0,0,0,0,0,0,0,,0,,0,,0,,0,,0,,0
FIRMS_6BBFAE82,15.7331,79.90997,4.5,337.28,60.0,2026-08-11T08:05:00Z,N20,,0,,0,0,0,0,0,0,0,0,0,,0,,0,,0,,0,,0,,0
FIRMS_31855F15,16.18925,79.21652,4.39,335.0,60.0,2026-08-11T08:05:00Z,N20,,0,,0,0,0,0,0,0,0,0,0,,0,,0,,0,,0,,0,,0
FIRMS_1A6EF8FD,16.18979,79.22009,2.61,330.28,30.0,2026-08-11T08:05:00Z,N20,,0,,0,0,0,0,0,0,0,0,0,,0,,0,,0,,0,,0,,0
FIRMS_961C89AC,16.19033,79.22364,2.61,334.87,60.0,2026-08-11T08:05:00Z,N20,,0,,0,0,0,0,0,0,0,0,0,,0,,0,,0,,0,,0,,0
FIRMS_A7BDDDAE,16.19309,79.21957,2.61,331.36,30.0,2026-08-11T08:05:00Z,N20,,0,,0,0,0,0,0,0,0,0,0,,0,,0,,0,,0,,0,,0
FIRMS_BE901525,16.2183,79.40965,1.93,332.77,30.0,2026-08-11T08:05:00Z,N20,,0,,0,0,0,0,0,0,0,0,0,,0,,0,,0,,0,,0,,0
FIRMS_D0830B1D,16.33412,80.46732,1.98,331.58,60.0,2026-08-11T08:05:00Z,N20,,0,,0,0,0,0,0,0,0,0,0,,0,,0,,0,,0,,0,,0
FIRMS_10CCB1E6,16.42483,80.22822,6.94,336.66,60.0,2026-08-11T08:05:00Z,N20,,0,,0,0,0,0,0,0,0,0,0,,0,,0,,0,,0,,0,,0
FIRMS_B179605A,16.77258,80.1543,4.91,338.17,60.0,2026-08-11T08:05:00Z,N20,961.1504061396502,1,ethanol_plant,0,1,1,0,0,0,1,0,0,,0,,0,,0,961.1504061396502,1,,0,,0
FIRMS_2B876F0C,16.86279,78.9577,1.33,331.33,60.0,2026-08-11T08:05:00Z,N20,,0,,0,0,0,0,0,0,0,0,0,,0,,0,,0,,0,,0,,0
FIRMS_78A493DA,16.90999,78.88714,4.99,334.77,60.0,2026-08-11T08:05:00Z,N20,,0,,0,0,0,0,0,0,0,0,0,,0,,0,,0,,0,,0,,0
FIRMS_E4CE0057,16.93329,80.66364,2.12,331.57,60.0,2026-08-11T08:05:00Z,N20,,0,,0,0,0,0,0,0,0,0,0,,0,,0,,0,,0,,0,,0
FIRMS_6DC00A45,17.09067,81.20401,2.17,330.65,60.0,2026-08-11T08:05:00Z,N20,,0,,0,0,0,0,0,0,0,0,0,,0,,0,,0,,0,,0,,0
FIRMS_7AA457F2,17.1221,79.64639,5.15,337.06,60.0,2026-08-11T08:05:00Z,N20,,0,,0,0,0,0,0,0,0,0,0,,0,,0,,0,,0,,0,,0
FIRMS_A3950ACB,17.14918,80.78049,2.56,336.76,60.0,2026-08-11T08:05:00Z,N20,,0,,0,0,0,0,0,0,0,0,0,,0,,0,,0,,0,,0,,0
FIRMS_B463E71C,17.23456,81.26965,4.12,334.53,60.0,2026-08-11T08:05:00Z,N20,,0,,0,0,0,0,0,0,0,0,0,,0,,0,,0,,0,,0,,0
FIRMS_7C40558F,17.9502,79.46566,3.99,342.37,60.0,2026-08-11T08:05:00Z,N20,,0,,0,0,0,0,0,0,0,0,0,,0,,0,,0,,0,,0,,0
FIRMS_766FD2D5,17.95493,80.79514,4.55,330.24,60.0,2026-08-11T08:05:00Z,N20,,0,,0,0,0,0,0,0,0,0,0,,0,,0,,0,,0,,0,,0
FIRMS_6C7184B3,18.7149,79.54169,3.21,330.71,30.0,2026-08-11T08:05:00Z,N20,,0,,0,0,0,0,0,0,0,0,0,,0,,0,,0,,0,,0,,0
FIRMS_A0B59777,24.16899,82.62115,4.32,335.93,60.0,2026-08-11T08:05:00Z,N20,,0,,0,0,0,0,0,0,0,0,0,,0,,0,,0,,0,,0,,0
FIRMS_5807FE89,25.94187,72.19154,2.2,334.0,60.0,2026-08-11T08:05:00Z,N20,,0,,0,0,0,0,0,0,0,0,0,,0,,0,,0,,0,,0,,0
FIRMS_07BC6ACB,22.35736,82.30417,6.84,338.94,60.0,2026-08-11T08:07:00Z,N20,,0,,0,0,0,0,0,0,0,0,0,,0,,0,,0,,0,,0,,0
FIRMS_E20E541D,25.56276,88.4414,8.44,295.25,60.0,2026-08-11T18:51:00Z,N20,,0,,0,0,0,0,0,0,0,0,0,,0,,0,,0,,0,,0,,0
FIRMS_6C3E1D1F,25.56323,88.43333,9.22,295.19,60.0,2026-08-11T18:51:00Z,N20,,0,,0,0,0,0,0,0,0,0,0,,0,,0,,0,,0,,0,,0
FIRMS_AEAF1347,25.03829,87.38792,1.33,312.24,60.0,2026-08-11T20:32:00Z,N20,,0,,0,0,0,0,0,0,0,0,0,,0,,0,,0,,0,,0,,0
FIRMS_20B231C5,28.2789,77.27592,1.41,309.9,60.0,2026-08-11T20:32:00Z,N20,,0,,0,0,0,0,0,0,0,0,0,,0,,0,,0,,0,,0,,0
FIRMS_8365491D,28.34712,77.25909,1.43,311.4,60.0,2026-08-11T20:32:00Z,N20,,0,,0,0,0,0,0,0,0,0,0,,0,,0,,0,,0,,0,,0
FIRMS_3D1F86CE,28.35049,77.2597,1.43,307.19,60.0,2026-08-11T20:32:00Z,N20,,0,,0,0,0,0,0,0,0,0,0,,0,,0,,0,,0,,0,,0
FIRMS_17E62482,28.37074,77.26344,1.82,310.58,60.0,2026-08-11T20:32:00Z,N20,,0,,0,0,0,0,0,0,0,0,0,,0,,0,,0,,0,,0,,0
FIRMS_2DA4CEC3,28.66428,77.57787,3.12,311.08,60.0,2026-08-11T20:32:00Z,N20,,0,,0,0,0,0,0,0,0,0,0,,0,,0,,0,,0,,0,,0
FIRMS_A85E4C55,17.95876,80.79718,2.29,309.9,60.0,2026-08-11T20:34:00Z,N20,,0,,0,0,0,0,0,0,0,0,0,,0,,0,,0,,0,,0,,0
FIRMS_B7B94F23,17.95963,80.79234,2.29,310.82,60.0,2026-08-11T20:34:00Z,N20,,0,,0,0,0,0,0,0,0,0,0,,0,,0,,0,,0,,0,,0
FIRMS_51616315,19.10163,82.17058,0.72,303.57,60.0,2026-08-11T20:34:00Z,N20,,0,,0,0,0,0,0,0,0,0,0,,0,,0,,0,,0,,0,,0
FIRMS_C6BA373B,21.00171,86.02567,1.8,299.76,60.0,2026-08-11T20:34:00Z,N20,,0,,0,0,0,0,0,0,0,0,0,,0,,0,,0,,0,,0,,0
FIRMS_D4225238,21.23481,79.62927,1.19,307.62,60.0,2026-08-11T20:34:00Z,N20,,0,,0,0,0,0,0,0,0,0,0,,0,,0,,0,,0,,0,,0
FIRMS_0D362A5D,21.96473,83.7708,1.31,299.18,60.0,2026-08-11T20:34:00Z,N20,,0,,0,0,0,0,0,0,0,0,0,,0,,0,,0,,0,,0,,0
FIRMS_3D3F1153,22.36096,87.29205,1.53,303.43,60.0,2026-08-11T20:34:00Z,N20,,0,,0,0,0,0,0,0,0,0,0,,0,,0,,0,,0,,0,,0
FIRMS_C79D74FD,22.37052,87.29823,1.59,305.28,60.0,2026-08-11T20:34:00Z,N20,,0,,0,0,0,0,0,0,0,0,0,,0,,0,,0,,0,,0,,0
FIRMS_95FB105D,22.37055,87.29816,1.7,306.46,60.0,2026-08-11T20:34:00Z,N20,,0,,0,0,0,0,0,0,0,0,0,,0,,0,,0,,0,,0,,0
FIRMS_BC20330F,22.37516,87.27764,1.93,305.35,60.0,2026-08-11T20:34:00Z,N20,,0,,0,0,0,0,0,0,0,0,0,,0,,0,,0,,0,,0,,0
FIRMS_0630CD9C,22.37947,87.28227,2.67,312.67,60.0,2026-08-11T20:34:00Z,N20,,0,,0,0,0,0,0,0,0,0,0,,0,,0,,0,,0,,0,,0
FIRMS_B2935A35,22.37956,87.28238,1.93,306.74,60.0,2026-08-11T20:34:00Z,N20,,0,,0,0,0,0,0,0,0,0,0,,0,,0,,0,,0,,0,,0
FIRMS_9C8F5C02,22.38022,87.27884,2.67,326.55,60.0,2026-08-11T20:34:00Z,N20,,0,,0,0,0,0,0,0,0,0,0,,0,,0,,0,,0,,0,,0
FIRMS_14132144,22.38033,87.27895,1.93,323.37,60.0,2026-08-11T20:34:00Z,N20,,0,,0,0,0,0,0,0,0,0,0,,0,,0,,0,,0,,0,,0
FIRMS_FFCE864B,22.3811,87.27553,3.78,304.46,60.0,2026-08-11T20:34:00Z,N20,,0,,0,0,0,0,0,0,0,0,0,,0,,0,,0,,0,,0,,0
FIRMS_E101B038,23.48532,87.36385,0.99,304.55,60.0,2026-08-11T20:34:00Z,N20,3903.9185424103725,1,oil_well,0,0,10,0,0,0,0,0,0,,0,,0,3903.9185424103725,1,,0,,0,,0
FIRMS_1699E59C,23.48966,87.36847,0.68,299.79,60.0,2026-08-11T20:34:00Z,N20,3242.829494264928,1,oil_well,0,0,13,0,0,0,0,0,0,,0,,0,3242.829494264928,1,,0,,0,,0
FIRMS_6ECC612D,23.64632,85.43761,2.44,311.42,60.0,2026-08-11T20:34:00Z,N20,,0,,0,0,0,0,0,0,0,0,0,,0,,0,,0,,0,,0,,0
FIRMS_7506AC2C,23.64951,85.4416,2.28,316.71,60.0,2026-08-11T20:34:00Z,N20,,0,,0,0,0,0,0,0,0,0,0,,0,,0,,0,,0,,0,,0
FIRMS_E9EAA563,23.65055,85.43652,2.29,311.66,60.0,2026-08-11T20:34:00Z,N20,,0,,0,0,0,0,0,0,0,0,0,,0,,0,,0,,0,,0,,0
FIRMS_AFFDD728,23.65083,85.43866,2.44,318.02,60.0,2026-08-11T20:34:00Z,N20,,0,,0,0,0,0,0,0,0,0,0,,0,,0,,0,,0,,0,,0
FIRMS_E2CE9A5D,23.66999,86.09066,1.71,303.96,60.0,2026-08-11T20:34:00Z,N20,,0,,0,0,0,0,0,0,0,0,0,,0,,0,,0,,0,,0,,0
FIRMS_0DC8E2FA,23.67584,86.08637,4.23,306.11,60.0,2026-08-11T20:34:00Z,N20,,0,,0,0,0,0,0,0,0,0,0,,0,,0,,0,,0,,0,,0
FIRMS_A1F41E87,23.68402,86.0943,3.13,308.31,60.0,2026-08-11T20:34:00Z,N20,,0,,0,0,0,0,0,0,0,0,0,,0,,0,,0,,0,,0,,0
FIRMS_39DCA4A8,23.69359,85.3704,2.47,315.89,60.0,2026-08-11T20:34:00Z,N20,,0,,0,0,0,0,0,0,0,0,0,,0,,0,,0,,0,,0,,0
FIRMS_D126739C,23.69675,85.28836,1.63,307.4,60.0,2026-08-11T20:34:00Z,N20,1840.9476197148215,1,oil_well,0,0,8,0,0,0,0,0,0,,0,,0,1840.9476197148215,1,,0,,0,,0
FIRMS_B8D7AE9A,23.70853,86.07167,5.48,334.03,60.0,2026-08-11T20:34:00Z,N20,,0,,0,0,0,0,0,0,0,0,0,,0,,0,,0,,0,,0,,0
FIRMS_49E23276,23.78448,85.57327,1.13,301.1,60.0,2026-08-11T20:34:00Z,N20,2948.751528723637,1,oil_well,0,0,1,0,0,0,0,0,0,,0,,0,2948.751528723637,1,,0,,0,,0
FIRMS_D97BFE1D,23.78876,85.55288,1.73,309.98,60.0,2026-08-11T20:34:00Z,N20,2240.0724716186346,1,oil_well,0,0,3,0,0,0,0,0,0,,0,,0,2240.0724716186346,1,,0,,0,,0
FIRMS_DEB20499,23.8256,84.57082,0.59,297.59,60.0,2026-08-11T20:34:00Z,N20,,0,,0,0,0,0,0,0,0,0,0,,0,,0,,0,,0,,0,,0
FIRMS_94E4324F,13.15991,80.28368,1.01,303.75,60.0,2026-08-11T20:36:00Z,N20,1540.4800405493916,1,oil_refinery,0,0,1,0,0,0,0,0,0,,0,1540.4800405493916,1,,0,,0,,0,,0
FIRMS_237A7FCD,13.39343,80.10166,1.32,305.49,60.0,2026-08-11T20:36:00Z,N20,,0,,0,0,0,0,0,0,0,0,0,,0,,0,,0,,0,,0,,0
FIRMS_5015C8E3,13.89893,76.56593,0.93,308.17,60.0,2026-08-11T20:36:00Z,N20,,0,,0,0,0,0,0,0,0,0,0,,0,,0,,0,,0,,0,,0
FIRMS_8F1084C2,14.87312,78.05287,2.14,318.43,60.0,2026-08-11T20:36:00Z,N20,,0,,0,0,0,0,0,0,0,0,0,,0,,0,,0,,0,,0,,0
FIRMS_AA2183A2,14.93165,78.33964,2.28,306.82,60.0,2026-08-11T20:36:00Z,N20,,0,,0,0,0,0,0,0,0,0,0,,0,,0,,0,,0,,0,,0
FIRMS_543F255B,15.024,78.01444,2.51,313.7,60.0,2026-08-11T20:36:00Z,N20,,0,,0,0,0,0,0,0,0,0,0,,0,,0,,0,,0,,0,,0
FIRMS_7E34DE7E,15.18219,76.66824,0.65,300.27,60.0,2026-08-11T20:36:00Z,N20,,0,,0,0,0,0,0,0,0,0,0,,0,,0,,0,,0,,0,,0
FIRMS_AD161817,15.18492,76.6724,0.65,298.67,60.0,2026-08-11T20:36:00Z,N20,,0,,0,0,0,0,0,0,0,0,0,,0,,0,,0,,0,,0,,0
FIRMS_4E15C124,17.02847,81.78075,0.4,298.82,60.0,2026-08-11T20:36:00Z,N20,,0,,0,0,0,0,0,0,0,0,0,,0,,0,,0,,0,,0,,0
FIRMS_929510A6,17.03654,81.80577,0.62,297.07,60.0,2026-08-11T20:36:00Z,N20,,0,,0,0,0,0,0,0,0,0,0,,0,,0,,0,,0,,0,,0
FIRMS_25B82B80,9.48627,77.62683,0.7,305.24,60.0,2026-08-11T20:38:00Z,N20,,0,,0,0,0,0,0,0,0,0,0,,0,,0,,0,,0,,0,,0
FIRMS_C1D46449,9.52236,77.44857,0.8,302.37,60.0,2026-08-11T20:38:00Z,N20,,0,,0,0,0,0,0,0,0,0,0,,0,,0,,0,,0,,0,,0
FIRMS_1C93AFCA,9.52275,77.44942,0.91,306.38,60.0,2026-08-11T20:38:00Z,N20,,0,,0,0,0,0,0,0,0,0,0,,0,,0,,0,,0,,0,,0
FIRMS_BDE8CB83,9.53981,77.45353,1.88,319.07,60.0,2026-08-11T20:38:00Z,N20,,0,,0,0,0,0,0,0,0,0,0,,0,,0,,0,,0,,0,,0
FIRMS_6FF1920E,9.20449,77.60951,5.87,335.56,60.0,2026-08-12T07:44:00Z,N20,,0,,0,0,0,0,0,0,0,0,0,,0,,0,,0,,0,,0,,0
FIRMS_49944C57,9.20908,77.63577,10.1,341.99,60.0,2026-08-12T07:44:00Z,N20,,0,,0,0,0,0,0,0,0,0,0,,0,,0,,0,,0,,0,,0
FIRMS_5AFB8788,9.6383,78.88969,4.82,341.3,60.0,2026-08-12T07:44:00Z,N20,3073.293578711691,1,oil_well,0,0,1,0,0,0,0,0,0,,0,,0,3073.293578711691,1,,0,,0,,0
FIRMS_CA3110F8,9.91037,77.56055,4.17,335.31,60.0,2026-08-12T07:44:00Z,N20,,0,,0,0,0,0,0,0,0,0,0,,0,,0,,0,,0,,0,,0
FIRMS_89BAB00D,9.97957,79.08302,1.8,332.1,60.0,2026-08-12T07:44:00Z,N20,,0,,0,0,0,0,0,0,0,0,0,,0,,0,,0,,0,,0,,0
FIRMS_63FA9F02,10.04167,78.29845,2.56,331.42,60.0,2026-08-12T07:44:00Z,N20,,0,,0,0,0,0,0,0,0,0,0,,0,,0,,0,,0,,0,,0
FIRMS_E5E070AD,10.39741,79.03778,2.55,333.73,60.0,2026-08-12T07:44:00Z,N20,1708.3165951692445,1,oil_well,0,0,2,0,0,0,0,0,0,,0,,0,1708.3165951692445,1,,0,,0,,0
FIRMS_4B080E40,10.77627,79.65818,4.94,343.0,60.0,2026-08-12T07:44:00Z,N20,847.6751885068234,1,oil_well,0,4,70,0,0,4,0,0,0,,0,,0,847.6751885068234,1,,0,,0,,0
FIRMS_F75E09B3,10.83158,79.46785,3.6,330.5,60.0,2026-08-12T07:44:00Z,N20,1625.7862925059085,1,oil_well,0,0,10,0,0,0,0,0,0,,0,,0,1625.7862925059085,1,,0,,0,,0
FIRMS_91B21AAE,10.85851,78.56897,3.13,338.97,60.0,2026-08-12T07:44:00Z,N20,,0,,0,0,0,0,0,0,0,0,0,,0,,0,,0,,0,,0,,0
FIRMS_EA830CD7,10.87308,78.57518,2.05,330.32,60.0,2026-08-12T07:44:00Z,N20,,0,,0,0,0,0,0,0,0,0,0,,0,,0,,0,,0,,0,,0
FIRMS_472C357D,10.9262,78.90511,1.95,330.07,30.0,2026-08-12T07:44:00Z,N20,,0,,0,0,0,0,0,0,0,0,0,,0,,0,,0,,0,,0,,0
FIRMS_A14590D2,11.11998,79.63828,2.63,333.57,60.0,2026-08-12T07:44:00Z,N20,2817.211401482186,1,oil_well,0,0,8,0,0,0,0,0,0,,0,,0,2817.211401482186,1,,0,,0,,0
FIRMS_B2307358,18.08593,81.23905,39.17,356.33,30.0,2026-08-12T07:46:00Z,N20,,0,,0,0,0,0,0,0,0,0,0,,0,,0,,0,,0,,0,,0
FIRMS_07A4DD31,18.08656,81.24291,39.17,335.15,60.0,2026-08-12T07:46:00Z,N20,,0,,0,0,0,0,0,0,0,0,0,,0,,0,,0,,0,,0,,0
FIRMS_CE3CDF6F,21.67827,84.03967,3.11,331.58,60.0,2026-08-12T07:46:00Z,N20,,0,,0,0,0,0,0,0,0,0,0,,0,,0,,0,,0,,0,,0
FIRMS_CA04CA2C,21.74458,83.84264,4.97,341.87,60.0,2026-08-12T07:46:00Z,N20,,0,,0,0,0,0,0,0,0,0,0,,0,,0,,0,,0,,0,,0
FIRMS_1AF34EE0,21.74793,83.8421,11.51,345.22,60.0,2026-08-12T07:46:00Z,N20,,0,,0,0,0,0,0,0,0,0,0,,0,,0,,0,,0,,0,,0
FIRMS_ED9BA0AF,21.75521,83.84486,7.93,343.61,60.0,2026-08-12T07:46:00Z,N20,,0,,0,0,0,0,0,0,0,0,0,,0,,0,,0,,0,,0,,0
FIRMS_4274E2A5,21.76248,83.8476,4.06,331.66,60.0,2026-08-12T07:46:00Z,N20,,0,,0,0,0,0,0,0,0,0,0,,0,,0,,0,,0,,0,,0
FIRMS_DC6433B6,21.92081,83.35064,6.75,346.59,60.0,2026-08-12T07:46:00Z,N20,,0,,0,0,0,0,0,0,0,0,0,,0,,0,,0,,0,,0,,0
FIRMS_13A8AC2A,22.35893,82.30504,6.54,333.67,60.0,2026-08-12T07:46:00Z,N20,,0,,0,0,0,0,0,0,0,0,0,,0,,0,,0,,0,,0,,0
FIRMS_BE2428CD,23.82221,84.57487,6.54,333.58,60.0,2026-08-12T07:46:00Z,N20,,0,,0,0,0,0,0,0,0,0,0,,0,,0,,0,,0,,0,,0
FIRMS_BAF5607C,25.33686,83.10394,2.78,330.3,30.0,2026-08-12T07:48:00Z,N20,,0,,0,0,0,0,0,0,0,0,0,,0,,0,,0,,0,,0,,0
FIRMS_ACC6C3EF,25.45755,83.14108,5.37,336.4,60.0,2026-08-12T07:48:00Z,N20,,0,,0,0,0,0,0,0,0,0,0,,0,,0,,0,,0,,0,,0
FIRMS_2FF58F79,25.46093,83.1405,5.37,335.44,60.0,2026-08-12T07:48:00Z,N20,,0,,0,0,0,0,0,0,0,0,0,,0,,0,,0,,0,,0,,0
FIRMS_E4EE3951,25.4643,83.13992,5.43,333.19,60.0,2026-08-12T07:48:00Z,N20,,0,,0,0,0,0,0,0,0,0,0,,0,,0,,0,,0,,0,,0
FIRMS_7B945EA0,29.32052,74.35227,3.8,338.87,60.0,2026-08-12T07:48:00Z,N20,,0,,0,0,0,0,0,0,0,0,0,,0,,0,,0,,0,,0,,0
FIRMS_8AD2E104,29.73349,78.01696,5.29,332.85,30.0,2026-08-12T07:48:00Z,N20,1835.078923196921,1,ethanol_plant,0,0,1,0,0,0,0,0,0,,0,,0,,0,1835.078923196921,1,,0,,0
FIRMS_8BE5C0F3,31.49857,75.84365,5.11,330.44,30.0,2026-08-12T07:50:00Z,N20,,0,,0,0,0,0,0,0,0,0,0,,0,,0,,0,,0,,0,,0
FIRMS_FCCAEE84,23.8232,84.57487,0.81,301.72,60.0,2026-08-12T20:14:00Z,N20,,0,,0,0,0,0,0,0,0,0,0,,0,,0,,0,,0,,0,,0
FIRMS_17EB4871,23.82724,84.57159,0.81,297.82,60.0,2026-08-12T20:14:00Z,N20,,0,,0,0,0,0,0,0,0,0,0,,0,,0,,0,,0,,0,,0
FIRMS_EACEBB81,24.13923,82.70773,0.59,305.69,60.0,2026-08-12T20:14:00Z,N20,3996.353894706822,1,power_plant,0,0,1,0,0,0,0,0,0,3996.353894706822,1,,0,,0,,0,,0,,0
FIRMS_424C4183,24.16145,82.631,0.98,302.49,60.0,2026-08-12T20:14:00Z,N20,,0,,0,0,0,0,0,0,0,0,0,,0,,0,,0,,0,,0,,0
FIRMS_C521B3A9,24.16228,82.60419,0.44,304.2,60.0,2026-08-12T20:14:00Z,N20,,0,,0,0,0,0,0,0,0,0,0,,0,,0,,0,,0,,0,,0
FIRMS_C3236C74,24.16861,82.62848,1.19,309.23,60.0,2026-08-12T20:14:00Z,N20,,0,,0,0,0,0,0,0,0,0,0,,0,,0,,0,,0,,0,,0
FIRMS_55C66156,24.1692,82.62474,1.06,306.16,60.0,2026-08-12T20:14:00Z,N20,,0,,0,0,0,0,0,0,0,0,0,,0,,0,,0,,0,,0,,0
FIRMS_7792C04E,24.16979,82.62099,1.06,318.69,60.0,2026-08-12T20:14:00Z,N20,,0,,0,0,0,0,0,0,0,0,0,,0,,0,,0,,0,,0,,0
FIRMS_0C15078E,24.17882,82.65287,0.93,307.32,60.0,2026-08-12T20:14:00Z,N20,,0,,0,0,0,0,0,0,0,0,0,,0,,0,,0,,0,,0,,0
FIRMS_6B7B911F,24.1854,82.6541,0.91,306.41,60.0,2026-08-12T20:14:00Z,N20,,0,,0,0,0,0,0,0,0,0,0,,0,,0,,0,,0,,0,,0
FIRMS_6C719A94,24.19957,82.71458,0.71,303.79,60.0,2026-08-12T20:14:00Z,N20,,0,,0,0,0,0,0,0,0,0,0,,0,,0,,0,,0,,0,,0
FIRMS_7C962597,24.20345,82.71145,1.3,304.55,60.0,2026-08-12T20:14:00Z,N20,,0,,0,0,0,0,0,0,0,0,0,,0,,0,,0,,0,,0,,0
FIRMS_10A12642,24.20403,82.7077,0.58,305.63,60.0,2026-08-12T20:14:00Z,N20,,0,,0,0,0,0,0,0,0,0,0,,0,,0,,0,,0,,0,,0
FIRMS_E8FDA893,24.20732,82.70832,0.58,305.55,60.0,2026-08-12T20:14:00Z,N20,,0,,0,0,0,0,0,0,0,0,0,,0,,0,,0,,0,,0,,0
FIRMS_722D8CFA,25.94514,72.18692,3.17,321.54,60.0,2026-08-12T20:14:00Z,N20,,0,,0,0,0,0,0,0,0,0,0,,0,,0,,0,,0,,0,,0
FIRMS_6310A6BC,26.64241,79.47778,1.15,308.34,60.0,2026-08-12T20:14:00Z,N20,,0,,0,0,0,0,0,0,0,0,0,,0,,0,,0,,0,,0,,0
FIRMS_44229BF5,27.46261,95.47537,1.76,305.77,60.0,2026-08-12T20:14:00Z,N20,387.4265068696047,1,oil_well,5,16,76,0,0,16,0,0,0,,0,,0,387.4265068696047,1,,0,,0,,0
FIRMS_552B9351,28.65299,77.58749,1.18,312.79,60.0,2026-08-12T20:14:00Z,N20,,0,,0,0,0,0,0,0,0,0,0,,0,,0,,0,,0,,0,,0
FIRMS_3A09D371,10.6178,77.42089,0.51,304.49,60.0,2026-08-12T20:17:00Z,N20,,0,,0,0,0,0,0,0,0,0,0,,0,,0,,0,,0,,0,,0
FIRMS_37FF2B43,10.92072,78.51337,1.39,318.72,60.0,2026-08-12T20:17:00Z,N20,,0,,0,0,0,0,0,0,0,0,0,,0,,0,,0,,0,,0,,0
FIRMS_5FCF3201,10.92405,78.51392,1.39,312.26,60.0,2026-08-12T20:17:00Z,N20,,0,,0,0,0,0,0,0,0,0,0,,0,,0,,0,,0,,0,,0
FIRMS_FAFC97C3,10.92998,77.0639,0.97,306.78,60.0,2026-08-12T20:17:00Z,N20,,0,,0,0,0,0,0,0,0,0,0,,0,,0,,0,,0,,0,,0
FIRMS_FAEF6BC5,11.15497,77.94162,0.49,302.25,60.0,2026-08-12T20:17:00Z,N20,,0,,0,0,0,0,0,0,0,0,0,,0,,0,,0,,0,,0,,0
FIRMS_7E74267F,11.76602,77.00774,1.88,317.57,60.0,2026-08-12T20:17:00Z,N20,,0,,0,0,0,0,0,0,0,0,0,,0,,0,,0,,0,,0,,0
FIRMS_F3798A64,21.18085,81.37692,0.96,303.51,60.0,2026-08-12T20:17:00Z,N20,,0,,0,0,0,0,0,0,0,0,0,,0,,0,,0,,0,,0,,0
FIRMS_F0BB537F,21.18358,81.3812,0.96,311.86,60.0,2026-08-12T20:17:00Z,N20,,0,,0,0,0,0,0,0,0,0,0,,0,,0,,0,,0,,0,,0
FIRMS_7A48E662,21.18847,81.39343,1.17,306.85,60.0,2026-08-12T20:17:00Z,N20,4283.084389675621,1,power_plant,0,0,1,0,0,0,0,0,0,4283.084389675621,1,,0,,0,,0,,0,,0
FIRMS_BAF70FA4,21.1945,81.39828,2.1,317.88,60.0,2026-08-12T20:17:00Z,N20,3806.0034781102568,1,power_plant,0,0,1,0,0,0,0,0,0,3806.0034781102568,1,,0,,0,,0,,0,,0
FIRMS_61AF71B2,21.21967,81.39117,0.82,307.04,60.0,2026-08-12T20:17:00Z,N20,,0,,0,0,0,0,0,0,0,0,0,,0,,0,,0,,0,,0,,0
FIRMS_A2EE2737,21.24339,79.22346,1.06,305.21,60.0,2026-08-12T20:17:00Z,N20,,0,,0,0,0,0,0,0,0,0,0,,0,,0,,0,,0,,0,,0
FIRMS_6CE2ABBE,21.2455,81.77003,1.85,307.98,60.0,2026-08-12T20:17:00Z,N20,,0,,0,0,0,0,0,0,0,0,0,,0,,0,,0,,0,,0,,0
FIRMS_8775D498,21.24867,79.2114,0.95,303.02,60.0,2026-08-12T20:17:00Z,N20,,0,,0,0,0,0,0,0,0,0,0,,0,,0,,0,,0,,0,,0
FIRMS_C8A3CE37,21.24927,79.2072,1.17,305.11,60.0,2026-08-12T20:17:00Z,N20,,0,,0,0,0,0,0,0,0,0,0,,0,,0,,0,,0,,0,,0
FIRMS_B0A0BFCD,21.29379,81.59311,0.81,305.98,60.0,2026-08-12T20:17:00Z,N20,,0,,0,0,0,0,0,0,0,0,0,,0,,0,,0,,0,,0,,0
FIRMS_62B706A5,21.31084,81.59235,1.27,309.73,60.0,2026-08-12T20:17:00Z,N20,,0,,0,0,0,0,0,0,0,0,0,,0,,0,,0,,0,,0,,0
FIRMS_E1AFCE64,21.33706,78.96845,0.67,302.49,60.0,2026-08-12T20:17:00Z,N20,,0,,0,0,0,0,0,0,0,0,0,,0,,0,,0,,0,,0,,0
FIRMS_9C8B8D00,21.91678,83.35397,0.45,300.5,60.0,2026-08-12T20:17:00Z,N20,,0,,0,0,0,0,0,0,0,0,0,,0,,0,,0,,0,,0,,0
FIRMS_0BED2CCB,21.92072,83.35084,2.05,327.23,60.0,2026-08-12T20:17:00Z,N20,,0,,0,0,0,0,0,0,0,0,0,,0,,0,,0,,0,,0,,0
FIRMS_A5A3390C,21.92404,83.35147,2.05,309.96,60.0,2026-08-12T20:17:00Z,N20,,0,,0,0,0,0,0,0,0,0,0,,0,,0,,0,,0,,0,,0
FIRMS_A2811B85,21.92591,83.34019,1.13,309.86,60.0,2026-08-12T20:17:00Z,N20,,0,,0,0,0,0,0,0,0,0,0,,0,,0,,0,,0,,0,,0
FIRMS_5776474F,21.98617,82.01643,0.58,300.01,60.0,2026-08-12T20:17:00Z,N20,,0,,0,0,0,0,0,0,0,0,0,,0,,0,,0,,0,,0,,0
FIRMS_59966566,22.03967,83.35366,1.25,301.84,60.0,2026-08-12T20:17:00Z,N20,,0,,0,0,0,0,0,0,0,0,0,,0,,0,,0,,0,,0,,0
FIRMS_3AF8F0C9,22.04029,83.3499,0.99,304.76,60.0,2026-08-12T20:17:00Z,N20,,0,,0,0,0,0,0,0,0,0,0,,0,,0,,0,,0,,0,,0
FIRMS_86C04798,22.08837,83.11952,1.96,312.44,60.0,2026-08-12T20:17:00Z,N20,,0,,0,0,0,0,0,0,0,0,0,,0,,0,,0,,0,,0,,0
FIRMS_F648D044,22.3556,82.30254,1.44,305.44,60.0,2026-08-12T20:17:00Z,N20,,0,,0,0,0,0,0,0,0,0,0,,0,,0,,0,,0,,0,,0
FIRMS_86106AF8,22.35889,82.30314,1.44,320.33,60.0,2026-08-12T20:17:00Z,N20,,0,,0,0,0,0,0,0,0,0,0,,0,,0,,0,,0,,0,,0
FIRMS_13B38581,8.67153,77.9933,1.2,304.22,60.0,2026-08-12T20:19:00Z,N20,,0,,0,0,0,0,0,0,0,0,0,,0,,0,,0,,0,,0,,0
FIRMS_B3EB8492,12.85167,79.90427,9.3,341.34,60.0,2026-08-12T20:19:00Z,N20,,0,,0,0,0,0,0,0,0,0,0,,0,,0,,0,,0,,0,,0
FIRMS_F167C031,14.1833,79.55907,1.34,304.67,60.0,2026-08-12T20:19:00Z,N20,,0,,0,0,0,0,0,0,0,0,0,,0,,0,,0,,0,,0,,0
FIRMS_5D189C95,15.33323,76.28339,1.13,300.09,60.0,2026-08-12T20:19:00Z,N20,,0,,0,0,0,0,0,0,0,0,0,,0,,0,,0,,0,,0,,0
FIRMS_783F4634,15.33402,76.28646,1.35,299.45,60.0,2026-08-12T20:19:00Z,N20,,0,,0,0,0,0,0,0,0,0,0,,0,,0,,0,,0,,0,,0
FIRMS_5E5A5058,25.93983,72.19559,2.05,309.26,60.0,2026-08-12T21:53:00Z,N20,,0,,0,0,0,0,0,0,0,0,0,,0,,0,,0,,0,,0,,0
FIRMS_559066A0,25.9415,72.18927,2.05,302.41,60.0,2026-08-12T21:53:00Z,N20,,0,,0,0,0,0,0,0,0,0,0,,0,,0,,0,,0,,0,,0
FIRMS_AA05DB53,25.94436,72.19416,1.92,319.0,60.0,2026-08-12T21:53:00Z,N20,,0,,0,0,0,0,0,0,0,0,0,,0,,0,,0,,0,,0,,0
FIRMS_BF3BDACB,9.61558,78.6358,3.4,334.43,60.0,2026-08-13T07:24:00Z,N20,,0,,0,0,0,0,0,0,0,0,0,,0,,0,,0,,0,,0,,0
FIRMS_A281048D,9.88432,78.81351,3.15,331.34,60.0,2026-08-13T07:24:00Z,N20,,0,,0,0,0,0,0,0,0,0,0,,0,,0,,0,,0,,0,,0
FIRMS_9EDB8FA3,23.67608,86.39724,5.77,331.99,60.0,2026-08-13T07:29:00Z,N20,2294.964898101168,1,oil_well,0,0,2,0,0,0,0,0,0,,0,,0,2294.964898101168,1,,0,,0,,0
FIRMS_8594571E,23.67665,86.40098,4.48,333.86,60.0,2026-08-13T07:29:00Z,N20,2617.581125082049,1,oil_well,0,0,2,0,0,0,0,0,0,,0,,0,2617.581125082049,1,,0,,0,,0
FIRMS_53546FD1,23.68266,86.39605,3.35,333.38,60.0,2026-08-13T07:29:00Z,N20,2795.428262941703,1,oil_well,0,0,7,0,0,0,0,0,0,,0,,0,2795.428262941703,1,,0,,0,,0
FIRMS_C98212B8,23.68537,86.39171,3.35,330.93,60.0,2026-08-13T07:29:00Z,N20,2828.1878186410045,1,oil_well,0,0,12,0,0,0,0,0,0,,0,,0,2828.1878186410045,1,,0,,0,,0
FIRMS_0ADDD927,23.71159,86.45226,8.25,346.75,60.0,2026-08-13T07:29:00Z,N20,,0,,0,0,0,0,0,0,0,0,0,,0,,0,,0,,0,,0,,0
FIRMS_99CF5665,23.75834,86.40134,4.42,333.68,60.0,2026-08-13T07:29:00Z,N20,,0,,0,0,0,0,0,0,0,0,0,,0,,0,,0,,0,,0,,0
FIRMS_29E99D4D,23.76221,86.40449,4.42,340.79,60.0,2026-08-13T07:29:00Z,N20,,0,,0,0,0,0,0,0,0,0,0,,0,,0,,0,,0,,0,,0
FIRMS_BD8E6F31,23.7655,86.40389,5.14,339.52,60.0,2026-08-13T07:29:00Z,N20,,0,,0,0,0,0,0,0,0,0,0,,0,,0,,0,,0,,0,,0
FIRMS_FF8CF824,23.77693,86.39029,3.65,334.95,60.0,2026-08-13T07:29:00Z,N20,,0,,0,0,0,0,0,0,0,0,0,,0,,0,,0,,0,,0,,0
FIRMS_44036FF5,23.78022,86.38969,3.65,334.79,60.0,2026-08-13T07:29:00Z,N20,,0,,0,0,0,0,0,0,0,0,0,,0,,0,,0,,0,,0,,0
FIRMS_83F61749,23.79478,86.35245,3.78,333.48,60.0,2026-08-13T07:29:00Z,N20,,0,,0,0,0,0,0,0,0,0,0,,0,,0,,0,,0,,0,,0
FIRMS_B07F986E,23.8039,86.32387,5.76,339.14,60.0,2026-08-13T07:29:00Z,N20,,0,,0,0,0,0,0,0,0,0,0,,0,,0,,0,,0,,0,,0
FIRMS_6E747047,25.2817,87.65293,2.39,335.42,60.0,2026-08-13T07:29:00Z,N20,,0,,0,0,0,0,0,0,0,0,0,,0,,0,,0,,0,,0,,0
FIRMS_B91F606A,26.89398,93.03973,6.64,342.38,60.0,2026-08-13T07:29:00Z,N20,,0,,0,0,0,0,0,0,0,0,0,,0,,0,,0,,0,,0,,0
FIRMS_4C49CAB4,26.93147,92.41478,6.62,342.18,60.0,2026-08-13T07:29:00Z,N20,,0,,0,0,0,0,0,0,0,0,0,,0,,0,,0,,0,,0,,0
FIRMS_2A2A998D,29.06069,79.5211,3.85,330.18,60.0,2026-08-13T07:31:00Z,N20,,0,,0,0,0,0,0,0,0,0,0,,0,,0,,0,,0,,0,,0
FIRMS_89E59153,23.69424,86.07922,0.7,300.84,60.0,2026-08-13T19:55:00Z,N20,,0,,0,0,0,0,0,0,0,0,0,,0,,0,,0,,0,,0,,0
FIRMS_6EF2235B,23.69758,86.0798,0.7,298.91,60.0,2026-08-13T19:55:00Z,N20,,0,,0,0,0,0,0,0,0,0,0,,0,,0,,0,,0,,0,,0
FIRMS_97EF648F,23.75229,86.4147,1.37,299.86,60.0,2026-08-13T19:55:00Z,N20,,0,,0,0,0,0,0,0,0,0,0,,0,,0,,0,,0,,0,,0
FIRMS_A17B989C,23.75734,86.40388,1.18,307.4,60.0,2026-08-13T19:55:00Z,N20,,0,,0,0,0,0,0,0,0,0,0,,0,,0,,0,,0,,0,,0
FIRMS_A18935D4,23.76066,86.40447,0.83,303.03,60.0,2026-08-13T19:55:00Z,N20,,0,,0,0,0,0,0,0,0,0,0,,0,,0,,0,,0,,0,,0
FIRMS_CF446165,23.76123,86.40067,0.83,307.01,60.0,2026-08-13T19:55:00Z,N20,,0,,0,0,0,0,0,0,0,0,0,,0,,0,,0,,0,,0,,0
FIRMS_D51A78A5,23.76397,86.40507,0.83,300.84,60.0,2026-08-13T19:55:00Z,N20,,0,,0,0,0,0,0,0,0,0,0,,0,,0,,0,,0,,0,,0
FIRMS_E553D78C,17.06605,76.97811,0.29,296.17,60.0,2026-08-13T19:57:00Z,N20,,0,,0,0,0,0,0,0,0,0,0,,0,,0,,0,,0,,0,,0
FIRMS_1976B65D,9.30736,77.42999,2.33,306.93,60.0,2026-08-13T20:00:00Z,N20,,0,,0,0,0,0,0,0,0,0,0,,0,,0,,0,,0,,0,,0
FIRMS_6D09800B,9.93408,78.31805,0.25,302.76,60.0,2026-08-13T20:00:00Z,N20,,0,,0,0,0,0,0,0,0,0,0,,0,,0,,0,,0,,0,,0
FIRMS_220D2E85,10.44673,77.30595,4.47,329.87,60.0,2026-08-13T20:00:00Z,N20,,0,,0,0,0,0,0,0,0,0,0,,0,,0,,0,,0,,0,,0
FIRMS_7CC018C8,26.26141,74.09524,0.9,303.01,60.0,2026-08-13T21:36:00Z,N20,,0,,0,0,0,0,0,0,0,0,0,,0,,0,,0,,0,,0,,0
FIRMS_F4ABD50E,25.78723,93.29169,2.67,333.86,60.0,2026-08-14T07:09:00Z,N20,,0,,0,0,0,0,0,0,0,0,0,,0,,0,,0,,0,,0,,0
FIRMS_18A8B011,25.80267,93.35385,3.28,332.42,60.0,2026-08-14T07:09:00Z,N20,,0,,0,0,0,0,0,0,0,0,0,,0,,0,,0,,0,,0,,0
FIRMS_ADAC29DB,25.99782,93.54985,6.19,346.08,60.0,2026-08-14T07:09:00Z,N20,,0,,0,0,0,0,0,0,0,0,0,,0,,0,,0,,0,,0,,0
FIRMS_6C29A102,8.89687,77.86032,4.36,347.59,60.0,2026-08-14T08:45:00Z,N20,,0,,0,0,0,0,0,0,0,0,0,,0,,0,,0,,0,,0,,0
FIRMS_1F336E84,9.41618,77.8159,4.27,341.75,60.0,2026-08-14T08:45:00Z,N20,,0,,0,0,0,0,0,0,0,0,0,,0,,0,,0,,0,,0,,0
FIRMS_8E91E3F2,9.48519,78.8107,7.47,351.98,60.0,2026-08-14T08:45:00Z,N20,4028.590952904931,1,oil_well,0,0,2,0,0,0,0,0,0,,0,,0,4028.590952904931,1,,0,,0,,0
FIRMS_909E2D19,9.61044,77.69771,1.82,330.73,60.0,2026-08-14T08:45:00Z,N20,,0,,0,0,0,0,0,0,0,0,0,,0,,0,,0,,0,,0,,0
FIRMS_E58811C8,9.67238,77.66545,5.27,340.87,60.0,2026-08-14T08:45:00Z,N20,,0,,0,0,0,0,0,0,0,0,0,,0,,0,,0,,0,,0,,0
FIRMS_F1EB244F,9.84466,77.92301,3.64,334.67,60.0,2026-08-14T08:45:00Z,N20,,0,,0,0,0,0,0,0,0,0,0,,0,,0,,0,,0,,0,,0
FIRMS_B0BCBA51,9.84711,77.92158,6.82,338.34,60.0,2026-08-14T08:45:00Z,N20,,0,,0,0,0,0,0,0,0,0,0,,0,,0,,0,,0,,0,,0
FIRMS_721E661D,9.89835,77.83366,4.18,350.48,60.0,2026-08-14T08:45:00Z,N20,,0,,0,0,0,0,0,0,0,0,0,,0,,0,,0,,0,,0,,0
FIRMS_E6124C9D,14.38047,78.25787,4.14,334.96,60.0,2026-08-14T08:48:00Z,N20,,0,,0,0,0,0,0,0,0,0,0,,0,,0,,0,,0,,0,,0
FIRMS_61EEA30B,14.38171,78.2594,4.51,338.71,60.0,2026-08-14T08:48:00Z,N20,,0,,0,0,0,0,0,0,0,0,0,,0,,0,,0,,0,,0,,0
FIRMS_73BBE616,26.76095,83.19885,0.46,295.11,60.0,2026-08-14T19:36:00Z,N20,3238.289379601052,1,ethanol_plant,0,0,1,0,0,0,0,0,0,,0,,0,,0,3238.289379601052,1,,0,,0
FIRMS_CEEE7470,21.37745,81.64008,1.24,295.18,60.0,2026-08-14T19:38:00Z,N20,,0,,0,0,0,0,0,0,0,0,0,,0,,0,,0,,0,,0,,0
FIRMS_A824A236,23.48498,87.36285,0.93,306.09,60.0,2026-08-14T19:38:00Z,N20,4009.1009784014973,1,oil_well,0,0,10,0,0,0,0,0,0,,0,,0,4009.1009784014973,1,,0,,0,,0
FIRMS_6EE20655,23.56334,87.08531,0.68,298.19,60.0,2026-08-14T19:38:00Z,N20,,0,,0,0,0,0,0,0,0,0,0,,0,,0,,0,,0,,0,,0
FIRMS_7E7FB503,15.17805,76.65479,2.51,300.83,60.0,2026-08-14T19:40:00Z,N20,,0,,0,0,0,0,0,0,0,0,0,,0,,0,,0,,0,,0,,0
FIRMS_5270FCAC,15.17863,76.65427,3.04,300.27,60.0,2026-08-14T19:40:00Z,N20,,0,,0,0,0,0,0,0,0,0,0,,0,,0,,0,,0,,0,,0
FIRMS_0143BB6C,15.18293,76.67477,0.97,296.27,60.0,2026-08-14T19:40:00Z,N20,4934.001685556653,1,power_plant,0,0,3,0,0,0,0,0,0,4934.001685556653,1,,0,,0,,0,,0,,0
FIRMS_CBBF6F5B,15.1836,76.66831,0.97,298.19,60.0,2026-08-14T19:40:00Z,N20,,0,,0,0,0,0,0,0,0,0,0,,0,,0,,0,,0,,0,,0
FIRMS_A60B141F,15.18363,76.67431,2.31,295.95,60.0,2026-08-14T19:40:00Z,N20,4964.766274974819,1,power_plant,0,0,3,0,0,0,0,0,0,4964.766274974819,1,,0,,0,,0,,0,,0
FIRMS_7298D4D0,15.18426,76.66785,3.55,297.5,60.0,2026-08-14T19:40:00Z,N20,,0,,0,0,0,0,0,0,0,0,0,,0,,0,,0,,0,,0,,0
FIRMS_CF8C2D9A,22.93377,69.69614,2.25,312.98,60.0,2026-08-14T21:18:00Z,N20,,0,,0,0,0,0,0,0,0,0,0,,0,,0,,0,,0,,0,,0
FIRMS_1698522B,25.94182,72.19268,1.71,312.41,60.0,2026-08-14T21:18:00Z,N20,,0,,0,0,0,0,0,0,0,0,0,,0,,0,,0,,0,,0,,0
FIRMS_626E2332,27.96747,95.60845,7.01,330.97,60.0,2026-08-15T06:52:00Z,N20,,0,,0,0,0,0,0,0,0,0,0,,0,,0,,0,,0,,0,,0
FIRMS_A9A8B8CB,28.01448,95.62774,4.13,334.27,60.0,2026-08-15T06:52:00Z,N20,,0,,0,0,0,0,0,0,0,0,0,,0,,0,,0,,0,,0,,0
FIRMS_86270131,28.15596,95.59682,3.92,334.4,60.0,2026-08-15T06:52:00Z,N20,,0,,0,0,0,0,0,0,0,0,0,,0,,0,,0,,0,,0,,0
FIRMS_7C5748A9,8.71118,78.09945,2.86,330.16,30.0,2026-08-15T08:28:00Z,N20,,0,,0,0,0,0,0,0,0,0,0,,0,,0,,0,,0,,0,,0
FIRMS_0BE9AFC3,8.72422,77.74713,3.01,332.25,60.0,2026-08-15T08:28:00Z,N20,,0,,0,0,0,0,0,0,0,0,0,,0,,0,,0,,0,,0,,0
FIRMS_DD90CB84,8.72452,77.74837,2.55,332.27,60.0,2026-08-15T08:28:00Z,N20,,0,,0,0,0,0,0,0,0,0,0,,0,,0,,0,,0,,0,,0
FIRMS_2C0E547E,8.85816,77.84985,1.75,331.43,60.0,2026-08-15T08:28:00Z,N20,,0,,0,0,0,0,0,0,0,0,0,,0,,0,,0,,0,,0,,0
FIRMS_984E2AAE,8.86184,77.84931,2.34,333.46,60.0,2026-08-15T08:28:00Z,N20,,0,,0,0,0,0,0,0,0,0,0,,0,,0,,0,,0,,0,,0
FIRMS_9E96C5D6,8.91909,77.88136,1.8,332.02,60.0,2026-08-15T08:28:00Z,N20,,0,,0,0,0,0,0,0,0,0,0,,0,,0,,0,,0,,0,,0
FIRMS_F709952C,8.98031,77.76226,2.1,331.28,60.0,2026-08-15T08:28:00Z,N20,3094.0582780711547,1,wind_farm,0,0,1,0,0,0,0,0,0,,0,,0,,0,,0,3094.0582780711547,1,,0
FIRMS_51DD6A08,9.18277,78.05066,8.23,337.67,60.0,2026-08-15T08:28:00Z,N20,,0,,0,0,0,0,0,0,0,0,0,,0,,0,,0,,0,,0,,0
FIRMS_18322251,9.26736,77.4988,4.02,334.12,60.0,2026-08-15T08:28:00Z,N20,,0,,0,0,0,0,0,0,0,0,0,,0,,0,,0,,0,,0,,0
FIRMS_565351AD,11.74272,79.05394,2.19,330.76,60.0,2026-08-15T08:28:00Z,N20,,0,,0,0,0,0,0,0,0,0,0,,0,,0,,0,,0,,0,,0
FIRMS_4376ACC6,11.9112,78.91595,7.64,340.3,60.0,2026-08-15T08:28:00Z,N20,,0,,0,0,0,0,0,0,0,0,0,,0,,0,,0,,0,,0,,0
FIRMS_4D1EB599,11.91172,78.91966,5.34,334.19,60.0,2026-08-15T08:28:00Z,N20,,0,,0,0,0,0,0,0,0,0,0,,0,,0,,0,,0,,0,,0
FIRMS_D1CA2729,11.94186,76.73113,5.3,345.86,60.0,2026-08-15T08:28:00Z,N20,,0,,0,0,0,0,0,0,0,0,0,,0,,0,,0,,0,,0,,0
FIRMS_4C55C32E,11.94247,76.73534,5.3,346.45,60.0,2026-08-15T08:28:00Z,N20,,0,,0,0,0,0,0,0,0,0,0,,0,,0,,0,,0,,0,,0
FIRMS_9185E886,12.45337,78.93562,2.31,331.98,60.0,2026-08-15T08:28:00Z,N20,,0,,0,0,0,0,0,0,0,0,0,,0,,0,,0,,0,,0,,0
FIRMS_AEB994CD,12.45564,77.96281,13.54,332.53,60.0,2026-08-15T08:28:00Z,N20,,0,,0,0,0,0,0,0,0,0,0,,0,,0,,0,,0,,0,,0
FIRMS_0BBF35C7,14.04676,79.78108,3.22,332.58,60.0,2026-08-15T08:28:00Z,N20,,0,,0,0,0,0,0,0,0,0,0,,0,,0,,0,,0,,0,,0
FIRMS_CFB1BE29,14.66047,79.828,12.56,350.57,60.0,2026-08-15T08:28:00Z,N20,,0,,0,0,0,0,0,0,0,0,0,,0,,0,,0,,0,,0,,0
FIRMS_2716904A,14.66441,79.82272,3.71,331.71,60.0,2026-08-15T08:28:00Z,N20,,0,,0,0,0,0,0,0,0,0,0,,0,,0,,0,,0,,0,,0
FIRMS_20D068DD,15.11341,79.33398,5.63,330.16,60.0,2026-08-15T08:28:00Z,N20,,0,,0,0,0,0,0,0,0,0,0,,0,,0,,0,,0,,0,,0
FIRMS_418AE552,15.17682,76.6573,2.04,331.4,60.0,2026-08-15T08:28:00Z,N20,,0,,0,0,0,0,0,0,0,0,0,,0,,0,,0,,0,,0,,0
FIRMS_19F273F8,15.17854,76.65572,4.69,333.15,60.0,2026-08-15T08:28:00Z,N20,,0,,0,0,0,0,0,0,0,0,0,,0,,0,,0,,0,,0,,0
FIRMS_646B997B,15.36085,78.26549,1.69,332.5,60.0,2026-08-15T08:28:00Z,N20,,0,,0,0,0,0,0,0,0,0,0,,0,,0,,0,,0,,0,,0
FIRMS_753181D5,17.76806,79.02612,1.73,331.63,60.0,2026-08-15T08:30:00Z,N20,,0,,0,0,0,0,0,0,0,0,0,,0,,0,,0,,0,,0,,0
FIRMS_9D5FDAF9,23.00243,72.25909,5.34,330.84,60.0,2026-08-15T08:33:00Z,N20,,0,,0,0,0,0,0,0,0,0,0,,0,,0,,0,,0,,0,,0
FIRMS_412015A1,26.34472,70.91782,3.27,340.29,60.0,2026-08-15T08:33:00Z,N20,,0,,0,0,0,0,0,0,0,0,0,,0,,0,,0,,0,,0,,0
FIRMS_81F67DDE,27.39485,70.48853,6.81,342.4,60.0,2026-08-15T08:33:00Z,N20,,0,,0,0,0,0,0,0,0,0,0,,0,,0,,0,,0,,0,,0
FIRMS_FE619F22,22.3657,87.30025,0.85,297.48,60.0,2026-08-15T19:17:00Z,N20,,0,,0,0,0,0,0,0,0,0,0,,0,,0,,0,,0,,0,,0
FIRMS_CD7C7D2F,22.78325,86.20175,0.97,300.43,60.0,2026-08-15T19:17:00Z,N20,,0,,0,0,0,0,0,0,0,0,0,,0,,0,,0,,0,,0,,0
FIRMS_B3D017A3,23.55642,87.2413,1.94,299.46,60.0,2026-08-15T19:17:00Z,N20,1102.9996651099823,1,oil_well,0,0,7,0,0,0,0,0,0,4592.977334707053,1,,0,1102.9996651099823,1,,0,,0,,0
FIRMS_11FE59D7,23.56076,87.08296,0.9,305.22,60.0,2026-08-15T19:17:00Z,N20,,0,,0,0,0,0,0,0,0,0,0,,0,,0,,0,,0,,0,,0
FIRMS_038AFF8C,23.56204,87.23838,1.94,337.89,60.0,2026-08-15T19:17:00Z,N20,413.7214922904238,1,oil_well,1,1,8,0,0,1,0,0,0,4006.547059599666,1,,0,413.7214922904238,1,,0,,0,,0
FIRMS_E93C7893,23.64725,85.43779,2.18,306.85,60.0,2026-08-15T19:17:00Z,N20,,0,,0,0,0,0,0,0,0,0,0,,0,,0,,0,,0,,0,,0
FIRMS_781487E7,23.64892,85.44108,0.9,298.01,60.0,2026-08-15T19:17:00Z,N20,,0,,0,0,0,0,0,0,0,0,0,,0,,0,,0,,0,,0,,0
FIRMS_83B79897,23.64931,85.43652,0.9,303.76,60.0,2026-08-15T19:17:00Z,N20,,0,,0,0,0,0,0,0,0,0,0,,0,,0,,0,,0,,0,,0
FIRMS_49493C52,23.66566,87.15396,1.18,306.25,60.0,2026-08-15T19:17:00Z,N20,,0,,0,0,0,0,0,0,0,0,0,,0,,0,,0,,0,,0,,0
FIRMS_87E63B0E,23.69037,87.12052,0.29,301.6,60.0,2026-08-15T19:17:00Z,N20,,0,,0,0,0,0,0,0,0,0,0,,0,,0,,0,,0,,0,,0
FIRMS_9CC66DAE,23.69243,87.099,0.41,296.99,60.0,2026-08-15T19:17:00Z,N20,,0,,0,0,0,0,0,0,0,0,0,,0,,0,,0,,0,,0,,0
FIRMS_2C8D005F,23.69569,87.12117,0.4,299.62,60.0,2026-08-15T19:17:00Z,N20,4672.432066939615,1,oil_well,0,0,1,0,0,0,0,0,0,,0,,0,4672.432066939615,1,,0,,0,,0
FIRMS_1B342506,25.94181,72.19147,1.97,316.16,60.0,2026-08-15T20:57:00Z,N20,,0,,0,0,0,0,0,0,0,0,0,,0,,0,,0,,0,,0,,0
FIRMS_F7828CB3,26.60431,73.68452,0.92,306.06,60.0,2026-08-15T20:57:00Z,N20,,0,,0,0,0,0,0,0,0,0,0,,0,,0,,0,,0,,0,,0
FIRMS_BDF701E8,26.8749,73.51551,0.8,304.76,60.0,2026-08-15T20:57:00Z,N20,,0,,0,0,0,0,0,0,0,0,0,,0,,0,,0,,0,,0,,0
FIRMS_0273808D,26.87821,73.5162,1.08,304.01,60.0,2026-08-15T20:57:00Z,N20,,0,,0,0,0,0,0,0,0,0,0,,0,,0,,0,,0,,0,,0
FIRMS_A363BC0A,29.4775,76.85964,2.17,305.44,60.0,2026-08-15T20:57:00Z,N20,1472.5407248944275,1,oil_refinery,0,0,1,0,0,0,0,0,0,,0,1472.5407248944275,1,,0,,0,,0,,0
FIRMS_06067611,18.68538,73.04238,2.03,314.54,60.0,2026-08-15T20:59:00Z,N20,,0,,0,0,0,0,0,0,0,0,0,,0,,0,,0,,0,,0,,0
FIRMS_518F820E,23.69072,68.83242,0.99,302.62,60.0,2026-08-15T20:59:00Z,N20,3458.554285656985,1,power_plant,0,0,1,0,0,0,0,0,0,3458.554285656985,1,,0,,0,,0,,0,,0
FIRMS_4C349877,9.99408,77.39984,0.58,303.54,60.0,2026-08-15T21:01:00Z,N20,,0,,0,0,0,0,0,0,0,0,0,,0,,0,,0,,0,,0,,0
FIRMS_00E3CC07,11.21631,77.89581,0.42,297.11,60.0,2026-08-15T21:01:00Z,N20,4485.744690225644,1,power_plant,0,0,1,0,0,0,0,0,0,4485.744690225644,1,,0,,0,,0,,0,,0
FIRMS_65660826,11.83588,78.92783,1.25,302.58,60.0,2026-08-15T21:01:00Z,N20,,0,,0,0,0,0,0,0,0,0,0,,0,,0,,0,,0,,0,,0
FIRMS_83416868,11.83828,78.92923,1.43,300.05,60.0,2026-08-15T21:01:00Z,N20,,0,,0,0,0,0,0,0,0,0,0,,0,,0,,0,,0,,0,,0
FIRMS_82227E73,13.16184,80.28695,1.69,302.34,60.0,2026-08-15T21:01:00Z,N20,1878.5667554981694,1,oil_refinery,0,0,1,0,0,0,0,0,0,,0,1878.5667554981694,1,,0,,0,,0,,0
FIRMS_0E3382BC,14.72852,79.64909,3.81,295.51,60.0,2026-08-15T21:01:00Z,N20,,0,,0,0,0,0,0,0,0,0,0,,0,,0,,0,,0,,0,,0
FIRMS_129CD755,14.7293,79.64517,3.81,295.15,60.0,2026-08-15T21:01:00Z,N20,,0,,0,0,0,0,0,0,0,0,0,,0,,0,,0,,0,,0,,0
FIRMS_94FCC9F3,9.08676,77.46812,1.83,336.03,30.0,2026-08-16T08:07:00Z,N20,,0,,0,0,0,0,0,0,0,0,0,,0,,0,,0,,0,,0,,0
FIRMS_3E23E5BD,9.76485,77.82865,10.08,346.29,60.0,2026-08-16T08:07:00Z,N20,,0,,0,0,0,0,0,0,0,0,0,,0,,0,,0,,0,,0,,0
FIRMS_594DE070,10.41348,78.82151,2.78,340.48,60.0,2026-08-16T08:07:00Z,N20,,0,,0,0,0,0,0,0,0,0,0,,0,,0,,0,,0,,0,,0
FIRMS_ECD47590,10.4347,77.16103,21.89,347.16,60.0,2026-08-16T08:07:00Z,N20,,0,,0,0,0,0,0,0,0,0,0,,0,,0,,0,,0,,0,,0
FIRMS_FA907066,10.50269,79.36618,3.9,330.64,60.0,2026-08-16T08:07:00Z,N20,,0,,0,0,0,0,0,0,0,0,0,,0,,0,,0,,0,,0,,0
FIRMS_69C7F26E,10.50322,79.3697,3.9,338.78,60.0,2026-08-16T08:07:00Z,N20,,0,,0,0,0,0,0,0,0,0,0,,0,,0,,0,,0,,0,,0
FIRMS_86F1C742,10.57658,79.36148,1.54,330.5,30.0,2026-08-16T08:07:00Z,N20,200.24762704328697,1,oil_well,1,1,1,0,0,1,0,0,0,,0,,0,200.24762704328697,1,,0,,0,,0
FIRMS_452DF2D2,10.74422,79.59622,2.48,335.18,60.0,2026-08-16T08:07:00Z,N20,784.0737332365932,1,oil_well,0,1,68,0,0,1,0,0,0,,0,,0,784.0737332365932,1,,0,,0,,0
FIRMS_5B29D327,10.95592,78.34754,1.51,336.49,60.0,2026-08-16T08:07:00Z,N20,,0,,0,0,0,0,0,0,0,0,0,,0,,0,,0,,0,,0,,0
FIRMS_C254F715,11.03142,76.76571,3.21,330.82,60.0,2026-08-16T08:07:00Z,N20,,0,,0,0,0,0,0,0,0,0,0,,0,,0,,0,,0,,0,,0
FIRMS_D23379A9,11.1945,79.81895,5.9,346.37,60.0,2026-08-16T08:07:00Z,N20,4738.154640681844,1,oil_well,0,0,3,0,0,0,0,0,0,,0,,0,4738.154640681844,1,,0,,0,,0
FIRMS_DAD7B067,11.24804,78.79435,3.28,338.86,60.0,2026-08-16T08:07:00Z,N20,,0,,0,0,0,0,0,0,0,0,0,,0,,0,,0,,0,,0,,0
FIRMS_A0052845,11.40161,79.70566,2.48,335.52,60.0,2026-08-16T08:07:00Z,N20,3605.350305301504,1,oil_well,0,0,2,0,0,0,0,0,0,,0,,0,3605.350305301504,1,,0,,0,,0
FIRMS_59CFD165,11.45258,79.22929,2.22,332.83,30.0,2026-08-16T08:07:00Z,N20,,0,,0,0,0,0,0,0,0,0,0,,0,,0,,0,,0,,0,,0
FIRMS_011648F5,11.46894,79.36105,3.28,337.89,60.0,2026-08-16T08:07:00Z,N20,,0,,0,0,0,0,0,0,0,0,0,,0,,0,,0,,0,,0,,0
FIRMS_7D340E6C,11.74016,79.31474,3.33,336.37,60.0,2026-08-16T08:09:00Z,N20,,0,,0,0,0,0,0,0,0,0,0,,0,,0,,0,,0,,0,,0
FIRMS_B7C2662B,11.76464,79.29637,4.33,339.61,60.0,2026-08-16T08:09:00Z,N20,,0,,0,0,0,0,0,0,0,0,0,,0,,0,,0,,0,,0,,0
FIRMS_C6484D41,11.94815,79.04884,1.2,331.42,30.0,2026-08-16T08:09:00Z,N20,,0,,0,0,0,0,0,0,0,0,0,,0,,0,,0,,0,,0,,0
FIRMS_7A68A238,12.03966,79.50204,1.93,333.34,30.0,2026-08-16T08:09:00Z,N20,,0,,0,0,0,0,0,0,0,0,0,,0,,0,,0,,0,,0,,0
FIRMS_2135A9EC,12.06248,79.60943,2.52,333.28,30.0,2026-08-16T08:09:00Z,N20,,0,,0,0,0,0,0,0,0,0,0,,0,,0,,0,,0,,0,,0
FIRMS_89819060,12.21702,79.85063,7.94,330.12,30.0,2026-08-16T08:09:00Z,N20,,0,,0,0,0,0,0,0,0,0,0,,0,,0,,0,,0,,0,,0
FIRMS_D7C789EE,12.21756,79.85431,4.79,331.85,60.0,2026-08-16T08:09:00Z,N20,,0,,0,0,0,0,0,0,0,0,0,,0,,0,,0,,0,,0,,0
FIRMS_A6B069C2,12.23862,79.08592,6.83,342.84,60.0,2026-08-16T08:09:00Z,N20,,0,,0,0,0,0,0,0,0,0,0,,0,,0,,0,,0,,0,,0
FIRMS_4D28AA74,12.39126,80.05555,3.27,336.82,60.0,2026-08-16T08:09:00Z,N20,,0,,0,0,0,0,0,0,0,0,0,,0,,0,,0,,0,,0,,0
FIRMS_EB271C45,12.55336,80.08884,3.09,337.4,60.0,2026-08-16T08:09:00Z,N20,,0,,0,0,0,0,0,0,0,0,0,,0,,0,,0,,0,,0,,0
FIRMS_336CA844,12.61728,80.07069,3.68,335.41,60.0,2026-08-16T08:09:00Z,N20,,0,,0,0,0,0,0,0,0,0,0,,0,,0,,0,,0,,0,,0
FIRMS_C5320196,13.70646,78.71186,3.36,336.81,60.0,2026-08-16T08:09:00Z,N20,,0,,0,0,0,0,0,0,0,0,0,,0,,0,,0,,0,,0,,0
FIRMS_66AD2044,14.64559,79.26608,5.44,337.61,60.0,2026-08-16T08:09:00Z,N20,,0,,0,0,0,0,0,0,0,0,0,,0,,0,,0,,0,,0,,0
FIRMS_8F765406,14.66595,79.14565,3.04,334.9,60.0,2026-08-16T08:09:00Z,N20,,0,,0,0,0,0,0,0,0,0,0,,0,,0,,0,,0,,0,,0
FIRMS_32016482,14.94035,79.35041,3.9,340.04,60.0,2026-08-16T08:09:00Z,N20,,0,,0,0,0,0,0,0,0,0,0,,0,,0,,0,,0,,0,,0
FIRMS_47F37BDA,15.07026,79.59407,1.91,334.89,60.0,2026-08-16T08:09:00Z,N20,,0,,0,0,0,0,0,0,0,0,0,,0,,0,,0,,0,,0,,0
FIRMS_65B264C9,17.15829,78.70078,3.02,330.48,60.0,2026-08-16T08:09:00Z,N20,,0,,0,0,0,0,0,0,0,0,0,,0,,0,,0,,0,,0,,0
FIRMS_EF348D48,22.37585,87.28014,4.03,326.83,60.0,2026-08-16T08:11:00Z,N20,,0,,0,0,0,0,0,0,0,0,0,,0,,0,,0,,0,,0,,0
FIRMS_A4AAAF8F,23.761,86.40435,7.07,327.5,60.0,2026-08-16T08:11:00Z,N20,,0,,0,0,0,0,0,0,0,0,0,,0,,0,,0,,0,,0,,0
FIRMS_0E2EA935,30.65448,74.15956,2.37,335.32,60.0,2026-08-16T08:13:00Z,N20,,0,,0,0,0,0,0,0,0,0,0,,0,,0,,0,,0,,0,,0
FIRMS_FCC3DD46,30.80121,75.47137,2.36,334.22,60.0,2026-08-16T08:13:00Z,N20,,0,,0,0,0,0,0,0,0,0,0,,0,,0,,0,,0,,0,,0
FIRMS_89FD5A16,31.13501,74.91634,4.99,330.24,30.0,2026-08-16T08:13:00Z,N20,,0,,0,0,0,0,0,0,0,0,0,,0,,0,,0,,0,,0,,0
FIRMS_111D83CF,31.13776,74.91158,6.56,331.68,30.0,2026-08-16T08:13:00Z,N20,,0,,0,0,0,0,0,0,0,0,0,,0,,0,,0,,0,,0,,0
FIRMS_DAF0537E,31.14149,74.88973,5.03,330.12,30.0,2026-08-16T08:13:00Z,N20,,0,,0,0,0,0,0,0,0,0,0,,0,,0,,0,,0,,0,,0
FIRMS_F3060C0C,31.14698,74.88023,6.1,330.78,30.0,2026-08-16T08:13:00Z,N20,,0,,0,0,0,0,0,0,0,0,0,,0,,0,,0,,0,,0,,0
FIRMS_7D686EA4,31.14972,74.87548,5.25,331.94,30.0,2026-08-16T08:13:00Z,N20,,0,,0,0,0,0,0,0,0,0,0,,0,,0,,0,,0,,0,,0
FIRMS_A885A7ED,31.68795,75.85299,2.13,338.05,60.0,2026-08-16T08:13:00Z,N20,,0,,0,0,0,0,0,0,0,0,0,,0,,0,,0,,0,,0,,0
FIRMS_037B0FB5,27.37898,95.33293,2.55,305.35,60.0,2026-08-16T18:58:00Z,N20,305.4161284766228,1,oil_well,2,6,103,0,0,6,0,0,0,,0,,0,305.4161284766228,1,,0,,0,,0
FIRMS_7FC328C6,27.60829,95.40208,0.97,304.73,60.0,2026-08-16T18:58:00Z,N20,446.23781891383794,1,oil_well,8,8,24,0,0,8,0,0,0,,0,,0,446.23781891383794,1,,0,,0,,0
FIRMS_32474050,28.74395,76.92806,0.94,306.2,60.0,2026-08-16T20:38:00Z,N20,,0,,0,0,0,0,0,0,0,0,0,,0,,0,,0,,0,,0,,0
FIRMS_7012E024,29.47517,76.85713,1.79,306.58,60.0,2026-08-16T20:38:00Z,N20,1691.1667527042748,1,oil_refinery,0,0,1,0,0,0,0,0,0,,0,1691.1667527042748,1,,0,,0,,0,,0
FIRMS_53949661,29.97257,77.51968,0.41,296.97,60.0,2026-08-16T20:38:00Z,N20,,0,,0,0,0,0,0,0,0,0,0,,0,,0,,0,,0,,0,,0
FIRMS_801FDBC7,30.31769,74.11001,1.35,307.79,60.0,2026-08-16T20:38:00Z,N20,,0,,0,0,0,0,0,0,0,0,0,,0,,0,,0,,0,,0,,0
FIRMS_521FC90B,22.799,86.09106,1.56,304.14,60.0,2026-08-16T20:40:00Z,N20,,0,,0,0,0,0,0,0,0,0,0,,0,,0,,0,,0,,0,,0
FIRMS_A9CA2A27,23.75692,85.85303,0.9,298.55,60.0,2026-08-16T20:40:00Z,N20,1817.0801031004407,1,oil_well,0,0,13,0,0,0,0,0,0,4129.1295673175655,1,,0,1817.0801031004407,1,,0,,0,,0
FIRMS_FC2F4781,23.78708,85.55046,0.22,295.8,60.0,2026-08-16T20:40:00Z,N20,2033.4446522267206,1,oil_well,0,0,3,0,0,0,0,0,0,,0,,0,2033.4446522267206,1,,0,,0,,0
FIRMS_7A4D47E2,26.60652,73.68246,0.59,302.52,60.0,2026-08-16T20:40:00Z,N20,,0,,0,0,0,0,0,0,0,0,0,,0,,0,,0,,0,,0,,0
FIRMS_E07F9710,26.87851,73.51432,1.78,306.08,60.0,2026-08-16T20:40:00Z,N20,,0,,0,0,0,0,0,0,0,0,0,,0,,0,,0,,0,,0,,0
FIRMS_5DAECC5D,27.02486,77.7508,0.45,304.76,60.0,2026-08-16T20:40:00Z,N20,,0,,0,0,0,0,0,0,0,0,0,,0,,0,,0,,0,,0,,0
FIRMS_5911A7C6,27.79236,75.33102,0.82,306.99,60.0,2026-08-16T20:40:00Z,N20,,0,,0,0,0,0,0,0,0,0,0,,0,,0,,0,,0,,0,,0
FIRMS_83A79EA8,15.17104,76.3823,1.18,299.58,60.0,2026-08-16T20:42:00Z,N20,,0,,0,0,0,0,0,0,0,0,0,,0,,0,,0,,0,,0,,0
FIRMS_6CDBAF93,15.17454,76.65605,0.73,297.47,60.0,2026-08-16T20:42:00Z,N20,,0,,0,0,0,0,0,0,0,0,0,,0,,0,,0,,0,,0,,0
FIRMS_8F420E10,15.17549,76.69284,0.72,296.27,60.0,2026-08-16T20:42:00Z,N20,3473.2016563577995,1,power_plant,0,0,3,0,0,0,0,0,0,3473.2016563577995,1,,0,,0,,0,,0,,0
FIRMS_145A4012,15.17799,76.65668,1.34,304.93,60.0,2026-08-16T20:42:00Z,N20,,0,,0,0,0,0,0,0,0,0,0,,0,,0,,0,,0,,0,,0
FIRMS_CD5EA1B7,15.17814,76.67706,1.03,295.31,60.0,2026-08-16T20:42:00Z,N20,4852.449396815275,1,power_plant,0,0,3,0,0,0,0,0,0,4852.449396815275,1,,0,,0,,0,,0,,0
FIRMS_C09A018D,15.1788,76.67311,2.02,316.93,60.0,2026-08-16T20:42:00Z,N20,,0,,0,0,0,0,0,0,0,0,0,,0,,0,,0,,0,,0,,0
FIRMS_3297C34C,15.17896,77.10384,1.36,300.58,60.0,2026-08-16T20:42:00Z,N20,,0,,0,0,0,0,0,0,0,0,0,,0,,0,,0,,0,,0,,0
FIRMS_271B20AD,15.18013,76.66521,0.92,296.99,60.0,2026-08-16T20:42:00Z,N20,,0,,0,0,0,0,0,0,0,0,0,,0,,0,,0,,0,,0,,0
FIRMS_FA98BE57,15.18358,76.66583,1.02,309.47,60.0,2026-08-16T20:42:00Z,N20,,0,,0,0,0,0,0,0,0,0,0,,0,,0,,0,,0,,0,,0
FIRMS_F0AA0AD6,15.22637,76.76265,0.71,304.85,60.0,2026-08-16T20:42:00Z,N20,,0,,0,0,0,0,0,0,0,0,0,,0,,0,,0,,0,,0,,0
FIRMS_911951A0,15.3352,76.28461,0.74,305.17,60.0,2026-08-16T20:42:00Z,N20,,0,,0,0,0,0,0,0,0,0,0,,0,,0,,0,,0,,0,,0
FIRMS_26892FCE,15.659,73.98969,1.03,314.56,60.0,2026-08-16T20:42:00Z,N20,,0,,0,0,0,0,0,0,0,0,0,,0,,0,,0,,0,,0,,0
FIRMS_8DCBE68D,16.14073,78.94716,0.97,301.78,60.0,2026-08-16T20:42:00Z,N20,,0,,0,0,0,0,0,0,0,0,0,,0,,0,,0,,0,,0,,0
FIRMS_C51FFB08,16.6478,74.31516,1.71,317.34,60.0,2026-08-16T20:42:00Z,N20,,0,,0,0,0,0,0,0,0,0,0,,0,,0,,0,,0,,0,,0
FIRMS_E5F20D02,17.37053,77.44719,0.79,301.84,60.0,2026-08-16T20:42:00Z,N20,,0,,0,0,0,0,0,0,0,0,0,,0,,0,,0,,0,,0,,0
FIRMS_11F1048B,10.92371,77.04568,1.28,305.87,60.0,2026-08-16T20:44:00Z,N20,,0,,0,0,0,0,0,0,0,0,0,,0,,0,,0,,0,,0,,0
FIRMS_815C51ED,11.10944,77.769,1.21,299.08,60.0,2026-08-16T20:44:00Z,N20,,0,,0,0,0,0,0,0,0,0,0,,0,,0,,0,,0,,0,,0
FIRMS_2828228E,12.14472,77.20074,0.38,302.06,60.0,2026-08-16T20:44:00Z,N20,,0,,0,0,0,0,0,0,0,0,0,,0,,0,,0,,0,,0,,0
FIRMS_0C80B9E3,8.77448,77.48844,1.97,333.78,60.0,2026-08-17T07:50:00Z,N20,,0,,0,0,0,0,0,0,0,0,0,,0,,0,,0,,0,,0,,0
FIRMS_AC11A84E,9.28788,78.06084,7.84,334.52,60.0,2026-08-17T07:50:00Z,N20,,0,,0,0,0,0,0,0,0,0,0,,0,,0,,0,,0,,0,,0
FIRMS_7D36413C,9.4059,78.81127,1.5,333.92,60.0,2026-08-17T07:50:00Z,N20,4408.074915682707,1,oil_well,0,0,2,0,0,0,0,0,0,,0,,0,4408.074915682707,1,,0,,0,,0
FIRMS_46D959E6,9.42815,77.81285,3.04,335.1,60.0,2026-08-17T07:50:00Z,N20,,0,,0,0,0,0,0,0,0,0,0,,0,,0,,0,,0,,0,,0
FIRMS_94C9E5FB,9.48396,78.08734,9.93,343.99,60.0,2026-08-17T07:50:00Z,N20,,0,,0,0,0,0,0,0,0,0,0,,0,,0,,0,,0,,0,,0
FIRMS_8D5EFD57,9.49715,77.61008,1.59,331.37,60.0,2026-08-17T07:50:00Z,N20,,0,,0,0,0,0,0,0,0,0,0,,0,,0,,0,,0,,0,,0
FIRMS_7AF0F7E1,9.7597,78.59876,6.23,343.24,60.0,2026-08-17T07:50:00Z,N20,,0,,0,0,0,0,0,0,0,0,0,,0,,0,,0,,0,,0,,0
FIRMS_BD88F9A2,9.88949,77.86798,2.61,343.7,60.0,2026-08-17T07:50:00Z,N20,,0,,0,0,0,0,0,0,0,0,0,,0,,0,,0,,0,,0,,0
FIRMS_9B794096,10.08603,77.82216,4.04,336.11,60.0,2026-08-17T07:50:00Z,N20,,0,,0,0,0,0,0,0,0,0,0,,0,,0,,0,,0,,0,,0
FIRMS_6EF12C57,10.77951,79.40924,5.01,335.92,60.0,2026-08-17T07:50:00Z,N20,1768.2410936850129,1,oil_well,0,0,4,0,0,0,0,0,0,,0,,0,1768.2410936850129,1,,0,,0,,0
FIRMS_C8EBC7F7,15.5401,76.73624,7.74,343.71,60.0,2026-08-17T07:52:00Z,N20,,0,,0,0,0,0,0,0,0,0,0,,0,,0,,0,,0,,0,,0
FIRMS_0D474E24,19.92939,79.12095,0.89,304.87,60.0,2026-08-17T20:21:00Z,N20,1271.9196537948696,1,power_plant,0,0,1,0,0,0,0,0,0,1271.9196537948696,1,,0,,0,,0,,0,,0
FIRMS_FA880C4F,10.65612,78.70348,2.76,309.85,60.0,2026-08-17T20:23:00Z,N20,,0,,0,0,0,0,0,0,0,0,0,,0,,0,,0,,0,,0,,0
FIRMS_3889DA32,10.91836,78.14628,3.69,325.39,60.0,2026-08-17T20:23:00Z,N20,,0,,0,0,0,0,0,0,0,0,0,,0,,0,,0,,0,,0,,0
FIRMS_94305522,10.92198,77.06261,0.57,304.11,60.0,2026-08-17T20:23:00Z,N20,,0,,0,0,0,0,0,0,0,0,0,,0,,0,,0,,0,,0,,0
FIRMS_99D2007A,10.93194,77.06419,1.06,307.67,60.0,2026-08-17T20:23:00Z,N20,,0,,0,0,0,0,0,0,0,0,0,,0,,0,,0,,0,,0,,0
FIRMS_01487FD8,11.12606,79.288,3.61,312.9,60.0,2026-08-17T20:23:00Z,N20,,0,,0,0,0,0,0,0,0,0,0,,0,,0,,0,,0,,0,,0
FIRMS_46A784C7,11.46036,79.0536,2.88,309.79,60.0,2026-08-17T20:23:00Z,N20,,0,,0,0,0,0,0,0,0,0,0,,0,,0,,0,,0,,0,,0
FIRMS_3FBD16C2,11.81002,77.92554,1.86,319.98,60.0,2026-08-17T20:23:00Z,N20,,0,,0,0,0,0,0,0,0,0,0,,0,,0,,0,,0,,0,,0
FIRMS_3857C2DC,11.81057,77.92205,1.86,307.43,60.0,2026-08-17T20:23:00Z,N20,,0,,0,0,0,0,0,0,0,0,0,,0,,0,,0,,0,,0,,0
FIRMS_F16B7243,11.81497,77.91559,1.47,307.82,60.0,2026-08-17T20:23:00Z,N20,,0,,0,0,0,0,0,0,0,0,0,,0,,0,,0,,0,,0,,0
FIRMS_632274D9,11.81772,77.91962,1.47,308.04,60.0,2026-08-17T20:23:00Z,N20,,0,,0,0,0,0,0,0,0,0,0,,0,,0,,0,,0,,0,,0
FIRMS_84B72F6C,11.81827,77.91612,1.47,316.62,60.0,2026-08-17T20:23:00Z,N20,,0,,0,0,0,0,0,0,0,0,0,,0,,0,,0,,0,,0,,0
FIRMS_9006482E,12.74496,77.61843,1.12,307.09,60.0,2026-08-17T20:23:00Z,N20,,0,,0,0,0,0,0,0,0,0,0,,0,,0,,0,,0,,0,,0
FIRMS_432BE208,13.22706,80.0965,3.28,314.08,60.0,2026-08-17T20:23:00Z,N20,,0,,0,0,0,0,0,0,0,0,0,,0,,0,,0,,0,,0,,0
FIRMS_CD0E4421,13.39219,80.10155,2.93,312.05,60.0,2026-08-17T20:23:00Z,N20,,0,,0,0,0,0,0,0,0,0,0,,0,,0,,0,,0,,0,,0
FIRMS_16D27D41,15.024,78.01602,0.94,297.98,60.0,2026-08-17T20:23:00Z,N20,,0,,0,0,0,0,0,0,0,0,0,,0,,0,,0,,0,,0,,0
FIRMS_A16666E8,15.17424,76.69157,0.85,301.98,60.0,2026-08-17T20:23:00Z,N20,3664.469415912104,1,power_plant,0,0,3,0,0,0,0,0,0,3664.469415912104,1,,0,,0,,0,,0,,0
FIRMS_F3D9E369,15.17603,76.65577,1.07,304.84,60.0,2026-08-17T20:23:00Z,N20,,0,,0,0,0,0,0,0,0,0,0,,0,,0,,0,,0,,0,,0
FIRMS_258FE32B,15.17657,76.67589,1.38,305.77,60.0,2026-08-17T20:23:00Z,N20,,0,,0,0,0,0,0,0,0,0,0,,0,,0,,0,,0,,0,,0
FIRMS_B1EF6214,17.06293,76.98039,0.61,297.19,60.0,2026-08-17T20:23:00Z,N20,,0,,0,0,0,0,0,0,0,0,0,,0,,0,,0,,0,,0,,0
FIRMS_90F7F8A0,8.67144,77.99295,1.66,313.03,60.0,2026-08-17T20:25:00Z,N20,,0,,0,0,0,0,0,0,0,0,0,,0,,0,,0,,0,,0,,0
FIRMS_7BF84AEB,9.20862,77.45641,0.61,307.69,60.0,2026-08-17T20:25:00Z,N20,,0,,0,0,0,0,0,0,0,0,0,,0,,0,,0,,0,,0,,0
FIRMS_5491A857,10.3618,77.1484,1.87,322.49,60.0,2026-08-17T20:25:00Z,N20,,0,,0,0,0,0,0,0,0,0,0,,0,,0,,0,,0,,0,,0
FIRMS_36D74012,8.64255,77.83568,4.54,333.36,60.0,2026-08-18T07:29:00Z,N20,,0,,0,0,0,0,0,0,0,0,0,,0,,0,,0,,0,,0,,0
FIRMS_BC148D89,8.64393,77.83443,3.67,332.19,60.0,2026-08-18T07:29:00Z,N20,,0,,0,0,0,0,0,0,0,0,0,,0,,0,,0,,0,,0,,0
FIRMS_5971951E,8.87058,77.64359,8.71,367.0,90.0,2026-08-18T07:29:00Z,N20,,0,,0,0,0,0,0,0,0,0,0,,0,,0,,0,,0,,0,,0
FIRMS_A216DA48,8.88035,77.79259,1.59,330.85,60.0,2026-08-18T07:29:00Z,N20,,0,,0,0,0,0,0,0,0,0,0,,0,,0,,0,,0,,0,,0
FIRMS_25A1A1AE,8.92457,77.53795,2.19,337.15,60.0,2026-08-18T07:29:00Z,N20,,0,,0,0,0,0,0,0,0,0,0,,0,,0,,0,,0,,0,,0
FIRMS_D999CDF2,8.92738,77.53544,4.49,339.7,60.0,2026-08-18T07:29:00Z,N20,,0,,0,0,0,0,0,0,0,0,0,,0,,0,,0,,0,,0,,0
FIRMS_DF3481D1,9.27297,77.61015,3.71,333.52,60.0,2026-08-18T07:29:00Z,N20,,0,,0,0,0,0,0,0,0,0,0,,0,,0,,0,,0,,0,,0
FIRMS_E0A46FD6,9.34194,78.71105,0.99,330.19,60.0,2026-08-18T07:29:00Z,N20,,0,,0,0,0,0,0,0,0,0,0,,0,,0,,0,,0,,0,,0
FIRMS_96B1493C,9.35471,78.81271,2.48,334.23,60.0,2026-08-18T07:29:00Z,N20,1690.3472627587796,1,oil_well,0,0,2,0,0,0,0,0,0,,0,,0,1690.3472627587796,1,,0,,0,,0
FIRMS_1C5816BF,9.30694,77.47687,1.9,333.3,60.0,2026-08-18T07:31:00Z,N20,,0,,0,0,0,0,0,0,0,0,0,,0,,0,,0,,0,,0,,0
FIRMS_F58667F2,9.38653,77.3917,9.49,345.28,60.0,2026-08-18T07:31:00Z,N20,,0,,0,0,0,0,0,0,0,0,0,,0,,0,,0,,0,,0,,0
FIRMS_AC3C55AD,9.41546,77.51305,8.05,349.04,60.0,2026-08-18T07:31:00Z,N20,,0,,0,0,0,0,0,0,0,0,0,,0,,0,,0,,0,,0,,0
FIRMS_412EFACA,9.48994,78.58805,2.85,334.45,60.0,2026-08-18T07:31:00Z,N20,,0,,0,0,0,0,0,0,0,0,0,,0,,0,,0,,0,,0,,0
FIRMS_CC4A046B,9.74047,78.34674,2.85,334.46,60.0,2026-08-18T07:31:00Z,N20,,0,,0,0,0,0,0,0,0,0,0,,0,,0,,0,,0,,0,,0
FIRMS_487DD6A1,9.74118,78.35052,2.85,336.33,60.0,2026-08-18T07:31:00Z,N20,,0,,0,0,0,0,0,0,0,0,0,,0,,0,,0,,0,,0,,0
FIRMS_C3F629F5,10.12096,77.56938,2.67,336.63,60.0,2026-08-18T07:31:00Z,N20,,0,,0,0,0,0,0,0,0,0,0,,0,,0,,0,,0,,0,,0
FIRMS_5E72B5FD,10.14966,79.14445,1.94,340.25,60.0,2026-08-18T07:31:00Z,N20,742.9315563407927,1,oil_well,0,1,1,0,0,1,0,0,0,,0,,0,742.9315563407927,1,,0,,0,,0
FIRMS_15BB1277,10.27211,78.84418,3.58,330.88,60.0,2026-08-18T07:31:00Z,N20,,0,,0,0,0,0,0,0,0,0,0,,0,,0,,0,,0,,0,,0
FIRMS_B0ACAF46,10.47191,78.95943,1.58,336.3,60.0,2026-08-18T07:31:00Z,N20,,0,,0,0,0,0,0,0,0,0,0,,0,,0,,0,,0,,0,,0
FIRMS_8E19F6E4,10.47282,78.95932,1.61,337.07,60.0,2026-08-18T07:31:00Z,N20,,0,,0,0,0,0,0,0,0,0,0,,0,,0,,0,,0,,0,,0
FIRMS_D28A9927,10.53808,79.23013,2.3,334.54,60.0,2026-08-18T07:31:00Z,N20,2894.685723213779,1,oil_well,0,0,1,0,0,0,0,0,0,,0,,0,2894.685723213779,1,,0,,0,,0
FIRMS_D5D9758C,10.53918,79.22962,2.23,334.6,60.0,2026-08-18T07:31:00Z,N20,2873.932020110003,1,oil_well,0,0,1,0,0,0,0,0,0,,0,,0,2873.932020110003,1,,0,,0,,0
FIRMS_788850B1,10.56221,79.45248,5.73,342.0,60.0,2026-08-18T07:31:00Z,N20,2311.0560559845867,1,power_plant,0,0,8,0,0,0,0,0,0,2311.0560559845867,1,,0,2497.4785393928405,1,,0,,0,,0
FIRMS_1CEB1B6F,10.56489,79.45138,4.4,339.99,60.0,2026-08-18T07:31:00Z,N20,2323.866809187847,1,oil_well,0,0,8,0,0,0,0,0,0,2601.914956968127,1,,0,2323.866809187847,1,,0,,0,,0
FIRMS_D5A5C226,10.57066,77.79511,1.86,332.07,60.0,2026-08-18T07:31:00Z,N20,,0,,0,0,0,0,0,0,0,0,0,,0,,0,,0,,0,,0,,0
FIRMS_2A82F60A,10.60104,79.33244,1.96,333.63,60.0,2026-08-18T07:31:00Z,N20,4145.569799006995,1,oil_well,0,0,2,0,0,0,0,0,0,,0,,0,4145.569799006995,1,,0,,0,,0
FIRMS_4CBF6801,10.77641,78.64904,4.65,336.14,60.0,2026-08-18T07:31:00Z,N20,,0,,0,0,0,0,0,0,0,0,0,,0,,0,,0,,0,,0,,0
FIRMS_145F628D,10.87521,77.78659,1.33,331.65,60.0,2026-08-18T07:31:00Z,N20,,0,,0,0,0,0,0,0,0,0,0,,0,,0,,0,,0,,0,,0
FIRMS_69B6F284,10.98517,78.24707,2.76,335.45,60.0,2026-08-18T07:31:00Z,N20,,0,,0,0,0,0,0,0,0,0,0,,0,,0,,0,,0,,0,,0
FIRMS_B8682782,10.98911,79.11748,1.7,333.48,60.0,2026-08-18T07:31:00Z,N20,,0,,0,0,0,0,0,0,0,0,0,,0,,0,,0,,0,,0,,0
FIRMS_6B6AE777,11.14397,78.58115,2.38,334.84,60.0,2026-08-18T07:31:00Z,N20,,0,,0,0,0,0,0,0,0,0,0,,0,,0,,0,,0,,0,,0
FIRMS_8E31B64A,11.70979,78.74386,4.04,335.07,60.0,2026-08-18T07:31:00Z,N20,,0,,0,0,0,0,0,0,0,0,0,,0,,0,,0,,0,,0,,0
FIRMS_E1F12874,11.7348,78.6478,4.37,335.23,60.0,2026-08-18T07:31:00Z,N20,,0,,0,0,0,0,0,0,0,0,0,,0,,0,,0,,0,,0,,0
FIRMS_4785E5E1,12.14322,77.04446,5.26,333.76,60.0,2026-08-18T07:31:00Z,N20,,0,,0,0,0,0,0,0,0,0,0,,0,,0,,0,,0,,0,,0
FIRMS_03DA5664,12.51511,80.06248,4.94,336.83,60.0,2026-08-18T07:31:00Z,N20,,0,,0,0,0,0,0,0,0,0,0,,0,,0,,0,,0,,0,,0
FIRMS_88A1485D,12.51642,80.06522,6.83,336.02,60.0,2026-08-18T07:31:00Z,N20,,0,,0,0,0,0,0,0,0,0,0,,0,,0,,0,,0,,0,,0
FIRMS_40AC23D9,12.9239,78.28851,3.9,330.52,60.0,2026-08-18T07:31:00Z,N20,,0,,0,0,0,0,0,0,0,0,0,,0,,0,,0,,0,,0,,0
FIRMS_4EEA1E9E,13.17513,78.8025,4.42,341.1,60.0,2026-08-18T07:31:00Z,N20,,0,,0,0,0,0,0,0,0,0,0,,0,,0,,0,,0,,0,,0
FIRMS_379A9943,13.37215,78.61613,2.63,339.53,60.0,2026-08-18T07:31:00Z,N20,,0,,0,0,0,0,0,0,0,0,0,,0,,0,,0,,0,,0,,0
FIRMS_E7B21372,13.82569,79.28007,7.61,340.25,60.0,2026-08-18T07:31:00Z,N20,,0,,0,0,0,0,0,0,0,0,0,,0,,0,,0,,0,,0,,0
FIRMS_5C6DC3B3,13.82664,79.285,7.61,334.08,60.0,2026-08-18T07:31:00Z,N20,,0,,0,0,0,0,0,0,0,0,0,,0,,0,,0,,0,,0,,0
FIRMS_AAFF5790,13.98261,77.39257,4.01,337.62,60.0,2026-08-18T07:31:00Z,N20,,0,,0,0,0,0,0,0,0,0,0,,0,,0,,0,,0,,0,,0
FIRMS_79CBF684,14.0267,79.94611,4.7,331.24,60.0,2026-08-18T07:31:00Z,N20,,0,,0,0,0,0,0,0,0,0,0,,0,,0,,0,,0,,0,,0
FIRMS_9C066CD1,14.02898,79.94829,3.46,333.71,60.0,2026-08-18T07:31:00Z,N20,,0,,0,0,0,0,0,0,0,0,0,,0,,0,,0,,0,,0,,0
FIRMS_BB09D17E,14.41142,78.21088,4.65,342.22,60.0,2026-08-18T07:31:00Z,N20,,0,,0,0,0,0,0,0,0,0,0,,0,,0,,0,,0,,0,,0
FIRMS_9F3F8786,18.72046,74.42578,4.74,328.05,60.0,2026-08-18T09:13:00Z,N20,,0,,0,0,0,0,0,0,0,0,0,,0,,0,,0,,0,,0,,0
FIRMS_E4964F41,18.72185,74.42528,3.98,328.15,60.0,2026-08-18T09:13:00Z,N20,,0,,0,0,0,0,0,0,0,0,0,,0,,0,,0,,0,,0,,0
FIRMS_62EB39E1,27.22125,95.34516,1.69,305.31,60.0,2026-08-18T20:00:00Z,N20,133.90480200551036,1,oil_well,2,2,5,0,0,2,0,0,0,4984.01838121497,1,,0,133.90480200551036,1,,0,,0,,0
FIRMS_61F8ABAF,27.31913,95.26543,2.89,309.59,60.0,2026-08-18T20:00:00Z,N20,130.35000508687935,1,oil_well,2,11,154,0,0,11,0,0,0,,0,,0,130.35000508687935,1,,0,,0,,0
FIRMS_7228A4F3,27.32597,95.27937,2.14,305.62,60.0,2026-08-18T20:00:00Z,N20,281.6165154176118,1,oil_well,5,18,190,0,0,18,0,0,0,,0,,0,281.6165154176118,1,,0,,0,,0
FIRMS_38F362E5,27.37818,95.08637,2.1,309.36,60.0,2026-08-18T20:00:00Z,N20,320.9091237737834,1,oil_well,4,14,84,0,0,14,0,0,0,3556.330463613465,1,,0,320.9091237737834,1,,0,,0,,0
FIRMS_3E171FD0,27.60403,95.40225,0.98,310.42,60.0,2026-08-18T20:00:00Z,N20,120.55590156811934,1,oil_well,3,8,24,0,0,8,0,0,0,,0,,0,120.55590156811934,1,,0,,0,,0
FIRMS_D9FF1327,23.7813,85.57607,0.41,298.28,60.0,2026-08-18T20:02:00Z,N20,3003.932480853524,1,oil_well,0,0,1,0,0,0,0,0,0,,0,,0,3003.932480853524,1,,0,,0,,0
FIRMS_6D570CFF,27.53035,77.65999,2.97,331.65,60.0,2026-08-18T20:02:00Z,N20,4431.176066426993,1,oil_refinery,0,0,1,0,0,0,0,0,0,,0,4431.176066426993,1,,0,,0,,0,,0
FIRMS_D1AB004A,28.37441,77.2247,0.33,306.28,60.0,2026-08-18T20:02:00Z,N20,,0,,0,0,0,0,0,0,0,0,0,,0,,0,,0,,0,,0,,0
FIRMS_DB8BE022,28.70777,76.8554,2.04,308.89,60.0,2026-08-18T20:02:00Z,N20,,0,,0,0,0,0,0,0,0,0,0,,0,,0,,0,,0,,0,,0
FIRMS_80E140E4,28.85306,77.14323,1.07,306.41,60.0,2026-08-18T20:02:00Z,N20,,0,,0,0,0,0,0,0,0,0,0,,0,,0,,0,,0,,0,,0
FIRMS_712C7063,9.31445,77.44357,0.99,314.49,60.0,2026-08-18T20:06:00Z,N20,,0,,0,0,0,0,0,0,0,0,0,,0,,0,,0,,0,,0,,0
FIRMS_826C717D,9.31494,77.44009,0.73,310.01,60.0,2026-08-18T20:06:00Z,N20,,0,,0,0,0,0,0,0,0,0,0,,0,,0,,0,,0,,0,,0
FIRMS_D946EE7F,10.48468,79.31949,2.3,308.8,60.0,2026-08-18T20:06:00Z,N20,,0,,0,0,0,0,0,0,0,0,0,,0,,0,,0,,0,,0,,0
FIRMS_E5BE4118,10.48831,79.32004,3.84,322.7,60.0,2026-08-18T20:06:00Z,N20,,0,,0,0,0,0,0,0,0,0,0,,0,,0,,0,,0,,0,,0
FIRMS_C03F6CF0,10.61726,77.42172,1.33,303.89,60.0,2026-08-18T20:06:00Z,N20,,0,,0,0,0,0,0,0,0,0,0,,0,,0,,0,,0,,0,,0
FIRMS_B244D845,11.02914,76.90601,1.32,316.92,60.0,2026-08-18T20:06:00Z,N20,,0,,0,0,0,0,0,0,0,0,0,,0,,0,,0,,0,,0,,0
FIRMS_BE2973C7,12.65806,78.78379,1.9,305.3,60.0,2026-08-18T20:06:00Z,N20,,0,,0,0,0,0,0,0,0,0,0,,0,,0,,0,,0,,0,,0
FIRMS_D139DD07,12.66009,78.78571,0.94,301.56,60.0,2026-08-18T20:06:00Z,N20,,0,,0,0,0,0,0,0,0,0,0,,0,,0,,0,,0,,0,,0
FIRMS_949EF680,20.79179,85.25556,4.96,332.73,60.0,2026-08-19T07:14:00Z,N20,,0,,0,0,0,0,0,0,0,0,0,,0,,0,,0,,0,,0,,0
FIRMS_E68900CB,20.79575,85.25475,8.12,342.63,60.0,2026-08-19T07:14:00Z,N20,,0,,0,0,0,0,0,0,0,0,0,,0,,0,,0,,0,,0,,0
FIRMS_30DA30DC,22.36498,87.30222,8.62,339.31,60.0,2026-08-19T07:16:00Z,N20,,0,,0,0,0,0,0,0,0,0,0,,0,,0,,0,,0,,0,,0
FIRMS_77304360,8.63941,77.90063,6.62,339.32,60.0,2026-08-19T08:52:00Z,N20,,0,,0,0,0,0,0,0,0,0,0,,0,,0,,0,,0,,0,,0
FIRMS_87678832,8.63992,77.90443,6.22,337.42,60.0,2026-08-19T08:52:00Z,N20,,0,,0,0,0,0,0,0,0,0,0,,0,,0,,0,,0,,0,,0
FIRMS_BF3326AE,8.64316,77.89857,3.76,330.82,60.0,2026-08-19T08:52:00Z,N20,,0,,0,0,0,0,0,0,0,0,0,,0,,0,,0,,0,,0,,0
FIRMS_45D24CCE,8.64364,77.90237,4.95,344.29,60.0,2026-08-19T08:52:00Z,N20,,0,,0,0,0,0,0,0,0,0,0,,0,,0,,0,,0,,0,,0
FIRMS_5C825D49,8.74034,77.6055,239.09,340.56,60.0,2026-08-19T08:52:00Z,N20,,0,,0,0,0,0,0,0,0,0,0,,0,,0,,0,,0,,0,,0
FIRMS_54B8BD42,9.52572,78.76215,5.93,341.98,60.0,2026-08-19T08:52:00Z,N20,1955.001366038599,1,oil_well,0,0,1,0,0,0,0,0,0,,0,,0,1955.001366038599,1,,0,,0,,0
FIRMS_45061D31,10.74717,78.63906,5.39,334.31,60.0,2026-08-19T08:52:00Z,N20,,0,,0,0,0,0,0,0,0,0,0,,0,,0,,0,,0,,0,,0
FIRMS_917ED81B,10.93393,78.49468,1.95,330.44,60.0,2026-08-19T08:52:00Z,N20,,0,,0,0,0,0,0,0,0,0,0,,0,,0,,0,,0,,0,,0
FIRMS_2F959020,10.95563,78.40146,4.21,332.42,60.0,2026-08-19T08:52:00Z,N20,,0,,0,0,0,0,0,0,0,0,0,,0,,0,,0,,0,,0,,0
FIRMS_50D77D7D,27.31678,95.26754,2.63,311.22,60.0,2026-08-19T19:42:00Z,N20,231.98726746666216,1,oil_well,2,12,156,0,0,12,0,0,0,,0,,0,231.98726746666216,1,,0,,0,,0
FIRMS_5A363994,20.7594,85.29646,2.8,312.84,60.0,2026-08-19T19:45:00Z,N20,,0,,0,0,0,0,0,0,0,0,0,,0,,0,,0,,0,,0,,0
FIRMS_C5F2E3EE,20.76076,85.30016,1.39,309.2,60.0,2026-08-19T19:45:00Z,N20,,0,,0,0,0,0,0,0,0,0,0,,0,,0,,0,,0,,0,,0
FIRMS_4A27E9C7,20.76146,85.29501,1.39,304.74,60.0,2026-08-19T19:45:00Z,N20,,0,,0,0,0,0,0,0,0,0,0,,0,,0,,0,,0,,0,,0
FIRMS_24A3146C,20.79224,85.25455,3.51,310.53,60.0,2026-08-19T19:45:00Z,N20,,0,,0,0,0,0,0,0,0,0,0,,0,,0,,0,,0,,0,,0
FIRMS_C3440150,20.79609,85.25515,3.51,330.5,60.0,2026-08-19T19:45:00Z,N20,,0,,0,0,0,0,0,0,0,0,0,,0,,0,,0,,0,,0,,0
FIRMS_79598FDA,20.79929,85.26081,1.91,304.96,60.0,2026-08-19T19:45:00Z,N20,,0,,0,0,0,0,0,0,0,0,0,,0,,0,,0,,0,,0,,0
FIRMS_8E63C8DA,20.86544,84.99534,3.47,319.0,60.0,2026-08-19T19:45:00Z,N20,,0,,0,0,0,0,0,0,0,0,0,,0,,0,,0,,0,,0,,0
FIRMS_D68C9F8E,20.86612,84.99014,3.47,316.88,60.0,2026-08-19T19:45:00Z,N20,,0,,0,0,0,0,0,0,0,0,0,,0,,0,,0,,0,,0,,0
FIRMS_79ED1C75,20.8871,84.98233,7.56,342.42,60.0,2026-08-19T19:45:00Z,N20,,0,,0,0,0,0,0,0,0,0,0,,0,,0,,0,,0,,0,,0
FIRMS_04813ED1,20.89102,84.9829,1.05,305.86,60.0,2026-08-19T19:45:00Z,N20,,0,,0,0,0,0,0,0,0,0,0,,0,,0,,0,,0,,0,,0
FIRMS_1DB24170,20.94882,86.04855,2.38,324.64,60.0,2026-08-19T19:45:00Z,N20,,0,,0,0,0,0,0,0,0,0,0,,0,,0,,0,,0,,0,,0
FIRMS_DF1E30A6,20.95251,86.04915,2.38,314.27,60.0,2026-08-19T19:45:00Z,N20,,0,,0,0,0,0,0,0,0,0,0,,0,,0,,0,,0,,0,,0
FIRMS_E748B26A,20.95314,86.04453,4.28,320.25,60.0,2026-08-19T19:45:00Z,N20,,0,,0,0,0,0,0,0,0,0,0,,0,,0,,0,,0,,0,,0
FIRMS_6D95BC39,20.96163,85.17625,1.87,306.18,60.0,2026-08-19T19:45:00Z,N20,,0,,0,0,0,0,0,0,0,0,0,,0,,0,,0,,0,,0,,0
FIRMS_31647B6C,20.96231,85.17104,1.87,314.77,60.0,2026-08-19T19:45:00Z,N20,,0,,0,0,0,0,0,0,0,0,0,,0,,0,,0,,0,,0,,0
FIRMS_915CCCC3,20.96358,86.05087,2.26,315.65,60.0,2026-08-19T19:45:00Z,N20,,0,,0,0,0,0,0,0,0,0,0,,0,,0,,0,,0,,0,,0
FIRMS_C928B61C,20.96414,85.18718,2.68,329.26,60.0,2026-08-19T19:45:00Z,N20,,0,,0,0,0,0,0,0,0,0,0,,0,,0,,0,,0,,0,,0
FIRMS_D3AB2FF6,20.96482,85.182,2.68,307.27,60.0,2026-08-19T19:45:00Z,N20,,0,,0,0,0,0,0,0,0,0,0,,0,,0,,0,,0,,0,,0
FIRMS_55431912,20.96619,85.17161,2.88,317.35,60.0,2026-08-19T19:45:00Z,N20,,0,,0,0,0,0,0,0,0,0,0,,0,,0,,0,,0,,0,,0
FIRMS_83ABB53A,20.96688,85.16637,3.25,309.23,60.0,2026-08-19T19:45:00Z,N20,,0,,0,0,0,0,0,0,0,0,0,,0,,0,,0,,0,,0,,0
FIRMS_D8EF5587,20.96871,86.01344,2.98,307.98,60.0,2026-08-19T19:45:00Z,N20,,0,,0,0,0,0,0,0,0,0,0,,0,,0,,0,,0,,0,,0
FIRMS_43CC8B97,20.96938,85.17738,2.88,324.77,60.0,2026-08-19T19:45:00Z,N20,,0,,0,0,0,0,0,0,0,0,0,,0,,0,,0,,0,,0,,0
FIRMS_00532702,20.96999,86.00407,2.78,327.37,60.0,2026-08-19T19:45:00Z,N20,,0,,0,0,0,0,0,0,0,0,0,,0,,0,,0,,0,,0,,0
FIRMS_3228840C,20.97007,85.17216,2.88,318.33,60.0,2026-08-19T19:45:00Z,N20,,0,,0,0,0,0,0,0,0,0,0,,0,,0,,0,,0,,0,,0
FIRMS_43456D66,20.97369,86.00464,2.78,317.65,60.0,2026-08-19T19:45:00Z,N20,,0,,0,0,0,0,0,0,0,0,0,,0,,0,,0,,0,,0,,0
FIRMS_DB75038E,20.97784,85.17326,2.69,306.79,60.0,2026-08-19T19:45:00Z,N20,,0,,0,0,0,0,0,0,0,0,0,,0,,0,,0,,0,,0,,0
FIRMS_5D940770,20.97853,85.16805,1.58,305.89,60.0,2026-08-19T19:45:00Z,N20,,0,,0,0,0,0,0,0,0,0,0,,0,,0,,0,,0,,0,,0
FIRMS_690DA0AD,20.97878,85.13621,3.01,305.9,60.0,2026-08-19T19:45:00Z,N20,,0,,0,0,0,0,0,0,0,0,0,,0,,0,,0,,0,,0,,0
FIRMS_7FAEDA1E,20.98905,85.12326,1.05,304.83,60.0,2026-08-19T19:45:00Z,N20,,0,,0,0,0,0,0,0,0,0,0,,0,,0,,0,,0,,0,,0
FIRMS_362F4042,20.99724,86.01566,2.25,322.16,60.0,2026-08-19T19:45:00Z,N20,,0,,0,0,0,0,0,0,0,0,0,,0,,0,,0,,0,,0,,0
FIRMS_4FF6B6B5,20.9997,86.02561,1.79,309.19,60.0,2026-08-19T19:45:00Z,N20,,0,,0,0,0,0,0,0,0,0,0,,0,,0,,0,,0,,0,,0
FIRMS_22348F29,21.07466,85.04465,1.56,304.62,60.0,2026-08-19T19:45:00Z,N20,3901.8111110292016,1,power_plant,0,0,2,0,0,0,0,0,0,3901.8111110292016,1,,0,,0,,0,,0,,0
FIRMS_3A0027F3,21.07858,85.04521,1.56,309.08,60.0,2026-08-19T19:45:00Z,N20,3596.754661272769,1,power_plant,0,0,2,0,0,0,0,0,0,3596.754661272769,1,,0,,0,,0,,0,,0
FIRMS_5E6CFA68,21.07927,85.03988,2.71,310.25,60.0,2026-08-19T19:45:00Z,N20,4030.409201364014,1,power_plant,0,0,2,0,0,0,0,0,0,4030.409201364014,1,,0,,0,,0,,0,,0
FIRMS_E793054A,21.07996,85.03458,2.71,307.48,60.0,2026-08-19T19:45:00Z,N20,4488.829646532123,1,power_plant,0,0,2,0,0,0,0,0,0,4488.829646532123,1,,0,,0,,0,,0,,0
FIRMS_11F4AEFC,22.05502,85.46635,0.59,301.37,60.0,2026-08-19T19:45:00Z,N20,,0,,0,0,0,0,0,0,0,0,0,,0,,0,,0,,0,,0,,0
FIRMS_6B6A44A1,22.13304,85.38209,1.02,304.05,60.0,2026-08-19T19:45:00Z,N20,,0,,0,0,0,0,0,0,0,0,0,,0,,0,,0,,0,,0,,0
FIRMS_4F6D2018,22.35701,87.28933,1.49,309.0,60.0,2026-08-19T19:45:00Z,N20,,0,,0,0,0,0,0,0,0,0,0,,0,,0,,0,,0,,0,,0
FIRMS_77DDF671,22.36053,87.2899,1.49,305.78,60.0,2026-08-19T19:45:00Z,N20,,0,,0,0,0,0,0,0,0,0,0,,0,,0,,0,,0,,0,,0
FIRMS_127062C3,22.36126,87.01955,1.57,308.03,60.0,2026-08-19T19:45:00Z,N20,,0,,0,0,0,0,0,0,0,0,0,,0,,0,,0,,0,,0,,0
FIRMS_7BFF4FE4,22.36285,87.01693,1.69,313.65,60.0,2026-08-19T19:45:00Z,N20,,0,,0,0,0,0,0,0,0,0,0,,0,,0,,0,,0,,0,,0
FIRMS_4A344968,22.36542,87.01572,1.28,306.73,60.0,2026-08-19T19:45:00Z,N20,,0,,0,0,0,0,0,0,0,0,0,,0,,0,,0,,0,,0,,0
FIRMS_0FEA802D,22.3664,87.29961,3.15,318.07,60.0,2026-08-19T19:45:00Z,N20,,0,,0,0,0,0,0,0,0,0,0,,0,,0,,0,,0,,0,,0
FIRMS_C127040F,22.37644,87.27934,4.93,324.04,60.0,2026-08-19T19:45:00Z,N20,,0,,0,0,0,0,0,0,0,0,0,,0,,0,,0,,0,,0,,0
FIRMS_50843FE4,22.37997,87.27991,1.9,316.34,60.0,2026-08-19T19:45:00Z,N20,,0,,0,0,0,0,0,0,0,0,0,,0,,0,,0,,0,,0,,0
FIRMS_44329B9E,22.38057,87.27562,1.9,308.73,60.0,2026-08-19T19:45:00Z,N20,,0,,0,0,0,0,0,0,0,0,0,,0,,0,,0,,0,,0,,0
FIRMS_AD5BD771,22.38231,87.28905,2.32,305.9,60.0,2026-08-19T19:45:00Z,N20,,0,,0,0,0,0,0,0,0,0,0,,0,,0,,0,,0,,0,,0
FIRMS_4D0465F8,22.57419,85.89626,1.39,310.24,60.0,2026-08-19T19:45:00Z,N20,,0,,0,0,0,0,0,0,0,0,0,,0,,0,,0,,0,,0,,0
FIRMS_4CC229B0,22.57485,85.89123,1.39,305.64,60.0,2026-08-19T19:45:00Z,N20,,0,,0,0,0,0,0,0,0,0,0,,0,,0,,0,,0,,0,,0
FIRMS_A7E15213,22.61008,85.91367,1.7,306.4,60.0,2026-08-19T19:45:00Z,N20,,0,,0,0,0,0,0,0,0,0,0,,0,,0,,0,,0,,0,,0
FIRMS_5E0781C9,22.78767,86.20531,2.63,307.42,60.0,2026-08-19T19:45:00Z,N20,,0,,0,0,0,0,0,0,0,0,0,,0,,0,,0,,0,,0,,0
FIRMS_63AD45B8,22.7884,86.20729,1.51,305.8,60.0,2026-08-19T19:45:00Z,N20,,0,,0,0,0,0,0,0,0,0,0,,0,,0,,0,,0,,0,,0
FIRMS_7CAC2515,22.78966,86.19751,4.37,311.22,60.0,2026-08-19T19:45:00Z,N20,,0,,0,0,0,0,0,0,0,0,0,,0,,0,,0,,0,,0,,0
FIRMS_EBCD0C78,22.79029,86.1926,1.92,308.82,60.0,2026-08-19T19:45:00Z,N20,,0,,0,0,0,0,0,0,0,0,0,,0,,0,,0,,0,,0,,0
FIRMS_060BA218,22.79077,86.21069,2.89,310.22,60.0,2026-08-19T19:45:00Z,N20,,0,,0,0,0,0,0,0,0,0,0,,0,,0,,0,,0,,0,,0
FIRMS_5FDFC08B,22.79141,86.20586,2.63,325.08,60.0,2026-08-19T19:45:00Z,N20,,0,,0,0,0,0,0,0,0,0,0,,0,,0,,0,,0,,0,,0
FIRMS_6C1D42EF,22.79152,86.2127,1.51,304.03,60.0,2026-08-19T19:45:00Z,N20,,0,,0,0,0,0,0,0,0,0,0,,0,,0,,0,,0,,0,,0
FIRMS_50815972,22.79215,86.20784,1.51,319.15,60.0,2026-08-19T19:45:00Z,N20,,0,,0,0,0,0,0,0,0,0,0,,0,,0,,0,,0,,0,,0
FIRMS_C028EF62,22.79272,86.19611,3.17,310.55,60.0,2026-08-19T19:45:00Z,N20,,0,,0,0,0,0,0,0,0,0,0,,0,,0,,0,,0,,0,,0
FIRMS_5004C52D,22.79647,86.19669,1.57,310.02,60.0,2026-08-19T19:45:00Z,N20,,0,,0,0,0,0,0,0,0,0,0,,0,,0,,0,,0,,0,,0
FIRMS_07EB25B0,22.79715,86.19865,1.42,311.6,60.0,2026-08-19T19:45:00Z,N20,,0,,0,0,0,0,0,0,0,0,0,,0,,0,,0,,0,,0,,0
FIRMS_4DCB5219,22.87644,86.06029,2.45,304.74,60.0,2026-08-19T19:45:00Z,N20,3908.206882405765,1,power_plant,0,0,1,0,0,0,0,0,0,3908.206882405765,1,,0,,0,,0,,0,,0
FIRMS_A693C1C1,23.60917,85.67301,0.84,301.79,60.0,2026-08-19T19:45:00Z,N20,,0,,0,0,0,0,0,0,0,0,0,,0,,0,,0,,0,,0,,0
FIRMS_27512AEE,23.60963,85.675,1.24,305.59,60.0,2026-08-19T19:45:00Z,N20,,0,,0,0,0,0,0,0,0,0,0,,0,,0,,0,,0,,0,,0
FIRMS_DBF045BA,23.66273,87.15408,2.05,308.91,60.0,2026-08-19T19:45:00Z,N20,,0,,0,0,0,0,0,0,0,0,0,,0,,0,,0,,0,,0,,0
FIRMS_8659B449,23.67219,86.10865,1.84,307.56,60.0,2026-08-19T19:45:00Z,N20,,0,,0,0,0,0,0,0,0,0,0,,0,,0,,0,,0,,0,,0
FIRMS_9B2BEAB9,23.67504,86.11079,1.87,305.56,60.0,2026-08-19T19:45:00Z,N20,,0,,0,0,0,0,0,0,0,0,0,,0,,0,,0,,0,,0,,0
FIRMS_1401E6D2,23.67645,86.40062,1.88,306.32,60.0,2026-08-19T19:45:00Z,N20,2575.254860499483,1,oil_well,0,0,2,0,0,0,0,0,0,,0,,0,2575.254860499483,1,,0,,0,,0
FIRMS_F2120255,23.67708,86.39573,0.95,302.66,60.0,2026-08-19T19:45:00Z,N20,2273.7037387489872,1,oil_well,0,0,2,0,0,0,0,0,0,,0,,0,2273.7037387489872,1,,0,,0,,0
FIRMS_9A2DC724,23.67823,86.08537,1.22,303.17,60.0,2026-08-19T19:45:00Z,N20,,0,,0,0,0,0,0,0,0,0,0,,0,,0,,0,,0,,0,,0
FIRMS_0FE0ED0F,23.67935,86.08384,0.83,303.33,60.0,2026-08-19T19:45:00Z,N20,,0,,0,0,0,0,0,0,0,0,0,,0,,0,,0,,0,,0,,0
FIRMS_BB384124,23.68076,86.09612,0.68,301.17,60.0,2026-08-19T19:45:00Z,N20,,0,,0,0,0,0,0,0,0,0,0,,0,,0,,0,,0,,0,,0
FIRMS_A1E18C75,23.68082,86.39635,0.81,299.78,60.0,2026-08-19T19:45:00Z,N20,2642.169893982089,1,oil_well,0,0,6,0,0,0,0,0,0,,0,,0,2642.169893982089,1,,0,,0,,0
FIRMS_851C73DD,23.6814,86.09103,2.21,302.15,60.0,2026-08-19T19:45:00Z,N20,,0,,0,0,0,0,0,0,0,0,0,,0,,0,,0,,0,,0,,0
FIRMS_B3FA1ABA,23.68269,86.08083,1.35,317.23,60.0,2026-08-19T19:45:00Z,N20,,0,,0,0,0,0,0,0,0,0,0,,0,,0,,0,,0,,0,,0
FIRMS_8CBE82E7,23.68438,87.12988,2.41,307.68,60.0,2026-08-19T19:45:00Z,N20,,0,,0,0,0,0,0,0,0,0,0,,0,,0,,0,,0,,0,,0
FIRMS_CDE0F0FC,23.68456,86.39696,0.81,296.71,60.0,2026-08-19T19:45:00Z,N20,3023.7433448416955,1,oil_well,0,0,6,0,0,0,0,0,0,,0,,0,3023.7433448416955,1,,0,,0,,0
FIRMS_0076BBFD,23.68521,86.392,0.81,303.69,60.0,2026-08-19T19:45:00Z,N20,2859.165885658632,1,oil_well,0,0,12,0,0,0,0,0,0,,0,,0,2859.165885658632,1,,0,,0,,0
FIRMS_57D8E234,23.6892,87.12139,3.81,312.33,60.0,2026-08-19T19:45:00Z,N20,,0,,0,0,0,0,0,0,0,0,0,,0,,0,,0,,0,,0,,0
FIRMS_2D5AE8A6,23.6914,86.40305,0.98,301.88,60.0,2026-08-19T19:45:00Z,N20,3504.2730456219165,1,oil_well,0,0,2,0,0,0,0,0,0,,0,,0,3504.2730456219165,1,,0,,0,,0
FIRMS_6B6D3251,23.69281,87.12199,2.81,307.96,60.0,2026-08-19T19:45:00Z,N20,4862.275158426061,1,oil_well,0,0,1,0,0,0,0,0,0,,0,,0,4862.275158426061,1,,0,,0,,0
FIRMS_16A541CD,23.69476,86.07745,0.95,306.39,60.0,2026-08-19T19:45:00Z,N20,,0,,0,0,0,0,0,0,0,0,0,,0,,0,,0,,0,,0,,0
FIRMS_9559FD61,23.69857,86.07803,0.86,310.92,60.0,2026-08-19T19:45:00Z,N20,,0,,0,0,0,0,0,0,0,0,0,,0,,0,,0,,0,,0,,0
FIRMS_0C096AB1,23.71062,86.43102,1.47,299.96,60.0,2026-08-19T19:45:00Z,N20,,0,,0,0,0,0,0,0,0,0,0,,0,,0,,0,,0,,0,,0
FIRMS_C885A3BD,23.73676,86.4352,1.1,303.04,60.0,2026-08-19T19:45:00Z,N20,,0,,0,0,0,0,0,0,0,0,0,,0,,0,,0,,0,,0,,0
FIRMS_A1D91EDE,23.73741,86.43033,1.1,302.84,60.0,2026-08-19T19:45:00Z,N20,,0,,0,0,0,0,0,0,0,0,0,,0,,0,,0,,0,,0,,0
FIRMS_43F3871E,23.73835,86.43285,1.3,309.16,60.0,2026-08-19T19:45:00Z,N20,,0,,0,0,0,0,0,0,0,0,0,,0,,0,,0,,0,,0,,0
FIRMS_130D2C8A,23.75207,86.41506,0.91,302.77,60.0,2026-08-19T19:45:00Z,N20,,0,,0,0,0,0,0,0,0,0,0,,0,,0,,0,,0,,0,,0
FIRMS_B1186336,23.75707,86.40581,1.01,300.21,60.0,2026-08-19T19:45:00Z,N20,,0,,0,0,0,0,0,0,0,0,0,,0,,0,,0,,0,,0,,0
FIRMS_B3910200,23.75834,86.3959,0.45,295.73,60.0,2026-08-19T19:45:00Z,N20,,0,,0,0,0,0,0,0,0,0,0,,0,,0,,0,,0,,0,,0
FIRMS_01C60890,23.76145,86.40147,1.01,302.7,60.0,2026-08-19T19:45:00Z,N20,,0,,0,0,0,0,0,0,0,0,0,,0,,0,,0,,0,,0,,0
FIRMS_5322EA4F,23.76455,86.40701,0.8,301.0,60.0,2026-08-19T19:45:00Z,N20,,0,,0,0,0,0,0,0,0,0,0,,0,,0,,0,,0,,0,,0
FIRMS_A1679AAF,23.76519,86.40205,0.8,300.36,60.0,2026-08-19T19:45:00Z,N20,,0,,0,0,0,0,0,0,0,0,0,,0,,0,,0,,0,,0,,0
FIRMS_A7D39C00,23.76894,86.40264,0.8,303.97,60.0,2026-08-19T19:45:00Z,N20,,0,,0,0,0,0,0,0,0,0,0,,0,,0,,0,,0,,0,,0
FIRMS_3AE242B6,23.77833,86.3891,1.39,307.41,60.0,2026-08-19T19:45:00Z,N20,,0,,0,0,0,0,0,0,0,0,0,,0,,0,,0,,0,,0,,0
FIRMS_EE63E8FA,23.78208,86.3897,0.83,300.95,60.0,2026-08-19T19:45:00Z,N20,,0,,0,0,0,0,0,0,0,0,0,,0,,0,,0,,0,,0,,0
FIRMS_C31C36D5,23.82477,84.57133,1.66,315.7,60.0,2026-08-19T19:45:00Z,N20,,0,,0,0,0,0,0,0,0,0,0,,0,,0,,0,,0,,0,,0
FIRMS_22096348,23.82895,84.57195,1.66,315.83,60.0,2026-08-19T19:45:00Z,N20,,0,,0,0,0,0,0,0,0,0,0,,0,,0,,0,,0,,0,,0
FIRMS_FED11321,24.92421,84.15677,1.67,303.69,60.0,2026-08-19T19:45:00Z,N20,,0,,0,0,0,0,0,0,0,0,0,,0,,0,,0,,0,,0,,0
FIRMS_0CAB9DFF,8.74219,77.60104,11.51,353.29,60.0,2026-08-19T19:47:00Z,N20,,0,,0,0,0,0,0,0,0,0,0,,0,,0,,0,,0,,0,,0
FIRMS_9523957E,8.74267,77.59756,11.51,367.0,90.0,2026-08-19T19:47:00Z,N20,,0,,0,0,0,0,0,0,0,0,0,,0,,0,,0,,0,,0,,0
FIRMS_B45584C7,15.29888,80.01089,0.86,302.36,60.0,2026-08-19T19:47:00Z,N20,,0,,0,0,0,0,0,0,0,0,0,,0,,0,,0,,0,,0,,0
FIRMS_0D318198,8.7441,77.60194,3.12,322.96,60.0,2026-08-19T19:49:00Z,N20,,0,,0,0,0,0,0,0,0,0,0,,0,,0,,0,,0,,0,,0
FIRMS_954A19A9,8.74455,77.59845,3.12,334.36,60.0,2026-08-19T19:49:00Z,N20,,0,,0,0,0,0,0,0,0,0,0,,0,,0,,0,,0,,0,,0
FIRMS_752C9730,9.76584,77.51328,1.12,308.24,60.0,2026-08-19T19:49:00Z,N20,,0,,0,0,0,0,0,0,0,0,0,,0,,0,,0,,0,,0,,0
FIRMS_E5449EB6,9.93416,78.31787,1.07,313.76,60.0,2026-08-19T19:49:00Z,N20,,0,,0,0,0,0,0,0,0,0,0,,0,,0,,0,,0,,0,,0
FIRMS_347C0D00,9.93454,78.31564,1.08,305.78,60.0,2026-08-19T19:49:00Z,N20,,0,,0,0,0,0,0,0,0,0,0,,0,,0,,0,,0,,0,,0
FIRMS_DD82F4C2,29.47378,76.85699,0.4,305.11,60.0,2026-08-19T21:23:00Z,N20,1711.020128728749,1,oil_refinery,0,0,1,0,0,0,0,0,0,,0,1711.020128728749,1,,0,,0,,0,,0
FIRMS_4997B1C9,18.69369,73.04151,1.18,301.77,60.0,2026-08-19T21:25:00Z,N20,,0,,0,0,0,0,0,0,0,0,0,,0,,0,,0,,0,,0,,0
FIRMS_9ED20753,26.2566,74.0971,1.03,305.83,60.0,2026-08-19T21:25:00Z,N20,,0,,0,0,0,0,0,0,0,0,0,,0,,0,,0,,0,,0,,0
FIRMS_371E7A17,26.25852,74.09779,1.19,304.08,60.0,2026-08-19T21:25:00Z,N20,,0,,0,0,0,0,0,0,0,0,0,,0,,0,,0,,0,,0,,0
FIRMS_4815AC85,26.87804,73.51413,0.89,299.8,60.0,2026-08-19T21:25:00Z,N20,,0,,0,0,0,0,0,0,0,0,0,,0,,0,,0,,0,,0,,0
FIRMS_8BABE045,23.73539,86.43382,4.75,330.07,60.0,2026-08-20T06:57:00Z,N20,,0,,0,0,0,0,0,0,0,0,0,,0,,0,,0,,0,,0,,0
FIRMS_F33656DD,23.77213,86.3663,4.99,327.08,60.0,2026-08-20T06:57:00Z,N20,,0,,0,0,0,0,0,0,0,0,0,,0,,0,,0,,0,,0,,0
FIRMS_8C6965C6,23.77547,86.367,5.74,328.11,60.0,2026-08-20T06:57:00Z,N20,,0,,0,0,0,0,0,0,0,0,0,,0,,0,,0,,0,,0,,0
FIRMS_9F05212B,23.80376,86.32996,5.71,329.87,60.0,2026-08-20T06:57:00Z,N20,,0,,0,0,0,0,0,0,0,0,0,,0,,0,,0,,0,,0,,0
FIRMS_CA1FEA3B,26.26204,91.96658,2.87,331.64,60.0,2026-08-20T06:59:00Z,N20,,0,,0,0,0,0,0,0,0,0,0,,0,,0,,0,,0,,0,,0
FIRMS_93F1EB8D,8.73457,78.0784,1.92,333.92,60.0,2026-08-20T08:35:00Z,N20,,0,,0,0,0,0,0,0,0,0,0,,0,,0,,0,,0,,0,,0
FIRMS_F7655BE6,8.73786,77.60059,15.4,352.24,60.0,2026-08-20T08:35:00Z,N20,,0,,0,0,0,0,0,0,0,0,0,,0,,0,,0,,0,,0,,0
FIRMS_97B742DF,8.73847,77.60493,5.83,351.61,60.0,2026-08-20T08:35:00Z,N20,,0,,0,0,0,0,0,0,0,0,0,,0,,0,,0,,0,,0,,0
FIRMS_DEAB2619,8.74184,77.60004,15.4,340.6,60.0,2026-08-20T08:35:00Z,N20,,0,,0,0,0,0,0,0,0,0,0,,0,,0,,0,,0,,0,,0
FIRMS_248869F3,8.82577,77.81587,3.89,343.95,60.0,2026-08-20T08:35:00Z,N20,,0,,0,0,0,0,0,0,0,0,0,,0,,0,,0,,0,,0,,0
FIRMS_9789C13D,8.82652,77.81555,4.05,343.01,60.0,2026-08-20T08:35:00Z,N20,,0,,0,0,0,0,0,0,0,0,0,,0,,0,,0,,0,,0,,0
FIRMS_88E7EA4E,9.01934,77.891,9.86,342.36,60.0,2026-08-20T08:35:00Z,N20,,0,,0,0,0,0,0,0,0,0,0,,0,,0,,0,,0,,0,,0
FIRMS_E7741F35,9.06651,77.75156,4.95,343.23,60.0,2026-08-20T08:35:00Z,N20,,0,,0,0,0,0,0,0,0,0,0,,0,,0,,0,,0,,0,,0
FIRMS_85D5FBFD,9.07037,77.43026,3.09,333.84,60.0,2026-08-20T08:35:00Z,N20,,0,,0,0,0,0,0,0,0,0,0,,0,,0,,0,,0,,0,,0
FIRMS_3BF67F9F,10.13192,77.77665,1.71,333.73,60.0,2026-08-20T08:35:00Z,N20,,0,,0,0,0,0,0,0,0,0,0,,0,,0,,0,,0,,0,,0
FIRMS_C40D8EBC,11.56117,79.1529,6.71,336.28,60.0,2026-08-20T08:35:00Z,N20,,0,,0,0,0,0,0,0,0,0,0,,0,,0,,0,,0,,0,,0
FIRMS_71C54E20,11.65141,79.12849,4.74,336.72,60.0,2026-08-20T08:35:00Z,N20,,0,,0,0,0,0,0,0,0,0,0,,0,,0,,0,,0,,0,,0
FIRMS_87728990,11.72925,78.97382,2.44,332.49,60.0,2026-08-20T08:35:00Z,N20,,0,,0,0,0,0,0,0,0,0,0,,0,,0,,0,,0,,0,,0
FIRMS_C8E3DDF8,13.27826,79.15017,2.5,330.16,60.0,2026-08-20T08:35:00Z,N20,,0,,0,0,0,0,0,0,0,0,0,,0,,0,,0,,0,,0,,0
FIRMS_3F6D4070,13.30639,76.27603,3.58,331.69,60.0,2026-08-20T08:35:00Z,N20,,0,,0,0,0,0,0,0,0,0,0,,0,,0,,0,,0,,0,,0
FIRMS_3263B972,14.16944,77.45648,4.22,332.05,60.0,2026-08-20T08:35:00Z,N20,,0,,0,0,0,0,0,0,0,0,0,,0,,0,,0,,0,,0,,0
FIRMS_D56F8D4F,14.39635,78.58465,5.12,337.63,60.0,2026-08-20T08:35:00Z,N20,,0,,0,0,0,0,0,0,0,0,0,,0,,0,,0,,0,,0,,0
FIRMS_C186BBC2,17.56894,75.63644,4.39,334.34,60.0,2026-08-20T08:35:00Z,N20,1222.6797116073076,1,ethanol_plant,0,0,1,0,0,0,0,0,0,,0,,0,,0,1222.6797116073076,1,,0,,0
FIRMS_FE04AEE4,14.90438,77.5486,3.01,337.93,60.0,2026-08-20T08:37:00Z,N20,,0,,0,0,0,0,0,0,0,0,0,,0,,0,,0,,0,,0,,0
FIRMS_79B4B908,17.50858,82.95274,8.28,341.91,60.0,2026-08-20T08:37:00Z,N20,963.329309960049,1,ethanol_plant,0,1,1,0,0,0,1,0,0,,0,,0,,0,963.329309960049,1,,0,,0
FIRMS_949744D3,29.39208,74.30708,5.84,330.09,30.0,2026-08-20T08:39:00Z,N20,,0,,0,0,0,0,0,0,0,0,0,,0,,0,,0,,0,,0,,0
FIRMS_C16854E5,23.50349,87.32597,3.33,308.31,60.0,2026-08-20T19:23:00Z,N20,2724.082482652347,1,power_plant,0,0,1,0,0,0,0,0,0,2724.082482652347,1,,0,,0,,0,,0,,0
FIRMS_E42F40D1,23.55093,87.24238,2.87,317.38,60.0,2026-08-20T19:23:00Z,N20,1714.550801355941,1,oil_well,0,0,5,0,0,0,0,0,0,,0,,0,1714.550801355941,1,,0,,0,,0
FIRMS_71E05714,23.56105,87.23804,3.32,308.38,60.0,2026-08-20T19:23:00Z,N20,513.130515064464,1,oil_well,0,1,8,0,0,1,0,0,0,4032.9637758692384,1,,0,513.130515064464,1,,0,,0,,0
FIRMS_8BFCF969,23.56148,87.23978,2.61,307.52,60.0,2026-08-20T19:23:00Z,N20,528.229564704145,1,oil_well,0,1,8,0,0,1,0,0,0,4161.323016537049,1,,0,528.229564704145,1,,0,,0,,0
FIRMS_1C176478,23.56301,87.08428,1.08,303.06,60.0,2026-08-20T19:23:00Z,N20,,0,,0,0,0,0,0,0,0,0,0,,0,,0,,0,,0,,0,,0
FIRMS_F1C7E315,23.64802,85.43788,1.71,324.05,60.0,2026-08-20T19:23:00Z,N20,,0,,0,0,0,0,0,0,0,0,0,,0,,0,,0,,0,,0,,0
FIRMS_81EC9C3B,23.64835,85.43425,1.71,310.77,60.0,2026-08-20T19:23:00Z,N20,,0,,0,0,0,0,0,0,0,0,0,,0,,0,,0,,0,,0,,0
FIRMS_7605E1BB,23.65019,85.43918,2.15,324.83,60.0,2026-08-20T19:23:00Z,N20,,0,,0,0,0,0,0,0,0,0,0,,0,,0,,0,,0,,0,,0
FIRMS_37384DA3,23.65054,85.43557,2.15,314.67,60.0,2026-08-20T19:23:00Z,N20,,0,,0,0,0,0,0,0,0,0,0,,0,,0,,0,,0,,0,,0
FIRMS_2B16DD52,23.65808,85.50532,0.59,300.06,60.0,2026-08-20T19:23:00Z,N20,,0,,0,0,0,0,0,0,0,0,0,,0,,0,,0,,0,,0,,0
FIRMS_ECC9512B,23.6622,87.15623,2.8,310.78,60.0,2026-08-20T19:23:00Z,N20,,0,,0,0,0,0,0,0,0,0,0,,0,,0,,0,,0,,0,,0
FIRMS_B28A418B,23.66463,84.99976,1.03,307.31,60.0,2026-08-20T19:23:00Z,N20,,0,,0,0,0,0,0,0,0,0,0,,0,,0,,0,,0,,0,,0
FIRMS_89999ECD,23.67049,84.99657,1.03,305.79,60.0,2026-08-20T19:23:00Z,N20,,0,,0,0,0,0,0,0,0,0,0,,0,,0,,0,,0,,0,,0
FIRMS_506F1425,23.6707,84.99498,0.93,307.3,60.0,2026-08-20T19:23:00Z,N20,,0,,0,0,0,0,0,0,0,0,0,,0,,0,,0,,0,,0,,0
FIRMS_11EE088A,23.67353,86.11418,1.21,315.17,60.0,2026-08-20T19:23:00Z,N20,,0,,0,0,0,0,0,0,0,0,0,,0,,0,,0,,0,,0,,0
FIRMS_66F6A43C,23.67652,86.08445,2.58,310.09,60.0,2026-08-20T19:23:00Z,N20,,0,,0,0,0,0,0,0,0,0,0,,0,,0,,0,,0,,0,,0
FIRMS_464FC1B3,23.67785,86.0712,0.74,305.14,60.0,2026-08-20T19:23:00Z,N20,,0,,0,0,0,0,0,0,0,0,0,,0,,0,,0,,0,,0,,0
FIRMS_1AF230A1,23.67882,86.0854,3.31,310.11,60.0,2026-08-20T19:23:00Z,N20,,0,,0,0,0,0,0,0,0,0,0,,0,,0,,0,,0,,0,,0
FIRMS_8DA93BE3,23.67969,86.39977,1.8,311.24,60.0,2026-08-20T19:23:00Z,N20,2763.345220601712,1,oil_well,0,0,2,0,0,0,0,0,0,,0,,0,2763.345220601712,1,,0,,0,,0
FIRMS_7A6EF494,23.67999,86.39662,1.83,313.66,60.0,2026-08-20T19:23:00Z,N20,2583.6963219718377,1,oil_well,0,0,5,0,0,0,0,0,0,,0,,0,2583.6963219718377,1,,0,,0,,0
FIRMS_4E13FD2D,23.68038,86.0688,1.4,303.18,60.0,2026-08-20T19:23:00Z,N20,,0,,0,0,0,0,0,0,0,0,0,,0,,0,,0,,0,,0,,0
FIRMS_920D38E1,23.68066,86.09496,1.34,313.73,60.0,2026-08-20T19:23:00Z,N20,,0,,0,0,0,0,0,0,0,0,0,,0,,0,,0,,0,,0,,0
FIRMS_EC066E54,23.681,86.09164,1.34,306.58,60.0,2026-08-20T19:23:00Z,N20,,0,,0,0,0,0,0,0,0,0,0,,0,,0,,0,,0,,0,,0
FIRMS_7EA3E2DD,23.682,86.08169,1.24,305.22,60.0,2026-08-20T19:23:00Z,N20,,0,,0,0,0,0,0,0,0,0,0,,0,,0,,0,,0,,0,,0
FIRMS_084FFCAA,23.68304,86.09592,2.0,304.76,60.0,2026-08-20T19:23:00Z,N20,,0,,0,0,0,0,0,0,0,0,0,,0,,0,,0,,0,,0,,0
FIRMS_38A3E3ED,23.68335,86.0926,2.0,316.53,60.0,2026-08-20T19:23:00Z,N20,,0,,0,0,0,0,0,0,0,0,0,,0,,0,,0,,0,,0,,0
FIRMS_251D067C,23.68398,87.12962,0.58,301.02,60.0,2026-08-20T19:23:00Z,N20,,0,,0,0,0,0,0,0,0,0,0,,0,,0,,0,,0,,0,,0
FIRMS_94A2A02E,23.68428,86.08263,2.63,314.32,60.0,2026-08-20T19:23:00Z,N20,,0,,0,0,0,0,0,0,0,0,0,,0,,0,,0,,0,,0,,0
FIRMS_9EF157E5,23.68534,86.39413,1.83,313.52,60.0,2026-08-20T19:23:00Z,N20,2960.902467425336,1,oil_well,0,0,12,0,0,0,0,0,0,,0,,0,2960.902467425336,1,,0,,0,,0
FIRMS_B9B62E93,23.68566,86.39085,1.82,311.86,60.0,2026-08-20T19:23:00Z,N20,2740.868139263636,1,oil_well,0,0,12,0,0,0,0,0,0,,0,,0,2740.868139263636,1,,0,,0,,0
FIRMS_223DFA5D,23.68715,86.08223,0.85,309.67,60.0,2026-08-20T19:23:00Z,N20,,0,,0,0,0,0,0,0,0,0,0,,0,,0,,0,,0,,0,,0
FIRMS_5FDCA2E3,23.68993,87.11884,2.71,307.32,60.0,2026-08-20T19:23:00Z,N20,,0,,0,0,0,0,0,0,0,0,0,,0,,0,,0,,0,,0,,0
FIRMS_BA003CB7,23.69046,87.1196,2.91,308.55,60.0,2026-08-20T19:23:00Z,N20,,0,,0,0,0,0,0,0,0,0,0,,0,,0,,0,,0,,0,,0
FIRMS_2ED252E8,23.69101,86.38829,1.89,322.7,60.0,2026-08-20T19:23:00Z,N20,2170.3954136877783,1,oil_well,0,0,13,0,0,0,0,0,0,,0,,0,2170.3954136877783,1,,0,,0,,0
FIRMS_9E9BD81D,23.69474,87.11948,3.13,307.93,60.0,2026-08-20T19:23:00Z,N20,4866.43974653384,1,oil_well,0,0,1,0,0,0,0,0,0,,0,,0,4866.43974653384,1,,0,,0,,0
FIRMS_E2BF3162,23.69527,87.12024,3.67,308.66,60.0,2026-08-20T19:23:00Z,N20,4770.679878053692,1,oil_well,0,0,1,0,0,0,0,0,0,,0,,0,4770.679878053692,1,,0,,0,,0
FIRMS_936ADDC8,23.69531,87.11382,1.59,304.39,60.0,2026-08-20T19:23:00Z,N20,,0,,0,0,0,0,0,0,0,0,0,,0,,0,,0,,0,,0,,0
FIRMS_4B663FEF,23.69589,87.10812,1.59,307.9,60.0,2026-08-20T19:23:00Z,N20,,0,,0,0,0,0,0,0,0,0,0,,0,,0,,0,,0,,0,,0
FIRMS_F2E0FA0E,23.69801,85.366,0.31,296.73,60.0,2026-08-20T19:23:00Z,N20,,0,,0,0,0,0,0,0,0,0,0,,0,,0,,0,,0,,0,,0
FIRMS_7A31E9D0,23.7105,86.44865,0.83,304.96,60.0,2026-08-20T19:23:00Z,N20,,0,,0,0,0,0,0,0,0,0,0,,0,,0,,0,,0,,0,,0
FIRMS_562DEE9D,23.71304,86.42333,1.29,308.81,60.0,2026-08-20T19:23:00Z,N20,,0,,0,0,0,0,0,0,0,0,0,,0,,0,,0,,0,,0,,0
FIRMS_B0C54DD4,23.7152,86.4525,1.07,314.34,60.0,2026-08-20T19:23:00Z,N20,,0,,0,0,0,0,0,0,0,0,0,,0,,0,,0,,0,,0,,0
FIRMS_4D85D9F5,23.71552,86.44933,1.07,305.94,60.0,2026-08-20T19:23:00Z,N20,,0,,0,0,0,0,0,0,0,0,0,,0,,0,,0,,0,,0,,0
FIRMS_62895FEC,23.71616,86.44299,1.99,305.45,60.0,2026-08-20T19:23:00Z,N20,,0,,0,0,0,0,0,0,0,0,0,,0,,0,,0,,0,,0,,0
FIRMS_DF0BD16F,23.71838,86.42081,1.02,310.37,60.0,2026-08-20T19:23:00Z,N20,,0,,0,0,0,0,0,0,0,0,0,,0,,0,,0,,0,,0,,0
FIRMS_A72287EF,23.7215,86.44048,1.82,306.23,60.0,2026-08-20T19:23:00Z,N20,,0,,0,0,0,0,0,0,0,0,0,,0,,0,,0,,0,,0,,0
FIRMS_92034381,23.72341,86.42146,1.02,305.21,60.0,2026-08-20T19:23:00Z,N20,,0,,0,0,0,0,0,0,0,0,0,,0,,0,,0,,0,,0,,0
FIRMS_E586889C,23.72652,86.44112,1.49,306.92,60.0,2026-08-20T19:23:00Z,N20,,0,,0,0,0,0,0,0,0,0,0,,0,,0,,0,,0,,0,,0
FIRMS_7B5681E0,23.73754,86.43292,3.64,331.81,60.0,2026-08-20T19:23:00Z,N20,,0,,0,0,0,0,0,0,0,0,0,,0,,0,,0,,0,,0,,0
FIRMS_35061BCB,23.73785,86.42977,1.76,305.94,60.0,2026-08-20T19:23:00Z,N20,,0,,0,0,0,0,0,0,0,0,0,,0,,0,,0,,0,,0,,0
FIRMS_D915CDAA,23.74441,85.50506,0.41,302.23,60.0,2026-08-20T19:23:00Z,N20,1926.1528178410306,1,oil_well,0,0,4,0,0,0,0,0,0,,0,,0,1926.1528178410306,1,,0,,0,,0
FIRMS_9ED7F899,23.7492,86.41847,1.02,304.39,60.0,2026-08-20T19:23:00Z,N20,,0,,0,0,0,0,0,0,0,0,0,,0,,0,,0,,0,,0,,0
FIRMS_C09F4C28,23.75368,86.41745,1.64,310.67,60.0,2026-08-20T19:23:00Z,N20,,0,,0,0,0,0,0,0,0,0,0,,0,,0,,0,,0,,0,,0
FIRMS_617447DA,23.75455,86.41599,1.02,312.07,60.0,2026-08-20T19:23:00Z,N20,,0,,0,0,0,0,0,0,0,0,0,,0,,0,,0,,0,,0,,0
FIRMS_389FB886,23.75582,86.395,1.49,309.07,60.0,2026-08-20T19:23:00Z,N20,,0,,0,0,0,0,0,0,0,0,0,,0,,0,,0,,0,,0,,0
FIRMS_F8BCD91B,23.75653,86.39675,1.41,309.74,60.0,2026-08-20T19:23:00Z,N20,,0,,0,0,0,0,0,0,0,0,0,,0,,0,,0,,0,,0,,0
FIRMS_B0C4DCEC,23.75686,86.39356,0.75,305.28,60.0,2026-08-20T19:23:00Z,N20,,0,,0,0,0,0,0,0,0,0,0,,0,,0,,0,,0,,0,,0
FIRMS_BFA7956F,23.76024,86.40215,2.3,311.01,60.0,2026-08-20T19:23:00Z,N20,,0,,0,0,0,0,0,0,0,0,0,,0,,0,,0,,0,,0,,0
FIRMS_8C98275B,23.76055,86.39892,1.49,317.79,60.0,2026-08-20T19:23:00Z,N20,,0,,0,0,0,0,0,0,0,0,0,,0,,0,,0,,0,,0,,0
FIRMS_DA87A27A,23.7609,86.40388,2.4,311.13,60.0,2026-08-20T19:23:00Z,N20,,0,,0,0,0,0,0,0,0,0,0,,0,,0,,0,,0,,0,,0
FIRMS_7CD8BE6E,23.76123,86.40065,2.07,315.37,60.0,2026-08-20T19:23:00Z,N20,,0,,0,0,0,0,0,0,0,0,0,,0,,0,,0,,0,,0,,0
FIRMS_5D8210C9,23.76497,86.40604,1.68,316.25,60.0,2026-08-20T19:23:00Z,N20,,0,,0,0,0,0,0,0,0,0,0,,0,,0,,0,,0,,0,,0
FIRMS_57470B54,23.76528,86.40279,1.68,322.87,60.0,2026-08-20T19:23:00Z,N20,,0,,0,0,0,0,0,0,0,0,0,,0,,0,,0,,0,,0,,0
FIRMS_A1EAECB5,23.76559,86.39957,2.87,304.72,60.0,2026-08-20T19:23:00Z,N20,,0,,0,0,0,0,0,0,0,0,0,,0,,0,,0,,0,,0,,0
FIRMS_22A2784F,23.76594,86.40452,2.4,331.77,60.0,2026-08-20T19:23:00Z,N20,,0,,0,0,0,0,0,0,0,0,0,,0,,0,,0,,0,,0,,0
FIRMS_FD1B6463,23.7662,86.39318,1.03,306.01,60.0,2026-08-20T19:23:00Z,N20,,0,,0,0,0,0,0,0,0,0,0,,0,,0,,0,,0,,0,,0
FIRMS_EDFBDE59,23.76627,86.40129,2.07,312.34,60.0,2026-08-20T19:23:00Z,N20,,0,,0,0,0,0,0,0,0,0,0,,0,,0,,0,,0,,0,,0
FIRMS_0DDC829B,23.76651,86.39001,1.03,306.97,60.0,2026-08-20T19:23:00Z,N20,,0,,0,0,0,0,0,0,0,0,0,,0,,0,,0,,0,,0,,0
FIRMS_03399874,23.76726,86.39173,2.0,306.31,60.0,2026-08-20T19:23:00Z,N20,,0,,0,0,0,0,0,0,0,0,0,,0,,0,,0,,0,,0,,0
FIRMS_040E8A64,23.77032,86.40342,1.68,316.13,60.0,2026-08-20T19:23:00Z,N20,,0,,0,0,0,0,0,0,0,0,0,,0,,0,,0,,0,,0,,0
FIRMS_2B61D116,23.774,86.36514,1.98,319.32,60.0,2026-08-20T19:23:00Z,N20,,0,,0,0,0,0,0,0,0,0,0,,0,,0,,0,,0,,0,,0
FIRMS_E7CA7EF7,23.77431,86.36192,1.51,310.16,60.0,2026-08-20T19:23:00Z,N20,,0,,0,0,0,0,0,0,0,0,0,,0,,0,,0,,0,,0,,0
FIRMS_8449EC7D,23.77616,85.99555,1.73,311.53,60.0,2026-08-20T19:23:00Z,N20,1703.1186691815808,1,oil_well,0,0,2,0,0,0,0,0,0,,0,,0,1703.1186691815808,1,,0,,0,,0
FIRMS_452AC718,23.77689,86.38827,1.56,321.22,60.0,2026-08-20T19:23:00Z,N20,,0,,0,0,0,0,0,0,0,0,0,,0,,0,,0,,0,,0,,0
FIRMS_F48FE7A5,23.7772,86.38509,1.56,312.07,60.0,2026-08-20T19:23:00Z,N20,,0,,0,0,0,0,0,0,0,0,0,,0,,0,,0,,0,,0,,0
FIRMS_8757CFC2,23.78092,86.34646,0.66,307.39,60.0,2026-08-20T19:23:00Z,N20,,0,,0,0,0,0,0,0,0,0,0,,0,,0,,0,,0,,0,,0
FIRMS_CB67693B,23.78163,86.39211,1.87,307.42,60.0,2026-08-20T19:23:00Z,N20,,0,,0,0,0,0,0,0,0,0,0,,0,,0,,0,,0,,0,,0
FIRMS_92CA0F05,23.78193,86.38895,1.56,322.21,60.0,2026-08-20T19:23:00Z,N20,,0,,0,0,0,0,0,0,0,0,0,,0,,0,,0,,0,,0,,0
FIRMS_4DB29053,23.79578,86.35166,1.34,314.03,60.0,2026-08-20T19:23:00Z,N20,,0,,0,0,0,0,0,0,0,0,0,,0,,0,,0,,0,,0,,0
FIRMS_0C5CA755,23.79609,86.34841,1.34,309.63,60.0,2026-08-20T19:23:00Z,N20,,0,,0,0,0,0,0,0,0,0,0,,0,,0,,0,,0,,0,,0
FIRMS_AEDAFB16,23.80115,86.34909,1.04,306.33,60.0,2026-08-20T19:23:00Z,N20,,0,,0,0,0,0,0,0,0,0,0,,0,,0,,0,,0,,0,,0
FIRMS_146232E8,23.80302,86.32994,3.2,330.01,60.0,2026-08-20T19:23:00Z,N20,,0,,0,0,0,0,0,0,0,0,0,,0,,0,,0,,0,,0,,0
FIRMS_FD75ED9D,23.80333,86.32668,1.58,304.86,60.0,2026-08-20T19:23:00Z,N20,,0,,0,0,0,0,0,0,0,0,0,,0,,0,,0,,0,,0,,0
FIRMS_C22FA920,23.80366,86.32339,1.58,314.84,60.0,2026-08-20T19:23:00Z,N20,,0,,0,0,0,0,0,0,0,0,0,,0,,0,,0,,0,,0,,0
FIRMS_9CB9492C,23.8237,84.57314,1.0,308.88,60.0,2026-08-20T19:23:00Z,N20,,0,,0,0,0,0,0,0,0,0,0,,0,,0,,0,,0,,0,,0
FIRMS_4E5A4EDE,23.82405,84.56894,1.0,303.8,60.0,2026-08-20T19:23:00Z,N20,,0,,0,0,0,0,0,0,0,0,0,,0,,0,,0,,0,,0,,0
FIRMS_FAABE006,23.8264,84.57446,1.88,303.91,60.0,2026-08-20T19:23:00Z,N20,,0,,0,0,0,0,0,0,0,0,0,,0,,0,,0,,0,,0,,0
FIRMS_FFFEC96D,23.82678,84.57025,1.88,314.18,60.0,2026-08-20T19:23:00Z,N20,,0,,0,0,0,0,0,0,0,0,0,,0,,0,,0,,0,,0,,0
FIRMS_B38F27DF,23.82936,84.57385,1.0,303.92,60.0,2026-08-20T19:23:00Z,N20,,0,,0,0,0,0,0,0,0,0,0,,0,,0,,0,,0,,0,,0
FIRMS_5870B1A2,23.82971,84.56965,1.0,305.91,60.0,2026-08-20T19:23:00Z,N20,,0,,0,0,0,0,0,0,0,0,0,,0,,0,,0,,0,,0,,0
FIRMS_C7769B9A,24.11533,86.85748,3.36,308.51,60.0,2026-08-20T19:23:00Z,N20,,0,,0,0,0,0,0,0,0,0,0,,0,,0,,0,,0,,0,,0
FIRMS_84EF4727,27.37876,95.0898,2.03,311.58,60.0,2026-08-20T19:23:00Z,N20,35.011591840252294,1,oil_well,6,23,85,0,0,23,0,0,0,3473.79042298657,1,,0,35.011591840252294,1,,0,,0,,0
FIRMS_AEA7202B,27.37922,95.33605,2.32,314.35,60.0,2026-08-20T19:23:00Z,N20,445.99354632961825,1,oil_well,1,6,103,0,0,6,0,0,0,,0,,0,445.99354632961825,1,,0,,0,,0
FIRMS_83A6A4E4,21.75551,84.02298,2.89,307.28,60.0,2026-08-20T19:25:00Z,N20,,0,,0,0,0,0,0,0,0,0,0,,0,,0,,0,,0,,0,,0
FIRMS_C0C248A8,21.75726,84.02222,2.91,306.22,60.0,2026-08-20T19:25:00Z,N20,,0,,0,0,0,0,0,0,0,0,0,,0,,0,,0,,0,,0,,0
FIRMS_29E2BE1A,21.76537,85.57951,0.27,300.29,60.0,2026-08-20T19:25:00Z,N20,,0,,0,0,0,0,0,0,0,0,0,,0,,0,,0,,0,,0,,0
FIRMS_33044585,21.9578,83.80929,1.43,296.81,60.0,2026-08-20T19:25:00Z,N20,,0,,0,0,0,0,0,0,0,0,0,,0,,0,,0,,0,,0,,0
FIRMS_A139B715,14.82725,79.30776,7.02,303.63,60.0,2026-08-20T19:28:00Z,N20,,0,,0,0,0,0,0,0,0,0,0,,0,,0,,0,,0,,0,,0
FIRMS_BE5299F7,14.82782,79.30177,8.66,314.69,60.0,2026-08-20T19:28:00Z,N20,,0,,0,0,0,0,0,0,0,0,0,,0,,0,,0,,0,,0,,0
FIRMS_60C133E4,14.8294,79.30762,4.55,307.16,60.0,2026-08-20T19:28:00Z,N20,,0,,0,0,0,0,0,0,0,0,0,,0,,0,,0,,0,,0,,0
FIRMS_397B6241,14.83003,79.30145,4.55,306.86,60.0,2026-08-20T19:28:00Z,N20,,0,,0,0,0,0,0,0,0,0,0,,0,,0,,0,,0,,0,,0
FIRMS_D167192E,25.94392,72.19305,1.41,308.63,60.0,2026-08-20T21:04:00Z,N20,,0,,0,0,0,0,0,0,0,0,0,,0,,0,,0,,0,,0,,0
FIRMS_CD7A83AA,26.87785,73.51696,1.67,306.36,60.0,2026-08-20T21:04:00Z,N20,,0,,0,0,0,0,0,0,0,0,0,,0,,0,,0,,0,,0,,0
FIRMS_EEE32343,26.92761,73.46851,1.38,305.3,60.0,2026-08-20T21:04:00Z,N20,,0,,0,0,0,0,0,0,0,0,0,,0,,0,,0,,0,,0,,0
FIRMS_7F81AC2D,27.28837,73.83765,1.14,305.67,60.0,2026-08-20T21:04:00Z,N20,,0,,0,0,0,0,0,0,0,0,0,,0,,0,,0,,0,,0,,0
FIRMS_B333719F,28.74485,76.92733,3.42,310.37,60.0,2026-08-20T21:04:00Z,N20,,0,,0,0,0,0,0,0,0,0,0,,0,,0,,0,,0,,0,,0
FIRMS_7C884F4D,29.45761,76.86263,4.13,303.86,60.0,2026-08-20T21:04:00Z,N20,2263.878861240331,1,oil_refinery,0,0,1,0,0,0,0,0,0,,0,2263.878861240331,1,,0,,0,,0,,0
FIRMS_26254257,29.46148,76.86364,2.35,305.65,60.0,2026-08-20T21:04:00Z,N20,1849.1703860947798,1,oil_refinery,0,0,1,0,0,0,0,0,0,,0,1849.1703860947798,1,,0,,0,,0,,0
FIRMS_EA0FBA81,29.90844,74.95241,2.52,316.28,60.0,2026-08-20T21:04:00Z,N20,1313.155545211176,1,oil_refinery,0,0,1,0,0,0,0,0,0,,0,1313.155545211176,1,,0,,0,,0,,0
FIRMS_75C10231,29.90928,74.94781,2.52,321.89,60.0,2026-08-20T21:04:00Z,N20,1404.556161495814,1,oil_refinery,0,0,1,0,0,0,0,0,0,,0,1404.556161495814,1,,0,,0,,0,,0
FIRMS_64484C06,29.91172,74.95081,4.24,329.68,60.0,2026-08-20T21:04:00Z,N20,1024.4252415413084,1,oil_refinery,0,0,1,0,0,0,0,0,0,,0,1024.4252415413084,1,,0,,0,,0,,0
FIRMS_40979018,19.07515,73.13273,3.38,306.98,60.0,2026-08-20T21:06:00Z,N20,,0,,0,0,0,0,0,0,0,0,0,,0,,0,,0,,0,,0,,0
FIRMS_260A9ED0,19.80188,78.86395,0.61,302.98,60.0,2026-08-20T21:06:00Z,N20,,0,,0,0,0,0,0,0,0,0,0,,0,,0,,0,,0,,0,,0
FIRMS_7D256039,19.80504,78.86545,0.61,303.93,60.0,2026-08-20T21:06:00Z,N20,,0,,0,0,0,0,0,0,0,0,0,,0,,0,,0,,0,,0,,0
FIRMS_261836EE,11.60833,77.55147,1.03,297.2,60.0,2026-08-20T21:08:00Z,N20,,0,,0,0,0,0,0,0,0,0,0,,0,,0,,0,,0,,0,,0
FIRMS_84D0D5A0,12.66981,76.85625,0.44,299.97,60.0,2026-08-20T21:08:00Z,N20,,0,,0,0,0,0,0,0,0,0,0,,0,,0,,0,,0,,0,,0
FIRMS_86CDFAC5,12.86719,78.89952,1.19,305.3,60.0,2026-08-20T21:08:00Z,N20,,0,,0,0,0,0,0,0,0,0,0,,0,,0,,0,,0,,0,,0
FIRMS_E57D0963,12.86819,78.8947,1.19,305.74,60.0,2026-08-20T21:08:00Z,N20,,0,,0,0,0,0,0,0,0,0,0,,0,,0,,0,,0,,0,,0
FIRMS_E52B04D6,15.13766,76.71173,0.52,301.79,60.0,2026-08-20T21:08:00Z,N20,,0,,0,0,0,0,0,0,0,0,0,,0,,0,,0,,0,,0,,0
FIRMS_49285C2C,15.13828,76.70865,0.52,305.75,60.0,2026-08-20T21:08:00Z,N20,,0,,0,0,0,0,0,0,0,0,0,,0,,0,,0,,0,,0,,0
FIRMS_1307ABA0,15.16292,76.37949,1.52,322.52,60.0,2026-08-20T21:08:00Z,N20,,0,,0,0,0,0,0,0,0,0,0,,0,,0,,0,,0,,0,,0
FIRMS_AC557C00,15.16786,76.38057,1.52,309.06,60.0,2026-08-20T21:08:00Z,N20,,0,,0,0,0,0,0,0,0,0,0,,0,,0,,0,,0,,0,,0
FIRMS_9CCB65F2,15.17281,76.38165,0.64,299.71,60.0,2026-08-20T21:08:00Z,N20,,0,,0,0,0,0,0,0,0,0,0,,0,,0,,0,,0,,0,,0
FIRMS_A147D2FC,15.17664,76.67516,1.09,304.87,60.0,2026-08-20T21:08:00Z,N20,,0,,0,0,0,0,0,0,0,0,0,,0,,0,,0,,0,,0,,0
FIRMS_C2A6A69B,15.17791,77.10345,0.39,301.74,60.0,2026-08-20T21:08:00Z,N20,,0,,0,0,0,0,0,0,0,0,0,,0,,0,,0,,0,,0,,0
FIRMS_FA7F4F67,15.18032,76.65672,1.33,302.56,60.0,2026-08-20T21:08:00Z,N20,,0,,0,0,0,0,0,0,0,0,0,,0,,0,,0,,0,,0,,0
FIRMS_450E351C,15.1829,76.67016,0.72,303.73,60.0,2026-08-20T21:08:00Z,N20,,0,,0,0,0,0,0,0,0,0,0,,0,,0,,0,,0,,0,,0
FIRMS_63E381D9,15.18351,76.66707,0.72,308.7,60.0,2026-08-20T21:08:00Z,N20,,0,,0,0,0,0,0,0,0,0,0,,0,,0,,0,,0,,0,,0
FIRMS_B586CAEB,15.18593,76.31431,0.7,311.46,60.0,2026-08-20T21:08:00Z,N20,,0,,0,0,0,0,0,0,0,0,0,,0,,0,,0,,0,,0,,0
FIRMS_EC0BC5BF,8.6787,78.06282,2.79,340.22,60.0,2026-08-21T08:13:00Z,N20,,0,,0,0,0,0,0,0,0,0,0,,0,,0,,0,,0,,0,,0
FIRMS_5A85D35C,9.3411,78.81241,6.08,343.64,60.0,2026-08-21T08:13:00Z,N20,2798.7195841875364,1,oil_well,0,0,2,0,0,0,0,0,0,,0,,0,2798.7195841875364,1,,0,,0,,0
FIRMS_D8C6A9E0,9.34447,78.8119,6.08,345.55,60.0,2026-08-21T08:13:00Z,N20,2523.524547584709,1,oil_well,0,0,2,0,0,0,0,0,0,,0,,0,2523.524547584709,1,,0,,0,,0
FIRMS_8EE9BCFD,9.36532,78.66089,6.32,339.1,60.0,2026-08-21T08:13:00Z,N20,,0,,0,0,0,0,0,0,0,0,0,,0,,0,,0,,0,,0,,0
FIRMS_3F31A9C9,9.36586,78.66449,6.32,340.59,60.0,2026-08-21T08:13:00Z,N20,,0,,0,0,0,0,0,0,0,0,0,,0,,0,,0,,0,,0,,0
FIRMS_EABE05BE,9.39964,78.7998,1.97,334.22,30.0,2026-08-21T08:13:00Z,N20,,0,,0,0,0,0,0,0,0,0,0,,0,,0,,0,,0,,0,,0
FIRMS_5CDCC8EF,9.46058,77.93517,3.24,338.91,60.0,2026-08-21T08:13:00Z,N20,,0,,0,0,0,0,0,0,0,0,0,,0,,0,,0,,0,,0,,0
FIRMS_5E175235,9.46111,77.93867,3.24,345.08,60.0,2026-08-21T08:13:00Z,N20,,0,,0,0,0,0,0,0,0,0,0,,0,,0,,0,,0,,0,,0
FIRMS_2406D2C8,9.55428,78.28836,8.67,348.21,60.0,2026-08-21T08:13:00Z,N20,,0,,0,0,0,0,0,0,0,0,0,,0,,0,,0,,0,,0,,0
FIRMS_9F601CA8,9.56629,78.77435,5.18,335.88,60.0,2026-08-21T08:13:00Z,N20,,0,,0,0,0,0,0,0,0,0,0,,0,,0,,0,,0,,0,,0
FIRMS_665DF97C,9.57466,78.31066,4.64,340.16,60.0,2026-08-21T08:13:00Z,N20,,0,,0,0,0,0,0,0,0,0,0,,0,,0,,0,,0,,0,,0
FIRMS_D8E5F188,9.57572,78.31776,5.01,338.87,60.0,2026-08-21T08:13:00Z,N20,,0,,0,0,0,0,0,0,0,0,0,,0,,0,,0,,0,,0,,0
FIRMS_1B05D995,9.57799,78.31016,4.79,340.05,60.0,2026-08-21T08:13:00Z,N20,,0,,0,0,0,0,0,0,0,0,0,,0,,0,,0,,0,,0,,0
FIRMS_B76D05C8,9.63681,77.75274,7.12,340.17,30.0,2026-08-21T08:13:00Z,N20,,0,,0,0,0,0,0,0,0,0,0,,0,,0,,0,,0,,0,,0
FIRMS_30F760F4,9.6873,78.11195,1.97,334.47,30.0,2026-08-21T08:13:00Z,N20,,0,,0,0,0,0,0,0,0,0,0,,0,,0,,0,,0,,0,,0
FIRMS_54062E28,9.83491,78.12406,2.45,330.57,30.0,2026-08-21T08:13:00Z,N20,,0,,0,0,0,0,0,0,0,0,0,,0,,0,,0,,0,,0,,0
FIRMS_8D92C464,9.91944,78.34734,3.79,343.05,60.0,2026-08-21T08:13:00Z,N20,,0,,0,0,0,0,0,0,0,0,0,,0,,0,,0,,0,,0,,0
FIRMS_965A06A5,9.91187,77.39479,1.93,333.92,60.0,2026-08-21T08:16:00Z,N20,,0,,0,0,0,0,0,0,0,0,0,,0,,0,,0,,0,,0,,0
FIRMS_60C83F26,9.91726,77.88062,4.56,340.62,60.0,2026-08-21T08:16:00Z,N20,,0,,0,0,0,0,0,0,0,0,0,,0,,0,,0,,0,,0,,0
FIRMS_AEB49501,9.94108,77.94887,3.52,338.99,60.0,2026-08-21T08:16:00Z,N20,,0,,0,0,0,0,0,0,0,0,0,,0,,0,,0,,0,,0,,0
FIRMS_F5281352,10.00594,78.04284,1.0,331.05,60.0,2026-08-21T08:16:00Z,N20,3434.071103107706,1,power_plant,0,0,1,0,0,0,0,0,0,3434.071103107706,1,,0,,0,,0,,0,,0
FIRMS_5F28B0E6,10.04691,77.9536,6.6,333.39,30.0,2026-08-21T08:16:00Z,N20,,0,,0,0,0,0,0,0,0,0,0,,0,,0,,0,,0,,0,,0
FIRMS_9C2BBC07,10.0497,77.94958,6.6,347.7,60.0,2026-08-21T08:16:00Z,N20,,0,,0,0,0,0,0,0,0,0,0,,0,,0,,0,,0,,0,,0
FIRMS_A3A85EBE,10.05023,77.95309,6.6,347.01,60.0,2026-08-21T08:16:00Z,N20,,0,,0,0,0,0,0,0,0,0,0,,0,,0,,0,,0,,0,,0
FIRMS_A8DCC728,10.40083,77.59858,2.3,336.57,60.0,2026-08-21T08:16:00Z,N20,,0,,0,0,0,0,0,0,0,0,0,,0,,0,,0,,0,,0,,0
FIRMS_4DDE3E37,10.40833,77.98684,3.38,340.67,60.0,2026-08-21T08:16:00Z,N20,,0,,0,0,0,0,0,0,0,0,0,,0,,0,,0,,0,,0,,0
FIRMS_1CA3B3D2,10.42592,77.87876,7.37,341.73,60.0,2026-08-21T08:16:00Z,N20,,0,,0,0,0,0,0,0,0,0,0,,0,,0,,0,,0,,0,,0
FIRMS_8CA38D07,10.8054,77.76113,4.65,340.48,60.0,2026-08-21T08:16:00Z,N20,,0,,0,0,0,0,0,0,0,0,0,,0,,0,,0,,0,,0,,0
FIRMS_B01F66DF,10.82362,78.51756,2.64,333.02,30.0,2026-08-21T08:16:00Z,N20,,0,,0,0,0,0,0,0,0,0,0,,0,,0,,0,,0,,0,,0
FIRMS_6EA33A5B,10.8357,78.05394,4.7,340.99,30.0,2026-08-21T08:16:00Z,N20,,0,,0,0,0,0,0,0,0,0,0,,0,,0,,0,,0,,0,,0
FIRMS_40B75E88,10.84437,78.89214,1.88,337.08,60.0,2026-08-21T08:16:00Z,N20,,0,,0,0,0,0,0,0,0,0,0,,0,,0,,0,,0,,0,,0
FIRMS_A614F42B,10.86226,78.60471,5.59,335.58,30.0,2026-08-21T08:16:00Z,N20,,0,,0,0,0,0,0,0,0,0,0,,0,,0,,0,,0,,0,,0
FIRMS_5247B2FE,10.8966,78.69748,3.04,336.22,30.0,2026-08-21T08:16:00Z,N20,,0,,0,0,0,0,0,0,0,0,0,,0,,0,,0,,0,,0,,0
FIRMS_BA05207E,10.90676,78.79072,3.79,337.1,30.0,2026-08-21T08:16:00Z,N20,,0,,0,0,0,0,0,0,0,0,0,,0,,0,,0,,0,,0,,0
FIRMS_7D69CCC4,11.04524,77.91196,4.75,345.73,60.0,2026-08-21T08:16:00Z,N20,,0,,0,0,0,0,0,0,0,0,0,,0,,0,,0,,0,,0,,0
FIRMS_FCD16FE8,11.10533,78.88292,1.82,337.62,60.0,2026-08-21T08:16:00Z,N20,,0,,0,0,0,0,0,0,0,0,0,,0,,0,,0,,0,,0,,0
FIRMS_A510EA68,11.10569,78.88302,3.81,340.59,60.0,2026-08-21T08:16:00Z,N20,,0,,0,0,0,0,0,0,0,0,0,,0,,0,,0,,0,,0,,0
FIRMS_36670ED7,11.10589,78.88667,1.82,338.26,60.0,2026-08-21T08:16:00Z,N20,,0,,0,0,0,0,0,0,0,0,0,,0,,0,,0,,0,,0,,0
FIRMS_A89836CA,11.1194,78.69011,7.32,339.67,60.0,2026-08-21T08:16:00Z,N20,,0,,0,0,0,0,0,0,0,0,0,,0,,0,,0,,0,,0,,0
FIRMS_CBF72CD6,11.17897,76.86507,3.47,331.84,30.0,2026-08-21T08:16:00Z,N20,,0,,0,0,0,0,0,0,0,0,0,,0,,0,,0,,0,,0,,0
FIRMS_3593539B,11.21367,77.60988,4.34,338.37,30.0,2026-08-21T08:16:00Z,N20,,0,,0,0,0,0,0,0,0,0,0,,0,,0,,0,,0,,0,,0
FIRMS_4CED7D7C,11.25254,77.55219,4.97,338.94,60.0,2026-08-21T08:16:00Z,N20,,0,,0,0,0,0,0,0,0,0,0,,0,,0,,0,,0,,0,,0
FIRMS_13F218FF,11.34971,77.56582,2.44,335.42,60.0,2026-08-21T08:16:00Z,N20,3549.650435449731,1,power_plant,0,0,1,0,0,0,0,0,0,3549.650435449731,1,,0,,0,,0,,0,,0
FIRMS_57B8677F,11.42352,77.76451,3.96,339.77,60.0,2026-08-21T08:16:00Z,N20,,0,,0,0,0,0,0,0,0,0,0,,0,,0,,0,,0,,0,,0
FIRMS_729A5B87,11.42366,77.74271,3.7,337.5,30.0,2026-08-21T08:16:00Z,N20,,0,,0,0,0,0,0,0,0,0,0,,0,,0,,0,,0,,0,,0
FIRMS_D3CC79B3,11.52446,77.66854,5.77,337.79,60.0,2026-08-21T08:16:00Z,N20,,0,,0,0,0,0,0,0,0,0,0,,0,,0,,0,,0,,0,,0
FIRMS_FA32B442,11.52499,77.67209,5.68,339.7,60.0,2026-08-21T08:16:00Z,N20,,0,,0,0,0,0,0,0,0,0,0,,0,,0,,0,,0,,0,,0
FIRMS_2487F94B,11.71043,79.12439,8.99,333.44,60.0,2026-08-21T08:16:00Z,N20,,0,,0,0,0,0,0,0,0,0,0,,0,,0,,0,,0,,0,,0
FIRMS_E686697F,11.71099,79.12828,30.85,348.21,60.0,2026-08-21T08:16:00Z,N20,,0,,0,0,0,0,0,0,0,0,0,,0,,0,,0,,0,,0,,0
FIRMS_4E8CE792,11.81027,77.92296,3.37,343.83,60.0,2026-08-21T08:16:00Z,N20,,0,,0,0,0,0,0,0,0,0,0,,0,,0,,0,,0,,0,,0
FIRMS_A08D0605,12.05095,79.61237,5.05,343.91,60.0,2026-08-21T08:16:00Z,N20,,0,,0,0,0,0,0,0,0,0,0,,0,,0,,0,,0,,0,,0
FIRMS_A43C172A,12.31031,78.07397,2.61,331.42,60.0,2026-08-21T08:16:00Z,N20,,0,,0,0,0,0,0,0,0,0,0,,0,,0,,0,,0,,0,,0
FIRMS_4E7FB43F,12.72135,79.78169,3.63,335.43,60.0,2026-08-21T08:16:00Z,N20,,0,,0,0,0,0,0,0,0,0,0,,0,,0,,0,,0,,0,,0
FIRMS_240EB977,12.79142,79.90376,2.83,332.75,60.0,2026-08-21T08:16:00Z,N20,,0,,0,0,0,0,0,0,0,0,0,,0,,0,,0,,0,,0,,0
FIRMS_9180118B,12.85799,79.29736,3.16,334.29,60.0,2026-08-21T08:16:00Z,N20,,0,,0,0,0,0,0,0,0,0,0,,0,,0,,0,,0,,0,,0
FIRMS_665985D9,12.86152,79.29686,8.07,336.55,60.0,2026-08-21T08:16:00Z,N20,,0,,0,0,0,0,0,0,0,0,0,,0,,0,,0,,0,,0,,0
FIRMS_8339D8C5,13.09303,77.44754,2.67,334.14,60.0,2026-08-21T08:16:00Z,N20,,0,,0,0,0,0,0,0,0,0,0,,0,,0,,0,,0,,0,,0
FIRMS_297E9E35,13.26471,77.34718,19.62,341.7,60.0,2026-08-21T08:16:00Z,N20,,0,,0,0,0,0,0,0,0,0,0,,0,,0,,0,,0,,0,,0
FIRMS_10B2F788,14.52269,77.43584,4.98,335.59,60.0,2026-08-21T08:16:00Z,N20,,0,,0,0,0,0,0,0,0,0,0,,0,,0,,0,,0,,0,,0
FIRMS_4DC1117E,14.60375,79.65997,5.52,333.91,60.0,2026-08-21T08:16:00Z,N20,,0,,0,0,0,0,0,0,0,0,0,,0,,0,,0,,0,,0,,0
FIRMS_1E6AC1B3,14.68298,79.69458,6.93,344.78,60.0,2026-08-21T08:16:00Z,N20,,0,,0,0,0,0,0,0,0,0,0,,0,,0,,0,,0,,0,,0
FIRMS_A32A428B,14.68322,79.69376,7.5,341.06,60.0,2026-08-21T08:16:00Z,N20,,0,,0,0,0,0,0,0,0,0,0,,0,,0,,0,,0,,0,,0
FIRMS_9078F996,14.68579,79.73881,2.18,336.96,60.0,2026-08-21T08:16:00Z,N20,,0,,0,0,0,0,0,0,0,0,0,,0,,0,,0,,0,,0,,0
FIRMS_9576AE4A,14.72149,79.72996,3.0,336.1,60.0,2026-08-21T08:16:00Z,N20,,0,,0,0,0,0,0,0,0,0,0,,0,,0,,0,,0,,0,,0
FIRMS_E586761F,14.72931,79.92735,3.95,336.28,60.0,2026-08-21T08:16:00Z,N20,,0,,0,0,0,0,0,0,0,0,0,,0,,0,,0,,0,,0,,0
FIRMS_B911367D,14.73303,79.92682,3.95,336.47,60.0,2026-08-21T08:16:00Z,N20,,0,,0,0,0,0,0,0,0,0,0,,0,,0,,0,,0,,0,,0
FIRMS_BFFEC4D5,15.10593,79.37793,16.95,341.84,60.0,2026-08-21T08:16:00Z,N20,,0,,0,0,0,0,0,0,0,0,0,,0,,0,,0,,0,,0,,0
FIRMS_0040E9C1,15.41208,79.59715,2.69,335.37,60.0,2026-08-21T08:16:00Z,N20,,0,,0,0,0,0,0,0,0,0,0,,0,,0,,0,,0,,0,,0
FIRMS_0A518DF5,15.4127,79.60164,4.21,337.37,60.0,2026-08-21T08:16:00Z,N20,,0,,0,0,0,0,0,0,0,0,0,,0,,0,,0,,0,,0,,0
FIRMS_DE7B4B9F,15.60369,77.62315,3.09,334.52,60.0,2026-08-21T08:16:00Z,N20,,0,,0,0,0,0,0,0,0,0,0,,0,,0,,0,,0,,0,,0
FIRMS_043FE29F,15.69083,79.12525,6.67,334.57,60.0,2026-08-21T08:16:00Z,N20,,0,,0,0,0,0,0,0,0,0,0,,0,,0,,0,,0,,0,,0
FIRMS_1086812B,15.76875,73.70028,115.94,253.68,30.0,2026-08-21T08:16:00Z,N20,,0,,0,0,0,0,0,0,0,0,0,,0,,0,,0,,0,,0,,0
FIRMS_54732FB9,15.76939,73.70415,115.94,207.93,30.0,2026-08-21T08:16:00Z,N20,,0,,0,0,0,0,0,0,0,0,0,,0,,0,,0,,0,,0,,0
FIRMS_6BE3351B,15.77281,73.70358,135.46,337.78,30.0,2026-08-21T08:16:00Z,N20,,0,,0,0,0,0,0,0,0,0,0,,0,,0,,0,,0,,0,,0
FIRMS_BC0E466F,15.80123,79.52772,14.67,340.5,60.0,2026-08-21T08:16:00Z,N20,,0,,0,0,0,0,0,0,0,0,0,,0,,0,,0,,0,,0,,0
FIRMS_39BC3EFE,15.94305,78.95891,4.95,332.2,30.0,2026-08-21T08:16:00Z,N20,,0,,0,0,0,0,0,0,0,0,0,,0,,0,,0,,0,,0,,0
FIRMS_DA4BF404,16.01146,80.31809,10.58,339.73,60.0,2026-08-21T08:16:00Z,N20,,0,,0,0,0,0,0,0,0,0,0,,0,,0,,0,,0,,0,,0
FIRMS_124DA356,16.04546,79.40362,4.21,338.7,60.0,2026-08-21T08:16:00Z,N20,,0,,0,0,0,0,0,0,0,0,0,,0,,0,,0,,0,,0,,0
FIRMS_8D5659D3,16.30597,78.48191,3.14,336.18,60.0,2026-08-21T08:16:00Z,N20,,0,,0,0,0,0,0,0,0,0,0,,0,,0,,0,,0,,0,,0
FIRMS_2088A15F,16.38151,78.17361,1.71,334.6,60.0,2026-08-21T08:16:00Z,N20,,0,,0,0,0,0,0,0,0,0,0,,0,,0,,0,,0,,0,,0
FIRMS_C78AC241,16.39512,78.57832,3.81,338.95,60.0,2026-08-21T08:16:00Z,N20,,0,,0,0,0,0,0,0,0,0,0,,0,,0,,0,,0,,0,,0
FIRMS_E2E55EAB,16.70696,78.27788,3.8,338.78,60.0,2026-08-21T08:16:00Z,N20,,0,,0,0,0,0,0,0,0,0,0,,0,,0,,0,,0,,0,,0
FIRMS_2867F82C,17.34807,80.77615,4.11,336.74,60.0,2026-08-21T08:16:00Z,N20,,0,,0,0,0,0,0,0,0,0,0,,0,,0,,0,,0,,0,,0
FIRMS_9524EB2E,17.61271,78.17559,1.89,330.62,60.0,2026-08-21T08:16:00Z,N20,,0,,0,0,0,0,0,0,0,0,0,,0,,0,,0,,0,,0,,0
FIRMS_937E7ACB,18.68543,73.03734,5.13,336.4,30.0,2026-08-21T08:18:00Z,N20,,0,,0,0,0,0,0,0,0,0,0,,0,,0,,0,,0,,0,,0
FIRMS_B5AB8ED9,18.68586,73.04067,11.47,338.76,60.0,2026-08-21T08:18:00Z,N20,,0,,0,0,0,0,0,0,0,0,0,,0,,0,,0,,0,,0,,0
FIRMS_7304D07A,18.68608,73.04124,5.13,335.45,60.0,2026-08-21T08:18:00Z,N20,,0,,0,0,0,0,0,0,0,0,0,,0,,0,,0,,0,,0,,0
FIRMS_A293774B,25.54232,91.23663,0.68,300.15,60.0,2026-08-21T19:04:00Z,N20,,0,,0,0,0,0,0,0,0,0,0,,0,,0,,0,,0,,0,,0
FIRMS_0E37D8B7,22.24438,87.38752,0.61,299.85,60.0,2026-08-21T19:06:00Z,N20,,0,,0,0,0,0,0,0,0,0,0,,0,,0,,0,,0,,0,,0
FIRMS_4836EAE1,22.36782,87.30148,1.25,299.16,60.0,2026-08-21T20:46:00Z,N20,,0,,0,0,0,0,0,0,0,0,0,,0,,0,,0,,0,,0,,0
FIRMS_074C1178,22.37672,87.2793,1.69,308.26,60.0,2026-08-21T20:46:00Z,N20,,0,,0,0,0,0,0,0,0,0,0,,0,,0,,0,,0,,0,,0
FIRMS_DE222931,22.37936,87.28155,1.29,301.83,60.0,2026-08-21T20:46:00Z,N20,,0,,0,0,0,0,0,0,0,0,0,,0,,0,,0,,0,,0,,0
FIRMS_29BF6454,22.38068,87.27615,1.29,299.45,60.0,2026-08-21T20:46:00Z,N20,,0,,0,0,0,0,0,0,0,0,0,,0,,0,,0,,0,,0,,0
FIRMS_E4550B06,23.31474,70.489,2.75,305.06,60.0,2026-08-21T20:46:00Z,N20,,0,,0,0,0,0,0,0,0,0,0,,0,,0,,0,,0,,0,,0
FIRMS_072AF4E1,23.31622,70.48621,2.39,306.24,60.0,2026-08-21T20:46:00Z,N20,,0,,0,0,0,0,0,0,0,0,0,,0,,0,,0,,0,,0,,0
FIRMS_878D1976,23.66597,87.15978,1.35,298.35,60.0,2026-08-21T20:46:00Z,N20,,0,,0,0,0,0,0,0,0,0,0,,0,,0,,0,,0,,0,,0
FIRMS_AC21B9FA,23.66717,87.15483,1.35,301.16,60.0,2026-08-21T20:46:00Z,N20,,0,,0,0,0,0,0,0,0,0,0,,0,,0,,0,,0,,0,,0
FIRMS_BBA7F8F9,23.67524,86.10297,1.08,304.36,60.0,2026-08-21T20:46:00Z,N20,,0,,0,0,0,0,0,0,0,0,0,,0,,0,,0,,0,,0,,0
FIRMS_83C8F3C5,23.79865,86.35276,0.6,296.89,60.0,2026-08-21T20:46:00Z,N20,,0,,0,0,0,0,0,0,0,0,0,,0,,0,,0,,0,,0,,0
FIRMS_882CA002,23.80517,86.32483,0.59,299.37,60.0,2026-08-21T20:46:00Z,N20,,0,,0,0,0,0,0,0,0,0,0,,0,,0,,0,,0,,0,,0
FIRMS_29CB41EC,24.76429,74.6105,0.9,305.21,60.0,2026-08-21T20:46:00Z,N20,,0,,0,0,0,0,0,0,0,0,0,,0,,0,,0,,0,,0,,0
FIRMS_6DF61017,24.76488,74.60672,0.9,305.82,60.0,2026-08-21T20:46:00Z,N20,,0,,0,0,0,0,0,0,0,0,0,,0,,0,,0,,0,,0,,0
FIRMS_14010D5A,24.92892,84.14816,0.96,300.73,60.0,2026-08-21T20:46:00Z,N20,,0,,0,0,0,0,0,0,0,0,0,,0,,0,,0,,0,,0,,0
FIRMS_0C9F667E,24.93433,74.63345,1.19,309.55,60.0,2026-08-21T20:46:00Z,N20,,0,,0,0,0,0,0,0,0,0,0,,0,,0,,0,,0,,0,,0
FIRMS_99DFE5E0,26.60544,73.68332,0.72,305.83,60.0,2026-08-21T20:46:00Z,N20,,0,,0,0,0,0,0,0,0,0,0,,0,,0,,0,,0,,0,,0
FIRMS_4F891683,26.87782,73.51673,1.6,305.41,60.0,2026-08-21T20:46:00Z,N20,,0,,0,0,0,0,0,0,0,0,0,,0,,0,,0,,0,,0,,0
FIRMS_CCA2483C,27.79147,75.33251,1.11,308.88,60.0,2026-08-21T20:46:00Z,N20,,0,,0,0,0,0,0,0,0,0,0,,0,,0,,0,,0,,0,,0
FIRMS_6048C009,16.87272,80.02097,2.46,306.6,60.0,2026-08-21T20:49:00Z,N20,,0,,0,0,0,0,0,0,0,0,0,,0,,0,,0,,0,,0,,0
FIRMS_3FA2F1B8,17.29276,78.40978,0.63,307.97,60.0,2026-08-21T20:49:00Z,N20,,0,,0,0,0,0,0,0,0,0,0,,0,,0,,0,,0,,0,,0
FIRMS_A6D033D3,17.37239,77.44447,1.08,303.3,60.0,2026-08-21T20:49:00Z,N20,,0,,0,0,0,0,0,0,0,0,0,,0,,0,,0,,0,,0,,0
FIRMS_E98C65FA,8.74148,77.59866,2.36,313.01,60.0,2026-08-21T20:51:00Z,N20,,0,,0,0,0,0,0,0,0,0,0,,0,,0,,0,,0,,0,,0
FIRMS_5BB1C725,9.24611,77.32486,2.05,312.59,60.0,2026-08-21T20:51:00Z,N20,,0,,0,0,0,0,0,0,0,0,0,,0,,0,,0,,0,,0,,0
FIRMS_A8FF764C,9.25068,77.32387,2.05,328.2,60.0,2026-08-21T20:51:00Z,N20,,0,,0,0,0,0,0,0,0,0,0,,0,,0,,0,,0,,0,,0
FIRMS_EFD3E030,10.04989,77.95342,1.5,306.01,60.0,2026-08-21T20:51:00Z,N20,,0,,0,0,0,0,0,0,0,0,0,,0,,0,,0,,0,,0,,0
FIRMS_F0A183D2,10.0881,77.23328,1.44,303.94,60.0,2026-08-21T20:51:00Z,N20,,0,,0,0,0,0,0,0,0,0,0,,0,,0,,0,,0,,0,,0
FIRMS_BB3C8A33,10.09197,77.23583,1.44,313.81,60.0,2026-08-21T20:51:00Z,N20,,0,,0,0,0,0,0,0,0,0,0,,0,,0,,0,,0,,0,,0
FIRMS_4998B972,10.24284,77.21765,1.08,304.8,60.0,2026-08-21T20:51:00Z,N20,,0,,0,0,0,0,0,0,0,0,0,,0,,0,,0,,0,,0,,0
FIRMS_09B1AD6F,10.24635,77.22222,1.08,299.68,60.0,2026-08-21T20:51:00Z,N20,,0,,0,0,0,0,0,0,0,0,0,,0,,0,,0,,0,,0,,0
FIRMS_8771D15D,10.24693,77.2189,1.08,300.98,60.0,2026-08-21T20:51:00Z,N20,,0,,0,0,0,0,0,0,0,0,0,,0,,0,,0,,0,,0,,0
FIRMS_6A08319C,10.24748,77.21574,3.35,338.27,60.0,2026-08-21T20:51:00Z,N20,,0,,0,0,0,0,0,0,0,0,0,,0,,0,,0,,0,,0,,0
FIRMS_17FBA098,10.24804,77.21256,3.35,317.5,60.0,2026-08-21T20:51:00Z,N20,,0,,0,0,0,0,0,0,0,0,0,,0,,0,,0,,0,,0,,0
FIRMS_E1B5D14F,10.25036,77.22395,1.04,296.03,60.0,2026-08-21T20:51:00Z,N20,,0,,0,0,0,0,0,0,0,0,0,,0,,0,,0,,0,,0,,0
FIRMS_21F0C2A1,10.25207,77.21416,1.82,309.08,60.0,2026-08-21T20:51:00Z,N20,,0,,0,0,0,0,0,0,0,0,0,,0,,0,,0,,0,,0,,0
FIRMS_AFC195BC,15.0239,78.01542,0.69,303.84,60.0,2026-08-21T20:51:00Z,N20,,0,,0,0,0,0,0,0,0,0,0,,0,,0,,0,,0,,0,,0
FIRMS_845AF08A,15.072,76.86435,1.57,304.88,60.0,2026-08-21T20:51:00Z,N20,,0,,0,0,0,0,0,0,0,0,0,,0,,0,,0,,0,,0,,0
FIRMS_FD9FC1A3,15.13799,76.7103,0.82,303.41,60.0,2026-08-21T20:51:00Z,N20,,0,,0,0,0,0,0,0,0,0,0,,0,,0,,0,,0,,0,,0
FIRMS_FE59C101,15.16905,76.6702,1.59,304.24,60.0,2026-08-21T20:51:00Z,N20,,0,,0,0,0,0,0,0,0,0,0,,0,,0,,0,,0,,0,,0
FIRMS_3F1B27B8,15.17028,76.68485,0.55,304.26,60.0,2026-08-21T20:51:00Z,N20,4508.007922192852,1,power_plant,0,0,3,0,0,0,0,0,0,4508.007922192852,1,,0,,0,,0,,0,,0
FIRMS_82615A3B,15.17318,76.69025,1.05,309.94,60.0,2026-08-21T20:51:00Z,N20,3848.1784632525646,1,power_plant,0,0,3,0,0,0,0,0,0,3848.1784632525646,1,,0,,0,,0,,0,,0
FIRMS_A443D41B,15.17424,77.10195,1.03,302.77,60.0,2026-08-21T20:51:00Z,N20,,0,,0,0,0,0,0,0,0,0,0,,0,,0,,0,,0,,0,,0
FIRMS_E733EF76,15.17469,76.65448,1.16,311.08,60.0,2026-08-21T20:51:00Z,N20,,0,,0,0,0,0,0,0,0,0,0,,0,,0,,0,,0,,0,,0
FIRMS_D8AE22AD,15.17528,76.65698,3.34,318.44,60.0,2026-08-21T20:51:00Z,N20,,0,,0,0,0,0,0,0,0,0,0,,0,,0,,0,,0,,0,,0
FIRMS_884DED98,15.17567,76.67632,2.05,307.26,60.0,2026-08-21T20:51:00Z,N20,,0,,0,0,0,0,0,0,0,0,0,,0,,0,,0,,0,,0,,0
FIRMS_3C146F0B,15.17806,77.1027,1.27,300.75,60.0,2026-08-21T20:51:00Z,N20,,0,,0,0,0,0,0,0,0,0,0,,0,,0,,0,,0,,0,,0
FIRMS_41D9314F,15.17901,76.65769,2.73,314.31,60.0,2026-08-21T20:51:00Z,N20,,0,,0,0,0,0,0,0,0,0,0,,0,,0,,0,,0,,0,,0
FIRMS_F79CF337,15.17984,76.65304,2.44,303.59,60.0,2026-08-21T20:51:00Z,N20,,0,,0,0,0,0,0,0,0,0,0,,0,,0,,0,,0,,0,,0
FIRMS_A1D796E4,15.18023,76.67239,2.05,304.81,60.0,2026-08-21T20:51:00Z,N20,,0,,0,0,0,0,0,0,0,0,0,,0,,0,,0,,0,,0,,0
FIRMS_0CB07CBD,15.18107,76.66773,2.05,327.9,60.0,2026-08-21T20:51:00Z,N20,,0,,0,0,0,0,0,0,0,0,0,,0,,0,,0,,0,,0,,0
FIRMS_C5E5C138,15.1848,76.66843,1.6,312.5,60.0,2026-08-21T20:51:00Z,N20,,0,,0,0,0,0,0,0,0,0,0,,0,,0,,0,,0,,0,,0
FIRMS_C8D7C240,15.18605,76.63982,2.21,311.57,60.0,2026-08-21T20:51:00Z,N20,,0,,0,0,0,0,0,0,0,0,0,,0,,0,,0,,0,,0,,0
FIRMS_0A8E46B6,15.226,76.76328,1.85,314.41,60.0,2026-08-21T20:51:00Z,N20,,0,,0,0,0,0,0,0,0,0,0,,0,,0,,0,,0,,0,,0
FIRMS_92121FCF,15.33529,76.28797,0.81,301.39,60.0,2026-08-21T20:51:00Z,N20,,0,,0,0,0,0,0,0,0,0,0,,0,,0,,0,,0,,0,,0
FIRMS_409B28C0,15.33759,76.27462,1.74,307.51,60.0,2026-08-21T20:51:00Z,N20,,0,,0,0,0,0,0,0,0,0,0,,0,,0,,0,,0,,0,,0
FIRMS_A85E647C,15.34123,76.27532,1.74,314.56,60.0,2026-08-21T20:51:00Z,N20,,0,,0,0,0,0,0,0,0,0,0,,0,,0,,0,,0,,0,,0
FIRMS_A677F664,15.34147,76.27382,1.78,319.07,60.0,2026-08-21T20:51:00Z,N20,,0,,0,0,0,0,0,0,0,0,0,,0,,0,,0,,0,,0,,0
FIRMS_79294E3D,15.65858,73.9884,0.84,298.11,60.0,2026-08-21T20:51:00Z,N20,,0,,0,0,0,0,0,0,0,0,0,,0,,0,,0,,0,,0,,0
FIRMS_B957E7E4,9.20352,78.30371,1.62,333.68,60.0,2026-08-22T07:56:00Z,N20,,0,,0,0,0,0,0,0,0,0,0,,0,,0,,0,,0,,0,,0
FIRMS_D967DBC8,9.2829,77.33524,17.53,345.97,60.0,2026-08-22T07:56:00Z,N20,,0,,0,0,0,0,0,0,0,0,0,,0,,0,,0,,0,,0,,0
FIRMS_C9BBA719,9.28679,77.33433,6.25,330.81,60.0,2026-08-22T07:56:00Z,N20,,0,,0,0,0,0,0,0,0,0,0,,0,,0,,0,,0,,0,,0
FIRMS_ED33EE32,9.29291,77.32247,11.93,336.47,60.0,2026-08-22T07:56:00Z,N20,,0,,0,0,0,0,0,0,0,0,0,,0,,0,,0,,0,,0,,0
FIRMS_FB2212AB,9.2991,77.3353,5.79,337.3,60.0,2026-08-22T07:56:00Z,N20,,0,,0,0,0,0,0,0,0,0,0,,0,,0,,0,,0,,0,,0
FIRMS_20092205,10.95061,76.98169,2.18,331.47,60.0,2026-08-22T07:56:00Z,N20,,0,,0,0,0,0,0,0,0,0,0,,0,,0,,0,,0,,0,,0
FIRMS_9BACDD64,11.32219,78.36883,10.39,334.58,60.0,2026-08-22T07:56:00Z,N20,,0,,0,0,0,0,0,0,0,0,0,,0,,0,,0,,0,,0,,0
FIRMS_F5EDA3D4,11.72647,78.68995,3.48,333.28,60.0,2026-08-22T07:56:00Z,N20,,0,,0,0,0,0,0,0,0,0,0,,0,,0,,0,,0,,0,,0
FIRMS_6D45BAC0,11.77874,79.49855,3.48,330.79,30.0,2026-08-22T07:56:00Z,N20,2615.737388007936,1,oil_well,0,0,1,0,0,0,0,0,0,,0,,0,2615.737388007936,1,,0,,0,,0
FIRMS_C39F1C3B,12.45388,79.08898,3.62,334.18,30.0,2026-08-22T07:56:00Z,N20,,0,,0,0,0,0,0,0,0,0,0,,0,,0,,0,,0,,0,,0
FIRMS_8AD60176,15.20262,77.16927,11.0,336.63,30.0,2026-08-22T07:58:00Z,N20,,0,,0,0,0,0,0,0,0,0,0,,0,,0,,0,,0,,0,,0
FIRMS_FC7C82FE,15.2055,77.16421,11.1,342.71,60.0,2026-08-22T07:58:00Z,N20,,0,,0,0,0,0,0,0,0,0,0,,0,,0,,0,,0,,0,,0
FIRMS_053BCD73,15.20626,77.16861,8.04,336.29,30.0,2026-08-22T07:58:00Z,N20,,0,,0,0,0,0,0,0,0,0,0,,0,,0,,0,,0,,0,,0
FIRMS_FCB0F63D,27.42161,70.90594,4.14,342.23,60.0,2026-08-22T08:01:00Z,N20,,0,,0,0,0,0,0,0,0,0,0,,0,,0,,0,,0,,0,,0
FIRMS_51AD8CFD,27.43431,70.793,4.25,336.22,60.0,2026-08-22T08:01:00Z,N20,,0,,0,0,0,0,0,0,0,0,0,,0,,0,,0,,0,,0,,0
FIRMS_5B8A41C7,29.45857,76.8695,29.94,339.11,60.0,2026-08-22T08:01:00Z,N20,1903.2130916029225,1,oil_refinery,0,0,1,0,0,0,0,0,0,,0,1903.2130916029225,1,,0,,0,,0,,0
FIRMS_229C3085,29.46125,76.86491,29.94,337.25,60.0,2026-08-22T08:01:00Z,N20,1803.2649600811146,1,oil_refinery,0,0,1,0,0,0,0,0,0,,0,1803.2649600811146,1,,0,,0,,0,,0
FIRMS_F1EC8409,27.32765,95.27467,3.06,308.85,60.0,2026-08-22T18:45:00Z,N20,134.74500806362101,1,oil_well,4,18,180,0,0,18,0,0,0,,0,,0,134.74500806362101,1,,0,,0,,0
FIRMS_A37FA961,28.33879,77.21997,0.61,300.38,60.0,2026-08-22T20:25:00Z,N20,,0,,0,0,0,0,0,0,0,0,0,,0,,0,,0,,0,,0,,0
FIRMS_E6C65808,29.4581,76.86677,3.32,312.68,60.0,2026-08-22T20:25:00Z,N20,2036.6412767020431,1,oil_refinery,0,0,1,0,0,0,0,0,0,,0,2036.6412767020431,1,,0,,0,,0,,0
FIRMS_0DA99A5A,20.86397,84.99087,1.38,305.36,60.0,2026-08-22T20:27:00Z,N20,,0,,0,0,0,0,0,0,0,0,0,,0,,0,,0,,0,,0,,0
FIRMS_6D7994D2,20.86482,84.9866,1.38,305.73,60.0,2026-08-22T20:27:00Z,N20,,0,,0,0,0,0,0,0,0,0,0,,0,,0,,0,,0,,0,,0
FIRMS_5101D2B6,20.96815,86.00194,1.79,305.77,60.0,2026-08-22T20:27:00Z,N20,,0,,0,0,0,0,0,0,0,0,0,,0,,0,,0,,0,,0,,0
FIRMS_ED4FA226,20.96893,86.00884,0.91,299.75,60.0,2026-08-22T20:27:00Z,N20,,0,,0,0,0,0,0,0,0,0,0,,0,,0,,0,,0,,0,,0
FIRMS_2269A572,20.96992,86.00403,0.91,304.73,60.0,2026-08-22T20:27:00Z,N20,,0,,0,0,0,0,0,0,0,0,0,,0,,0,,0,,0,,0,,0
FIRMS_DCF66622,21.00268,86.02658,1.06,302.8,60.0,2026-08-22T20:27:00Z,N20,,0,,0,0,0,0,0,0,0,0,0,,0,,0,,0,,0,,0,,0
FIRMS_0301C8F7,21.75515,83.8454,1.12,296.76,60.0,2026-08-22T20:27:00Z,N20,,0,,0,0,0,0,0,0,0,0,0,,0,,0,,0,,0,,0,,0
FIRMS_2775B687,21.92231,83.34942,1.9,303.87,60.0,2026-08-22T20:27:00Z,N20,,0,,0,0,0,0,0,0,0,0,0,,0,,0,,0,,0,,0,,0
FIRMS_2B2354CB,22.00303,82.67159,0.95,297.66,60.0,2026-08-22T20:27:00Z,N20,,0,,0,0,0,0,0,0,0,0,0,,0,,0,,0,,0,,0,,0
FIRMS_E30D9786,22.00384,82.66708,1.15,303.09,60.0,2026-08-22T20:27:00Z,N20,,0,,0,0,0,0,0,0,0,0,0,,0,,0,,0,,0,,0,,0
FIRMS_6F213369,22.01529,83.75329,1.78,305.48,60.0,2026-08-22T20:27:00Z,N20,,0,,0,0,0,0,0,0,0,0,0,,0,,0,,0,,0,,0,,0
FIRMS_32B93FF9,22.13482,85.38378,0.5,296.32,60.0,2026-08-22T20:27:00Z,N20,,0,,0,0,0,0,0,0,0,0,0,,0,,0,,0,,0,,0,,0
FIRMS_5BA0FB81,22.32,82.56749,0.68,298.3,60.0,2026-08-22T20:27:00Z,N20,,0,,0,0,0,0,0,0,0,0,0,,0,,0,,0,,0,,0,,0
FIRMS_E4FE804B,22.3208,82.56306,0.68,301.62,60.0,2026-08-22T20:27:00Z,N20,4687.794045884459,1,power_plant,0,0,1,0,0,0,0,0,0,4687.794045884459,1,,0,,0,,0,,0,,0
FIRMS_027FADCA,22.80076,86.0909,2.11,311.78,60.0,2026-08-22T20:27:00Z,N20,,0,,0,0,0,0,0,0,0,0,0,,0,,0,,0,,0,,0,,0
FIRMS_20ABE007,22.87493,86.06339,0.99,307.34,60.0,2026-08-22T20:27:00Z,N20,3805.6333061047267,1,power_plant,0,0,1,0,0,0,0,0,0,3805.6333061047267,1,,0,,0,,0,,0,,0
FIRMS_37F6729D,23.64876,85.43883,2.37,317.96,60.0,2026-08-22T20:27:00Z,N20,,0,,0,0,0,0,0,0,0,0,0,,0,,0,,0,,0,,0,,0
FIRMS_CDB5B239,23.65643,85.50846,0.71,301.58,60.0,2026-08-22T20:27:00Z,N20,,0,,0,0,0,0,0,0,0,0,0,,0,,0,,0,,0,,0,,0
FIRMS_7F0DD266,23.67979,86.39445,0.66,296.27,60.0,2026-08-22T20:27:00Z,N20,2438.811274987015,1,oil_well,0,0,8,0,0,0,0,0,0,,0,,0,2438.811274987015,1,,0,,0,,0
FIRMS_0422F9CC,23.68413,86.39545,0.66,295.78,60.0,2026-08-22T20:27:00Z,N20,2904.3671582756533,1,oil_well,0,0,8,0,0,0,0,0,0,,0,,0,2904.3671582756533,1,,0,,0,,0
FIRMS_CEE441B0,23.6965,85.3699,1.61,313.84,60.0,2026-08-22T20:27:00Z,N20,,0,,0,0,0,0,0,0,0,0,0,,0,,0,,0,,0,,0,,0
FIRMS_06B2DBCD,23.71044,86.44514,2.3,298.48,60.0,2026-08-22T20:27:00Z,N20,,0,,0,0,0,0,0,0,0,0,0,,0,,0,,0,,0,,0,,0
FIRMS_851E014C,23.72109,85.00806,0.74,305.36,60.0,2026-08-22T20:27:00Z,N20,,0,,0,0,0,0,0,0,0,0,0,,0,,0,,0,,0,,0,,0
FIRMS_7EB8ADCB,23.73578,86.4348,2.34,298.59,60.0,2026-08-22T20:27:00Z,N20,,0,,0,0,0,0,0,0,0,0,0,,0,,0,,0,,0,,0,,0
FIRMS_49CE2013,23.74022,86.43286,2.53,298.64,60.0,2026-08-22T20:27:00Z,N20,,0,,0,0,0,0,0,0,0,0,0,,0,,0,,0,,0,,0,,0
FIRMS_C11ACC68,23.74177,85.00876,1.97,306.46,60.0,2026-08-22T20:27:00Z,N20,,0,,0,0,0,0,0,0,0,0,0,,0,,0,,0,,0,,0,,0
FIRMS_DFDFCCD9,23.75485,85.85135,1.26,305.09,60.0,2026-08-22T20:27:00Z,N20,1986.4245933979553,1,oil_well,0,0,12,0,0,0,0,0,0,4308.546865538361,1,,0,1986.4245933979553,1,,0,,0,,0
FIRMS_D8FCD267,23.75904,85.8523,1.26,301.91,60.0,2026-08-22T20:27:00Z,N20,1570.3822163659092,1,oil_well,0,0,13,0,0,0,0,0,0,4034.6133856074753,1,,0,1570.3822163659092,1,,0,,0,,0
FIRMS_F5EEE1D9,23.76075,86.40213,1.05,300.03,60.0,2026-08-22T20:27:00Z,N20,,0,,0,0,0,0,0,0,0,0,0,,0,,0,,0,,0,,0,,0
FIRMS_9CFE0F6F,23.76508,86.40316,1.05,303.43,60.0,2026-08-22T20:27:00Z,N20,,0,,0,0,0,0,0,0,0,0,0,,0,,0,,0,,0,,0,,0
FIRMS_FB3D59DE,23.7804,86.20914,2.25,318.35,60.0,2026-08-22T20:27:00Z,N20,,0,,0,0,0,0,0,0,0,0,0,,0,,0,,0,,0,,0,,0
FIRMS_73381B07,23.78159,86.345,1.65,305.43,60.0,2026-08-22T20:27:00Z,N20,,0,,0,0,0,0,0,0,0,0,0,,0,,0,,0,,0,,0,,0
FIRMS_EC41F75C,23.78274,86.20814,1.46,314.32,60.0,2026-08-22T20:27:00Z,N20,,0,,0,0,0,0,0,0,0,0,0,,0,,0,,0,,0,,0,,0
FIRMS_F0D36B04,23.78721,85.55401,0.8,307.75,60.0,2026-08-22T20:27:00Z,N20,2089.385230353862,1,oil_well,0,0,3,0,0,0,0,0,0,,0,,0,2089.385230353862,1,,0,,0,,0
FIRMS_C227513E,23.79524,86.23467,0.42,300.12,60.0,2026-08-22T20:27:00Z,N20,,0,,0,0,0,0,0,0,0,0,0,,0,,0,,0,,0,,0,,0
FIRMS_0B9C0D33,23.79793,86.35358,2.19,312.09,60.0,2026-08-22T20:27:00Z,N20,,0,,0,0,0,0,0,0,0,0,0,,0,,0,,0,,0,,0,,0
FIRMS_CB6D156E,23.80258,86.33081,3.4,319.81,60.0,2026-08-22T20:27:00Z,N20,,0,,0,0,0,0,0,0,0,0,0,,0,,0,,0,,0,,0,,0
FIRMS_3D27815A,23.80441,86.32185,3.96,314.37,60.0,2026-08-22T20:27:00Z,N20,,0,,0,0,0,0,0,0,0,0,0,,0,,0,,0,,0,,0,,0
FIRMS_5DB727F4,24.661,74.63132,1.23,303.41,60.0,2026-08-22T20:27:00Z,N20,,0,,0,0,0,0,0,0,0,0,0,,0,,0,,0,,0,,0,,0
FIRMS_A6A86651,24.76343,74.60846,1.66,309.22,60.0,2026-08-22T20:27:00Z,N20,,0,,0,0,0,0,0,0,0,0,0,,0,,0,,0,,0,,0,,0
FIRMS_0206519C,26.25696,74.09583,0.22,299.44,60.0,2026-08-22T20:27:00Z,N20,,0,,0,0,0,0,0,0,0,0,0,,0,,0,,0,,0,,0,,0
FIRMS_1E3C8072,16.07088,79.09984,2.05,317.51,60.0,2026-08-22T20:29:00Z,N20,,0,,0,0,0,0,0,0,0,0,0,,0,,0,,0,,0,,0,,0
FIRMS_B58B3B74,8.74051,77.59778,0.78,296.69,60.0,2026-08-22T20:32:00Z,N20,,0,,0,0,0,0,0,0,0,0,0,,0,,0,,0,,0,,0,,0
FIRMS_D5AFA25A,10.23901,77.21459,1.0,316.59,60.0,2026-08-22T20:32:00Z,N20,,0,,0,0,0,0,0,0,0,0,0,,0,,0,,0,,0,,0,,0
FIRMS_5DA4EB62,10.23955,77.2112,1.0,300.55,60.0,2026-08-22T20:32:00Z,N20,,0,,0,0,0,0,0,0,0,0,0,,0,,0,,0,,0,,0,,0
FIRMS_95C0A378,10.24232,77.21516,1.0,301.37,60.0,2026-08-22T20:32:00Z,N20,,0,,0,0,0,0,0,0,0,0,0,,0,,0,,0,,0,,0,,0
FIRMS_61E7214E,10.61762,77.42123,0.95,308.25,60.0,2026-08-22T20:32:00Z,N20,,0,,0,0,0,0,0,0,0,0,0,,0,,0,,0,,0,,0,,0
FIRMS_41E74EC1,10.68492,77.50858,1.24,312.86,60.0,2026-08-22T20:32:00Z,N20,,0,,0,0,0,0,0,0,0,0,0,,0,,0,,0,,0,,0,,0
FIRMS_2E1D0FC7,10.92371,77.06046,0.32,303.12,60.0,2026-08-22T20:32:00Z,N20,,0,,0,0,0,0,0,0,0,0,0,,0,,0,,0,,0,,0,,0
FIRMS_46A77008,10.92976,77.06505,0.81,307.27,60.0,2026-08-22T20:32:00Z,N20,,0,,0,0,0,0,0,0,0,0,0,,0,,0,,0,,0,,0,,0
FIRMS_85B9E2A1,11.18339,79.09859,0.93,303.85,60.0,2026-08-22T20:32:00Z,N20,4827.36855986971,1,oil_well,0,0,1,0,0,0,0,0,0,,0,,0,4827.36855986971,1,,0,,0,,0
FIRMS_B44F26F1,11.25874,77.70227,0.33,301.2,60.0,2026-08-22T20:32:00Z,N20,,0,,0,0,0,0,0,0,0,0,0,,0,,0,,0,,0,,0,,0
FIRMS_6D9E1593,11.8086,77.92253,1.3,314.27,60.0,2026-08-22T20:32:00Z,N20,,0,,0,0,0,0,0,0,0,0,0,,0,,0,,0,,0,,0,,0
FIRMS_1DF7093B,11.81195,77.92308,0.85,308.09,60.0,2026-08-22T20:32:00Z,N20,,0,,0,0,0,0,0,0,0,0,0,,0,,0,,0,,0,,0,,0
FIRMS_AC681D23,11.81588,77.92001,0.85,304.56,60.0,2026-08-22T20:32:00Z,N20,,0,,0,0,0,0,0,0,0,0,0,,0,,0,,0,,0,,0,,0
FIRMS_962D498B,11.81647,77.9164,1.24,309.18,60.0,2026-08-22T20:32:00Z,N20,,0,,0,0,0,0,0,0,0,0,0,,0,,0,,0,,0,,0,,0
FIRMS_0D043A4C,8.44259,77.65411,2.73,340.55,60.0,2026-08-23T07:37:00Z,N20,,0,,0,0,0,0,0,0,0,0,0,,0,,0,,0,,0,,0,,0
FIRMS_AE0D0516,9.9144,78.20298,5.55,338.69,60.0,2026-08-23T07:37:00Z,N20,,0,,0,0,0,0,0,0,0,0,0,,0,,0,,0,,0,,0,,0
FIRMS_3513B62C,10.90437,78.53344,10.56,340.56,60.0,2026-08-23T07:37:00Z,N20,,0,,0,0,0,0,0,0,0,0,0,,0,,0,,0,,0,,0,,0
FIRMS_66085C90,10.90538,78.5389,10.05,341.88,60.0,2026-08-23T07:37:00Z,N20,,0,,0,0,0,0,0,0,0,0,0,,0,,0,,0,,0,,0,,0
FIRMS_D7579919,10.90665,78.5351,19.65,345.92,60.0,2026-08-23T07:37:00Z,N20,,0,,0,0,0,0,0,0,0,0,0,,0,,0,,0,,0,,0,,0
FIRMS_DAF6AD59,12.66366,79.68339,3.51,333.57,60.0,2026-08-23T07:37:00Z,N20,,0,,0,0,0,0,0,0,0,0,0,,0,,0,,0,,0,,0,,0
FIRMS_3D089365,12.83614,79.93994,7.06,330.37,60.0,2026-08-23T07:37:00Z,N20,,0,,0,0,0,0,0,0,0,0,0,,0,,0,,0,,0,,0,,0
FIRMS_D65507D5,15.13026,77.57384,3.87,332.19,60.0,2026-08-23T07:37:00Z,N20,,0,,0,0,0,0,0,0,0,0,0,,0,,0,,0,,0,,0,,0
FIRMS_87326192,15.18056,77.62939,7.16,339.76,60.0,2026-08-23T07:37:00Z,N20,,0,,0,0,0,0,0,0,0,0,0,,0,,0,,0,,0,,0,,0
FIRMS_D2E8F77A,18.70828,74.36279,4.53,342.67,60.0,2026-08-23T07:39:00Z,N20,,0,,0,0,0,0,0,0,0,0,0,,0,,0,,0,,0,,0,,0
FIRMS_4EC01050,21.1777,81.38538,6.9,334.02,30.0,2026-08-23T07:39:00Z,N20,,0,,0,0,0,0,0,0,0,0,0,,0,,0,,0,,0,,0,,0
FIRMS_4EA38595,21.1971,81.41568,4.41,330.6,30.0,2026-08-23T07:39:00Z,N20,2115.8912691988494,1,power_plant,0,0,1,0,0,0,0,0,0,2115.8912691988494,1,,0,,0,,0,,0,,0
FIRMS_6AF7B0DE,23.67718,86.3996,8.98,334.56,60.0,2026-08-23T07:39:00Z,N20,2552.316409953351,1,oil_well,0,0,2,0,0,0,0,0,0,,0,,0,2552.316409953351,1,,0,,0,,0
FIRMS_CBD4B507,23.67965,86.09396,7.89,336.48,60.0,2026-08-23T07:39:00Z,N20,,0,,0,0,0,0,0,0,0,0,0,,0,,0,,0,,0,,0,,0
FIRMS_AF17A217,23.68365,86.39413,4.46,342.21,60.0,2026-08-23T07:39:00Z,N20,2793.1685807712934,1,oil_well,0,0,11,0,0,0,0,0,0,,0,,0,2793.1685807712934,1,,0,,0,,0
FIRMS_0689B11D,23.68718,86.39358,4.46,330.24,60.0,2026-08-23T07:39:00Z,N20,2855.5236536695043,1,oil_well,0,0,12,0,0,0,0,0,0,,0,,0,2855.5236536695043,1,,0,,0,,0
FIRMS_BDB9720D,23.73584,86.43473,6.75,337.91,60.0,2026-08-23T07:39:00Z,N20,,0,,0,0,0,0,0,0,0,0,0,,0,,0,,0,,0,,0,,0
FIRMS_813C9B07,23.75711,86.40475,5.23,335.49,60.0,2026-08-23T07:39:00Z,N20,,0,,0,0,0,0,0,0,0,0,0,,0,,0,,0,,0,,0,,0
FIRMS_08D439F7,23.76064,86.4042,5.23,333.93,60.0,2026-08-23T07:39:00Z,N20,,0,,0,0,0,0,0,0,0,0,0,,0,,0,,0,,0,,0,,0
FIRMS_B788F659,23.78134,86.21207,2.2,330.46,60.0,2026-08-23T07:39:00Z,N20,,0,,0,0,0,0,0,0,0,0,0,,0,,0,,0,,0,,0,,0
FIRMS_22D42284,23.80126,86.33157,3.63,336.99,60.0,2026-08-23T07:39:00Z,N20,,0,,0,0,0,0,0,0,0,0,0,,0,,0,,0,,0,,0,,0
FIRMS_8C8206E2,23.80175,86.3328,2.54,333.09,60.0,2026-08-23T07:39:00Z,N20,,0,,0,0,0,0,0,0,0,0,0,,0,,0,,0,,0,,0,,0
FIRMS_4AAED5C8,29.45724,76.86423,5.74,336.34,60.0,2026-08-23T07:41:00Z,N20,2225.2779234839204,1,oil_refinery,0,0,1,0,0,0,0,0,0,,0,2225.2779234839204,1,,0,,0,,0,,0
FIRMS_2C08C454,29.45937,76.86541,1.98,330.47,60.0,2026-08-23T07:41:00Z,N20,1962.3691471695402,1,oil_refinery,0,0,1,0,0,0,0,0,0,,0,1962.3691471695402,1,,0,,0,,0,,0
FIRMS_0A3C3855,31.26112,76.91966,0.92,300.98,60.0,2026-08-23T20:06:00Z,N20,,0,,0,0,0,0,0,0,0,0,0,,0,,0,,0,,0,,0,,0
FIRMS_C6DB40A1,33.29054,75.72936,0.62,299.87,60.0,2026-08-23T20:06:00Z,N20,3040.8707103120087,1,power_plant,0,0,1,0,0,0,0,0,0,3040.8707103120087,1,,0,,0,,0,,0,,0
FIRMS_BD79C1E6,22.35769,87.28828,1.02,307.75,60.0,2026-08-23T20:08:00Z,N20,,0,,0,0,0,0,0,0,0,0,0,,0,,0,,0,,0,,0,,0
FIRMS_090D683D,22.3622,87.01669,1.0,307.52,60.0,2026-08-23T20:08:00Z,N20,,0,,0,0,0,0,0,0,0,0,0,,0,,0,,0,,0,,0,,0
FIRMS_60A2EC4C,22.36325,87.29866,0.94,304.0,60.0,2026-08-23T20:08:00Z,N20,,0,,0,0,0,0,0,0,0,0,0,,0,,0,,0,,0,,0,,0
FIRMS_C5ECA199,22.36573,87.01741,1.01,307.35,60.0,2026-08-23T20:08:00Z,N20,,0,,0,0,0,0,0,0,0,0,0,,0,,0,,0,,0,,0,,0
FIRMS_7831377E,22.36603,87.30385,1.72,304.35,60.0,2026-08-23T20:08:00Z,N20,,0,,0,0,0,0,0,0,0,0,0,,0,,0,,0,,0,,0,,0
FIRMS_78263537,22.36682,87.2994,2.08,315.55,60.0,2026-08-23T20:08:00Z,N20,,0,,0,0,0,0,0,0,0,0,0,,0,,0,,0,,0,,0,,0
FIRMS_B5EA126B,22.37793,87.27869,5.81,334.11,60.0,2026-08-23T20:08:00Z,N20,,0,,0,0,0,0,0,0,0,0,0,,0,,0,,0,,0,,0,,0
FIRMS_241E5AF2,23.54998,86.54199,0.75,298.65,60.0,2026-08-23T20:08:00Z,N20,,0,,0,0,0,0,0,0,0,0,0,,0,,0,,0,,0,,0,,0
FIRMS_1C47114E,23.5534,86.54269,0.75,298.62,60.0,2026-08-23T20:08:00Z,N20,,0,,0,0,0,0,0,0,0,0,0,,0,,0,,0,,0,,0,,0
FIRMS_E91C37AE,23.67624,86.40308,1.53,309.51,60.0,2026-08-23T20:08:00Z,N20,2756.4235812352927,1,oil_well,0,0,2,0,0,0,0,0,0,,0,,0,2756.4235812352927,1,,0,,0,,0
FIRMS_026CC7B1,23.67694,86.39905,1.7,319.92,60.0,2026-08-23T20:08:00Z,N20,2493.367681797476,1,oil_well,0,0,2,0,0,0,0,0,0,,0,,0,2493.367681797476,1,,0,,0,,0
FIRMS_46CF73FE,23.67764,86.39501,1.7,317.98,60.0,2026-08-23T20:08:00Z,N20,2276.4208292495173,1,oil_well,0,0,6,0,0,0,0,0,0,,0,,0,2276.4208292495173,1,,0,,0,,0
FIRMS_360BD0AB,23.68035,86.39971,1.7,304.64,60.0,2026-08-23T20:08:00Z,N20,2813.7394474806474,1,oil_well,0,0,2,0,0,0,0,0,0,,0,,0,2813.7394474806474,1,,0,,0,,0
FIRMS_35927C7B,23.6919,87.12032,1.86,302.54,60.0,2026-08-23T20:08:00Z,N20,,0,,0,0,0,0,0,0,0,0,0,,0,,0,,0,,0,,0,,0
FIRMS_292F81F6,23.69465,87.12528,2.37,306.24,60.0,2026-08-23T20:08:00Z,N20,4494.952948776498,1,oil_well,0,0,1,0,0,0,0,0,0,,0,,0,4494.952948776498,1,,0,,0,,0
FIRMS_0B899404,23.6954,87.12105,2.35,304.06,60.0,2026-08-23T20:08:00Z,N20,4704.582114977334,1,oil_well,0,0,1,0,0,0,0,0,0,,0,,0,4704.582114977334,1,,0,,0,,0
FIRMS_9CB0C204,23.73746,86.43626,1.32,305.19,60.0,2026-08-23T20:08:00Z,N20,,0,,0,0,0,0,0,0,0,0,0,,0,,0,,0,,0,,0,,0
FIRMS_E22BD51B,23.73815,86.43221,1.32,314.1,60.0,2026-08-23T20:08:00Z,N20,,0,,0,0,0,0,0,0,0,0,0,,0,,0,,0,,0,,0,,0
FIRMS_D37C96AA,23.75112,86.41814,1.82,307.83,60.0,2026-08-23T20:08:00Z,N20,,0,,0,0,0,0,0,0,0,0,0,,0,,0,,0,,0,,0,,0
FIRMS_6F7978E5,23.75456,86.39803,2.74,305.9,60.0,2026-08-23T20:08:00Z,N20,,0,,0,0,0,0,0,0,0,0,0,,0,,0,,0,,0,,0,,0
FIRMS_5057C462,23.75659,86.40674,1.89,302.49,60.0,2026-08-23T20:08:00Z,N20,,0,,0,0,0,0,0,0,0,0,0,,0,,0,,0,,0,,0,,0
FIRMS_64AB5994,23.75728,86.40272,1.89,319.82,60.0,2026-08-23T20:08:00Z,N20,,0,,0,0,0,0,0,0,0,0,0,,0,,0,,0,,0,,0,,0
FIRMS_0EB31A8B,23.76068,86.4034,1.63,312.84,60.0,2026-08-23T20:08:00Z,N20,,0,,0,0,0,0,0,0,0,0,0,,0,,0,,0,,0,,0,,0
FIRMS_B121DC65,23.76136,86.39938,1.31,305.61,60.0,2026-08-23T20:08:00Z,N20,,0,,0,0,0,0,0,0,0,0,0,,0,,0,,0,,0,,0,,0
FIRMS_88F8DF44,24.11545,86.86011,2.03,314.86,60.0,2026-08-23T20:08:00Z,N20,,0,,0,0,0,0,0,0,0,0,0,,0,,0,,0,,0,,0,,0
FIRMS_2ED870C4,24.12066,86.86448,1.33,311.8,60.0,2026-08-23T20:08:00Z,N20,,0,,0,0,0,0,0,0,0,0,0,,0,,0,,0,,0,,0,,0
FIRMS_5495DC0C,24.12162,86.86566,1.56,304.33,60.0,2026-08-23T20:08:00Z,N20,,0,,0,0,0,0,0,0,0,0,0,,0,,0,,0,,0,,0,,0
FIRMS_5EB4EB94,24.66073,74.6358,1.07,299.51,60.0,2026-08-23T20:08:00Z,N20,,0,,0,0,0,0,0,0,0,0,0,,0,,0,,0,,0,,0,,0
FIRMS_6750455D,24.66104,74.63218,1.07,300.17,60.0,2026-08-23T20:08:00Z,N20,,0,,0,0,0,0,0,0,0,0,0,,0,,0,,0,,0,,0,,0
FIRMS_03FC75C1,26.26939,74.18853,0.91,303.21,60.0,2026-08-23T20:08:00Z,N20,,0,,0,0,0,0,0,0,0,0,0,,0,,0,,0,,0,,0,,0
FIRMS_EF52B7F6,27.31631,95.26515,0.28,296.82,60.0,2026-08-23T20:08:00Z,N20,202.02040731642404,1,oil_well,4,14,152,0,0,14,0,0,0,,0,,0,202.02040731642404,1,,0,,0,,0
FIRMS_47A47CBB,27.32492,95.27525,0.65,299.75,60.0,2026-08-23T20:08:00Z,N20,176.31201744852027,1,oil_well,5,15,180,0,0,15,0,0,0,,0,,0,176.31201744852027,1,,0,,0,,0
FIRMS_B370667E,27.37927,95.08714,0.49,301.67,60.0,2026-08-23T20:08:00Z,N20,257.54784519442046,1,oil_well,4,14,84,0,0,14,0,0,0,3428.670716740011,1,,0,257.54784519442046,1,,0,,0,,0
FIRMS_84B7F1D2,28.35041,77.25633,2.99,305.0,60.0,2026-08-23T20:08:00Z,N20,,0,,0,0,0,0,0,0,0,0,0,,0,,0,,0,,0,,0,,0
FIRMS_723A8E3C,28.35195,77.25737,3.28,303.02,60.0,2026-08-23T20:08:00Z,N20,,0,,0,0,0,0,0,0,0,0,0,,0,,0,,0,,0,,0,,0
FIRMS_C84E37D4,28.83727,77.13653,2.26,303.18,60.0,2026-08-23T20:08:00Z,N20,,0,,0,0,0,0,0,0,0,0,0,,0,,0,,0,,0,,0,,0
FIRMS_8BD1AA81,29.45618,76.86398,3.9,333.18,60.0,2026-08-23T20:08:00Z,N20,2341.602286123763,1,oil_refinery,0,0,1,0,0,0,0,0,0,,0,2341.602286123763,1,,0,,0,,0,,0
FIRMS_DB0D2848,29.45866,76.86417,6.75,337.19,60.0,2026-08-23T20:08:00Z,N20,2088.3789385146556,1,oil_refinery,0,0,1,0,0,0,0,0,0,,0,2088.3789385146556,1,,0,,0,,0,,0
FIRMS_D1FAE44A,29.46107,76.86459,3.9,308.59,60.0,2026-08-23T20:08:00Z,N20,1836.5449113388208,1,oil_refinery,0,0,1,0,0,0,0,0,0,,0,1836.5449113388208,1,,0,,0,,0,,0
FIRMS_636D4CE6,29.46122,76.88956,3.65,307.93,60.0,2026-08-23T20:08:00Z,N20,2116.492369723163,1,oil_refinery,0,0,1,0,0,0,0,0,0,,0,2116.492369723163,1,,0,,0,,0,,0
FIRMS_7A389C0A,18.68086,73.03121,1.5,297.68,60.0,2026-08-23T20:10:00Z,N20,,0,,0,0,0,0,0,0,0,0,0,,0,,0,,0,,0,,0,,0
FIRMS_D346EED4,18.68132,73.03327,1.48,296.61,60.0,2026-08-23T20:10:00Z,N20,,0,,0,0,0,0,0,0,0,0,0,,0,,0,,0,,0,,0,,0
FIRMS_42A02068,10.07212,77.25668,2.6,332.29,60.0,2026-08-23T20:12:00Z,N20,,0,,0,0,0,0,0,0,0,0,0,,0,,0,,0,,0,,0,,0
FIRMS_2C231517,10.07273,77.25261,2.32,322.31,60.0,2026-08-23T20:12:00Z,N20,,0,,0,0,0,0,0,0,0,0,0,,0,,0,,0,,0,,0,,0
FIRMS_98C49361,10.07459,77.25485,1.31,309.07,60.0,2026-08-23T20:12:00Z,N20,,0,,0,0,0,0,0,0,0,0,0,,0,,0,,0,,0,,0,,0
FIRMS_CBC9FFAC,10.07588,77.25687,2.6,302.63,60.0,2026-08-23T20:12:00Z,N20,,0,,0,0,0,0,0,0,0,0,0,,0,,0,,0,,0,,0,,0
FIRMS_F62BE39F,10.88856,78.48952,3.34,318.63,60.0,2026-08-23T20:12:00Z,N20,,0,,0,0,0,0,0,0,0,0,0,,0,,0,,0,,0,,0,,0
FIRMS_22AD63A6,31.25682,76.92467,1.46,299.45,60.0,2026-08-23T21:46:00Z,N20,,0,,0,0,0,0,0,0,0,0,0,,0,,0,,0,,0,,0,,0
FIRMS_065F1570,32.00023,78.53627,8.91,343.6,60.0,2026-08-24T07:24:00Z,N20,,0,,0,0,0,0,0,0,0,0,0,,0,,0,,0,,0,,0,,0
FIRMS_94F60659,22.3584,87.29185,1.39,309.63,60.0,2026-08-24T19:49:00Z,N20,,0,,0,0,0,0,0,0,0,0,0,,0,,0,,0,,0,,0,,0
FIRMS_8E298E17,22.35897,87.28802,1.39,314.13,60.0,2026-08-24T19:49:00Z,N20,,0,,0,0,0,0,0,0,0,0,0,,0,,0,,0,,0,,0,,0
FIRMS_09A7C5DC,22.36395,87.30066,2.36,327.09,60.0,2026-08-24T19:49:00Z,N20,,0,,0,0,0,0,0,0,0,0,0,,0,,0,,0,,0,,0,,0
FIRMS_712BC835,22.36729,87.30124,2.36,307.56,60.0,2026-08-24T19:49:00Z,N20,,0,,0,0,0,0,0,0,0,0,0,,0,,0,,0,,0,,0,,0
FIRMS_1009437C,22.37741,87.27945,3.79,342.9,60.0,2026-08-24T19:49:00Z,N20,,0,,0,0,0,0,0,0,0,0,0,,0,,0,,0,,0,,0,,0
FIRMS_168DF428,22.37798,87.27563,3.79,312.37,60.0,2026-08-24T19:49:00Z,N20,,0,,0,0,0,0,0,0,0,0,0,,0,,0,,0,,0,,0,,0
FIRMS_70A8C094,23.55629,87.24419,2.3,306.97,60.0,2026-08-24T19:49:00Z,N20,1256.6980299110994,1,oil_well,0,0,6,0,0,0,0,0,0,4845.588291901207,1,,0,1256.6980299110994,1,,0,,0,,0
FIRMS_DAEFC420,23.55686,87.24026,2.3,330.3,60.0,2026-08-24T19:49:00Z,N20,1020.665778926468,1,oil_well,0,0,7,0,0,0,0,0,0,4478.060728929699,1,,0,1020.665778926468,1,,0,,0,,0
FIRMS_DEF237DC,23.56024,87.24084,2.15,317.79,60.0,2026-08-24T19:49:00Z,N20,702.0439490873862,1,oil_well,0,1,8,0,0,1,0,0,0,4323.958190007253,1,,0,702.0439490873862,1,,0,,0,,0
FIRMS_9D937C67,23.65687,85.50671,0.68,300.76,60.0,2026-08-24T19:49:00Z,N20,,0,,0,0,0,0,0,0,0,0,0,,0,,0,,0,,0,,0,,0
FIRMS_F68D2714,23.65765,85.50914,1.35,301.62,60.0,2026-08-24T19:49:00Z,N20,,0,,0,0,0,0,0,0,0,0,0,,0,,0,,0,,0,,0,,0
FIRMS_D52BEBE3,23.66972,84.99499,1.35,300.78,60.0,2026-08-24T19:49:00Z,N20,,0,,0,0,0,0,0,0,0,0,0,,0,,0,,0,,0,,0,,0
FIRMS_4B9D0E2C,23.68914,87.10023,0.92,300.3,60.0,2026-08-24T19:49:00Z,N20,,0,,0,0,0,0,0,0,0,0,0,,0,,0,,0,,0,,0,,0
FIRMS_53A4769E,23.75644,85.85175,1.51,306.19,60.0,2026-08-24T19:49:00Z,N20,1826.2375076606993,1,oil_well,0,0,13,0,0,0,0,0,0,4260.263499187753,1,,0,1826.2375076606993,1,,0,,0,,0
FIRMS_76AF82DE,23.7594,85.85674,1.51,309.62,60.0,2026-08-24T19:49:00Z,N20,1752.0569069272553,1,oil_well,0,0,13,0,0,0,0,0,0,3702.1043140752276,1,,0,1752.0569069272553,1,,0,,0,,0
FIRMS_54FE44AD,23.76,85.85234,1.51,302.56,60.0,2026-08-24T19:49:00Z,N20,1473.0025967847703,1,oil_well,0,0,13,0,0,0,0,0,0,3956.0374611971943,1,,0,1473.0025967847703,1,,0,,0,,0
FIRMS_3BCE18D1,23.80593,86.32925,1.14,301.64,60.0,2026-08-24T19:49:00Z,N20,,0,,0,0,0,0,0,0,0,0,0,,0,,0,,0,,0,,0,,0
FIRMS_B70C390C,15.17738,76.65565,2.18,301.94,60.0,2026-08-24T19:51:00Z,N20,,0,,0,0,0,0,0,0,0,0,0,,0,,0,,0,,0,,0,,0
FIRMS_1BF51593,15.17784,76.65171,1.57,302.12,60.0,2026-08-24T19:51:00Z,N20,,0,,0,0,0,0,0,0,0,0,0,,0,,0,,0,,0,,0,,0
FIRMS_CA6DDF32,15.17831,76.67545,1.34,302.22,60.0,2026-08-24T19:51:00Z,N20,,0,,0,0,0,0,0,0,0,0,0,,0,,0,,0,,0,,0,,0
FIRMS_4BD199A5,15.17959,76.6636,1.44,300.38,60.0,2026-08-24T19:51:00Z,N20,,0,,0,0,0,0,0,0,0,0,0,,0,,0,,0,,0,,0,,0
FIRMS_08E49680,15.18214,76.66415,3.62,322.33,60.0,2026-08-24T19:51:00Z,N20,,0,,0,0,0,0,0,0,0,0,0,,0,,0,,0,,0,,0,,0
FIRMS_ABA4DE9A,15.18397,76.67608,1.58,307.12,60.0,2026-08-24T19:51:00Z,N20,4771.134645846508,1,power_plant,0,0,3,0,0,0,0,0,0,4771.134645846508,1,,0,,0,,0,,0,,0
FIRMS_BFD2D8BD,15.18525,76.66425,2.67,317.21,60.0,2026-08-24T19:51:00Z,N20,,0,,0,0,0,0,0,0,0,0,0,,0,,0,,0,,0,,0,,0
FIRMS_A7D52569,15.18643,76.67658,2.84,305.01,60.0,2026-08-24T19:51:00Z,N20,4666.87135741955,1,power_plant,0,0,3,0,0,0,0,0,0,4666.87135741955,1,,0,,0,,0,,0,,0
FIRMS_46F59508,15.18871,76.6569,2.33,301.81,60.0,2026-08-24T19:51:00Z,N20,,0,,0,0,0,0,0,0,0,0,0,,0,,0,,0,,0,,0,,0
FIRMS_BB25E830,31.25751,76.92367,0.81,302.19,60.0,2026-08-24T21:27:00Z,N20,,0,,0,0,0,0,0,0,0,0,0,,0,,0,,0,,0,,0,,0
FIRMS_AA5FC011,24.68919,73.00189,0.68,304.95,60.0,2026-08-24T21:29:00Z,N20,,0,,0,0,0,0,0,0,0,0,0,,0,,0,,0,,0,,0,,0
FIRMS_B253E8BF,24.82048,73.09338,0.84,302.31,60.0,2026-08-24T21:29:00Z,N20,,0,,0,0,0,0,0,0,0,0,0,,0,,0,,0,,0,,0,,0
FIRMS_B3D17107,24.8207,73.09208,0.73,303.71,60.0,2026-08-24T21:29:00Z,N20,,0,,0,0,0,0,0,0,0,0,0,,0,,0,,0,,0,,0,,0
FIRMS_874ABE32,25.94493,72.19168,1.55,307.22,60.0,2026-08-24T21:29:00Z,N20,,0,,0,0,0,0,0,0,0,0,0,,0,,0,,0,,0,,0,,0
FIRMS_D939862D,26.25711,74.09373,0.65,303.31,60.0,2026-08-24T21:29:00Z,N20,,0,,0,0,0,0,0,0,0,0,0,,0,,0,,0,,0,,0,,0
FIRMS_0F63A437,22.34236,69.87119,5.31,331.0,60.0,2026-08-24T21:31:00Z,N20,1229.092362054176,1,oil_refinery,0,0,2,0,0,0,0,0,0,,0,1229.092362054176,1,,0,,0,,0,,0
FIRMS_9CFF9F3B,22.93402,69.69881,2.18,314.16,60.0,2026-08-24T21:31:00Z,N20,,0,,0,0,0,0,0,0,0,0,0,,0,,0,,0,,0,,0,,0
FIRMS_F6EE38F0,29.45627,76.8924,4.73,327.41,60.0,2026-08-25T07:05:00Z,N20,2711.755581779741,1,oil_refinery,0,0,1,0,0,0,0,0,0,,0,2711.755581779741,1,,0,,0,,0,,0
FIRMS_59795C67,14.86755,79.73705,3.45,337.02,60.0,2026-08-25T08:41:00Z,N20,,0,,0,0,0,0,0,0,0,0,0,,0,,0,,0,,0,,0,,0
FIRMS_2CEE0E53,15.38928,75.22285,3.57,331.45,60.0,2026-08-25T08:41:00Z,N20,,0,,0,0,0,0,0,0,0,0,0,,0,,0,,0,,0,,0,,0
FIRMS_1FCDEAEE,17.08532,79.68513,4.27,332.03,60.0,2026-08-25T08:41:00Z,N20,,0,,0,0,0,0,0,0,0,0,0,,0,,0,,0,,0,,0,,0
FIRMS_353882DA,18.70882,74.45466,3.57,336.09,60.0,2026-08-25T08:41:00Z,N20,,0,,0,0,0,0,0,0,0,0,0,,0,,0,,0,,0,,0,,0
FIRMS_E60DD5BC,22.93576,69.1861,0.9,331.31,60.0,2026-08-25T08:43:00Z,N20,,0,,0,0,0,0,0,0,0,0,0,,0,,0,,0,,0,,0,,0
FIRMS_E263C084,26.75963,83.19836,1.23,301.32,60.0,2026-08-25T19:30:00Z,N20,3215.504880762531,1,ethanol_plant,0,0,1,0,0,0,0,0,0,,0,,0,,0,3215.504880762531,1,,0,,0
FIRMS_3F4DF282,21.19596,81.41667,2.93,327.82,60.0,2026-08-25T19:32:00Z,N20,1975.9380895260072,1,power_plant,0,0,1,0,0,0,0,0,0,1975.9380895260072,1,,0,,0,,0,,0,,0
FIRMS_E4F4B882,21.19639,81.41189,2.93,307.28,60.0,2026-08-25T19:32:00Z,N20,2462.94697238973,1,power_plant,0,0,1,0,0,0,0,0,0,2462.94697238973,1,,0,,0,,0,,0,,0
FIRMS_7AF37B4F,21.3352,78.96751,2.37,301.03,60.0,2026-08-25T19:32:00Z,N20,,0,,0,0,0,0,0,0,0,0,0,,0,,0,,0,,0,,0,,0
FIRMS_682CA942,21.37752,81.67648,1.85,303.65,60.0,2026-08-25T19:32:00Z,N20,,0,,0,0,0,0,0,0,0,0,0,,0,,0,,0,,0,,0,,0
FIRMS_9255B0FD,21.39248,81.64462,0.73,301.02,60.0,2026-08-25T19:32:00Z,N20,,0,,0,0,0,0,0,0,0,0,0,,0,,0,,0,,0,,0,,0
FIRMS_8148868E,21.74762,83.84057,0.68,298.87,60.0,2026-08-25T19:32:00Z,N20,,0,,0,0,0,0,0,0,0,0,0,,0,,0,,0,,0,,0,,0
FIRMS_3C98A88E,22.35725,87.29079,1.92,305.1,60.0,2026-08-25T19:32:00Z,N20,,0,,0,0,0,0,0,0,0,0,0,,0,,0,,0,,0,,0,,0
FIRMS_01297EE2,22.36469,87.30035,3.38,317.29,60.0,2026-08-25T19:32:00Z,N20,,0,,0,0,0,0,0,0,0,0,0,,0,,0,,0,,0,,0,,0
FIRMS_7B499078,22.3689,87.30096,2.38,305.95,60.0,2026-08-25T19:32:00Z,N20,,0,,0,0,0,0,0,0,0,0,0,,0,,0,,0,,0,,0,,0
FIRMS_A9A56858,22.78875,86.20664,0.92,298.14,60.0,2026-08-25T19:32:00Z,N20,,0,,0,0,0,0,0,0,0,0,0,,0,,0,,0,,0,,0,,0
FIRMS_0BCEA036,22.7893,86.20161,0.92,298.23,60.0,2026-08-25T19:32:00Z,N20,,0,,0,0,0,0,0,0,0,0,0,,0,,0,,0,,0,,0,,0
FIRMS_8AA5C885,22.78985,86.19658,1.59,299.79,60.0,2026-08-25T19:32:00Z,N20,,0,,0,0,0,0,0,0,0,0,0,,0,,0,,0,,0,,0,,0
FIRMS_B3319FA6,22.80134,86.09074,2.73,308.76,60.0,2026-08-25T19:32:00Z,N20,,0,,0,0,0,0,0,0,0,0,0,,0,,0,,0,,0,,0,,0
FIRMS_5E6B0F4E,23.56146,87.23864,0.59,298.85,60.0,2026-08-25T19:32:00Z,N20,483.17829193344704,1,oil_well,1,1,8,0,0,1,0,0,0,4061.8968847407345,1,,0,483.17829193344704,1,,0,,0,,0
FIRMS_2D0D6335,23.61165,87.14617,0.41,298.73,60.0,2026-08-25T19:32:00Z,N20,,0,,0,0,0,0,0,0,0,0,0,,0,,0,,0,,0,,0,,0
FIRMS_982CB3E8,23.66496,87.15575,1.93,310.24,60.0,2026-08-25T19:32:00Z,N20,,0,,0,0,0,0,0,0,0,0,0,,0,,0,,0,,0,,0,,0
FIRMS_2998B032,34.47186,73.85632,1.3,298.24,60.0,2026-08-25T21:08:00Z,N20,,0,,0,0,0,0,0,0,0,0,0,,0,,0,,0,,0,,0,,0
FIRMS_6604AF1E,34.47445,73.86165,6.61,303.5,60.0,2026-08-25T21:08:00Z,N20,,0,,0,0,0,0,0,0,0,0,0,,0,,0,,0,,0,,0,,0
FIRMS_9590DDFF,34.47523,73.85731,6.61,331.54,60.0,2026-08-25T21:08:00Z,N20,,0,,0,0,0,0,0,0,0,0,0,,0,,0,,0,,0,,0,,0
FIRMS_3C758D73,34.47789,73.86224,6.61,296.97,60.0,2026-08-25T21:08:00Z,N20,,0,,0,0,0,0,0,0,0,0,0,,0,,0,,0,,0,,0,,0
FIRMS_66972F3E,20.9112,71.45757,0.57,302.1,60.0,2026-08-25T21:12:00Z,N20,1856.7737519290704,1,power_plant,0,0,1,0,0,0,0,0,0,1856.7737519290704,1,,0,,0,,0,,0,,0
FIRMS_54A62B1C,21.18221,81.38339,3.38,302.23,60.0,2026-08-25T21:12:00Z,N20,,0,,0,0,0,0,0,0,0,0,0,,0,,0,,0,,0,,0,,0
FIRMS_2058E983,22.33997,69.85574,3.06,308.37,60.0,2026-08-25T21:12:00Z,N20,2136.748549868492,1,oil_refinery,0,0,2,0,0,0,0,0,0,,0,2136.748549868492,1,,0,,0,,0,,0
FIRMS_0F87B13A,22.3412,69.85442,2.19,306.8,60.0,2026-08-25T21:12:00Z,N20,2146.9170650497244,1,oil_refinery,0,0,2,0,0,0,0,0,0,,0,2146.9170650497244,1,,0,,0,,0,,0
FIRMS_97C5A748,22.41745,69.03764,0.7,310.21,60.0,2026-08-25T21:12:00Z,N20,4765.166160795149,1,solar_plant,0,0,1,0,0,0,0,0,0,,0,,0,,0,,0,,0,4765.166160795149,1
FIRMS_16DC2C46,22.42014,69.04203,0.79,302.36,60.0,2026-08-25T21:12:00Z,N20,,0,,0,0,0,0,0,0,0,0,0,,0,,0,,0,,0,,0,,0
FIRMS_FDF83324,22.92693,69.82433,2.03,307.02,60.0,2026-08-25T21:12:00Z,N20,,0,,0,0,0,0,0,0,0,0,0,,0,,0,,0,,0,,0,,0
FIRMS_48628E2D,22.9311,69.69724,1.76,306.28,60.0,2026-08-25T21:12:00Z,N20,,0,,0,0,0,0,0,0,0,0,0,,0,,0,,0,,0,,0,,0
FIRMS_946F60C4,22.9338,69.70174,2.97,317.05,60.0,2026-08-25T21:12:00Z,N20,,0,,0,0,0,0,0,0,0,0,0,,0,,0,,0,,0,,0,,0
FIRMS_669E7CAF,22.93445,69.69788,3.76,330.6,60.0,2026-08-25T21:12:00Z,N20,,0,,0,0,0,0,0,0,0,0,0,,0,,0,,0,,0,,0,,0
FIRMS_0F717B45,23.49973,68.57806,0.72,299.67,60.0,2026-08-25T21:12:00Z,N20,,0,,0,0,0,0,0,0,0,0,0,,0,,0,,0,,0,,0,,0
FIRMS_C4855409,25.9438,72.19157,0.77,304.35,60.0,2026-08-25T21:12:00Z,N20,,0,,0,0,0,0,0,0,0,0,0,,0,,0,,0,,0,,0,,0
FIRMS_6437EB6F,15.10937,76.80316,2.57,296.23,60.0,2026-08-25T21:14:00Z,N20,,0,,0,0,0,0,0,0,0,0,0,,0,,0,,0,,0,,0,,0
FIRMS_798F8582,15.11204,76.8075,2.02,300.58,60.0,2026-08-25T21:14:00Z,N20,,0,,0,0,0,0,0,0,0,0,0,,0,,0,,0,,0,,0,,0
FIRMS_B3E15865,15.33927,76.27831,2.0,307.71,60.0,2026-08-25T21:14:00Z,N20,,0,,0,0,0,0,0,0,0,0,0,,0,,0,,0,,0,,0,,0
FIRMS_29183D13,15.34013,76.27901,1.89,303.12,60.0,2026-08-25T21:14:00Z,N20,,0,,0,0,0,0,0,0,0,0,0,,0,,0,,0,,0,,0,,0
FIRMS_58DC0D08,17.95897,80.78802,3.86,301.14,60.0,2026-08-25T21:14:00Z,N20,,0,,0,0,0,0,0,0,0,0,0,,0,,0,,0,,0,,0,,0
FIRMS_A27C1CC2,17.95949,80.79189,2.56,304.32,60.0,2026-08-25T21:14:00Z,N20,,0,,0,0,0,0,0,0,0,0,0,,0,,0,,0,,0,,0,,0
FIRMS_EC299F47,9.21554,78.64903,3.51,336.71,60.0,2026-08-26T08:22:00Z,N20,,0,,0,0,0,0,0,0,0,0,0,,0,,0,,0,,0,,0,,0
FIRMS_D75CA6AE,9.21909,78.64851,2.52,335.48,60.0,2026-08-26T08:22:00Z,N20,,0,,0,0,0,0,0,0,0,0,0,,0,,0,,0,,0,,0,,0
FIRMS_6886CACD,9.30177,77.47569,5.73,336.04,60.0,2026-08-26T08:22:00Z,N20,,0,,0,0,0,0,0,0,0,0,0,,0,,0,,0,,0,,0,,0
FIRMS_CFD974D4,9.38962,78.88501,21.77,347.44,60.0,2026-08-26T08:22:00Z,N20,1832.6906298901665,1,oil_well,0,0,4,0,0,0,0,0,0,,0,,0,1832.6906298901665,1,,0,,0,,0
FIRMS_80162F47,9.8038,78.17648,4.38,340.06,60.0,2026-08-26T08:22:00Z,N20,,0,,0,0,0,0,0,0,0,0,0,,0,,0,,0,,0,,0,,0
FIRMS_0F497980,10.05029,77.95355,7.84,349.07,60.0,2026-08-26T08:22:00Z,N20,,0,,0,0,0,0,0,0,0,0,0,,0,,0,,0,,0,,0,,0
FIRMS_2BB5215D,10.05376,77.95303,7.84,343.77,60.0,2026-08-26T08:22:00Z,N20,,0,,0,0,0,0,0,0,0,0,0,,0,,0,,0,,0,,0,,0
FIRMS_92028960,10.93808,79.54315,4.04,336.15,60.0,2026-08-26T08:22:00Z,N20,2514.11955169209,1,oil_well,0,0,3,0,0,0,0,0,0,,0,,0,2514.11955169209,1,,0,,0,,0
FIRMS_4C399AC9,11.35922,77.2625,1.86,330.28,60.0,2026-08-26T08:22:00Z,N20,,0,,0,0,0,0,0,0,0,0,0,,0,,0,,0,,0,,0,,0
FIRMS_CCD873C3,11.42405,78.16054,4.18,332.79,60.0,2026-08-26T08:22:00Z,N20,,0,,0,0,0,0,0,0,0,0,0,,0,,0,,0,,0,,0,,0
FIRMS_8FD20F40,11.46199,77.46516,5.71,341.29,60.0,2026-08-26T08:22:00Z,N20,,0,,0,0,0,0,0,0,0,0,0,,0,,0,,0,,0,,0,,0
FIRMS_29D34633,11.53354,78.71278,4.61,341.68,60.0,2026-08-26T08:22:00Z,N20,,0,,0,0,0,0,0,0,0,0,0,,0,,0,,0,,0,,0,,0
FIRMS_5D03EBF7,11.55913,79.62791,4.14,336.44,60.0,2026-08-26T08:22:00Z,N20,2131.793670289837,1,oil_well,0,0,1,0,0,0,0,0,0,,0,,0,2131.793670289837,1,,0,,0,,0
FIRMS_AE035334,11.67362,78.43934,2.19,330.64,60.0,2026-08-26T08:22:00Z,N20,,0,,0,0,0,0,0,0,0,0,0,,0,,0,,0,,0,,0,,0
FIRMS_588F6BC0,12.05793,76.91864,1.61,331.26,30.0,2026-08-26T08:22:00Z,N20,,0,,0,0,0,0,0,0,0,0,0,,0,,0,,0,,0,,0,,0
FIRMS_5CBB92D5,12.13018,79.65379,13.42,342.13,60.0,2026-08-26T08:22:00Z,N20,,0,,0,0,0,0,0,0,0,0,0,,0,,0,,0,,0,,0,,0
FIRMS_4579CD18,12.26599,77.0015,2.81,335.46,60.0,2026-08-26T08:22:00Z,N20,,0,,0,0,0,0,0,0,0,0,0,,0,,0,,0,,0,,0,,0
FIRMS_79AD4FDF,12.30538,76.84256,1.44,330.79,60.0,2026-08-26T08:22:00Z,N20,,0,,0,0,0,0,0,0,0,0,0,,0,,0,,0,,0,,0,,0
FIRMS_C8B47E66,12.83705,79.94056,2.86,330.38,30.0,2026-08-26T08:22:00Z,N20,,0,,0,0,0,0,0,0,0,0,0,,0,,0,,0,,0,,0,,0
FIRMS_4FC17DF0,12.95476,79.27879,3.78,334.78,60.0,2026-08-26T08:22:00Z,N20,,0,,0,0,0,0,0,0,0,0,0,,0,,0,,0,,0,,0,,0
FIRMS_0BC7339C,13.09371,78.80157,4.44,334.78,60.0,2026-08-26T08:22:00Z,N20,,0,,0,0,0,0,0,0,0,0,0,,0,,0,,0,,0,,0,,0
FIRMS_A4AFB401,13.973,78.2289,3.09,331.1,60.0,2026-08-26T08:22:00Z,N20,,0,,0,0,0,0,0,0,0,0,0,,0,,0,,0,,0,,0,,0
FIRMS_7D529E81,14.15628,77.23994,3.71,339.33,60.0,2026-08-26T08:22:00Z,N20,,0,,0,0,0,0,0,0,0,0,0,,0,,0,,0,,0,,0,,0
FIRMS_3B087264,14.23911,79.66386,3.12,333.76,60.0,2026-08-26T08:22:00Z,N20,,0,,0,0,0,0,0,0,0,0,0,,0,,0,,0,,0,,0,,0
FIRMS_3E22059E,15.00306,76.99864,4.52,337.96,60.0,2026-08-26T08:22:00Z,N20,,0,,0,0,0,0,0,0,0,0,0,,0,,0,,0,,0,,0,,0
FIRMS_AC3E32B3,15.01841,79.74989,5.67,340.98,60.0,2026-08-26T08:22:00Z,N20,,0,,0,0,0,0,0,0,0,0,0,,0,,0,,0,,0,,0,,0
FIRMS_35032EC0,15.17506,76.65867,4.09,334.39,60.0,2026-08-26T08:22:00Z,N20,,0,,0,0,0,0,0,0,0,0,0,,0,,0,,0,,0,,0,,0
FIRMS_491D6DED,15.17785,76.67822,4.7,336.4,60.0,2026-08-26T08:22:00Z,N20,4747.310677507558,1,power_plant,0,0,3,0,0,0,0,0,0,4747.310677507558,1,,0,,0,,0,,0,,0
FIRMS_CE4DCBD9,15.17841,76.68213,5.5,338.03,60.0,2026-08-26T08:22:00Z,N20,4334.376529154515,1,power_plant,0,0,3,0,0,0,0,0,0,4334.376529154515,1,,0,,0,,0,,0,,0
FIRMS_EA82F532,15.18318,76.64153,4.17,337.25,60.0,2026-08-26T08:22:00Z,N20,,0,,0,0,0,0,0,0,0,0,0,,0,,0,,0,,0,,0,,0
FIRMS_97DA57CC,15.44035,76.97665,1.86,332.95,60.0,2026-08-26T08:22:00Z,N20,,0,,0,0,0,0,0,0,0,0,0,,0,,0,,0,,0,,0,,0
FIRMS_EAC8542E,15.74739,77.78989,4.12,337.15,60.0,2026-08-26T08:22:00Z,N20,,0,,0,0,0,0,0,0,0,0,0,,0,,0,,0,,0,,0,,0
FIRMS_F070A7AD,15.97756,78.4123,2.89,330.46,60.0,2026-08-26T08:22:00Z,N20,,0,,0,0,0,0,0,0,0,0,0,,0,,0,,0,,0,,0,,0
FIRMS_3BBBD099,16.0065,77.04945,3.84,340.97,60.0,2026-08-26T08:22:00Z,N20,,0,,0,0,0,0,0,0,0,0,0,,0,,0,,0,,0,,0,,0
FIRMS_433D60EB,16.83671,79.16844,2.33,333.57,60.0,2026-08-26T08:24:00Z,N20,,0,,0,0,0,0,0,0,0,0,0,,0,,0,,0,,0,,0,,0
FIRMS_2F9D184E,19.99819,74.01125,3.21,333.16,60.0,2026-08-26T08:24:00Z,N20,,0,,0,0,0,0,0,0,0,0,0,,0,,0,,0,,0,,0,,0
FIRMS_E8D619F9,21.74298,83.84299,11.6,346.9,60.0,2026-08-26T08:24:00Z,N20,,0,,0,0,0,0,0,0,0,0,0,,0,,0,,0,,0,,0,,0
FIRMS_7B75D0FE,21.74881,83.84253,5.28,346.63,60.0,2026-08-26T08:24:00Z,N20,,0,,0,0,0,0,0,0,0,0,0,,0,,0,,0,,0,,0,,0
FIRMS_2D2BD0B7,21.74921,83.84696,5.28,326.92,60.0,2026-08-26T08:24:00Z,N20,,0,,0,0,0,0,0,0,0,0,0,,0,,0,,0,,0,,0,,0
FIRMS_63E2F311,21.75503,83.8465,5.28,334.17,60.0,2026-08-26T08:24:00Z,N20,,0,,0,0,0,0,0,0,0,0,0,,0,,0,,0,,0,,0,,0
FIRMS_563F22C1,21.9208,83.35326,2.84,326.38,60.0,2026-08-26T08:24:00Z,N20,,0,,0,0,0,0,0,0,0,0,0,,0,,0,,0,,0,,0,,0
FIRMS_3B7953CC,22.35542,82.30332,7.35,334.63,60.0,2026-08-26T08:24:00Z,N20,,0,,0,0,0,0,0,0,0,0,0,,0,,0,,0,,0,,0,,0
FIRMS_B0EF81D9,22.35975,82.30282,8.21,333.19,60.0,2026-08-26T08:24:00Z,N20,,0,,0,0,0,0,0,0,0,0,0,,0,,0,,0,,0,,0,,0
FIRMS_732A25FA,20.79373,85.25214,1.95,303.88,60.0,2026-08-26T19:13:00Z,N20,,0,,0,0,0,0,0,0,0,0,0,,0,,0,,0,,0,,0,,0
FIRMS_7CE0F32E,20.96356,85.1699,2.19,297.9,60.0,2026-08-26T19:13:00Z,N20,,0,,0,0,0,0,0,0,0,0,0,,0,,0,,0,,0,,0,,0
FIRMS_1B002E79,20.96951,85.17609,3.1,305.91,60.0,2026-08-26T19:13:00Z,N20,,0,,0,0,0,0,0,0,0,0,0,,0,,0,,0,,0,,0,,0
FIRMS_2F335B0D,20.76191,85.29632,1.85,305.1,60.0,2026-08-26T19:15:00Z,N20,,0,,0,0,0,0,0,0,0,0,0,,0,,0,,0,,0,,0,,0
FIRMS_943267FF,20.76239,85.29076,1.44,299.33,60.0,2026-08-26T19:15:00Z,N20,,0,,0,0,0,0,0,0,0,0,0,,0,,0,,0,,0,,0,,0
FIRMS_8B42CE5E,20.76468,85.29327,2.11,303.89,60.0,2026-08-26T19:15:00Z,N20,,0,,0,0,0,0,0,0,0,0,0,,0,,0,,0,,0,,0,,0
FIRMS_ECCE4920,20.79809,85.25024,2.09,301.94,60.0,2026-08-26T19:15:00Z,N20,,0,,0,0,0,0,0,0,0,0,0,,0,,0,,0,,0,,0,,0
FIRMS_EA5FC182,23.61789,86.78893,1.9,305.36,60.0,2026-08-26T20:51:00Z,N20,,0,,0,0,0,0,0,0,0,0,0,,0,,0,,0,,0,,0,,0
FIRMS_71719019,23.93222,72.36194,1.69,322.77,60.0,2026-08-26T20:51:00Z,N20,2069.3364963646145,1,oil_well,0,0,1,0,0,0,0,0,0,,0,,0,2069.3364963646145,1,,0,,0,,0
FIRMS_C80F6006,26.76138,83.19917,0.93,301.41,60.0,2026-08-26T20:51:00Z,N20,3233.355966437972,1,ethanol_plant,0,0,1,0,0,0,0,0,0,,0,,0,,0,3233.355966437972,1,,0,,0
FIRMS_C838A3E6,26.87866,73.51471,1.11,303.59,60.0,2026-08-26T20:51:00Z,N20,,0,,0,0,0,0,0,0,0,0,0,,0,,0,,0,,0,,0,,0
FIRMS_B705A181,26.92686,73.4677,1.1,305.99,60.0,2026-08-26T20:51:00Z,N20,,0,,0,0,0,0,0,0,0,0,0,,0,,0,,0,,0,,0,,0
FIRMS_FD2FCD8F,29.47616,76.85736,1.89,306.91,60.0,2026-08-26T20:51:00Z,N20,1673.0330741768219,1,oil_refinery,0,0,1,0,0,0,0,0,0,,0,1673.0330741768219,1,,0,,0,,0,,0
FIRMS_57FEE06C,18.68135,73.03658,1.56,308.6,60.0,2026-08-26T20:53:00Z,N20,,0,,0,0,0,0,0,0,0,0,0,,0,,0,,0,,0,,0,,0
FIRMS_8333925D,18.68196,73.03288,1.56,302.89,60.0,2026-08-26T20:53:00Z,N20,,0,,0,0,0,0,0,0,0,0,0,,0,,0,,0,,0,,0,,0
FIRMS_FE881613,18.68589,73.02978,0.74,301.74,60.0,2026-08-26T20:53:00Z,N20,,0,,0,0,0,0,0,0,0,0,0,,0,,0,,0,,0,,0,,0
FIRMS_C9C115A7,18.95677,73.94353,2.58,329.4,60.0,2026-08-26T20:53:00Z,N20,,0,,0,0,0,0,0,0,0,0,0,,0,,0,,0,,0,,0,,0
FIRMS_C9E0AED1,20.78307,85.26205,1.07,301.72,60.0,2026-08-26T20:53:00Z,N20,,0,,0,0,0,0,0,0,0,0,0,,0,,0,,0,,0,,0,,0
FIRMS_D7EE6D07,20.78438,85.25655,1.07,302.13,60.0,2026-08-26T20:53:00Z,N20,,0,,0,0,0,0,0,0,0,0,0,,0,,0,,0,,0,,0,,0
FIRMS_A3149780,20.78934,85.26369,1.07,304.73,60.0,2026-08-26T20:53:00Z,N20,,0,,0,0,0,0,0,0,0,0,0,,0,,0,,0,,0,,0,,0
FIRMS_A5ECAB8B,20.79822,85.25431,1.25,308.68,60.0,2026-08-26T20:53:00Z,N20,,0,,0,0,0,0,0,0,0,0,0,,0,,0,,0,,0,,0,,0
FIRMS_62793CC1,20.80444,85.25613,1.25,301.92,60.0,2026-08-26T20:53:00Z,N20,,0,,0,0,0,0,0,0,0,0,0,,0,,0,,0,,0,,0,,0
FIRMS_837808DE,20.81066,85.25798,2.64,303.54,60.0,2026-08-26T20:53:00Z,N20,,0,,0,0,0,0,0,0,0,0,0,,0,,0,,0,,0,,0,,0
FIRMS_95FF05B9,20.91049,71.45941,1.26,312.46,60.0,2026-08-26T20:53:00Z,N20,1674.3308415713818,1,power_plant,0,0,1,0,0,0,0,0,0,1674.3308415713818,1,,0,,0,,0,,0,,0
FIRMS_1FCB837D,22.32085,69.8827,1.41,311.16,60.0,2026-08-26T20:53:00Z,N20,3827.380384354128,1,oil_refinery,0,0,2,0,0,0,0,0,0,,0,3827.380384354128,1,,0,,0,,0,,0
FIRMS_F636A849,22.32132,69.88142,1.49,317.54,60.0,2026-08-26T20:53:00Z,N20,3736.6978226787564,1,oil_refinery,0,0,2,0,0,0,0,0,0,,0,3736.6978226787564,1,,0,,0,,0,,0
FIRMS_CEDB680D,22.41633,69.0387,2.63,309.0,60.0,2026-08-26T20:53:00Z,N20,4845.158321207802,1,solar_plant,0,0,1,0,0,0,0,0,0,,0,,0,,0,,0,,0,4845.158321207802,1
FIRMS_12130104,23.31464,70.48708,1.62,307.11,60.0,2026-08-26T20:53:00Z,N20,,0,,0,0,0,0,0,0,0,0,0,,0,,0,,0,,0,,0,,0
FIRMS_1E348DD3,23.31667,70.48634,1.21,308.92,60.0,2026-08-26T20:53:00Z,N20,,0,,0,0,0,0,0,0,0,0,0,,0,,0,,0,,0,,0,,0
FIRMS_CE14B0F5,11.80962,77.92208,0.74,298.71,60.0,2026-08-26T20:55:00Z,N20,,0,,0,0,0,0,0,0,0,0,0,,0,,0,,0,,0,,0,,0
FIRMS_28622F6D,13.71163,79.62034,1.07,301.42,60.0,2026-08-26T20:55:00Z,N20,,0,,0,0,0,0,0,0,0,0,0,,0,,0,,0,,0,,0,,0
FIRMS_D09BF6D0,13.71613,79.62455,0.91,302.5,60.0,2026-08-26T20:55:00Z,N20,,0,,0,0,0,0,0,0,0,0,0,,0,,0,,0,,0,,0,,0
FIRMS_61D569C7,13.84566,79.25454,1.01,303.89,60.0,2026-08-26T20:55:00Z,N20,,0,,0,0,0,0,0,0,0,0,0,,0,,0,,0,,0,,0,,0
FIRMS_A43C8239,13.84619,79.25174,1.27,311.52,60.0,2026-08-26T20:55:00Z,N20,,0,,0,0,0,0,0,0,0,0,0,,0,,0,,0,,0,,0,,0
FIRMS_F47266A4,15.17025,76.38171,0.89,304.26,60.0,2026-08-26T20:55:00Z,N20,,0,,0,0,0,0,0,0,0,0,0,,0,,0,,0,,0,,0,,0
FIRMS_58C58A66,15.17336,76.66246,1.14,301.82,60.0,2026-08-26T20:55:00Z,N20,,0,,0,0,0,0,0,0,0,0,0,,0,,0,,0,,0,,0,,0
FIRMS_51749E1A,15.17477,76.65479,1.55,318.72,60.0,2026-08-26T20:55:00Z,N20,,0,,0,0,0,0,0,0,0,0,0,,0,,0,,0,,0,,0,,0
FIRMS_32E011A0,15.17542,77.10057,1.32,302.32,60.0,2026-08-26T20:55:00Z,N20,,0,,0,0,0,0,0,0,0,0,0,,0,,0,,0,,0,,0,,0
FIRMS_082782FD,15.17816,76.65945,1.55,310.09,60.0,2026-08-26T20:55:00Z,N20,,0,,0,0,0,0,0,0,0,0,0,,0,,0,,0,,0,,0,,0
FIRMS_76D38C53,15.17886,76.65562,1.55,312.26,60.0,2026-08-26T20:55:00Z,N20,,0,,0,0,0,0,0,0,0,0,0,,0,,0,,0,,0,,0,,0
FIRMS_B50F2482,15.17946,76.67565,1.65,307.05,60.0,2026-08-26T20:55:00Z,N20,4947.445418724347,1,power_plant,0,0,3,0,0,0,0,0,0,4947.445418724347,1,,0,,0,,0,,0,,0
FIRMS_62205BA8,15.18357,76.67648,1.65,309.53,60.0,2026-08-26T20:55:00Z,N20,4739.07991931893,1,power_plant,0,0,3,0,0,0,0,0,0,4739.07991931893,1,,0,,0,,0,,0,,0
FIRMS_0AF75C2D,15.18496,76.66879,2.38,312.05,60.0,2026-08-26T20:55:00Z,N20,,0,,0,0,0,0,0,0,0,0,0,,0,,0,,0,,0,,0,,0
FIRMS_E228735C,15.30119,76.21846,0.8,301.59,60.0,2026-08-26T20:55:00Z,N20,,0,,0,0,0,0,0,0,0,0,0,,0,,0,,0,,0,,0,,0
FIRMS_4E5239C6,15.33309,76.24698,0.78,309.09,60.0,2026-08-26T20:55:00Z,N20,,0,,0,0,0,0,0,0,0,0,0,,0,,0,,0,,0,,0,,0
FIRMS_560DFA2C,15.33449,76.28466,1.15,307.06,60.0,2026-08-26T20:55:00Z,N20,,0,,0,0,0,0,0,0,0,0,0,,0,,0,,0,,0,,0,,0
FIRMS_F52B1F9A,8.95087,77.90591,2.82,336.68,30.0,2026-08-27T08:03:00Z,N20,,0,,0,0,0,0,0,0,0,0,0,,0,,0,,0,,0,,0,,0
FIRMS_E4C17371,9.12931,77.84509,5.56,337.52,30.0,2026-08-27T08:03:00Z,N20,,0,,0,0,0,0,0,0,0,0,0,,0,,0,,0,,0,,0,,0
FIRMS_ADCB4F11,9.23964,77.81049,8.89,339.38,30.0,2026-08-27T08:03:00Z,N20,,0,,0,0,0,0,0,0,0,0,0,,0,,0,,0,,0,,0,,0
FIRMS_7FB74CA5,9.27336,77.94791,10.83,337.78,30.0,2026-08-27T08:03:00Z,N20,,0,,0,0,0,0,0,0,0,0,0,,0,,0,,0,,0,,0,,0
FIRMS_C1B8E751,9.82798,77.77052,6.26,338.56,30.0,2026-08-27T08:03:00Z,N20,,0,,0,0,0,0,0,0,0,0,0,,0,,0,,0,,0,,0,,0
FIRMS_82C6C1D9,9.9415,78.59012,2.2,334.4,60.0,2026-08-27T08:03:00Z,N20,,0,,0,0,0,0,0,0,0,0,0,,0,,0,,0,,0,,0,,0
FIRMS_26E055CA,11.03126,77.58949,4.28,337.59,60.0,2026-08-27T08:03:00Z,N20,,0,,0,0,0,0,0,0,0,0,0,,0,,0,,0,,0,,0,,0
FIRMS_6901A6E0,11.03474,77.58891,4.86,337.28,60.0,2026-08-27T08:03:00Z,N20,,0,,0,0,0,0,0,0,0,0,0,,0,,0,,0,,0,,0,,0
FIRMS_16D09BA8,11.70355,78.596,6.34,334.69,30.0,2026-08-27T08:05:00Z,N20,,0,,0,0,0,0,0,0,0,0,0,,0,,0,,0,,0,,0,,0
FIRMS_B48B28FD,12.05728,79.84831,2.33,333.91,60.0,2026-08-27T08:05:00Z,N20,,0,,0,0,0,0,0,0,0,0,0,,0,,0,,0,,0,,0,,0
FIRMS_47A42626,12.09427,77.76483,9.48,335.49,30.0,2026-08-27T08:05:00Z,N20,,0,,0,0,0,0,0,0,0,0,0,,0,,0,,0,,0,,0,,0
FIRMS_22B01601,12.1972,79.71706,2.8,332.4,60.0,2026-08-27T08:05:00Z,N20,,0,,0,0,0,0,0,0,0,0,0,,0,,0,,0,,0,,0,,0
FIRMS_57042816,12.29649,78.82146,3.56,334.91,60.0,2026-08-27T08:05:00Z,N20,,0,,0,0,0,0,0,0,0,0,0,,0,,0,,0,,0,,0,,0
FIRMS_C154D3C1,15.81279,79.73833,3.1,335.02,60.0,2026-08-27T08:05:00Z,N20,,0,,0,0,0,0,0,0,0,0,0,,0,,0,,0,,0,,0,,0
FIRMS_74225475,17.36462,75.19918,8.72,335.39,30.0,2026-08-27T08:05:00Z,N20,,0,,0,0,0,0,0,0,0,0,0,,0,,0,,0,,0,,0,,0
FIRMS_C3B4E706,22.7993,86.09131,2.85,332.6,60.0,2026-08-27T08:05:00Z,N20,,0,,0,0,0,0,0,0,0,0,0,,0,,0,,0,,0,,0,,0
FIRMS_638742D9,20.79344,85.25465,11.97,352.45,60.0,2026-08-27T08:07:00Z,N20,,0,,0,0,0,0,0,0,0,0,0,,0,,0,,0,,0,,0,,0
FIRMS_82CD7808,20.79426,85.25369,9.18,341.39,60.0,2026-08-27T08:07:00Z,N20,,0,,0,0,0,0,0,0,0,0,0,,0,,0,,0,,0,,0,,0
FIRMS_BE719706,20.96309,85.18516,9.71,332.56,60.0,2026-08-27T08:07:00Z,N20,,0,,0,0,0,0,0,0,0,0,0,,0,,0,,0,,0,,0,,0
FIRMS_695943C0,20.96367,85.19029,6.6,330.49,60.0,2026-08-27T08:07:00Z,N20,,0,,0,0,0,0,0,0,0,0,0,,0,,0,,0,,0,,0,,0
FIRMS_A5AA8460,26.6315,70.38902,6.8,341.86,60.0,2026-08-27T08:07:00Z,N20,3155.605810466636,1,oil_well,0,0,1,0,0,0,0,0,0,,0,,0,3155.605810466636,1,,0,,0,,0
FIRMS_394D2EB3,31.58428,75.88541,7.07,336.5,60.0,2026-08-27T08:07:00Z,N20,,0,,0,0,0,0,0,0,0,0,0,,0,,0,,0,,0,,0,,0
FIRMS_6F5162BD,29.45695,76.86645,2.18,325.0,60.0,2026-08-27T20:32:00Z,N20,2166.9423713172523,1,oil_refinery,0,0,1,0,0,0,0,0,0,,0,2166.9423713172523,1,,0,,0,,0,,0
FIRMS_7A4491E0,29.90619,74.94877,1.73,309.91,60.0,2026-08-27T20:32:00Z,N20,1664.3858478033192,1,oil_refinery,0,0,1,0,0,0,0,0,0,,0,1664.3858478033192,1,,0,,0,,0,,0
FIRMS_F9840CDA,29.90931,74.95467,2.55,310.35,60.0,2026-08-27T20:32:00Z,N20,1181.732970783236,1,oil_refinery,0,0,1,0,0,0,0,0,0,,0,1181.732970783236,1,,0,,0,,0,,0
FIRMS_C800821F,29.90996,74.94939,15.45,349.11,60.0,2026-08-27T20:32:00Z,N20,1261.5464228397511,1,oil_refinery,0,0,1,0,0,0,0,0,0,,0,1261.5464228397511,1,,0,,0,,0,,0
FIRMS_469BE6A0,29.91061,74.94411,15.45,315.32,60.0,2026-08-27T20:32:00Z,N20,1521.4725385863774,1,oil_refinery,0,0,1,0,0,0,0,0,0,,0,1521.4725385863774,1,,0,,0,,0,,0
FIRMS_93EF64E9,29.91374,74.95001,15.45,317.18,60.0,2026-08-27T20:32:00Z,N20,877.443655197487,1,oil_refinery,0,1,1,0,1,0,0,0,0,,0,877.443655197487,1,,0,,0,,0,,0
FIRMS_AA54CF4C,22.36412,87.30086,1.91,309.14,60.0,2026-08-27T20:34:00Z,N20,,0,,0,0,0,0,0,0,0,0,0,,0,,0,,0,,0,,0,,0
FIRMS_31862601,22.37007,87.29873,1.6,302.4,60.0,2026-08-27T20:34:00Z,N20,,0,,0,0,0,0,0,0,0,0,0,,0,,0,,0,,0,,0,,0
FIRMS_F7278653,22.37985,87.27941,1.3,320.47,60.0,2026-08-27T20:34:00Z,N20,,0,,0,0,0,0,0,0,0,0,0,,0,,0,,0,,0,,0,,0
FIRMS_03E9D263,22.38062,87.27596,1.3,304.0,60.0,2026-08-27T20:34:00Z,N20,,0,,0,0,0,0,0,0,0,0,0,,0,,0,,0,,0,,0,,0
FIRMS_E72F17C5,23.11632,70.08329,1.73,303.57,60.0,2026-08-27T20:34:00Z,N20,,0,,0,0,0,0,0,0,0,0,0,,0,,0,,0,,0,,0,,0
FIRMS_6FBE8708,23.55796,87.23771,1.5,309.96,60.0,2026-08-27T20:34:00Z,N20,851.1192683843122,1,oil_well,0,1,7,0,0,1,0,0,0,4195.348610535238,1,,0,851.1192683843122,1,,0,,0,,0
FIRMS_0A48D76C,23.55943,87.2403,0.64,303.16,60.0,2026-08-27T20:34:00Z,N20,755.3348945718616,1,oil_well,0,1,8,0,0,1,0,0,0,4323.623374990211,1,,0,755.3348945718616,1,,0,,0,,0
FIRMS_2B0BBEEF,23.56014,87.23705,0.64,302.58,60.0,2026-08-27T20:34:00Z,N20,607.317605462964,1,oil_well,0,1,8,0,0,1,0,0,0,4002.2249232934187,1,,0,607.317605462964,1,,0,,0,,0
FIRMS_011E359D,23.56168,87.08423,0.31,296.94,60.0,2026-08-27T20:34:00Z,N20,,0,,0,0,0,0,0,0,0,0,0,,0,,0,,0,,0,,0,,0
FIRMS_5D51148D,25.94402,72.18896,1.26,306.37,60.0,2026-08-27T20:34:00Z,N20,,0,,0,0,0,0,0,0,0,0,0,,0,,0,,0,,0,,0,,0
FIRMS_90CE10E3,13.39338,80.10246,1.67,309.41,60.0,2026-08-27T20:36:00Z,N20,,0,,0,0,0,0,0,0,0,0,0,,0,,0,,0,,0,,0,,0
FIRMS_CEFE827B,13.39423,80.09978,1.02,310.06,60.0,2026-08-27T20:36:00Z,N20,,0,,0,0,0,0,0,0,0,0,0,,0,,0,,0,,0,,0,,0
FIRMS_1CE26A2C,13.82722,79.25863,1.24,311.67,60.0,2026-08-27T20:36:00Z,N20,,0,,0,0,0,0,0,0,0,0,0,,0,,0,,0,,0,,0,,0
FIRMS_ABF2DBF2,15.16878,76.38122,1.21,305.46,60.0,2026-08-27T20:36:00Z,N20,,0,,0,0,0,0,0,0,0,0,0,,0,,0,,0,,0,,0,,0
FIRMS_318EB07B,15.16954,76.67191,2.47,312.8,60.0,2026-08-27T20:36:00Z,N20,,0,,0,0,0,0,0,0,0,0,0,,0,,0,,0,,0,,0,,0
FIRMS_FEDE41C1,15.17311,76.69072,1.07,304.56,60.0,2026-08-27T20:36:00Z,N20,3811.7058634057,1,power_plant,0,0,3,0,0,0,0,0,0,3811.7058634057,1,,0,,0,,0,,0,,0
FIRMS_09563370,15.17506,76.65783,1.42,308.19,60.0,2026-08-27T20:36:00Z,N20,,0,,0,0,0,0,0,0,0,0,0,,0,,0,,0,,0,,0,,0
FIRMS_7B4BA9C7,15.17565,76.65424,1.3,313.9,60.0,2026-08-27T20:36:00Z,N20,,0,,0,0,0,0,0,0,0,0,0,,0,,0,,0,,0,,0,,0
FIRMS_99EA3807,15.17837,76.6584,1.42,305.75,60.0,2026-08-27T20:36:00Z,N20,,0,,0,0,0,0,0,0,0,0,0,,0,,0,,0,,0,,0,,0
FIRMS_7338FC35,15.17896,76.65481,1.3,304.88,60.0,2026-08-27T20:36:00Z,N20,,0,,0,0,0,0,0,0,0,0,0,,0,,0,,0,,0,,0,,0
FIRMS_E3376789,15.18383,76.66673,2.11,310.39,60.0,2026-08-27T20:36:00Z,N20,,0,,0,0,0,0,0,0,0,0,0,,0,,0,,0,,0,,0,,0
FIRMS_E1FB6A2F,15.3337,76.28465,0.98,314.4,60.0,2026-08-27T20:36:00Z,N20,,0,,0,0,0,0,0,0,0,0,0,,0,,0,,0,,0,,0,,0
FIRMS_9D264B74,15.33814,76.27811,3.12,331.25,60.0,2026-08-27T20:36:00Z,N20,,0,,0,0,0,0,0,0,0,0,0,,0,,0,,0,,0,,0,,0
FIRMS_710B4B3C,15.84314,79.77197,1.41,313.9,60.0,2026-08-27T20:36:00Z,N20,,0,,0,0,0,0,0,0,0,0,0,,0,,0,,0,,0,,0,,0
FIRMS_03F81413,15.84508,79.77524,1.2,311.52,60.0,2026-08-27T20:36:00Z,N20,,0,,0,0,0,0,0,0,0,0,0,,0,,0,,0,,0,,0,,0
FIRMS_7D514515,15.93414,78.26305,2.6,311.11,60.0,2026-08-27T20:36:00Z,N20,,0,,0,0,0,0,0,0,0,0,0,,0,,0,,0,,0,,0,,0
FIRMS_7B055184,15.99172,78.39793,2.61,311.61,60.0,2026-08-27T20:36:00Z,N20,,0,,0,0,0,0,0,0,0,0,0,,0,,0,,0,,0,,0,,0
FIRMS_E17C56A8,16.65075,74.31296,1.22,303.68,60.0,2026-08-27T20:36:00Z,N20,,0,,0,0,0,0,0,0,0,0,0,,0,,0,,0,,0,,0,,0
FIRMS_0B5196C2,17.06305,76.97786,1.5,312.97,60.0,2026-08-27T20:36:00Z,N20,,0,,0,0,0,0,0,0,0,0,0,,0,,0,,0,,0,,0,,0
FIRMS_D88BF5D2,17.13972,77.17654,1.22,308.27,60.0,2026-08-27T20:36:00Z,N20,,0,,0,0,0,0,0,0,0,0,0,,0,,0,,0,,0,,0,,0
FIRMS_85B17104,17.14186,77.1844,1.4,313.21,60.0,2026-08-27T20:36:00Z,N20,,0,,0,0,0,0,0,0,0,0,0,,0,,0,,0,,0,,0,,0
FIRMS_93AADF11,17.37144,77.44598,0.9,308.66,60.0,2026-08-27T20:36:00Z,N20,,0,,0,0,0,0,0,0,0,0,0,,0,,0,,0,,0,,0,,0
FIRMS_B449460A,17.46451,80.65163,1.53,306.31,60.0,2026-08-27T20:36:00Z,N20,,0,,0,0,0,0,0,0,0,0,0,,0,,0,,0,,0,,0,,0
FIRMS_3374479F,17.95691,80.79494,3.85,321.04,60.0,2026-08-27T20:36:00Z,N20,,0,,0,0,0,0,0,0,0,0,0,,0,,0,,0,,0,,0,,0
FIRMS_FB3C436E,17.95779,80.79296,2.27,325.37,60.0,2026-08-27T20:36:00Z,N20,,0,,0,0,0,0,0,0,0,0,0,,0,,0,,0,,0,,0,,0
FIRMS_39F389A2,17.95781,80.79008,1.44,305.78,60.0,2026-08-27T20:36:00Z,N20,,0,,0,0,0,0,0,0,0,0,0,,0,,0,,0,,0,,0,,0
FIRMS_271CCA65,17.95866,80.7881,2.27,307.84,60.0,2026-08-27T20:36:00Z,N20,,0,,0,0,0,0,0,0,0,0,0,,0,,0,,0,,0,,0,,0
FIRMS_CFDC5FC2,17.9587,80.7852,1.44,305.22,60.0,2026-08-27T20:36:00Z,N20,,0,,0,0,0,0,0,0,0,0,0,,0,,0,,0,,0,,0,,0
FIRMS_93742947,8.30496,77.64027,2.34,311.47,60.0,2026-08-27T20:38:00Z,N20,,0,,0,0,0,0,0,0,0,0,0,,0,,0,,0,,0,,0,,0
FIRMS_D8B54E21,9.49392,77.62406,1.32,314.42,60.0,2026-08-27T20:38:00Z,N20,,0,,0,0,0,0,0,0,0,0,0,,0,,0,,0,,0,,0,,0
FIRMS_457B2ADD,10.59377,77.43021,0.34,304.6,60.0,2026-08-27T20:38:00Z,N20,,0,,0,0,0,0,0,0,0,0,0,,0,,0,,0,,0,,0,,0
FIRMS_053360ED,10.61681,77.42193,0.58,304.47,60.0,2026-08-27T20:38:00Z,N20,,0,,0,0,0,0,0,0,0,0,0,,0,,0,,0,,0,,0,,0
FIRMS_A43A5918,11.1106,77.76625,0.44,305.12,60.0,2026-08-27T20:38:00Z,N20,,0,,0,0,0,0,0,0,0,0,0,,0,,0,,0,,0,,0,,0
FIRMS_A042ED6F,11.1818,79.10095,2.46,308.51,60.0,2026-08-27T20:38:00Z,N20,4891.148784204973,1,oil_well,0,0,1,0,0,0,0,0,0,,0,,0,4891.148784204973,1,,0,,0,,0
FIRMS_2030FDD3,11.80997,77.92491,0.98,298.4,60.0,2026-08-27T20:38:00Z,N20,,0,,0,0,0,0,0,0,0,0,0,,0,,0,,0,,0,,0,,0
FIRMS_9DE0E457,11.81067,77.92082,0.98,315.05,60.0,2026-08-27T20:38:00Z,N20,,0,,0,0,0,0,0,0,0,0,0,,0,,0,,0,,0,,0,,0
FIRMS_C000C601,11.81491,77.91734,1.2,307.82,60.0,2026-08-27T20:38:00Z,N20,,0,,0,0,0,0,0,0,0,0,0,,0,,0,,0,,0,,0,,0
FIRMS_1C20ACA7,11.81844,77.91795,0.67,306.9,60.0,2026-08-27T20:38:00Z,N20,,0,,0,0,0,0,0,0,0,0,0,,0,,0,,0,,0,,0,,0
FIRMS_01DB947C,12.24076,78.06161,1.02,315.57,60.0,2026-08-27T20:38:00Z,N20,,0,,0,0,0,0,0,0,0,0,0,,0,,0,,0,,0,,0,,0
FIRMS_53E6BCF8,12.64644,77.78779,0.22,297.84,60.0,2026-08-27T20:38:00Z,N20,,0,,0,0,0,0,0,0,0,0,0,,0,,0,,0,,0,,0,,0
FIRMS_BD6225BD,12.91795,77.42487,0.66,300.73,60.0,2026-08-27T20:38:00Z,N20,,0,,0,0,0,0,0,0,0,0,0,,0,,0,,0,,0,,0,,0
FIRMS_4008D78C,8.56677,78.0841,5.17,336.43,60.0,2026-08-28T07:44:00Z,N20,,0,,0,0,0,0,0,0,0,0,0,,0,,0,,0,,0,,0,,0
FIRMS_1D3F29EB,8.71066,77.97169,3.26,336.06,60.0,2026-08-28T07:44:00Z,N20,,0,,0,0,0,0,0,0,0,0,0,,0,,0,,0,,0,,0,,0
FIRMS_BFD59C6A,8.71155,77.97672,3.26,334.12,60.0,2026-08-28T07:44:00Z,N20,,0,,0,0,0,0,0,0,0,0,0,,0,,0,,0,,0,,0,,0
FIRMS_1EB9588F,8.71625,77.97591,4.69,332.03,60.0,2026-08-28T07:44:00Z,N20,,0,,0,0,0,0,0,0,0,0,0,,0,,0,,0,,0,,0,,0
FIRMS_00E40805,8.72984,78.1073,5.48,341.09,60.0,2026-08-28T07:44:00Z,N20,,0,,0,0,0,0,0,0,0,0,0,,0,,0,,0,,0,,0,,0
FIRMS_A6E4D181,8.78832,78.11234,2.63,330.5,30.0,2026-08-28T07:44:00Z,N20,,0,,0,0,0,0,0,0,0,0,0,,0,,0,,0,,0,,0,,0
FIRMS_C573B64D,8.84528,78.0387,3.18,334.87,60.0,2026-08-28T07:44:00Z,N20,,0,,0,0,0,0,0,0,0,0,0,,0,,0,,0,,0,,0,,0
FIRMS_6AFE2B2C,8.98831,77.81923,1.85,339.23,60.0,2026-08-28T07:44:00Z,N20,,0,,0,0,0,0,0,0,0,0,0,,0,,0,,0,,0,,0,,0
FIRMS_900F4F99,8.98947,77.82053,3.48,338.15,60.0,2026-08-28T07:44:00Z,N20,,0,,0,0,0,0,0,0,0,0,0,,0,,0,,0,,0,,0,,0
FIRMS_4EE2FB12,9.18515,77.78957,8.65,336.57,60.0,2026-08-28T07:44:00Z,N20,,0,,0,0,0,0,0,0,0,0,0,,0,,0,,0,,0,,0,,0
FIRMS_FBD77EB5,9.18577,77.78692,9.06,337.19,60.0,2026-08-28T07:44:00Z,N20,,0,,0,0,0,0,0,0,0,0,0,,0,,0,,0,,0,,0,,0
FIRMS_A9D16B26,9.28004,78.3948,7.43,344.7,60.0,2026-08-28T07:44:00Z,N20,,0,,0,0,0,0,0,0,0,0,0,,0,,0,,0,,0,,0,,0
FIRMS_1F15F59B,9.28083,78.39944,2.22,338.08,60.0,2026-08-28T07:44:00Z,N20,,0,,0,0,0,0,0,0,0,0,0,,0,,0,,0,,0,,0,,0
FIRMS_806564EF,9.28536,78.39864,2.22,332.63,60.0,2026-08-28T07:44:00Z,N20,,0,,0,0,0,0,0,0,0,0,0,,0,,0,,0,,0,,0,,0
FIRMS_EAD7FD97,9.30402,78.39236,3.83,330.72,60.0,2026-08-28T07:44:00Z,N20,3790.2202596127204,1,solar_plant,0,0,1,0,0,0,0,0,0,,0,,0,,0,,0,,0,3790.2202596127204,1
FIRMS_802BA2BC,9.37273,78.62408,3.75,336.3,60.0,2026-08-28T07:44:00Z,N20,,0,,0,0,0,0,0,0,0,0,0,,0,,0,,0,,0,,0,,0
FIRMS_288BEB6B,9.7363,78.57832,2.12,337.02,60.0,2026-08-28T07:44:00Z,N20,,0,,0,0,0,0,0,0,0,0,0,,0,,0,,0,,0,,0,,0
FIRMS_F1A3883C,9.73857,78.34991,5.67,341.77,60.0,2026-08-28T07:44:00Z,N20,,0,,0,0,0,0,0,0,0,0,0,,0,,0,,0,,0,,0,,0
FIRMS_D60EC187,9.73959,78.34672,5.32,340.85,60.0,2026-08-28T07:44:00Z,N20,,0,,0,0,0,0,0,0,0,0,0,,0,,0,,0,,0,,0,,0
FIRMS_95112C2D,9.88019,78.4741,1.87,337.89,60.0,2026-08-28T07:44:00Z,N20,,0,,0,0,0,0,0,0,0,0,0,,0,,0,,0,,0,,0,,0
FIRMS_F90C957D,9.93117,78.07159,5.4,339.46,60.0,2026-08-28T07:44:00Z,N20,,0,,0,0,0,0,0,0,0,0,0,,0,,0,,0,,0,,0,,0
FIRMS_B09B97F9,9.94673,78.18559,2.94,332.32,60.0,2026-08-28T07:44:00Z,N20,,0,,0,0,0,0,0,0,0,0,0,,0,,0,,0,,0,,0,,0
FIRMS_25577DEB,9.96105,78.39642,0.94,330.65,60.0,2026-08-28T07:44:00Z,N20,,0,,0,0,0,0,0,0,0,0,0,,0,,0,,0,,0,,0,,0
FIRMS_88748FA6,9.96297,78.39445,1.75,330.37,30.0,2026-08-28T07:44:00Z,N20,,0,,0,0,0,0,0,0,0,0,0,,0,,0,,0,,0,,0,,0
FIRMS_DFED1219,10.06681,78.36839,1.8,330.13,30.0,2026-08-28T07:44:00Z,N20,,0,,0,0,0,0,0,0,0,0,0,,0,,0,,0,,0,,0,,0
FIRMS_6E236286,10.59022,78.85231,2.93,333.44,60.0,2026-08-28T07:44:00Z,N20,,0,,0,0,0,0,0,0,0,0,0,,0,,0,,0,,0,,0,,0
FIRMS_654DE11D,10.81325,78.80896,2.33,331.45,60.0,2026-08-28T07:44:00Z,N20,,0,,0,0,0,0,0,0,0,0,0,,0,,0,,0,,0,,0,,0
FIRMS_EB5A47FE,11.24627,77.77045,3.3,337.19,60.0,2026-08-28T07:44:00Z,N20,,0,,0,0,0,0,0,0,0,0,0,,0,,0,,0,,0,,0,,0
FIRMS_7A3C7D03,11.24631,77.76821,3.18,335.77,60.0,2026-08-28T07:44:00Z,N20,,0,,0,0,0,0,0,0,0,0,0,,0,,0,,0,,0,,0,,0
FIRMS_77A5429C,11.62135,79.67422,3.31,342.53,60.0,2026-08-28T07:44:00Z,N20,,0,,0,0,0,0,0,0,0,0,0,,0,,0,,0,,0,,0,,0
FIRMS_3D174C5A,11.97214,79.74477,2.69,343.23,60.0,2026-08-28T07:44:00Z,N20,,0,,0,0,0,0,0,0,0,0,0,,0,,0,,0,,0,,0,,0
FIRMS_99240BB6,11.9761,79.74409,3.39,340.97,60.0,2026-08-28T07:44:00Z,N20,,0,,0,0,0,0,0,0,0,0,0,,0,,0,,0,,0,,0,,0
FIRMS_6E639C02,12.63144,79.54516,1.88,330.25,60.0,2026-08-28T07:44:00Z,N20,,0,,0,0,0,0,0,0,0,0,0,,0,,0,,0,,0,,0,,0
FIRMS_B1936E11,14.49,79.71088,6.55,344.64,60.0,2026-08-28T07:44:00Z,N20,,0,,0,0,0,0,0,0,0,0,0,,0,,0,,0,,0,,0,,0
FIRMS_1FDB5EC0,14.59493,77.66154,3.27,334.05,60.0,2026-08-28T07:46:00Z,N20,,0,,0,0,0,0,0,0,0,0,0,,0,,0,,0,,0,,0,,0
FIRMS_2F61A5A7,14.65638,75.65396,12.07,339.8,60.0,2026-08-28T07:46:00Z,N20,,0,,0,0,0,0,0,0,0,0,0,,0,,0,,0,,0,,0,,0
FIRMS_493E17AA,14.66031,75.6534,12.84,336.45,60.0,2026-08-28T07:46:00Z,N20,,0,,0,0,0,0,0,0,0,0,0,,0,,0,,0,,0,,0,,0
FIRMS_60970B1A,14.66086,75.65631,12.84,367.0,90.0,2026-08-28T07:46:00Z,N20,,0,,0,0,0,0,0,0,0,0,0,,0,,0,,0,,0,,0,,0
FIRMS_740A44EB,14.66129,75.6529,8.89,330.09,60.0,2026-08-28T07:46:00Z,N20,,0,,0,0,0,0,0,0,0,0,0,,0,,0,,0,,0,,0,,0
FIRMS_19D58C88,14.66463,79.55208,3.81,332.52,30.0,2026-08-28T07:46:00Z,N20,,0,,0,0,0,0,0,0,0,0,0,,0,,0,,0,,0,,0,,0
FIRMS_75C6145F,15.08822,79.77559,14.93,344.05,60.0,2026-08-28T07:46:00Z,N20,,0,,0,0,0,0,0,0,0,0,0,,0,,0,,0,,0,,0,,0
FIRMS_99B4B902,15.089,79.77787,21.57,336.56,60.0,2026-08-28T07:46:00Z,N20,,0,,0,0,0,0,0,0,0,0,0,,0,,0,,0,,0,,0,,0
FIRMS_850D1808,15.32899,78.96827,4.34,332.13,60.0,2026-08-28T07:46:00Z,N20,,0,,0,0,0,0,0,0,0,0,0,,0,,0,,0,,0,,0,,0
FIRMS_9248C45B,15.63525,79.5853,7.27,340.53,60.0,2026-08-28T07:46:00Z,N20,,0,,0,0,0,0,0,0,0,0,0,,0,,0,,0,,0,,0,,0
FIRMS_1FE66129,15.73366,79.84308,4.96,335.64,60.0,2026-08-28T07:46:00Z,N20,,0,,0,0,0,0,0,0,0,0,0,,0,,0,,0,,0,,0,,0
FIRMS_030D243D,15.99496,78.3997,1.68,331.18,60.0,2026-08-28T07:46:00Z,N20,,0,,0,0,0,0,0,0,0,0,0,,0,,0,,0,,0,,0,,0
FIRMS_E50F7895,16.13124,77.82779,10.46,354.31,60.0,2026-08-28T07:46:00Z,N20,,0,,0,0,0,0,0,0,0,0,0,,0,,0,,0,,0,,0,,0
FIRMS_93E58DF0,16.13541,77.827,6.35,340.62,60.0,2026-08-28T07:46:00Z,N20,,0,,0,0,0,0,0,0,0,0,0,,0,,0,,0,,0,,0,,0
FIRMS_F8FF3814,20.9654,86.01233,3.23,334.34,60.0,2026-08-28T07:46:00Z,N20,,0,,0,0,0,0,0,0,0,0,0,,0,,0,,0,,0,,0,,0
FIRMS_AEE2BEEC,20.96903,86.01181,3.23,331.01,60.0,2026-08-28T07:46:00Z,N20,,0,,0,0,0,0,0,0,0,0,0,,0,,0,,0,,0,,0,,0
FIRMS_DD88F3F1,21.74363,83.84044,5.74,332.72,60.0,2026-08-28T07:46:00Z,N20,,0,,0,0,0,0,0,0,0,0,0,,0,,0,,0,,0,,0,,0
FIRMS_997A1F3F,21.74418,83.84429,5.74,334.37,60.0,2026-08-28T07:46:00Z,N20,,0,,0,0,0,0,0,0,0,0,0,,0,,0,,0,,0,,0,,0
FIRMS_9E8633EE,21.74754,83.84375,5.74,344.84,60.0,2026-08-28T07:46:00Z,N20,,0,,0,0,0,0,0,0,0,0,0,,0,,0,,0,,0,,0,,0
FIRMS_DA6E219E,21.75426,83.84266,4.53,336.85,60.0,2026-08-28T07:46:00Z,N20,,0,,0,0,0,0,0,0,0,0,0,,0,,0,,0,,0,,0,,0
FIRMS_943CD1DA,21.76207,83.84924,4.28,333.38,60.0,2026-08-28T07:46:00Z,N20,,0,,0,0,0,0,0,0,0,0,0,,0,,0,,0,,0,,0,,0
FIRMS_626F6E28,22.37538,87.27899,10.47,330.44,60.0,2026-08-28T07:46:00Z,N20,,0,,0,0,0,0,0,0,0,0,0,,0,,0,,0,,0,,0,,0
FIRMS_1DD78A27,23.80325,86.33153,5.56,341.8,60.0,2026-08-28T07:48:00Z,N20,,0,,0,0,0,0,0,0,0,0,0,,0,,0,,0,,0,,0,,0
FIRMS_D972D180,25.03555,87.38821,3.03,331.96,60.0,2026-08-28T07:48:00Z,N20,,0,,0,0,0,0,0,0,0,0,0,,0,,0,,0,,0,,0,,0
FIRMS_E008802E,27.43482,70.8578,2.03,340.0,60.0,2026-08-28T07:50:00Z,N20,,0,,0,0,0,0,0,0,0,0,0,,0,,0,,0,,0,,0,,0
FIRMS_22C379C7,25.03661,87.38615,0.69,304.83,60.0,2026-08-28T20:14:00Z,N20,,0,,0,0,0,0,0,0,0,0,0,,0,,0,,0,,0,,0,,0
FIRMS_9B51C8F7,25.94442,72.18835,1.62,312.48,60.0,2026-08-28T20:14:00Z,N20,,0,,0,0,0,0,0,0,0,0,0,,0,,0,,0,,0,,0,,0
FIRMS_8AAED70D,26.26645,74.18758,0.62,305.63,60.0,2026-08-28T20:14:00Z,N20,,0,,0,0,0,0,0,0,0,0,0,,0,,0,,0,,0,,0,,0
FIRMS_2B38BC0D,26.26726,74.18773,1.44,305.62,60.0,2026-08-28T20:14:00Z,N20,,0,,0,0,0,0,0,0,0,0,0,,0,,0,,0,,0,,0,,0
FIRMS_402507F5,27.37636,95.08469,2.8,301.57,60.0,2026-08-28T20:14:00Z,N20,449.04142596750034,1,oil_well,4,16,84,0,0,16,0,0,0,3777.159495799576,1,,0,449.04142596750034,1,,0,,0,,0
FIRMS_6939D115,11.04049,77.71588,0.56,304.81,60.0,2026-08-28T20:17:00Z,N20,,0,,0,0,0,0,0,0,0,0,0,,0,,0,,0,,0,,0,,0
FIRMS_BD3C86E0,11.14093,77.35009,0.38,300.35,60.0,2026-08-28T20:17:00Z,N20,,0,,0,0,0,0,0,0,0,0,0,,0,,0,,0,,0,,0,,0
FIRMS_6BB36262,11.18338,79.09915,0.49,298.56,60.0,2026-08-28T20:17:00Z,N20,4869.559523050646,1,oil_well,0,0,1,0,0,0,0,0,0,,0,,0,4869.559523050646,1,,0,,0,,0
FIRMS_936AE39D,11.53513,77.22146,0.36,301.93,60.0,2026-08-28T20:17:00Z,N20,,0,,0,0,0,0,0,0,0,0,0,,0,,0,,0,,0,,0,,0
FIRMS_34FA0498,11.8118,77.92049,1.99,315.54,60.0,2026-08-28T20:17:00Z,N20,,0,,0,0,0,0,0,0,0,0,0,,0,,0,,0,,0,,0,,0
FIRMS_6EF6CC12,11.81577,77.91728,1.06,304.87,60.0,2026-08-28T20:17:00Z,N20,,0,,0,0,0,0,0,0,0,0,0,,0,,0,,0,,0,,0,,0
FIRMS_E70C707C,12.25146,79.63464,0.53,300.56,60.0,2026-08-28T20:17:00Z,N20,,0,,0,0,0,0,0,0,0,0,0,,0,,0,,0,,0,,0,,0
FIRMS_118CEFB6,13.71189,79.61842,1.23,305.98,60.0,2026-08-28T20:17:00Z,N20,,0,,0,0,0,0,0,0,0,0,0,,0,,0,,0,,0,,0,,0
FIRMS_C837BE56,13.71465,79.62251,1.61,310.35,60.0,2026-08-28T20:17:00Z,N20,,0,,0,0,0,0,0,0,0,0,0,,0,,0,,0,,0,,0,,0
FIRMS_ECA86FB2,13.89451,77.03326,0.97,305.16,60.0,2026-08-28T20:17:00Z,N20,,0,,0,0,0,0,0,0,0,0,0,,0,,0,,0,,0,,0,,0
FIRMS_F295DB1A,13.89907,76.56499,0.8,301.18,60.0,2026-08-28T20:17:00Z,N20,,0,,0,0,0,0,0,0,0,0,0,,0,,0,,0,,0,,0,,0
FIRMS_736060DC,17.95662,80.79441,3.13,331.26,60.0,2026-08-28T20:17:00Z,N20,,0,,0,0,0,0,0,0,0,0,0,,0,,0,,0,,0,,0,,0
FIRMS_6C2CA661,17.95774,80.78719,0.9,307.39,60.0,2026-08-28T20:17:00Z,N20,,0,,0,0,0,0,0,0,0,0,0,,0,,0,,0,,0,,0,,0
FIRMS_E11CED6A,19.82014,79.23772,0.73,295.83,60.0,2026-08-28T20:17:00Z,N20,,0,,0,0,0,0,0,0,0,0,0,,0,,0,,0,,0,,0,,0
FIRMS_4E660625,19.93703,73.71011,1.25,308.78,60.0,2026-08-28T20:17:00Z,N20,,0,,0,0,0,0,0,0,0,0,0,,0,,0,,0,,0,,0,,0
FIRMS_8C8F1406,19.96314,79.33248,1.21,308.63,60.0,2026-08-28T20:17:00Z,N20,,0,,0,0,0,0,0,0,0,0,0,,0,,0,,0,,0,,0,,0
FIRMS_0F648484,22.26705,75.13366,0.85,303.97,60.0,2026-08-28T20:17:00Z,N20,,0,,0,0,0,0,0,0,0,0,0,,0,,0,,0,,0,,0,,0
FIRMS_DD30AE8C,8.66846,77.99356,0.44,309.13,60.0,2026-08-28T20:19:00Z,N20,,0,,0,0,0,0,0,0,0,0,0,,0,,0,,0,,0,,0,,0
FIRMS_F7D66664,8.6718,77.99409,0.44,309.52,60.0,2026-08-28T20:19:00Z,N20,,0,,0,0,0,0,0,0,0,0,0,,0,,0,,0,,0,,0,,0
FIRMS_90C97655,8.85032,78.13471,0.43,308.67,60.0,2026-08-28T20:19:00Z,N20,,0,,0,0,0,0,0,0,0,0,0,,0,,0,,0,,0,,0,,0
FIRMS_2CCEE3D1,10.61592,77.42117,0.45,301.41,60.0,2026-08-28T20:19:00Z,N20,,0,,0,0,0,0,0,0,0,0,0,,0,,0,,0,,0,,0,,0
FIRMS_A9110338,14.60621,78.52273,1.33,308.2,60.0,2026-08-28T20:19:00Z,N20,,0,,0,0,0,0,0,0,0,0,0,,0,,0,,0,,0,,0,,0
FIRMS_1D46EFDB,15.11159,76.8063,0.89,303.23,60.0,2026-08-28T20:19:00Z,N20,,0,,0,0,0,0,0,0,0,0,0,,0,,0,,0,,0,,0,,0
FIRMS_F935836A,15.13364,79.95895,1.59,311.16,60.0,2026-08-28T20:19:00Z,N20,,0,,0,0,0,0,0,0,0,0,0,,0,,0,,0,,0,,0,,0
FIRMS_FC99A512,15.17368,76.78575,1.18,304.27,60.0,2026-08-28T20:19:00Z,N20,,0,,0,0,0,0,0,0,0,0,0,,0,,0,,0,,0,,0,,0
FIRMS_ACBB434A,15.1754,76.69256,1.87,315.2,60.0,2026-08-28T20:19:00Z,N20,3503.638394980369,1,power_plant,0,0,3,0,0,0,0,0,0,3503.638394980369,1,,0,,0,,0,,0,,0
FIRMS_4B5CB59F,15.17683,76.65511,2.43,332.64,60.0,2026-08-28T20:19:00Z,N20,,0,,0,0,0,0,0,0,0,0,0,,0,,0,,0,,0,,0,,0
FIRMS_046AD884,15.17731,77.1031,1.81,305.59,60.0,2026-08-28T20:19:00Z,N20,,0,,0,0,0,0,0,0,0,0,0,,0,,0,,0,,0,,0,,0
FIRMS_C30B4323,15.17739,77.10064,1.3,305.28,60.0,2026-08-28T20:19:00Z,N20,,0,,0,0,0,0,0,0,0,0,0,,0,,0,,0,,0,,0,,0
FIRMS_F6F8DE5D,15.17798,76.6741,1.45,305.04,60.0,2026-08-28T20:19:00Z,N20,,0,,0,0,0,0,0,0,0,0,0,,0,,0,,0,,0,,0,,0
FIRMS_8F122D8E,15.18056,76.65565,2.43,306.01,60.0,2026-08-28T20:19:00Z,N20,,0,,0,0,0,0,0,0,0,0,0,,0,,0,,0,,0,,0,,0
FIRMS_06F2D09D,15.1825,76.64178,4.32,330.42,60.0,2026-08-28T20:19:00Z,N20,,0,,0,0,0,0,0,0,0,0,0,,0,,0,,0,,0,,0,,0
FIRMS_45F393B1,15.183,76.66542,2.73,321.1,60.0,2026-08-28T20:19:00Z,N20,,0,,0,0,0,0,0,0,0,0,0,,0,,0,,0,,0,,0,,0
FIRMS_45957BD3,15.33618,76.28429,1.01,304.01,60.0,2026-08-28T20:19:00Z,N20,,0,,0,0,0,0,0,0,0,0,0,,0,,0,,0,,0,,0,,0
FIRMS_6CA140F8,15.89742,79.43373,0.61,298.3,60.0,2026-08-28T20:19:00Z,N20,,0,,0,0,0,0,0,0,0,0,0,,0,,0,,0,,0,,0,,0
FIRMS_6DDD20A6,15.98432,79.14418,1.04,304.46,60.0,2026-08-28T20:19:00Z,N20,,0,,0,0,0,0,0,0,0,0,0,,0,,0,,0,,0,,0,,0
FIRMS_DDF1D5AC,16.09608,79.16954,0.87,307.79,60.0,2026-08-28T20:19:00Z,N20,,0,,0,0,0,0,0,0,0,0,0,,0,,0,,0,,0,,0,,0
FIRMS_20BD3725,17.0624,76.98022,1.3,307.14,60.0,2026-08-28T20:19:00Z,N20,,0,,0,0,0,0,0,0,0,0,0,,0,,0,,0,,0,,0,,0
FIRMS_DE33EB09,17.14009,77.17446,1.09,305.66,60.0,2026-08-28T20:19:00Z,N20,,0,,0,0,0,0,0,0,0,0,0,,0,,0,,0,,0,,0,,0
FIRMS_A76F8606,17.14254,77.18425,0.8,305.29,60.0,2026-08-28T20:19:00Z,N20,,0,,0,0,0,0,0,0,0,0,0,,0,,0,,0,,0,,0,,0
FIRMS_24065B28,25.9405,72.1935,0.95,303.76,60.0,2026-08-28T21:55:00Z,N20,,0,,0,0,0,0,0,0,0,0,0,,0,,0,,0,,0,,0,,0
FIRMS_F6F6164E,25.9441,72.19492,1.16,304.05,60.0,2026-08-28T21:55:00Z,N20,,0,,0,0,0,0,0,0,0,0,0,,0,,0,,0,,0,,0,,0
FIRMS_2780F880,9.3622,78.73381,4.63,332.95,60.0,2026-08-29T07:24:00Z,N20,,0,,0,0,0,0,0,0,0,0,0,,0,,0,,0,,0,,0,,0
FIRMS_6C15D615,10.40738,79.5165,6.75,354.22,60.0,2026-08-29T07:26:00Z,N20,4279.755174434465,1,oil_well,0,0,1,0,0,0,0,0,0,,0,,0,4279.755174434465,1,,0,,0,,0
FIRMS_46529D66,10.98918,78.7616,3.86,330.06,60.0,2026-08-29T07:26:00Z,N20,,0,,0,0,0,0,0,0,0,0,0,,0,,0,,0,,0,,0,,0
FIRMS_2BED8367,12.20977,79.82823,2.73,332.09,60.0,2026-08-29T07:26:00Z,N20,,0,,0,0,0,0,0,0,0,0,0,,0,,0,,0,,0,,0,,0
FIRMS_90A7D2E8,13.56609,79.58166,2.31,331.28,60.0,2026-08-29T07:26:00Z,N20,,0,,0,0,0,0,0,0,0,0,0,,0,,0,,0,,0,,0,,0
FIRMS_8C38B582,14.54888,79.80931,3.21,348.89,60.0,2026-08-29T07:26:00Z,N20,,0,,0,0,0,0,0,0,0,0,0,,0,,0,,0,,0,,0,,0
FIRMS_1AFEE530,14.55055,79.80936,4.3,349.62,60.0,2026-08-29T07:26:00Z,N20,,0,,0,0,0,0,0,0,0,0,0,,0,,0,,0,,0,,0,,0
FIRMS_0A917BFF,14.65011,77.66823,5.27,336.82,60.0,2026-08-29T07:26:00Z,N20,,0,,0,0,0,0,0,0,0,0,0,,0,,0,,0,,0,,0,,0
FIRMS_18ED7252,14.6517,77.66785,4.18,340.19,60.0,2026-08-29T07:26:00Z,N20,,0,,0,0,0,0,0,0,0,0,0,,0,,0,,0,,0,,0,,0
FIRMS_56D8629F,23.68707,87.12255,3.21,331.22,60.0,2026-08-29T07:29:00Z,N20,,0,,0,0,0,0,0,0,0,0,0,,0,,0,,0,,0,,0,,0
FIRMS_4864E7EF,25.03602,87.38899,3.58,335.28,60.0,2026-08-29T07:29:00Z,N20,,0,,0,0,0,0,0,0,0,0,0,,0,,0,,0,,0,,0,,0
FIRMS_11384333,28.26528,94.83472,4.26,346.8,60.0,2026-08-29T07:31:00Z,N20,,0,,0,0,0,0,0,0,0,0,0,,0,,0,,0,,0,,0,,0
FIRMS_714A5018,31.65889,78.40624,5.95,336.85,30.0,2026-08-29T07:31:00Z,N20,,0,,0,0,0,0,0,0,0,0,0,,0,,0,,0,,0,,0,,0
FIRMS_06A5AC8D,8.64795,77.84141,3.16,330.38,60.0,2026-08-29T09:05:00Z,N20,,0,,0,0,0,0,0,0,0,0,0,,0,,0,,0,,0,,0,,0
FIRMS_CF9DD49D,29.46308,76.88765,1.01,309.87,60.0,2026-08-29T19:53:00Z,N20,1839.149522587092,1,oil_refinery,0,0,1,0,0,0,0,0,0,,0,1839.149522587092,1,,0,,0,,0,,0
FIRMS_6371EE2B,29.46341,76.88279,1.01,298.15,60.0,2026-08-29T19:53:00Z,N20,1522.5947027088118,1,oil_refinery,0,0,1,0,0,0,0,0,0,,0,1522.5947027088118,1,,0,,0,,0,,0
FIRMS_35D88A6F,22.36086,87.01711,0.68,305.35,60.0,2026-08-29T19:55:00Z,N20,,0,,0,0,0,0,0,0,0,0,0,,0,,0,,0,,0,,0,,0
FIRMS_8EB301DB,22.36415,87.0177,0.68,300.28,60.0,2026-08-29T19:55:00Z,N20,,0,,0,0,0,0,0,0,0,0,0,,0,,0,,0,,0,,0,,0
FIRMS_ECABF237,22.36679,87.29976,0.5,303.34,60.0,2026-08-29T19:55:00Z,N20,,0,,0,0,0,0,0,0,0,0,0,,0,,0,,0,,0,,0,,0
FIRMS_24D9467B,22.37691,87.27876,2.35,322.63,60.0,2026-08-29T19:55:00Z,N20,,0,,0,0,0,0,0,0,0,0,0,,0,,0,,0,,0,,0,,0
FIRMS_B798E3BD,23.54915,86.54485,0.93,302.9,60.0,2026-08-29T19:55:00Z,N20,,0,,0,0,0,0,0,0,0,0,0,,0,,0,,0,,0,,0,,0
FIRMS_D3049E20,28.66509,77.57698,0.68,306.44,60.0,2026-08-29T19:55:00Z,N20,,0,,0,0,0,0,0,0,0,0,0,,0,,0,,0,,0,,0,,0
FIRMS_B4402414,9.30498,77.40442,1.74,309.28,60.0,2026-08-29T20:00:00Z,N20,,0,,0,0,0,0,0,0,0,0,0,,0,,0,,0,,0,,0,,0
FIRMS_1C07B4AA,9.75463,77.51933,9.74,333.11,60.0,2026-08-29T20:00:00Z,N20,,0,,0,0,0,0,0,0,0,0,0,,0,,0,,0,,0,,0,,0
FIRMS_E17839D5,9.75909,77.51995,9.74,355.55,60.0,2026-08-29T20:00:00Z,N20,,0,,0,0,0,0,0,0,0,0,0,,0,,0,,0,,0,,0,,0
FIRMS_2DA82574,9.79408,78.39436,1.2,313.48,60.0,2026-08-29T20:00:00Z,N20,,0,,0,0,0,0,0,0,0,0,0,,0,,0,,0,,0,,0,,0
FIRMS_46B87963,10.08053,77.3137,0.74,303.46,60.0,2026-08-29T20:00:00Z,N20,,0,,0,0,0,0,0,0,0,0,0,,0,,0,,0,,0,,0,,0
FIRMS_924B1CDF,10.32693,79.23083,0.51,303.13,60.0,2026-08-29T20:00:00Z,N20,,0,,0,0,0,0,0,0,0,0,0,,0,,0,,0,,0,,0,,0
FIRMS_BD6613F2,10.61798,77.41872,0.93,305.55,60.0,2026-08-29T20:00:00Z,N20,,0,,0,0,0,0,0,0,0,0,0,,0,,0,,0,,0,,0,,0
FIRMS_FCDFA667,10.93958,78.46883,2.72,338.63,60.0,2026-08-29T20:00:00Z,N20,,0,,0,0,0,0,0,0,0,0,0,,0,,0,,0,,0,,0,,0
FIRMS_B6C7871A,10.94012,78.46482,2.72,300.86,60.0,2026-08-29T20:00:00Z,N20,,0,,0,0,0,0,0,0,0,0,0,,0,,0,,0,,0,,0,,0
FIRMS_DA919C66,10.94382,78.46944,0.31,298.61,60.0,2026-08-29T20:00:00Z,N20,,0,,0,0,0,0,0,0,0,0,0,,0,,0,,0,,0,,0,,0
FIRMS_D5199F31,11.17766,79.08904,0.51,301.17,60.0,2026-08-29T20:00:00Z,N20,3655.09890594601,1,oil_well,0,0,1,0,0,0,0,0,0,,0,,0,3655.09890594601,1,,0,,0,,0
FIRMS_480B3824,11.47617,77.50427,0.54,301.06,60.0,2026-08-29T20:00:00Z,N20,,0,,0,0,0,0,0,0,0,0,0,,0,,0,,0,,0,,0,,0
FIRMS_B2A7F985,11.47695,77.50159,0.36,298.16,60.0,2026-08-29T20:00:00Z,N20,,0,,0,0,0,0,0,0,0,0,0,,0,,0,,0,,0,,0,,0
FIRMS_BF9CD2B0,11.56324,78.73071,1.9,319.18,60.0,2026-08-29T20:00:00Z,N20,,0,,0,0,0,0,0,0,0,0,0,,0,,0,,0,,0,,0,,0
FIRMS_694DD2B6,13.83427,79.34254,1.24,308.41,60.0,2026-08-29T20:00:00Z,N20,,0,,0,0,0,0,0,0,0,0,0,,0,,0,,0,,0,,0,,0
FIRMS_C5F2B336,13.8353,79.33482,1.42,308.27,60.0,2026-08-29T20:00:00Z,N20,,0,,0,0,0,0,0,0,0,0,0,,0,,0,,0,,0,,0,,0
FIRMS_E0419B17,13.83898,79.33909,1.24,308.77,60.0,2026-08-29T20:00:00Z,N20,,0,,0,0,0,0,0,0,0,0,0,,0,,0,,0,,0,,0,,0
FIRMS_14A09D6F,13.8395,79.33519,1.42,305.55,60.0,2026-08-29T20:00:00Z,N20,,0,,0,0,0,0,0,0,0,0,0,,0,,0,,0,,0,,0,,0
FIRMS_50723D6D,25.94203,72.1932,0.39,304.41,60.0,2026-08-29T21:36:00Z,N20,,0,,0,0,0,0,0,0,0,0,0,,0,,0,,0,,0,,0,,0
FIRMS_B04E7971,29.45783,76.893,5.21,315.97,60.0,2026-08-29T21:36:00Z,N20,2619.3188618890545,1,oil_refinery,0,0,1,0,0,0,0,0,0,,0,2619.3188618890545,1,,0,,0,,0,,0
FIRMS_8B775D3D,29.45884,76.89159,4.41,331.32,60.0,2026-08-29T21:36:00Z,N20,2444.2583432081333,1,oil_refinery,0,0,1,0,0,0,0,0,0,,0,2444.2583432081333,1,,0,,0,,0,,0
FIRMS_DDF4A917,29.45926,76.88767,5.21,330.18,60.0,2026-08-29T21:36:00Z,N20,2168.7104821735816,1,oil_refinery,0,0,1,0,0,0,0,0,0,,0,2168.7104821735816,1,,0,,0,,0,,0
FIRMS_EFA54F08,29.46024,76.88624,4.2,304.02,60.0,2026-08-29T21:36:00Z,N20,2000.0315704712207,1,oil_refinery,0,0,1,0,0,0,0,0,0,,0,2000.0315704712207,1,,0,,0,,0,,0
FIRMS_D5E2939D,14.50168,79.70076,6.06,336.4,60.0,2026-08-30T07:07:00Z,N20,,0,,0,0,0,0,0,0,0,0,0,,0,,0,,0,,0,,0,,0
FIRMS_E6F4C2D7,14.50181,79.70016,4.28,338.54,60.0,2026-08-30T07:07:00Z,N20,,0,,0,0,0,0,0,0,0,0,0,,0,,0,,0,,0,,0,,0
FIRMS_E7EDDFA2,23.55893,87.23925,14.28,343.58,60.0,2026-08-30T07:09:00Z,N20,770.5414349851116,1,oil_well,0,1,7,0,0,1,0,0,0,4263.491355294192,1,,0,770.5414349851116,1,,0,,0,,0
FIRMS_19725E5E,23.64829,85.43843,6.73,333.96,60.0,2026-08-30T07:09:00Z,N20,,0,,0,0,0,0,0,0,0,0,0,,0,,0,,0,,0,,0,,0
FIRMS_10832806,23.76081,86.4027,7.03,330.6,60.0,2026-08-30T07:09:00Z,N20,,0,,0,0,0,0,0,0,0,0,0,,0,,0,,0,,0,,0,,0
FIRMS_493DCC8B,23.80394,86.33237,3.43,333.77,60.0,2026-08-30T07:09:00Z,N20,,0,,0,0,0,0,0,0,0,0,0,,0,,0,,0,,0,,0,,0
FIRMS_DD8660C6,27.98966,94.22114,6.97,339.7,60.0,2026-08-30T07:09:00Z,N20,,0,,0,0,0,0,0,0,0,0,0,,0,,0,,0,,0,,0,,0
FIRMS_432781D3,28.1259,95.46807,3.18,330.19,60.0,2026-08-30T07:09:00Z,N20,,0,,0,0,0,0,0,0,0,0,0,,0,,0,,0,,0,,0,,0
FIRMS_174D974B,8.88266,77.78847,1.91,339.64,60.0,2026-08-30T08:45:00Z,N20,,0,,0,0,0,0,0,0,0,0,0,,0,,0,,0,,0,,0,,0
FIRMS_74A4BFAC,8.93221,77.96577,8.66,367.0,90.0,2026-08-30T08:45:00Z,N20,,0,,0,0,0,0,0,0,0,0,0,,0,,0,,0,,0,,0,,0
FIRMS_B79882A5,9.11021,77.77234,4.69,350.61,60.0,2026-08-30T08:45:00Z,N20,,0,,0,0,0,0,0,0,0,0,0,,0,,0,,0,,0,,0,,0
FIRMS_555EAE09,9.44333,77.66908,3.8,335.62,60.0,2026-08-30T08:45:00Z,N20,,0,,0,0,0,0,0,0,0,0,0,,0,,0,,0,,0,,0,,0
FIRMS_B89A3B04,9.4436,77.67059,3.65,330.78,60.0,2026-08-30T08:45:00Z,N20,,0,,0,0,0,0,0,0,0,0,0,,0,,0,,0,,0,,0,,0
FIRMS_E0A56C22,9.44872,77.67133,3.88,331.78,60.0,2026-08-30T08:45:00Z,N20,,0,,0,0,0,0,0,0,0,0,0,,0,,0,,0,,0,,0,,0
FIRMS_D678D0B6,9.99573,77.29134,9.26,349.42,60.0,2026-08-30T08:45:00Z,N20,,0,,0,0,0,0,0,0,0,0,0,,0,,0,,0,,0,,0,,0
FIRMS_2269EB08,27.3954,71.0371,4.08,343.46,60.0,2026-08-30T08:52:00Z,N20,,0,,0,0,0,0,0,0,0,0,0,,0,,0,,0,,0,,0,,0
FIRMS_6290510C,27.39587,71.04128,3.65,339.04,60.0,2026-08-30T08:52:00Z,N20,,0,,0,0,0,0,0,0,0,0,0,,0,,0,,0,,0,,0,,0
FIRMS_B11C3246,31.57862,74.81806,3.13,332.74,60.0,2026-08-30T08:52:00Z,N20,,0,,0,0,0,0,0,0,0,0,0,,0,,0,,0,,0,,0,,0
FIRMS_DCABDBF6,15.18226,76.66277,7.11,300.4,60.0,2026-08-30T19:40:00Z,N20,,0,,0,0,0,0,0,0,0,0,0,,0,,0,,0,,0,,0,,0
FIRMS_B1DDBF8E,10.10931,77.46021,0.64,303.47,60.0,2026-08-30T19:42:00Z,N20,,0,,0,0,0,0,0,0,0,0,0,,0,,0,,0,,0,,0,,0
FIRMS_B54A3561,28.74474,76.9258,1.53,302.82,60.0,2026-08-30T21:16:00Z,N20,,0,,0,0,0,0,0,0,0,0,0,,0,,0,,0,,0,,0,,0
FIRMS_8F81EF31,29.47735,76.8579,7.34,334.37,60.0,2026-08-30T21:16:00Z,N20,1635.8385752187905,1,oil_refinery,0,0,1,0,0,0,0,0,0,,0,1635.8385752187905,1,,0,,0,,0,,0
FIRMS_9427DFA2,22.38943,73.11754,0.91,310.63,60.0,2026-08-30T21:18:00Z,N20,1730.780297901009,1,oil_refinery,0,0,2,0,0,0,0,0,0,2267.367616080335,1,1730.780297901009,1,,0,,0,,0,,0
FIRMS_B3222DED,25.94213,72.19216,2.51,318.98,60.0,2026-08-30T21:18:00Z,N20,,0,,0,0,0,0,0,0,0,0,0,,0,,0,,0,,0,,0,,0
FIRMS_581DDA6A,26.87585,73.51497,0.99,303.97,60.0,2026-08-30T21:18:00Z,N20,,0,,0,0,0,0,0,0,0,0,0,,0,,0,,0,,0,,0,,0
FIRMS_2DE7BCAF,27.08151,73.8162,0.92,304.34,60.0,2026-08-30T21:18:00Z,N20,,0,,0,0,0,0,0,0,0,0,0,,0,,0,,0,,0,,0,,0
FIRMS_FAEC74F5,17.54469,73.15681,3.59,334.72,60.0,2026-08-30T21:21:00Z,N20,1865.7972939005901,1,power_plant,0,0,3,0,0,0,0,0,0,1865.7972939005901,1,,0,,0,,0,,0,,0
FIRMS_0CC0F73F,18.49127,74.60493,0.53,301.0,60.0,2026-08-30T21:21:00Z,N20,,0,,0,0,0,0,0,0,0,0,0,,0,,0,,0,,0,,0,,0
FIRMS_B1326A80,18.54775,74.2534,0.82,306.65,60.0,2026-08-30T21:21:00Z,N20,,0,,0,0,0,0,0,0,0,0,0,,0,,0,,0,,0,,0,,0
FIRMS_9FF5F8C7,19.49014,85.20157,3.14,329.54,60.0,2026-08-01T06:57:00Z,N21,,0,,0,0,0,0,0,0,0,0,0,,0,,0,,0,,0,,0,,0
FIRMS_5853B80C,23.80213,86.32997,5.27,333.41,60.0,2026-08-01T06:59:00Z,N21,,0,,0,0,0,0,0,0,0,0,0,,0,,0,,0,,0,,0,,0
FIRMS_CF48F508,10.93222,78.44296,6.47,337.15,60.0,2026-08-01T08:37:00Z,N21,,0,,0,0,0,0,0,0,0,0,0,,0,,0,,0,,0,,0,,0
FIRMS_4DF67BD2,11.21864,78.20132,4.35,331.58,60.0,2026-08-01T08:37:00Z,N21,,0,,0,0,0,0,0,0,0,0,0,,0,,0,,0,,0,,0,,0
FIRMS_18EB6123,11.29002,79.78289,3.65,331.9,60.0,2026-08-01T08:37:00Z,N21,1888.2538379509622,1,oil_well,0,0,11,0,0,0,0,0,0,,0,,0,1888.2538379509622,1,,0,,0,,0
FIRMS_41B37E52,11.32136,79.04636,3.44,333.21,60.0,2026-08-01T08:37:00Z,N21,,0,,0,0,0,0,0,0,0,0,0,,0,,0,,0,,0,,0,,0
FIRMS_203B1646,11.80317,78.73422,15.02,340.2,60.0,2026-08-01T08:37:00Z,N21,,0,,0,0,0,0,0,0,0,0,0,,0,,0,,0,,0,,0,,0
FIRMS_2595769D,11.88981,79.31049,1.68,330.05,60.0,2026-08-01T08:37:00Z,N21,,0,,0,0,0,0,0,0,0,0,0,,0,,0,,0,,0,,0,,0
FIRMS_658C02C3,11.95934,79.44656,2.4,332.88,60.0,2026-08-01T08:37:00Z,N21,,0,,0,0,0,0,0,0,0,0,0,,0,,0,,0,,0,,0,,0
FIRMS_E60CBE93,11.96078,79.44628,2.33,333.69,60.0,2026-08-01T08:37:00Z,N21,,0,,0,0,0,0,0,0,0,0,0,,0,,0,,0,,0,,0,,0
FIRMS_6ED92AC2,12.05169,79.67051,3.22,332.24,60.0,2026-08-01T08:37:00Z,N21,,0,,0,0,0,0,0,0,0,0,0,,0,,0,,0,,0,,0,,0
FIRMS_A970E43D,12.0521,79.67383,3.22,334.67,60.0,2026-08-01T08:37:00Z,N21,,0,,0,0,0,0,0,0,0,0,0,,0,,0,,0,,0,,0,,0
FIRMS_99F7B775,12.32935,79.62632,7.9,341.51,60.0,2026-08-01T08:37:00Z,N21,,0,,0,0,0,0,0,0,0,0,0,,0,,0,,0,,0,,0,,0
FIRMS_128571A8,27.51347,71.62677,16.12,343.41,60.0,2026-08-01T08:39:00Z,N21,2104.0150136296265,1,oil_well,0,0,5,0,0,0,0,0,0,,0,,0,2104.0150136296265,1,,0,,0,,0
FIRMS_E6C7EAE8,20.79359,85.25661,2.1,303.71,60.0,2026-08-01T19:25:00Z,N21,,0,,0,0,0,0,0,0,0,0,0,,0,,0,,0,,0,,0,,0
FIRMS_2269DB54,20.7942,85.25123,5.54,321.61,60.0,2026-08-01T19:25:00Z,N21,,0,,0,0,0,0,0,0,0,0,0,,0,,0,,0,,0,,0,,0
FIRMS_B1FA0E4D,20.79498,85.2541,6.33,324.05,60.0,2026-08-01T19:25:00Z,N21,,0,,0,0,0,0,0,0,0,0,0,,0,,0,,0,,0,,0,,0
FIRMS_5F328BC2,20.86213,84.98734,1.64,299.02,60.0,2026-08-01T19:25:00Z,N21,,0,,0,0,0,0,0,0,0,0,0,,0,,0,,0,,0,,0,,0
FIRMS_8AA4C260,21.33668,78.96526,3.32,298.71,60.0,2026-08-01T19:25:00Z,N21,,0,,0,0,0,0,0,0,0,0,0,,0,,0,,0,,0,,0,,0
FIRMS_C666371F,21.62323,81.79317,0.64,299.31,60.0,2026-08-01T19:25:00Z,N21,,0,,0,0,0,0,0,0,0,0,0,,0,,0,,0,,0,,0,,0
FIRMS_54E8BEED,21.80114,82.03998,1.56,304.74,60.0,2026-08-01T19:25:00Z,N21,,0,,0,0,0,0,0,0,0,0,0,,0,,0,,0,,0,,0,,0
FIRMS_8FD40C03,21.96928,85.31577,1.5,299.15,60.0,2026-08-01T19:25:00Z,N21,,0,,0,0,0,0,0,0,0,0,0,,0,,0,,0,,0,,0,,0
FIRMS_1647F96B,21.96972,85.31415,1.78,298.3,60.0,2026-08-01T19:25:00Z,N21,,0,,0,0,0,0,0,0,0,0,0,,0,,0,,0,,0,,0,,0
FIRMS_96213EC5,22.24599,87.38873,1.16,303.48,60.0,2026-08-01T19:25:00Z,N21,,0,,0,0,0,0,0,0,0,0,0,,0,,0,,0,,0,,0,,0
FIRMS_A179F35C,22.31883,82.56562,0.94,300.18,60.0,2026-08-01T19:25:00Z,N21,4794.712762729308,1,power_plant,0,0,1,0,0,0,0,0,0,4794.712762729308,1,,0,,0,,0,,0,,0
FIRMS_43BC32AC,22.32615,82.5489,0.76,295.48,60.0,2026-08-01T19:25:00Z,N21,4031.9339053715557,1,power_plant,0,0,1,0,0,0,0,0,0,4031.9339053715557,1,,0,,0,,0,,0,,0
FIRMS_CF6B9685,22.32828,82.60777,1.58,297.45,60.0,2026-08-01T19:25:00Z,N21,,0,,0,0,0,0,0,0,0,0,0,,0,,0,,0,,0,,0,,0
FIRMS_936C29D6,22.3326,82.6057,1.59,296.22,60.0,2026-08-01T19:25:00Z,N21,,0,,0,0,0,0,0,0,0,0,0,,0,,0,,0,,0,,0,,0
FIRMS_9D9A1F72,22.3566,87.29153,0.35,295.14,60.0,2026-08-01T19:25:00Z,N21,,0,,0,0,0,0,0,0,0,0,0,,0,,0,,0,,0,,0,,0
FIRMS_56DF3792,22.3571,87.28727,0.35,295.35,60.0,2026-08-01T19:25:00Z,N21,,0,,0,0,0,0,0,0,0,0,0,,0,,0,,0,,0,,0,,0
FIRMS_206D2324,22.36408,87.30119,1.9,309.23,60.0,2026-08-01T19:25:00Z,N21,,0,,0,0,0,0,0,0,0,0,0,,0,,0,,0,,0,,0,,0
FIRMS_277C4058,22.37511,87.28098,1.47,308.59,60.0,2026-08-01T19:25:00Z,N21,,0,,0,0,0,0,0,0,0,0,0,,0,,0,,0,,0,,0,,0
FIRMS_A762EF0C,22.37561,87.2767,1.52,304.21,60.0,2026-08-01T19:25:00Z,N21,,0,,0,0,0,0,0,0,0,0,0,,0,,0,,0,,0,,0,,0
FIRMS_D3C7F7F7,22.37987,87.27727,1.16,304.11,60.0,2026-08-01T19:25:00Z,N21,,0,,0,0,0,0,0,0,0,0,0,,0,,0,,0,,0,,0,,0
FIRMS_E7ACBF35,23.6476,85.43916,2.09,307.3,60.0,2026-08-01T19:25:00Z,N21,,0,,0,0,0,0,0,0,0,0,0,,0,,0,,0,,0,,0,,0
FIRMS_63C680AB,23.66203,84.99958,1.4,311.85,60.0,2026-08-01T19:25:00Z,N21,,0,,0,0,0,0,0,0,0,0,0,,0,,0,,0,,0,,0,,0
FIRMS_566C973D,23.66735,84.99706,1.18,301.58,60.0,2026-08-01T19:25:00Z,N21,,0,,0,0,0,0,0,0,0,0,0,,0,,0,,0,,0,,0,,0
FIRMS_3F263BC1,23.67513,86.40295,1.87,305.11,60.0,2026-08-01T19:25:00Z,N21,2673.4840991113833,1,oil_well,0,0,2,0,0,0,0,0,0,,0,,0,2673.4840991113833,1,,0,,0,,0
FIRMS_932CD1C9,23.67569,86.39787,1.87,308.54,60.0,2026-08-01T19:25:00Z,N21,2310.4751155834288,1,oil_well,0,0,2,0,0,0,0,0,0,,0,,0,2310.4751155834288,1,,0,,0,,0
FIRMS_6648E790,23.67587,86.4011,1.95,308.72,60.0,2026-08-01T19:25:00Z,N21,2571.77321733786,1,oil_well,0,0,2,0,0,0,0,0,0,,0,,0,2571.77321733786,1,,0,,0,,0
FIRMS_2C0E9097,23.67639,86.39605,1.95,306.27,60.0,2026-08-01T19:25:00Z,N21,2237.021392521408,1,oil_well,0,0,2,0,0,0,0,0,0,,0,,0,2237.021392521408,1,,0,,0,,0
FIRMS_CA29833D,23.68083,86.39339,0.53,300.39,60.0,2026-08-01T19:25:00Z,N21,2481.699198194052,1,oil_well,0,0,11,0,0,0,0,0,0,,0,,0,2481.699198194052,1,,0,,0,,0
FIRMS_9C1BB8A8,23.68097,86.39668,1.95,304.24,60.0,2026-08-01T19:25:00Z,N21,2675.2261843946444,1,oil_well,0,0,5,0,0,0,0,0,0,,0,,0,2675.2261843946444,1,,0,,0,,0
FIRMS_A29306B5,23.6854,86.39404,0.53,298.67,60.0,2026-08-01T19:25:00Z,N21,2962.9086114904767,1,oil_well,0,0,12,0,0,0,0,0,0,,0,,0,2962.9086114904767,1,,0,,0,,0
FIRMS_D84CBB16,23.68608,86.39214,1.34,297.12,60.0,2026-08-01T19:25:00Z,N21,2811.5421071834194,1,oil_well,0,0,12,0,0,0,0,0,0,,0,,0,2811.5421071834194,1,,0,,0,,0
FIRMS_F8ED7E2E,23.68786,87.12221,1.43,297.45,60.0,2026-08-01T19:25:00Z,N21,,0,,0,0,0,0,0,0,0,0,0,,0,,0,,0,,0,,0,,0
FIRMS_09EA651F,23.71215,86.45232,0.93,306.47,60.0,2026-08-01T19:25:00Z,N21,,0,,0,0,0,0,0,0,0,0,0,,0,,0,,0,,0,,0,,0
FIRMS_52AED6EC,23.7178,86.44274,2.09,299.0,60.0,2026-08-01T19:25:00Z,N21,,0,,0,0,0,0,0,0,0,0,0,,0,,0,,0,,0,,0,,0
FIRMS_796F248F,23.72291,86.43824,1.63,302.22,60.0,2026-08-01T19:25:00Z,N21,,0,,0,0,0,0,0,0,0,0,0,,0,,0,,0,,0,,0,,0
FIRMS_3EFDBCC0,23.7275,85.00492,0.69,301.25,60.0,2026-08-01T19:25:00Z,N21,,0,,0,0,0,0,0,0,0,0,0,,0,,0,,0,,0,,0,,0
FIRMS_6F188BAD,23.73716,86.43492,2.08,310.45,60.0,2026-08-01T19:25:00Z,N21,,0,,0,0,0,0,0,0,0,0,0,,0,,0,,0,,0,,0,,0
FIRMS_C9C2B44D,23.75932,86.40166,1.53,299.18,60.0,2026-08-01T19:25:00Z,N21,,0,,0,0,0,0,0,0,0,0,0,,0,,0,,0,,0,,0,,0
FIRMS_77F9DAC2,24.11519,86.85891,2.16,315.68,60.0,2026-08-01T19:25:00Z,N21,,0,,0,0,0,0,0,0,0,0,0,,0,,0,,0,,0,,0,,0
FIRMS_B45D07E6,8.82653,78.08564,5.65,322.58,60.0,2026-08-01T19:30:00Z,N21,,0,,0,0,0,0,0,0,0,0,0,,0,,0,,0,,0,,0,,0
FIRMS_2033FD72,8.82677,78.08688,7.1,335.43,60.0,2026-08-01T19:30:00Z,N21,,0,,0,0,0,0,0,0,0,0,0,,0,,0,,0,,0,,0,,0
FIRMS_761E204C,9.14897,78.30833,5.14,307.01,60.0,2026-08-01T19:30:00Z,N21,,0,,0,0,0,0,0,0,0,0,0,,0,,0,,0,,0,,0,,0
FIRMS_2AB6F5B7,21.18809,81.38752,1.76,301.08,60.0,2026-08-01T21:06:00Z,N21,4897.125019410096,1,power_plant,0,0,1,0,0,0,0,0,0,4897.125019410096,1,,0,,0,,0,,0,,0
FIRMS_E941A4E8,26.64306,79.48007,0.43,298.97,60.0,2026-08-01T21:06:00Z,N21,,0,,0,0,0,0,0,0,0,0,0,,0,,0,,0,,0,,0,,0
FIRMS_6787BD3F,26.87533,73.51517,2.89,307.6,60.0,2026-08-01T21:06:00Z,N21,,0,,0,0,0,0,0,0,0,0,0,,0,,0,,0,,0,,0,,0
FIRMS_199DFDE6,21.24856,79.20657,0.74,297.73,60.0,2026-08-01T21:08:00Z,N21,,0,,0,0,0,0,0,0,0,0,0,,0,,0,,0,,0,,0,,0
FIRMS_B2F5938D,22.9327,69.6986,1.15,302.59,60.0,2026-08-01T21:08:00Z,N21,,0,,0,0,0,0,0,0,0,0,0,,0,,0,,0,,0,,0,,0
FIRMS_70371394,8.90865,78.03073,6.96,335.95,60.0,2026-08-02T08:16:00Z,N21,,0,,0,0,0,0,0,0,0,0,0,,0,,0,,0,,0,,0,,0
FIRMS_FA834ED9,9.29566,77.94614,4.7,331.31,60.0,2026-08-02T08:16:00Z,N21,,0,,0,0,0,0,0,0,0,0,0,,0,,0,,0,,0,,0,,0
FIRMS_149F9550,11.41002,79.68708,9.41,337.58,60.0,2026-08-02T08:16:00Z,N21,1989.9848605698187,1,oil_well,0,0,3,0,0,0,0,0,0,,0,,0,1989.9848605698187,1,,0,,0,,0
FIRMS_DB24A32D,11.41031,79.68512,4.76,334.76,60.0,2026-08-02T08:16:00Z,N21,1960.1454142500804,1,oil_well,0,0,3,0,0,0,0,0,0,,0,,0,1960.1454142500804,1,,0,,0,,0
FIRMS_51D6B7AE,11.41098,79.68989,4.76,333.04,60.0,2026-08-02T08:16:00Z,N21,1921.6790458305993,1,oil_well,0,0,3,0,0,0,0,0,0,,0,,0,1921.6790458305993,1,,0,,0,,0
FIRMS_7C95CE8D,12.06339,78.75342,3.61,334.98,60.0,2026-08-02T08:16:00Z,N21,,0,,0,0,0,0,0,0,0,0,0,,0,,0,,0,,0,,0,,0
FIRMS_3B99DCBD,12.45999,78.99902,2.19,332.43,60.0,2026-08-02T08:16:00Z,N21,,0,,0,0,0,0,0,0,0,0,0,,0,,0,,0,,0,,0,,0
FIRMS_DA184C06,12.82108,76.97945,1.65,330.87,60.0,2026-08-02T08:16:00Z,N21,,0,,0,0,0,0,0,0,0,0,0,,0,,0,,0,,0,,0,,0
FIRMS_8FB00E55,13.78007,76.9473,3.16,334.73,60.0,2026-08-02T08:18:00Z,N21,,0,,0,0,0,0,0,0,0,0,0,,0,,0,,0,,0,,0,,0
FIRMS_3C32E2B0,13.93042,77.46671,6.94,340.84,60.0,2026-08-02T08:18:00Z,N21,2464.6279259593002,1,solar_plant,0,0,2,0,0,0,0,0,0,,0,,0,,0,,0,,0,2464.6279259593002,1
FIRMS_3DEB181E,14.1473,77.31364,4.65,340.31,60.0,2026-08-02T08:18:00Z,N21,,0,,0,0,0,0,0,0,0,0,0,,0,,0,,0,,0,,0,,0
FIRMS_982A64CC,14.24963,77.45737,6.45,348.53,60.0,2026-08-02T08:18:00Z,N21,,0,,0,0,0,0,0,0,0,0,0,,0,,0,,0,,0,,0,,0
FIRMS_9AD835AC,14.25021,77.46139,6.45,346.32,60.0,2026-08-02T08:18:00Z,N21,,0,,0,0,0,0,0,0,0,0,0,,0,,0,,0,,0,,0,,0
FIRMS_8E27B063,14.25091,77.45769,7.82,354.81,60.0,2026-08-02T08:18:00Z,N21,,0,,0,0,0,0,0,0,0,0,0,,0,,0,,0,,0,,0,,0
FIRMS_75AF52A2,14.25147,77.46172,7.82,336.97,60.0,2026-08-02T08:18:00Z,N21,,0,,0,0,0,0,0,0,0,0,0,,0,,0,,0,,0,,0,,0
FIRMS_FCDA0ED6,14.2796,77.4329,7.53,355.65,30.0,2026-08-02T08:18:00Z,N21,,0,,0,0,0,0,0,0,0,0,0,,0,,0,,0,,0,,0,,0
FIRMS_D0EBE941,14.28016,77.4369,5.58,355.66,30.0,2026-08-02T08:18:00Z,N21,,0,,0,0,0,0,0,0,0,0,0,,0,,0,,0,,0,,0,,0
FIRMS_D8BC732D,14.2831,77.43237,7.53,337.28,60.0,2026-08-02T08:18:00Z,N21,,0,,0,0,0,0,0,0,0,0,0,,0,,0,,0,,0,,0,,0
FIRMS_E94A0CDB,14.28366,77.43639,5.58,339.4,60.0,2026-08-02T08:18:00Z,N21,,0,,0,0,0,0,0,0,0,0,0,,0,,0,,0,,0,,0,,0
FIRMS_ACBBB9A4,14.28422,77.4404,5.58,339.75,60.0,2026-08-02T08:18:00Z,N21,,0,,0,0,0,0,0,0,0,0,0,,0,,0,,0,,0,,0,,0
FIRMS_49D90774,14.28716,77.43586,5.01,339.95,60.0,2026-08-02T08:18:00Z,N21,,0,,0,0,0,0,0,0,0,0,0,,0,,0,,0,,0,,0,,0
FIRMS_16AED650,14.29065,77.43534,5.01,345.25,60.0,2026-08-02T08:18:00Z,N21,,0,,0,0,0,0,0,0,0,0,0,,0,,0,,0,,0,,0,,0
FIRMS_AABCFFCA,14.29415,77.43482,5.22,335.4,60.0,2026-08-02T08:18:00Z,N21,,0,,0,0,0,0,0,0,0,0,0,,0,,0,,0,,0,,0,,0
FIRMS_79A2CF6A,14.30635,77.44534,6.31,345.39,60.0,2026-08-02T08:18:00Z,N21,,0,,0,0,0,0,0,0,0,0,0,,0,,0,,0,,0,,0,,0
FIRMS_59EC8842,14.31928,77.41059,11.28,340.78,60.0,2026-08-02T08:18:00Z,N21,,0,,0,0,0,0,0,0,0,0,0,,0,,0,,0,,0,,0,,0
FIRMS_19CED66E,14.32278,77.41007,11.28,355.7,30.0,2026-08-02T08:18:00Z,N21,,0,,0,0,0,0,0,0,0,0,0,,0,,0,,0,,0,,0,,0
FIRMS_1A9CFBC9,14.32392,77.41814,8.53,339.29,60.0,2026-08-02T08:18:00Z,N21,,0,,0,0,0,0,0,0,0,0,0,,0,,0,,0,,0,,0,,0
FIRMS_0DD527E8,14.32627,77.40955,7.03,355.76,30.0,2026-08-02T08:18:00Z,N21,,0,,0,0,0,0,0,0,0,0,0,,0,,0,,0,,0,,0,,0
FIRMS_DEF6C7F7,14.32684,77.41357,8.01,350.11,60.0,2026-08-02T08:18:00Z,N21,,0,,0,0,0,0,0,0,0,0,0,,0,,0,,0,,0,,0,,0
FIRMS_AEACA553,14.32919,77.40501,7.03,337.21,60.0,2026-08-02T08:18:00Z,N21,,0,,0,0,0,0,0,0,0,0,0,,0,,0,,0,,0,,0,,0
FIRMS_9890A495,14.32976,77.40903,7.03,349.66,60.0,2026-08-02T08:18:00Z,N21,,0,,0,0,0,0,0,0,0,0,0,,0,,0,,0,,0,,0,,0
FIRMS_1C5B9EF9,14.33034,77.41304,8.01,342.3,60.0,2026-08-02T08:18:00Z,N21,,0,,0,0,0,0,0,0,0,0,0,,0,,0,,0,,0,,0,,0
FIRMS_9F039FAC,14.41843,78.30199,3.92,335.73,60.0,2026-08-02T08:18:00Z,N21,,0,,0,0,0,0,0,0,0,0,0,,0,,0,,0,,0,,0,,0
FIRMS_1D0C0DD3,14.44477,78.46677,5.81,337.66,60.0,2026-08-02T08:18:00Z,N21,,0,,0,0,0,0,0,0,0,0,0,,0,,0,,0,,0,,0,,0
FIRMS_D0085AB6,14.71503,79.55192,2.24,334.21,60.0,2026-08-02T08:18:00Z,N21,,0,,0,0,0,0,0,0,0,0,0,,0,,0,,0,,0,,0,,0
FIRMS_4C0D116E,15.17476,76.65627,1.57,332.61,60.0,2026-08-02T08:18:00Z,N21,,0,,0,0,0,0,0,0,0,0,0,,0,,0,,0,,0,,0,,0
FIRMS_B9187226,15.17531,76.66013,1.57,331.73,60.0,2026-08-02T08:18:00Z,N21,,0,,0,0,0,0,0,0,0,0,0,,0,,0,,0,,0,,0,,0
FIRMS_D540FB73,15.18325,76.66679,5.73,337.63,60.0,2026-08-02T08:18:00Z,N21,,0,,0,0,0,0,0,0,0,0,0,,0,,0,,0,,0,,0,,0
FIRMS_6BD47C4C,16.27069,76.4569,4.17,335.55,60.0,2026-08-02T08:18:00Z,N21,,0,,0,0,0,0,0,0,0,0,0,,0,,0,,0,,0,,0,,0
FIRMS_A1C4FF57,17.35036,80.8483,2.69,335.36,60.0,2026-08-02T08:18:00Z,N21,,0,,0,0,0,0,0,0,0,0,0,,0,,0,,0,,0,,0,,0
FIRMS_6DE0591F,17.58144,76.11646,2.48,339.62,60.0,2026-08-02T08:18:00Z,N21,,0,,0,0,0,0,0,0,0,0,0,,0,,0,,0,,0,,0,,0
FIRMS_C3C2CF33,17.79687,83.16254,1.93,331.55,60.0,2026-08-02T08:18:00Z,N21,,0,,0,0,0,0,0,0,0,0,0,,0,,0,,0,,0,,0,,0
FIRMS_DFF7B4F4,21.74094,83.84197,9.01,343.05,60.0,2026-08-02T08:20:00Z,N21,,0,,0,0,0,0,0,0,0,0,0,,0,,0,,0,,0,,0,,0
FIRMS_EB9BD339,21.74668,83.84146,20.84,355.66,30.0,2026-08-02T08:20:00Z,N21,,0,,0,0,0,0,0,0,0,0,0,,0,,0,,0,,0,,0,,0
FIRMS_675D28A0,21.74854,83.84187,23.16,356.0,30.0,2026-08-02T08:20:00Z,N21,,0,,0,0,0,0,0,0,0,0,0,,0,,0,,0,,0,,0,,0
FIRMS_F24AD5A8,21.75464,83.84567,13.4,328.33,60.0,2026-08-02T08:20:00Z,N21,,0,,0,0,0,0,0,0,0,0,0,,0,,0,,0,,0,,0,,0
FIRMS_D1968B62,21.75855,83.84472,6.3,329.58,60.0,2026-08-02T08:20:00Z,N21,,0,,0,0,0,0,0,0,0,0,0,,0,,0,,0,,0,,0,,0
FIRMS_8347AFEA,22.36064,82.3024,7.07,345.05,60.0,2026-08-02T08:20:00Z,N21,,0,,0,0,0,0,0,0,0,0,0,,0,,0,,0,,0,,0,,0
FIRMS_A1F44039,22.36106,82.30148,7.08,338.37,60.0,2026-08-02T08:20:00Z,N21,,0,,0,0,0,0,0,0,0,0,0,,0,,0,,0,,0,,0,,0
FIRMS_E673B952,31.07977,74.70936,5.24,330.43,60.0,2026-08-02T08:22:00Z,N21,,0,,0,0,0,0,0,0,0,0,0,,0,,0,,0,,0,,0,,0
FIRMS_016B6FDA,31.14965,74.86246,7.07,330.78,60.0,2026-08-02T08:22:00Z,N21,,0,,0,0,0,0,0,0,0,0,0,,0,,0,,0,,0,,0,,0
FIRMS_FC19691C,23.67496,86.08327,1.58,300.1,60.0,2026-08-02T19:06:00Z,N21,,0,,0,0,0,0,0,0,0,0,0,,0,,0,,0,,0,,0,,0
FIRMS_750CC182,23.67882,86.08529,3.1,304.22,60.0,2026-08-02T19:06:00Z,N21,,0,,0,0,0,0,0,0,0,0,0,,0,,0,,0,,0,,0,,0
FIRMS_F475F45F,23.68126,86.08372,1.58,301.66,60.0,2026-08-02T19:06:00Z,N21,,0,,0,0,0,0,0,0,0,0,0,,0,,0,,0,,0,,0,,0
FIRMS_7F596C91,23.76082,86.39972,0.99,295.1,60.0,2026-08-02T19:06:00Z,N21,,0,,0,0,0,0,0,0,0,0,0,,0,,0,,0,,0,,0,,0
FIRMS_A7C2CDB4,23.76132,86.40104,2.03,295.28,60.0,2026-08-02T19:06:00Z,N21,,0,,0,0,0,0,0,0,0,0,0,,0,,0,,0,,0,,0,,0
FIRMS_27F07972,23.7666,86.40562,0.99,300.1,60.0,2026-08-02T19:06:00Z,N21,,0,,0,0,0,0,0,0,0,0,0,,0,,0,,0,,0,,0,,0
FIRMS_9A46240B,23.76707,86.4069,0.96,295.17,60.0,2026-08-02T19:06:00Z,N21,,0,,0,0,0,0,0,0,0,0,0,,0,,0,,0,,0,,0,,0
FIRMS_AD79D61C,23.77589,86.36446,0.6,295.69,60.0,2026-08-02T19:06:00Z,N21,,0,,0,0,0,0,0,0,0,0,0,,0,,0,,0,,0,,0,,0
FIRMS_1D23F21D,23.78011,86.39131,2.19,302.76,60.0,2026-08-02T19:06:00Z,N21,,0,,0,0,0,0,0,0,0,0,0,,0,,0,,0,,0,,0,,0
FIRMS_ED05B873,23.79565,86.35047,1.62,304.07,60.0,2026-08-02T19:06:00Z,N21,,0,,0,0,0,0,0,0,0,0,0,,0,,0,,0,,0,,0,,0
FIRMS_00D55E46,23.80342,86.33029,0.84,298.77,60.0,2026-08-02T19:06:00Z,N21,,0,,0,0,0,0,0,0,0,0,0,,0,,0,,0,,0,,0,,0
FIRMS_8834C409,20.76097,85.29532,2.13,303.32,60.0,2026-08-02T19:08:00Z,N21,,0,,0,0,0,0,0,0,0,0,0,,0,,0,,0,,0,,0,,0
FIRMS_FE17A526,20.78523,85.25827,4.37,306.93,60.0,2026-08-02T19:08:00Z,N21,,0,,0,0,0,0,0,0,0,0,0,,0,,0,,0,,0,,0,,0
FIRMS_BBEF2996,20.79208,85.25346,4.6,315.02,60.0,2026-08-02T19:08:00Z,N21,,0,,0,0,0,0,0,0,0,0,0,,0,,0,,0,,0,,0,,0
FIRMS_EC307C9A,20.79685,85.25352,2.82,309.33,60.0,2026-08-02T19:08:00Z,N21,,0,,0,0,0,0,0,0,0,0,0,,0,,0,,0,,0,,0,,0
FIRMS_060E0F41,20.86573,84.98525,2.27,309.26,60.0,2026-08-02T19:08:00Z,N21,,0,,0,0,0,0,0,0,0,0,0,,0,,0,,0,,0,,0,,0
FIRMS_191FCAA8,20.88583,84.98076,2.57,308.88,60.0,2026-08-02T19:08:00Z,N21,,0,,0,0,0,0,0,0,0,0,0,,0,,0,,0,,0,,0,,0
FIRMS_7939F136,20.95002,86.04748,1.77,305.04,60.0,2026-08-02T19:08:00Z,N21,,0,,0,0,0,0,0,0,0,0,0,,0,,0,,0,,0,,0,,0
FIRMS_437B3B54,20.95044,86.04678,0.92,303.22,60.0,2026-08-02T19:08:00Z,N21,,0,,0,0,0,0,0,0,0,0,0,,0,,0,,0,,0,,0,,0
FIRMS_C4E773A3,20.96288,85.16257,2.71,302.68,60.0,2026-08-02T19:08:00Z,N21,,0,,0,0,0,0,0,0,0,0,0,,0,,0,,0,,0,,0,,0
FIRMS_E7A54C33,20.96841,85.17459,4.71,300.94,60.0,2026-08-02T19:08:00Z,N21,,0,,0,0,0,0,0,0,0,0,0,,0,,0,,0,,0,,0,,0
FIRMS_95DCEBF7,19.08717,82.17645,0.8,301.83,60.0,2026-08-02T20:46:00Z,N21,,0,,0,0,0,0,0,0,0,0,0,,0,,0,,0,,0,,0,,0
FIRMS_9955FBAF,19.09483,82.16678,1.05,306.18,60.0,2026-08-02T20:46:00Z,N21,,0,,0,0,0,0,0,0,0,0,0,,0,,0,,0,,0,,0,,0
FIRMS_7E955DE2,19.09667,82.1686,2.09,304.31,60.0,2026-08-02T20:46:00Z,N21,,0,,0,0,0,0,0,0,0,0,0,,0,,0,,0,,0,,0,,0
FIRMS_4ABA2BD1,19.10018,82.16814,1.27,307.03,60.0,2026-08-02T20:46:00Z,N21,,0,,0,0,0,0,0,0,0,0,0,,0,,0,,0,,0,,0,,0
FIRMS_96C7DBB5,19.10094,82.16447,1.27,311.6,60.0,2026-08-02T20:46:00Z,N21,,0,,0,0,0,0,0,0,0,0,0,,0,,0,,0,,0,,0,,0
FIRMS_26841D64,19.80054,78.86392,1.02,301.41,60.0,2026-08-02T20:46:00Z,N21,,0,,0,0,0,0,0,0,0,0,0,,0,,0,,0,,0,,0,,0
FIRMS_98F20324,21.24589,79.22108,1.43,300.02,60.0,2026-08-02T20:46:00Z,N21,,0,,0,0,0,0,0,0,0,0,0,,0,,0,,0,,0,,0,,0
FIRMS_18783110,21.2485,79.20795,1.46,305.82,60.0,2026-08-02T20:46:00Z,N21,,0,,0,0,0,0,0,0,0,0,0,,0,,0,,0,,0,,0,,0
FIRMS_A63E6F8B,21.37593,81.67974,1.11,296.02,60.0,2026-08-02T20:46:00Z,N21,,0,,0,0,0,0,0,0,0,0,0,,0,,0,,0,,0,,0,,0
FIRMS_188408DE,21.48706,81.76894,0.58,301.77,60.0,2026-08-02T20:46:00Z,N21,,0,,0,0,0,0,0,0,0,0,0,,0,,0,,0,,0,,0,,0
FIRMS_6A3D9766,23.31381,70.48843,1.24,305.38,60.0,2026-08-02T20:46:00Z,N21,,0,,0,0,0,0,0,0,0,0,0,,0,,0,,0,,0,,0,,0
FIRMS_63E708A6,23.802,86.32772,1.8,298.01,60.0,2026-08-02T20:46:00Z,N21,,0,,0,0,0,0,0,0,0,0,0,,0,,0,,0,,0,,0,,0
FIRMS_C97418EF,27.66697,76.12926,1.92,306.57,60.0,2026-08-02T20:46:00Z,N21,,0,,0,0,0,0,0,0,0,0,0,,0,,0,,0,,0,,0,,0
FIRMS_2801CB34,29.47461,76.85748,0.59,306.47,60.0,2026-08-02T20:46:00Z,N21,1658.1677696246127,1,oil_refinery,0,0,1,0,0,0,0,0,0,,0,1658.1677696246127,1,,0,,0,,0,,0
FIRMS_E551F9E3,15.33446,76.28731,0.98,301.95,60.0,2026-08-02T20:49:00Z,N21,,0,,0,0,0,0,0,0,0,0,0,,0,,0,,0,,0,,0,,0
FIRMS_230BCFA6,22.37991,87.27733,5.48,301.08,60.0,2026-08-02T20:49:00Z,N21,,0,,0,0,0,0,0,0,0,0,0,,0,,0,,0,,0,,0,,0
FIRMS_CCB09B83,24.57784,74.80232,0.65,304.11,60.0,2026-08-02T20:49:00Z,N21,,0,,0,0,0,0,0,0,0,0,0,,0,,0,,0,,0,,0,,0
FIRMS_83873E95,24.71447,75.95454,1.6,304.2,60.0,2026-08-02T20:49:00Z,N21,,0,,0,0,0,0,0,0,0,0,0,,0,,0,,0,,0,,0,,0
FIRMS_B4EDCAB0,10.87581,79.09857,6.92,335.72,60.0,2026-08-03T07:58:00Z,N21,,0,,0,0,0,0,0,0,0,0,0,,0,,0,,0,,0,,0,,0
FIRMS_FFA35C82,11.08548,79.41801,9.08,334.32,30.0,2026-08-03T07:58:00Z,N21,3240.8309432213723,1,oil_well,0,0,1,0,0,0,0,0,0,,0,,0,3240.8309432213723,1,,0,,0,,0
FIRMS_77F08BFD,12.09229,79.56733,2.51,334.91,30.0,2026-08-03T07:58:00Z,N21,,0,,0,0,0,0,0,0,0,0,0,,0,,0,,0,,0,,0,,0
FIRMS_15AE004D,12.38051,79.98348,4.21,333.36,60.0,2026-08-03T07:58:00Z,N21,,0,,0,0,0,0,0,0,0,0,0,,0,,0,,0,,0,,0,,0
FIRMS_520CDDB7,16.97776,81.59511,3.22,334.38,60.0,2026-08-03T07:58:00Z,N21,,0,,0,0,0,0,0,0,0,0,0,,0,,0,,0,,0,,0,,0
FIRMS_7EFD0047,17.12715,81.31397,3.01,332.81,60.0,2026-08-03T07:58:00Z,N21,,0,,0,0,0,0,0,0,0,0,0,,0,,0,,0,,0,,0,,0
FIRMS_E7113FB5,17.22134,81.39058,2.52,332.56,60.0,2026-08-03T08:01:00Z,N21,,0,,0,0,0,0,0,0,0,0,0,,0,,0,,0,,0,,0,,0
FIRMS_43E7FCF9,17.39471,81.24567,4.28,334.55,60.0,2026-08-03T08:01:00Z,N21,,0,,0,0,0,0,0,0,0,0,0,,0,,0,,0,,0,,0,,0
FIRMS_81889132,17.70182,82.58089,4.04,333.41,60.0,2026-08-03T08:01:00Z,N21,,0,,0,0,0,0,0,0,0,0,0,,0,,0,,0,,0,,0,,0
FIRMS_AC554D66,17.82471,83.11395,5.25,331.47,60.0,2026-08-03T08:01:00Z,N21,,0,,0,0,0,0,0,0,0,0,0,,0,,0,,0,,0,,0,,0
FIRMS_A2C0ACDC,20.69543,78.63831,4.43,330.95,60.0,2026-08-03T08:01:00Z,N21,,0,,0,0,0,0,0,0,0,0,0,,0,,0,,0,,0,,0,,0
FIRMS_1C2CECA4,22.356,87.28971,0.36,295.41,60.0,2026-08-03T20:27:00Z,N21,,0,,0,0,0,0,0,0,0,0,0,,0,,0,,0,,0,,0,,0
FIRMS_6A4CB34C,22.35978,87.01757,0.7,304.33,60.0,2026-08-03T20:27:00Z,N21,,0,,0,0,0,0,0,0,0,0,0,,0,,0,,0,,0,,0,,0
FIRMS_4710ABBD,22.36363,87.29984,1.71,299.05,60.0,2026-08-03T20:27:00Z,N21,,0,,0,0,0,0,0,0,0,0,0,,0,,0,,0,,0,,0,,0
FIRMS_C2738D3E,22.36401,87.30257,1.73,299.58,60.0,2026-08-03T20:27:00Z,N21,,0,,0,0,0,0,0,0,0,0,0,,0,,0,,0,,0,,0,,0
FIRMS_16B41285,22.36484,87.01883,0.7,302.53,60.0,2026-08-03T20:27:00Z,N21,,0,,0,0,0,0,0,0,0,0,0,,0,,0,,0,,0,,0,,0
FIRMS_5F88BBD2,22.37437,87.28019,1.05,302.67,60.0,2026-08-03T20:27:00Z,N21,,0,,0,0,0,0,0,0,0,0,0,,0,,0,,0,,0,,0,,0
FIRMS_0D0CEC44,22.37511,87.27681,1.27,304.51,60.0,2026-08-03T20:27:00Z,N21,,0,,0,0,0,0,0,0,0,0,0,,0,,0,,0,,0,,0,,0
FIRMS_07B8562A,22.38024,87.27814,0.89,299.57,60.0,2026-08-03T20:27:00Z,N21,,0,,0,0,0,0,0,0,0,0,0,,0,,0,,0,,0,,0,,0
FIRMS_A2D91537,22.87237,86.06178,1.32,297.77,60.0,2026-08-03T20:27:00Z,N21,3490.9781537981526,1,power_plant,0,0,1,0,0,0,0,0,0,3490.9781537981526,1,,0,,0,,0,,0,,0
FIRMS_40FE1777,19.09685,82.16862,1.28,300.24,60.0,2026-08-03T20:29:00Z,N21,,0,,0,0,0,0,0,0,0,0,0,,0,,0,,0,,0,,0,,0
FIRMS_3A19C732,15.02134,78.01474,1.5,307.59,60.0,2026-08-03T20:32:00Z,N21,,0,,0,0,0,0,0,0,0,0,0,,0,,0,,0,,0,,0,,0
FIRMS_FCB81F55,8.77262,78.11182,16.78,346.79,60.0,2026-08-04T07:37:00Z,N21,,0,,0,0,0,0,0,0,0,0,0,,0,,0,,0,,0,,0,,0
FIRMS_E877A914,9.26775,77.75093,2.1,332.06,60.0,2026-08-04T07:37:00Z,N21,,0,,0,0,0,0,0,0,0,0,0,,0,,0,,0,,0,,0,,0
FIRMS_2474A620,9.26788,77.7543,1.97,330.3,60.0,2026-08-04T07:37:00Z,N21,,0,,0,0,0,0,0,0,0,0,0,,0,,0,,0,,0,,0,,0
FIRMS_8D26DD55,13.47575,78.73293,3.36,330.9,60.0,2026-08-04T07:39:00Z,N21,,0,,0,0,0,0,0,0,0,0,0,,0,,0,,0,,0,,0,,0
FIRMS_17B2AF26,14.42292,80.16588,7.64,338.51,60.0,2026-08-04T07:39:00Z,N21,,0,,0,0,0,0,0,0,0,0,0,,0,,0,,0,,0,,0,,0
FIRMS_9293EA25,14.46557,78.84572,5.01,330.57,60.0,2026-08-04T07:39:00Z,N21,,0,,0,0,0,0,0,0,0,0,0,,0,,0,,0,,0,,0,,0
FIRMS_152BFF47,14.46649,78.8485,6.32,331.93,60.0,2026-08-04T07:39:00Z,N21,,0,,0,0,0,0,0,0,0,0,0,,0,,0,,0,,0,,0,,0
FIRMS_339ECC41,20.79527,85.25335,6.25,332.4,60.0,2026-08-04T07:41:00Z,N21,,0,,0,0,0,0,0,0,0,0,0,,0,,0,,0,,0,,0,,0
FIRMS_9E720FD5,20.9693,85.17296,7.04,336.85,60.0,2026-08-04T07:41:00Z,N21,,0,,0,0,0,0,0,0,0,0,0,,0,,0,,0,,0,,0,,0
FIRMS_F9E8BB73,20.96986,85.17702,5.22,334.02,60.0,2026-08-04T07:41:00Z,N21,,0,,0,0,0,0,0,0,0,0,0,,0,,0,,0,,0,,0,,0
FIRMS_5C8F1359,22.21098,84.86469,3.46,331.67,60.0,2026-08-04T07:41:00Z,N21,,0,,0,0,0,0,0,0,0,0,0,,0,,0,,0,,0,,0,,0
FIRMS_616DD8E3,22.358,82.30145,3.67,332.57,60.0,2026-08-04T07:41:00Z,N21,,0,,0,0,0,0,0,0,0,0,0,,0,,0,,0,,0,,0,,0
FIRMS_72306C42,22.57145,85.89578,6.38,330.71,60.0,2026-08-04T07:41:00Z,N21,,0,,0,0,0,0,0,0,0,0,0,,0,,0,,0,,0,,0,,0
FIRMS_275C47AB,27.19168,79.73158,0.72,295.0,60.0,2026-08-04T20:08:00Z,N21,,0,,0,0,0,0,0,0,0,0,0,,0,,0,,0,,0,,0,,0
FIRMS_C63C4401,28.77298,76.6991,1.78,305.86,60.0,2026-08-04T20:08:00Z,N21,,0,,0,0,0,0,0,0,0,0,0,,0,,0,,0,,0,,0,,0
FIRMS_035E23D8,19.09317,82.16869,0.72,300.44,60.0,2026-08-04T20:10:00Z,N21,,0,,0,0,0,0,0,0,0,0,0,,0,,0,,0,,0,,0,,0
FIRMS_4B67FA90,19.09704,82.16565,0.72,298.05,60.0,2026-08-04T20:10:00Z,N21,,0,,0,0,0,0,0,0,0,0,0,,0,,0,,0,,0,,0,,0
FIRMS_07549F9A,19.10033,82.16623,0.86,296.6,60.0,2026-08-04T20:10:00Z,N21,,0,,0,0,0,0,0,0,0,0,0,,0,,0,,0,,0,,0,,0
FIRMS_542FA5B4,19.10304,82.17044,0.86,297.57,60.0,2026-08-04T20:10:00Z,N21,,0,,0,0,0,0,0,0,0,0,0,,0,,0,,0,,0,,0,,0
FIRMS_85BA5EF0,19.10362,82.16681,0.86,317.65,60.0,2026-08-04T20:10:00Z,N21,,0,,0,0,0,0,0,0,0,0,0,,0,,0,,0,,0,,0,,0
FIRMS_AE87151E,21.192,81.39223,1.25,297.26,60.0,2026-08-04T20:10:00Z,N21,4407.6692083417,1,power_plant,0,0,1,0,0,0,0,0,0,4407.6692083417,1,,0,,0,,0,,0,,0
FIRMS_52533936,15.17472,76.65987,3.66,308.26,60.0,2026-08-04T20:12:00Z,N21,,0,,0,0,0,0,0,0,0,0,0,,0,,0,,0,,0,,0,,0
FIRMS_E6FB8CC2,15.17535,76.65519,3.15,312.48,60.0,2026-08-04T20:12:00Z,N21,,0,,0,0,0,0,0,0,0,0,0,,0,,0,,0,,0,,0,,0
FIRMS_D7EA8053,15.17777,77.1018,0.9,302.82,60.0,2026-08-04T20:12:00Z,N21,,0,,0,0,0,0,0,0,0,0,0,,0,,0,,0,,0,,0,,0
FIRMS_28B2E819,15.33301,76.28802,0.91,302.55,60.0,2026-08-04T20:12:00Z,N21,,0,,0,0,0,0,0,0,0,0,0,,0,,0,,0,,0,,0,,0
FIRMS_73370C05,15.33818,76.27869,1.73,302.18,60.0,2026-08-04T20:12:00Z,N21,,0,,0,0,0,0,0,0,0,0,0,,0,,0,,0,,0,,0,,0
FIRMS_91BF2A54,17.46366,80.65296,0.84,304.88,60.0,2026-08-04T20:12:00Z,N21,,0,,0,0,0,0,0,0,0,0,0,,0,,0,,0,,0,,0,,0
FIRMS_830FBA60,17.95613,80.79372,1.1,304.69,60.0,2026-08-04T20:12:00Z,N21,,0,,0,0,0,0,0,0,0,0,0,,0,,0,,0,,0,,0,,0
FIRMS_2B396C64,9.28358,78.23943,8.3,334.36,60.0,2026-08-05T07:20:00Z,N21,,0,,0,0,0,0,0,0,0,0,0,,0,,0,,0,,0,,0,,0
FIRMS_9E7206CF,9.28603,78.23457,6.23,340.3,60.0,2026-08-05T07:20:00Z,N21,,0,,0,0,0,0,0,0,0,0,0,,0,,0,,0,,0,,0,,0
FIRMS_0709530F,9.55889,77.60223,17.21,342.66,60.0,2026-08-05T07:20:00Z,N21,,0,,0,0,0,0,0,0,0,0,0,,0,,0,,0,,0,,0,,0
FIRMS_A6EAFBEB,9.68459,78.8849,6.74,334.14,60.0,2026-08-05T07:20:00Z,N21,,0,,0,0,0,0,0,0,0,0,0,,0,,0,,0,,0,,0,,0
FIRMS_8D42B88D,13.3994,80.28709,5.49,346.61,60.0,2026-08-05T07:20:00Z,N21,,0,,0,0,0,0,0,0,0,0,0,,0,,0,,0,,0,,0,,0
FIRMS_0CC6914A,14.67887,79.54193,3.21,338.81,60.0,2026-08-05T07:20:00Z,N21,,0,,0,0,0,0,0,0,0,0,0,,0,,0,,0,,0,,0,,0
FIRMS_DAE48455,15.31598,79.434,3.41,337.51,60.0,2026-08-05T07:22:00Z,N21,,0,,0,0,0,0,0,0,0,0,0,,0,,0,,0,,0,,0,,0
FIRMS_8C073492,15.5178,79.46233,1.61,335.0,60.0,2026-08-05T07:22:00Z,N21,,0,,0,0,0,0,0,0,0,0,0,,0,,0,,0,,0,,0,,0
FIRMS_DD0A986F,27.40973,70.82902,4.72,347.24,60.0,2026-08-05T09:07:00Z,N21,,0,,0,0,0,0,0,0,0,0,0,,0,,0,,0,,0,,0,,0
FIRMS_FD949D30,27.31863,95.26627,2.04,305.84,60.0,2026-08-05T19:49:00Z,N21,156.72865223136554,1,oil_well,3,12,154,0,0,12,0,0,0,,0,,0,156.72865223136554,1,,0,,0,,0
FIRMS_061A3272,27.37692,95.08621,2.91,312.84,60.0,2026-08-05T19:49:00Z,N21,378.0356563338044,1,oil_well,4,14,84,0,0,14,0,0,0,3697.3154320060444,1,,0,378.0356563338044,1,,0,,0,,0
FIRMS_66FD5FEF,27.37869,95.33633,3.95,317.73,60.0,2026-08-05T19:49:00Z,N21,505.00817622022424,1,oil_well,0,7,104,0,0,7,0,0,0,,0,,0,505.00817622022424,1,,0,,0,,0
FIRMS_F9EACFA9,27.46,95.47563,0.78,308.05,60.0,2026-08-05T19:49:00Z,N21,319.46989232953575,1,oil_well,4,16,74,0,0,16,0,0,0,,0,,0,319.46989232953575,1,,0,,0,,0
FIRMS_09DA345D,15.1743,76.65644,1.13,312.1,60.0,2026-08-05T19:53:00Z,N21,,0,,0,0,0,0,0,0,0,0,0,,0,,0,,0,,0,,0,,0
FIRMS_CB1668A6,15.17468,76.65333,1.13,298.71,60.0,2026-08-05T19:53:00Z,N21,,0,,0,0,0,0,0,0,0,0,0,,0,,0,,0,,0,,0,,0
FIRMS_08C8414C,15.1771,76.65773,1.46,309.85,60.0,2026-08-05T19:53:00Z,N21,,0,,0,0,0,0,0,0,0,0,0,,0,,0,,0,,0,,0,,0
FIRMS_06BDEB47,15.17746,76.6546,1.46,307.47,60.0,2026-08-05T19:53:00Z,N21,,0,,0,0,0,0,0,0,0,0,0,,0,,0,,0,,0,,0,,0
FIRMS_6EE8F903,15.17982,76.65388,1.07,301.36,60.0,2026-08-05T19:53:00Z,N21,,0,,0,0,0,0,0,0,0,0,0,,0,,0,,0,,0,,0,,0
FIRMS_03F3AE43,15.18117,76.66769,1.61,306.29,60.0,2026-08-05T19:53:00Z,N21,,0,,0,0,0,0,0,0,0,0,0,,0,,0,,0,,0,,0,,0
FIRMS_3A6A264B,15.18344,76.66692,2.02,313.64,60.0,2026-08-05T19:53:00Z,N21,,0,,0,0,0,0,0,0,0,0,0,,0,,0,,0,,0,,0,,0
FIRMS_459E0FFB,15.18458,76.65756,1.07,304.58,60.0,2026-08-05T19:53:00Z,N21,,0,,0,0,0,0,0,0,0,0,0,,0,,0,,0,,0,,0,,0
FIRMS_4271B554,15.18738,76.65887,1.85,301.84,60.0,2026-08-05T19:53:00Z,N21,,0,,0,0,0,0,0,0,0,0,0,,0,,0,,0,,0,,0,,0
FIRMS_31EB4984,15.3308,76.28545,0.92,303.98,60.0,2026-08-05T19:53:00Z,N21,,0,,0,0,0,0,0,0,0,0,0,,0,,0,,0,,0,,0,,0
FIRMS_E1AFB369,15.33105,76.28522,0.88,303.86,60.0,2026-08-05T19:53:00Z,N21,,0,,0,0,0,0,0,0,0,0,0,,0,,0,,0,,0,,0,,0
FIRMS_41FC2EB7,9.46924,78.57292,2.72,319.4,60.0,2026-08-05T19:55:00Z,N21,,0,,0,0,0,0,0,0,0,0,0,,0,,0,,0,,0,,0,,0
FIRMS_611B20F3,9.89176,78.10775,1.55,310.6,60.0,2026-08-05T19:55:00Z,N21,,0,,0,0,0,0,0,0,0,0,0,,0,,0,,0,,0,,0,,0
FIRMS_D44B0C02,31.25879,76.92562,0.95,299.13,60.0,2026-08-05T21:29:00Z,N21,,0,,0,0,0,0,0,0,0,0,0,,0,,0,,0,,0,,0,,0
FIRMS_02F5669A,24.94367,74.94578,1.09,303.76,60.0,2026-08-05T21:31:00Z,N21,,0,,0,0,0,0,0,0,0,0,0,,0,,0,,0,,0,,0,,0
FIRMS_6F19178B,25.94169,72.19534,7.97,328.87,60.0,2026-08-05T21:31:00Z,N21,,0,,0,0,0,0,0,0,0,0,0,,0,,0,,0,,0,,0,,0
FIRMS_1CDF5A5A,25.94243,72.19208,5.3,355.4,60.0,2026-08-05T21:31:00Z,N21,,0,,0,0,0,0,0,0,0,0,0,,0,,0,,0,,0,,0,,0
FIRMS_DB47FC6A,25.94316,72.18882,5.3,307.88,60.0,2026-08-05T21:31:00Z,N21,,0,,0,0,0,0,0,0,0,0,0,,0,,0,,0,,0,,0,,0
FIRMS_4AED2E66,26.25877,74.09599,1.37,304.69,60.0,2026-08-05T21:31:00Z,N21,,0,,0,0,0,0,0,0,0,0,0,,0,,0,,0,,0,,0,,0
FIRMS_DBEA331A,27.69906,96.24122,4.19,336.95,60.0,2026-08-06T07:03:00Z,N21,,0,,0,0,0,0,0,0,0,0,0,,0,,0,,0,,0,,0,,0
FIRMS_8359C0DD,27.69966,96.2416,4.05,330.18,60.0,2026-08-06T07:03:00Z,N21,,0,,0,0,0,0,0,0,0,0,0,,0,,0,,0,,0,,0,,0
FIRMS_E1F67C8E,23.30582,70.19529,4.63,330.6,60.0,2026-08-06T08:45:00Z,N21,,0,,0,0,0,0,0,0,0,0,0,,0,,0,,0,,0,,0,,0
FIRMS_A9E3BD9D,23.30643,70.20004,4.63,336.67,60.0,2026-08-06T08:45:00Z,N21,,0,,0,0,0,0,0,0,0,0,0,,0,,0,,0,,0,,0,,0
FIRMS_1089146A,23.51308,69.2734,5.87,337.8,60.0,2026-08-06T08:45:00Z,N21,,0,,0,0,0,0,0,0,0,0,0,,0,,0,,0,,0,,0,,0
FIRMS_2B734B80,27.46139,95.47704,4.27,319.72,60.0,2026-08-06T19:30:00Z,N21,421.87414999371305,1,oil_well,4,15,74,0,0,15,0,0,0,,0,,0,421.87414999371305,1,,0,,0,,0
FIRMS_06A56625,28.26501,95.6101,4.74,319.72,60.0,2026-08-06T19:30:00Z,N21,,0,,0,0,0,0,0,0,0,0,0,,0,,0,,0,,0,,0,,0
FIRMS_22C161D5,23.62121,86.89039,1.9,305.7,60.0,2026-08-06T19:32:00Z,N21,354.0309828260221,1,oil_well,1,1,55,0,0,1,0,0,0,,0,,0,354.0309828260221,1,,0,,0,,0
FIRMS_0C9E2411,23.68803,87.10007,4.11,303.95,60.0,2026-08-06T19:32:00Z,N21,,0,,0,0,0,0,0,0,0,0,0,,0,,0,,0,,0,,0,,0
FIRMS_11EBAA63,23.68902,87.09872,4.05,304.86,60.0,2026-08-06T19:32:00Z,N21,,0,,0,0,0,0,0,0,0,0,0,,0,,0,,0,,0,,0,,0
FIRMS_6C7E4A60,23.69134,87.10617,3.4,302.05,60.0,2026-08-06T19:32:00Z,N21,,0,,0,0,0,0,0,0,0,0,0,,0,,0,,0,,0,,0,,0
FIRMS_E5D66A09,23.69229,87.1048,2.61,304.72,60.0,2026-08-06T19:32:00Z,N21,,0,,0,0,0,0,0,0,0,0,0,,0,,0,,0,,0,,0,,0
FIRMS_4B97F39A,23.69332,87.1233,2.22,301.74,60.0,2026-08-06T19:32:00Z,N21,4735.0291792018625,1,oil_well,0,0,1,0,0,0,0,0,0,,0,,0,4735.0291792018625,1,,0,,0,,0
FIRMS_6EC460F3,23.69398,87.11777,2.22,302.47,60.0,2026-08-06T19:32:00Z,N21,,0,,0,0,0,0,0,0,0,0,0,,0,,0,,0,,0,,0,,0
FIRMS_30787B11,23.69417,87.12189,2.28,300.78,60.0,2026-08-06T19:32:00Z,N21,4751.854179058034,1,oil_well,0,0,1,0,0,0,0,0,0,,0,,0,4751.854179058034,1,,0,,0,,0
FIRMS_922F8FA5,23.69486,87.11637,3.9,303.18,60.0,2026-08-06T19:32:00Z,N21,,0,,0,0,0,0,0,0,0,0,0,,0,,0,,0,,0,,0,,0
FIRMS_C480AAA5,23.69529,87.10673,4.06,303.84,60.0,2026-08-06T19:32:00Z,N21,,0,,0,0,0,0,0,0,0,0,0,,0,,0,,0,,0,,0,,0
FIRMS_72657E7F,23.69595,87.1012,2.93,301.83,60.0,2026-08-06T19:32:00Z,N21,,0,,0,0,0,0,0,0,0,0,0,,0,,0,,0,,0,,0,,0
FIRMS_A1DA1959,23.69624,87.10535,2.61,304.04,60.0,2026-08-06T19:32:00Z,N21,,0,,0,0,0,0,0,0,0,0,0,,0,,0,,0,,0,,0,,0
FIRMS_F2417359,24.11815,86.35008,2.39,306.14,60.0,2026-08-06T19:32:00Z,N21,,0,,0,0,0,0,0,0,0,0,0,,0,,0,,0,,0,,0,,0
FIRMS_CD039345,25.43771,86.06867,2.35,305.29,60.0,2026-08-06T19:32:00Z,N21,1342.4346433250068,1,oil_refinery,0,0,1,0,0,0,0,0,0,,0,1342.4346433250068,1,,0,,0,,0,,0
FIRMS_E7C8E15B,24.69057,73.00171,1.05,304.96,60.0,2026-08-06T21:12:00Z,N21,,0,,0,0,0,0,0,0,0,0,0,,0,,0,,0,,0,,0,,0
FIRMS_7FD639AE,25.94118,72.19417,2.22,306.24,60.0,2026-08-06T21:12:00Z,N21,,0,,0,0,0,0,0,0,0,0,0,,0,,0,,0,,0,,0,,0
FIRMS_9F130005,26.25738,74.0966,1.39,308.1,60.0,2026-08-06T21:12:00Z,N21,,0,,0,0,0,0,0,0,0,0,0,,0,,0,,0,,0,,0,,0
FIRMS_38DE05E2,26.25792,74.09449,1.22,307.13,60.0,2026-08-06T21:12:00Z,N21,,0,,0,0,0,0,0,0,0,0,0,,0,,0,,0,,0,,0,,0
FIRMS_DA331030,18.95641,73.94267,1.2,295.04,60.0,2026-08-06T21:14:00Z,N21,,0,,0,0,0,0,0,0,0,0,0,,0,,0,,0,,0,,0,,0
FIRMS_4D0FECA1,22.97807,72.56618,1.16,308.43,60.0,2026-08-06T21:14:00Z,N21,1902.4987227715822,1,oil_well,0,0,2,0,0,0,0,0,0,,0,,0,1902.4987227715822,1,,0,,0,,0
FIRMS_FDF76FBF,22.99959,72.34648,5.79,338.06,60.0,2026-08-06T21:14:00Z,N21,2171.892638325494,1,oil_well,0,0,4,0,0,0,0,0,0,,0,,0,2171.892638325494,1,,0,,0,,0
FIRMS_92A6283E,27.95391,95.5974,7.99,330.46,30.0,2026-08-07T06:46:00Z,N21,,0,,0,0,0,0,0,0,0,0,0,,0,,0,,0,,0,,0,,0
FIRMS_37641426,8.57461,78.00533,6.19,337.4,60.0,2026-08-07T08:22:00Z,N21,,0,,0,0,0,0,0,0,0,0,0,,0,,0,,0,,0,,0,,0
FIRMS_CEA41638,25.43574,86.06752,1.48,304.88,60.0,2026-08-07T19:10:00Z,N21,1094.8102856132489,1,oil_refinery,0,0,1,0,0,0,0,0,0,,0,1094.8102856132489,1,,0,,0,,0,,0
FIRMS_379E90CA,22.78345,86.00488,2.4,300.33,60.0,2026-08-07T19:13:00Z,N21,,0,,0,0,0,0,0,0,0,0,0,,0,,0,,0,,0,,0,,0
FIRMS_ECCD6B86,23.70858,86.43064,3.04,301.44,60.0,2026-08-07T19:13:00Z,N21,,0,,0,0,0,0,0,0,0,0,0,,0,,0,,0,,0,,0,,0
FIRMS_BF4CE9DD,23.71242,86.45171,2.94,304.08,60.0,2026-08-07T19:13:00Z,N21,,0,,0,0,0,0,0,0,0,0,0,,0,,0,,0,,0,,0,,0
FIRMS_D9D9561F,23.72464,86.44072,4.21,303.87,60.0,2026-08-07T19:13:00Z,N21,,0,,0,0,0,0,0,0,0,0,0,,0,,0,,0,,0,,0,,0
FIRMS_AE5658F4,23.72499,86.43662,3.52,299.92,60.0,2026-08-07T19:13:00Z,N21,,0,,0,0,0,0,0,0,0,0,0,,0,,0,,0,,0,,0,,0
FIRMS_68A78D78,23.76737,86.40423,1.65,300.51,60.0,2026-08-07T19:13:00Z,N21,,0,,0,0,0,0,0,0,0,0,0,,0,,0,,0,,0,,0,,0
FIRMS_4BB8111D,23.76774,86.40008,3.94,303.88,60.0,2026-08-07T19:13:00Z,N21,,0,,0,0,0,0,0,0,0,0,0,,0,,0,,0,,0,,0,,0
FIRMS_D9170C01,23.771,86.36326,2.29,304.06,60.0,2026-08-07T19:13:00Z,N21,,0,,0,0,0,0,0,0,0,0,0,,0,,0,,0,,0,,0,,0
FIRMS_B344DED5,23.77419,85.99416,1.57,299.81,60.0,2026-08-07T19:13:00Z,N21,1524.0606363468428,1,oil_well,0,0,2,0,0,0,0,0,0,,0,,0,1524.0606363468428,1,,0,,0,,0
FIRMS_3A366DC5,23.77423,86.19609,2.23,302.55,60.0,2026-08-07T19:13:00Z,N21,,0,,0,0,0,0,0,0,0,0,0,,0,,0,,0,,0,,0,,0
FIRMS_C9F03D20,23.77442,86.38854,3.47,301.25,60.0,2026-08-07T19:13:00Z,N21,,0,,0,0,0,0,0,0,0,0,0,,0,,0,,0,,0,,0,,0
FIRMS_97756548,23.77479,86.38445,2.56,304.63,60.0,2026-08-07T19:13:00Z,N21,,0,,0,0,0,0,0,0,0,0,0,,0,,0,,0,,0,,0,,0
FIRMS_64728113,23.77662,86.36382,2.29,310.34,60.0,2026-08-07T19:13:00Z,N21,,0,,0,0,0,0,0,0,0,0,0,,0,,0,,0,,0,,0,,0
FIRMS_D1013186,23.7788,86.20943,2.7,303.86,60.0,2026-08-07T19:13:00Z,N21,,0,,0,0,0,0,0,0,0,0,0,,0,,0,,0,,0,,0,,0
FIRMS_BECB7E6C,23.77966,86.39324,3.54,307.65,60.0,2026-08-07T19:13:00Z,N21,,0,,0,0,0,0,0,0,0,0,0,,0,,0,,0,,0,,0,,0
FIRMS_AC50384F,23.78002,86.3892,3.54,327.33,60.0,2026-08-07T19:13:00Z,N21,,0,,0,0,0,0,0,0,0,0,0,,0,,0,,0,,0,,0,,0
FIRMS_46BB0F08,23.78389,86.39212,2.51,298.82,60.0,2026-08-07T19:13:00Z,N21,,0,,0,0,0,0,0,0,0,0,0,,0,,0,,0,,0,,0,,0
FIRMS_C22FCEF7,23.79666,86.63983,0.95,308.5,60.0,2026-08-07T19:13:00Z,N21,1513.873589073476,1,ethanol_plant,0,0,1,0,0,0,0,0,0,,0,,0,,0,1513.873589073476,1,,0,,0
FIRMS_0877B005,24.11616,86.34906,2.15,298.6,60.0,2026-08-07T19:13:00Z,N21,,0,,0,0,0,0,0,0,0,0,0,,0,,0,,0,,0,,0,,0
FIRMS_CCD4E6AB,27.32373,95.27661,2.43,310.36,60.0,2026-08-07T19:13:00Z,N21,128.25476341835224,1,oil_well,5,15,183,0,0,15,0,0,0,,0,,0,128.25476341835224,1,,0,,0,,0
FIRMS_88140456,27.37623,95.33397,1.99,312.13,60.0,2026-08-07T19:13:00Z,N21,192.94469529160395,1,oil_well,1,8,105,0,0,8,0,0,0,,0,,0,192.94469529160395,1,,0,,0,,0
FIRMS_BA43E2C4,27.46889,95.42281,1.97,305.61,60.0,2026-08-07T19:13:00Z,N21,844.0667288602077,1,oil_well,0,4,99,0,0,4,0,0,0,,0,,0,844.0667288602077,1,,0,,0,,0
FIRMS_295E2EF6,26.6412,79.48167,0.53,302.59,60.0,2026-08-07T20:53:00Z,N21,4883.47236466861,1,power_plant,0,0,1,0,0,0,0,0,0,4883.47236466861,1,,0,,0,,0,,0,,0
FIRMS_6E6C2D2E,26.75785,83.19983,3.06,307.56,60.0,2026-08-07T20:53:00Z,N21,3000.902103142221,1,ethanol_plant,0,0,1,0,0,0,0,0,0,,0,,0,,0,3000.902103142221,1,,0,,0
FIRMS_2DE6B3C1,29.45735,76.87064,1.8,307.61,60.0,2026-08-07T20:53:00Z,N21,2010.601175234671,1,oil_refinery,0,0,1,0,0,0,0,0,0,,0,2010.601175234671,1,,0,,0,,0,,0
FIRMS_98DE8A4F,18.68641,73.03136,2.1,305.25,60.0,2026-08-07T20:55:00Z,N21,,0,,0,0,0,0,0,0,0,0,0,,0,,0,,0,,0,,0,,0
FIRMS_63154CF1,23.67698,86.4007,2.88,299.4,60.0,2026-08-07T20:55:00Z,N21,2620.039088449688,1,oil_well,0,0,2,0,0,0,0,0,0,,0,,0,2620.039088449688,1,,0,,0,,0
FIRMS_B261EA64,23.67704,86.40203,5.07,297.95,60.0,2026-08-07T20:55:00Z,N21,2727.37396501144,1,oil_well,0,0,2,0,0,0,0,0,0,,0,,0,2727.37396501144,1,,0,,0,,0
FIRMS_F8FFE12E,23.77619,86.20954,3.25,303.29,60.0,2026-08-07T20:55:00Z,N21,,0,,0,0,0,0,0,0,0,0,0,,0,,0,,0,,0,,0,,0
FIRMS_B7F142A6,23.7775,86.21114,2.35,301.29,60.0,2026-08-07T20:55:00Z,N21,,0,,0,0,0,0,0,0,0,0,0,,0,,0,,0,,0,,0,,0
FIRMS_60031B85,23.77923,86.20446,2.35,302.51,60.0,2026-08-07T20:55:00Z,N21,,0,,0,0,0,0,0,0,0,0,0,,0,,0,,0,,0,,0,,0
FIRMS_0947008A,25.94341,72.19024,1.35,312.4,60.0,2026-08-07T20:55:00Z,N21,,0,,0,0,0,0,0,0,0,0,0,,0,,0,,0,,0,,0,,0
FIRMS_E4B68E62,9.35078,78.64883,6.34,340.7,60.0,2026-08-08T08:03:00Z,N21,,0,,0,0,0,0,0,0,0,0,0,,0,,0,,0,,0,,0,,0
FIRMS_69622AE1,9.46694,78.60876,5.81,342.2,60.0,2026-08-08T08:03:00Z,N21,,0,,0,0,0,0,0,0,0,0,0,,0,,0,,0,,0,,0,,0
FIRMS_2F05583B,9.72193,77.87727,5.2,336.02,30.0,2026-08-08T08:03:00Z,N21,,0,,0,0,0,0,0,0,0,0,0,,0,,0,,0,,0,,0,,0
FIRMS_424CD118,12.18139,79.57864,3.71,330.57,60.0,2026-08-08T08:03:00Z,N21,,0,,0,0,0,0,0,0,0,0,0,,0,,0,,0,,0,,0,,0
FIRMS_FF5D514B,13.77714,79.96498,4.38,340.03,60.0,2026-08-08T08:03:00Z,N21,,0,,0,0,0,0,0,0,0,0,0,,0,,0,,0,,0,,0,,0
FIRMS_F27F2C5D,14.14061,79.64134,5.33,338.07,60.0,2026-08-08T08:03:00Z,N21,,0,,0,0,0,0,0,0,0,0,0,,0,,0,,0,,0,,0,,0
FIRMS_5DD3736D,14.66399,80.13791,2.95,330.41,60.0,2026-08-08T08:03:00Z,N21,,0,,0,0,0,0,0,0,0,0,0,,0,,0,,0,,0,,0,,0
FIRMS_FDC6081A,14.73576,79.83199,4.18,334.67,60.0,2026-08-08T08:03:00Z,N21,,0,,0,0,0,0,0,0,0,0,0,,0,,0,,0,,0,,0,,0
FIRMS_698ACEA3,22.35898,87.0153,3.22,302.37,60.0,2026-08-08T18:53:00Z,N21,,0,,0,0,0,0,0,0,0,0,0,,0,,0,,0,,0,,0,,0
FIRMS_9EAAFE5A,20.24184,86.60018,2.41,308.01,60.0,2026-08-08T18:56:00Z,N21,1530.1595314212761,1,oil_refinery,0,0,1,0,0,0,0,0,0,,0,1530.1595314212761,1,,0,,0,,0,,0
FIRMS_2F34322C,22.24258,87.38795,1.57,302.61,60.0,2026-08-08T20:34:00Z,N21,,0,,0,0,0,0,0,0,0,0,0,,0,,0,,0,,0,,0,,0
FIRMS_FFE67FE3,22.36584,87.29999,2.28,297.28,60.0,2026-08-08T20:34:00Z,N21,,0,,0,0,0,0,0,0,0,0,0,,0,,0,,0,,0,,0,,0
FIRMS_E1F56891,22.81087,86.08997,1.33,295.19,60.0,2026-08-08T20:34:00Z,N21,4996.690809973262,1,power_plant,0,0,1,0,0,0,0,0,0,4996.690809973262,1,,0,,0,,0,,0,,0
FIRMS_9CD7BC1D,23.55595,87.23958,3.67,314.1,60.0,2026-08-08T20:34:00Z,N21,1100.1114198481891,1,oil_well,0,0,6,0,0,0,0,0,0,4481.168385578018,1,,0,1100.1114198481891,1,,0,,0,,0
FIRMS_88774146,23.56249,87.08484,2.9,313.39,60.0,2026-08-08T20:34:00Z,N21,,0,,0,0,0,0,0,0,0,0,0,,0,,0,,0,,0,,0,,0
FIRMS_55739ACF,23.66155,87.15603,2.44,308.74,60.0,2026-08-08T20:34:00Z,N21,,0,,0,0,0,0,0,0,0,0,0,,0,,0,,0,,0,,0,,0
FIRMS_A1861109,23.66246,87.1521,2.44,311.75,60.0,2026-08-08T20:34:00Z,N21,,0,,0,0,0,0,0,0,0,0,0,,0,,0,,0,,0,,0,,0
FIRMS_C4742369,23.6635,86.91859,1.6,301.95,60.0,2026-08-08T20:34:00Z,N21,1365.8762267860789,1,oil_well,0,0,62,0,0,0,0,0,0,,0,,0,1365.8762267860789,1,,0,,0,,0
FIRMS_1CC09860,23.66546,86.93528,0.98,303.93,60.0,2026-08-08T20:34:00Z,N21,1652.8953825726574,1,oil_well,0,0,71,0,0,0,0,0,0,,0,,0,1652.8953825726574,1,,0,,0,,0
FIRMS_8412807B,23.66804,86.92381,1.36,301.79,60.0,2026-08-08T20:34:00Z,N21,1707.3063522102566,1,oil_well,0,0,59,0,0,0,0,0,0,,0,,0,1707.3063522102566,1,,0,,0,,0
FIRMS_E1F80AD4,24.12002,86.86525,1.14,309.77,60.0,2026-08-08T20:34:00Z,N21,,0,,0,0,0,0,0,0,0,0,0,,0,,0,,0,,0,,0,,0
FIRMS_37FFC8CF,24.18275,82.65568,1.7,305.15,60.0,2026-08-08T20:34:00Z,N21,,0,,0,0,0,0,0,0,0,0,0,,0,,0,,0,,0,,0,,0
FIRMS_65874977,25.03664,87.38859,1.96,310.62,60.0,2026-08-08T20:34:00Z,N21,,0,,0,0,0,0,0,0,0,0,0,,0,,0,,0,,0,,0,,0
FIRMS_105A38BD,26.60358,73.68365,1.83,304.97,60.0,2026-08-08T20:34:00Z,N21,,0,,0,0,0,0,0,0,0,0,0,,0,,0,,0,,0,,0,,0
FIRMS_488A44C0,26.64189,79.4817,1.39,319.52,60.0,2026-08-08T20:34:00Z,N21,4903.882590394894,1,power_plant,0,0,1,0,0,0,0,0,0,4903.882590394894,1,,0,,0,,0,,0,,0
FIRMS_91B51677,26.64261,79.47755,1.39,310.6,60.0,2026-08-08T20:34:00Z,N21,,0,,0,0,0,0,0,0,0,0,0,,0,,0,,0,,0,,0,,0
FIRMS_06776505,27.07989,73.8157,2.06,304.22,60.0,2026-08-08T20:34:00Z,N21,,0,,0,0,0,0,0,0,0,0,0,,0,,0,,0,,0,,0,,0
FIRMS_11EC9EC0,28.85394,77.1468,2.27,306.44,60.0,2026-08-08T20:34:00Z,N21,,0,,0,0,0,0,0,0,0,0,0,,0,,0,,0,,0,,0,,0
FIRMS_5662807B,18.42307,73.94807,1.21,309.27,60.0,2026-08-08T20:36:00Z,N21,,0,,0,0,0,0,0,0,0,0,0,,0,,0,,0,,0,,0,,0
FIRMS_801FB1C3,18.9574,73.94349,1.23,307.27,60.0,2026-08-08T20:36:00Z,N21,,0,,0,0,0,0,0,0,0,0,0,,0,,0,,0,,0,,0,,0
FIRMS_D0F6C938,19.93574,73.7124,1.3,308.7,60.0,2026-08-08T20:36:00Z,N21,,0,,0,0,0,0,0,0,0,0,0,,0,,0,,0,,0,,0,,0
FIRMS_A65946C7,20.86419,84.98952,2.74,313.26,60.0,2026-08-08T20:36:00Z,N21,,0,,0,0,0,0,0,0,0,0,0,,0,,0,,0,,0,,0,,0
FIRMS_94B94E57,20.88652,84.98494,2.78,304.5,60.0,2026-08-08T20:36:00Z,N21,,0,,0,0,0,0,0,0,0,0,0,,0,,0,,0,,0,,0,,0
FIRMS_1AB9DC80,20.88721,84.98166,2.78,332.49,60.0,2026-08-08T20:36:00Z,N21,,0,,0,0,0,0,0,0,0,0,0,,0,,0,,0,,0,,0,,0
FIRMS_1E12D601,20.96215,85.16977,1.37,295.1,60.0,2026-08-08T20:36:00Z,N21,,0,,0,0,0,0,0,0,0,0,0,,0,,0,,0,,0,,0,,0
FIRMS_62989331,20.96373,85.18775,3.1,318.43,60.0,2026-08-08T20:36:00Z,N21,,0,,0,0,0,0,0,0,0,0,0,,0,,0,,0,,0,,0,,0
FIRMS_16F6C2B9,20.96444,85.18437,2.69,301.56,60.0,2026-08-08T20:36:00Z,N21,,0,,0,0,0,0,0,0,0,0,0,,0,,0,,0,,0,,0,,0
FIRMS_A308D0B9,20.96559,86.01157,1.27,302.02,60.0,2026-08-08T20:36:00Z,N21,,0,,0,0,0,0,0,0,0,0,0,,0,,0,,0,,0,,0,,0
FIRMS_1AFE301F,20.99624,86.02747,1.19,305.57,60.0,2026-08-08T20:36:00Z,N21,,0,,0,0,0,0,0,0,0,0,0,,0,,0,,0,,0,,0,,0
FIRMS_275BD58E,21.92552,85.22231,1.78,295.7,60.0,2026-08-08T20:36:00Z,N21,,0,,0,0,0,0,0,0,0,0,0,,0,,0,,0,,0,,0,,0
FIRMS_AC9C4FA2,22.93208,69.69513,3.08,309.23,60.0,2026-08-08T20:36:00Z,N21,,0,,0,0,0,0,0,0,0,0,0,,0,,0,,0,,0,,0,,0
FIRMS_C9EDB830,23.01004,70.10314,1.27,307.02,60.0,2026-08-08T20:36:00Z,N21,,0,,0,0,0,0,0,0,0,0,0,,0,,0,,0,,0,,0,,0
FIRMS_F1A20839,9.75829,77.62124,1.81,318.35,60.0,2026-08-08T20:38:00Z,N21,,0,,0,0,0,0,0,0,0,0,0,,0,,0,,0,,0,,0,,0
FIRMS_F5E8EAD6,9.76219,77.6217,1.81,302.62,60.0,2026-08-08T20:38:00Z,N21,,0,,0,0,0,0,0,0,0,0,0,,0,,0,,0,,0,,0,,0
FIRMS_F2A24CED,10.00389,78.03165,0.85,310.65,60.0,2026-08-08T20:38:00Z,N21,3496.9357013100057,1,power_plant,0,0,1,0,0,0,0,0,0,3496.9357013100057,1,,0,,0,,0,,0,,0
FIRMS_54D76F0D,12.54902,77.33131,0.89,296.34,60.0,2026-08-08T20:38:00Z,N21,,0,,0,0,0,0,0,0,0,0,0,,0,,0,,0,,0,,0,,0
FIRMS_DAFED594,12.54925,77.32909,0.59,299.7,60.0,2026-08-08T20:38:00Z,N21,,0,,0,0,0,0,0,0,0,0,0,,0,,0,,0,,0,,0,,0
FIRMS_CB71C976,12.98322,74.85109,0.98,307.8,60.0,2026-08-08T20:38:00Z,N21,,0,,0,0,0,0,0,0,0,0,0,,0,,0,,0,,0,,0,,0
FIRMS_5CC37C71,15.02414,78.01672,1.19,300.68,60.0,2026-08-08T20:38:00Z,N21,,0,,0,0,0,0,0,0,0,0,0,,0,,0,,0,,0,,0,,0
FIRMS_D088ED99,15.17243,76.69172,1.17,306.63,60.0,2026-08-08T20:38:00Z,N21,3771.1157075549363,1,power_plant,0,0,3,0,0,0,0,0,0,3771.1157075549363,1,,0,,0,,0,,0,,0
FIRMS_80E06CE2,15.17359,76.66376,0.74,295.01,60.0,2026-08-08T20:38:00Z,N21,,0,,0,0,0,0,0,0,0,0,0,,0,,0,,0,,0,,0,,0
FIRMS_1E4A0686,15.17425,76.65985,1.44,306.74,60.0,2026-08-08T20:38:00Z,N21,,0,,0,0,0,0,0,0,0,0,0,,0,,0,,0,,0,,0,,0
FIRMS_8E501669,15.17488,76.66106,1.89,302.35,60.0,2026-08-08T20:38:00Z,N21,,0,,0,0,0,0,0,0,0,0,0,,0,,0,,0,,0,,0,,0
FIRMS_6A94A1BB,15.17491,76.65594,1.44,316.56,60.0,2026-08-08T20:38:00Z,N21,,0,,0,0,0,0,0,0,0,0,0,,0,,0,,0,,0,,0,,0
FIRMS_3D3F7253,15.17506,76.67611,0.71,299.22,60.0,2026-08-08T20:38:00Z,N21,,0,,0,0,0,0,0,0,0,0,0,,0,,0,,0,,0,,0,,0
FIRMS_8B7ABF60,15.17553,76.65714,1.89,320.47,60.0,2026-08-08T20:38:00Z,N21,,0,,0,0,0,0,0,0,0,0,0,,0,,0,,0,,0,,0,,0
FIRMS_449A85B6,15.17556,77.09921,1.07,302.45,60.0,2026-08-08T20:38:00Z,N21,,0,,0,0,0,0,0,0,0,0,0,,0,,0,,0,,0,,0,,0
FIRMS_DA0A06B4,15.17557,76.65204,1.17,305.07,60.0,2026-08-08T20:38:00Z,N21,,0,,0,0,0,0,0,0,0,0,0,,0,,0,,0,,0,,0,,0
FIRMS_E6DFE14D,15.17617,76.65323,1.46,310.09,60.0,2026-08-08T20:38:00Z,N21,,0,,0,0,0,0,0,0,0,0,0,,0,,0,,0,,0,,0,,0
FIRMS_92FE9D6A,15.17835,76.65656,1.44,300.6,60.0,2026-08-08T20:38:00Z,N21,,0,,0,0,0,0,0,0,0,0,0,,0,,0,,0,,0,,0,,0
FIRMS_C6949C88,15.17838,77.10391,1.33,304.88,60.0,2026-08-08T20:38:00Z,N21,,0,,0,0,0,0,0,0,0,0,0,,0,,0,,0,,0,,0,,0
FIRMS_C843789E,15.1785,76.67673,1.37,301.05,60.0,2026-08-08T20:38:00Z,N21,4872.123038627096,1,power_plant,0,0,3,0,0,0,0,0,0,4872.123038627096,1,,0,,0,,0,,0,,0
FIRMS_AAD8A1B9,15.18391,76.66562,1.46,304.3,60.0,2026-08-08T20:38:00Z,N21,,0,,0,0,0,0,0,0,0,0,0,,0,,0,,0,,0,,0,,0
FIRMS_3E16749D,15.18523,76.6578,1.43,306.58,60.0,2026-08-08T20:38:00Z,N21,,0,,0,0,0,0,0,0,0,0,0,,0,,0,,0,,0,,0,,0
FIRMS_32FE28FA,15.33554,76.28046,2.54,327.93,60.0,2026-08-08T20:38:00Z,N21,,0,,0,0,0,0,0,0,0,0,0,,0,,0,,0,,0,,0,,0
FIRMS_A24190B6,15.33955,76.27728,1.78,302.74,60.0,2026-08-08T20:38:00Z,N21,,0,,0,0,0,0,0,0,0,0,0,,0,,0,,0,,0,,0,,0
FIRMS_9BA44DE4,16.6499,74.31506,1.02,309.29,60.0,2026-08-08T20:38:00Z,N21,,0,,0,0,0,0,0,0,0,0,0,,0,,0,,0,,0,,0,,0
FIRMS_4CB4C80E,27.45892,95.47669,3.05,335.63,60.0,2026-08-09T06:08:00Z,N21,434.4472610422884,1,oil_well,8,16,73,0,0,16,0,0,0,,0,,0,434.4472610422884,1,,0,,0,,0
FIRMS_7F71B51E,28.06259,95.35578,7.63,327.84,60.0,2026-08-09T06:08:00Z,N21,,0,,0,0,0,0,0,0,0,0,0,,0,,0,,0,,0,,0,,0
FIRMS_FF740F57,28.0676,95.37768,10.25,327.96,60.0,2026-08-09T06:08:00Z,N21,,0,,0,0,0,0,0,0,0,0,0,,0,,0,,0,,0,,0,,0
FIRMS_C10C6B5E,8.84041,78.0078,5.35,339.33,60.0,2026-08-09T07:44:00Z,N21,,0,,0,0,0,0,0,0,0,0,0,,0,,0,,0,,0,,0,,0
FIRMS_6963383A,8.84773,77.97353,3.57,335.7,60.0,2026-08-09T07:44:00Z,N21,,0,,0,0,0,0,0,0,0,0,0,,0,,0,,0,,0,,0,,0
FIRMS_E871C4E6,8.89804,78.03916,9.0,338.29,60.0,2026-08-09T07:44:00Z,N21,,0,,0,0,0,0,0,0,0,0,0,,0,,0,,0,,0,,0,,0
FIRMS_9AA7B609,8.89873,78.04314,8.12,339.38,60.0,2026-08-09T07:44:00Z,N21,,0,,0,0,0,0,0,0,0,0,0,,0,,0,,0,,0,,0,,0
FIRMS_6FBB5331,8.90703,77.70632,2.55,331.98,60.0,2026-08-09T07:44:00Z,N21,,0,,0,0,0,0,0,0,0,0,0,,0,,0,,0,,0,,0,,0
FIRMS_000ABD50,9.01122,77.96381,10.73,343.82,60.0,2026-08-09T07:44:00Z,N21,,0,,0,0,0,0,0,0,0,0,0,,0,,0,,0,,0,,0,,0
FIRMS_E0A701BC,9.2356,78.68808,2.75,334.55,60.0,2026-08-09T07:44:00Z,N21,4499.055601115099,1,oil_well,0,0,1,0,0,0,0,0,0,,0,,0,4499.055601115099,1,,0,,0,,0
FIRMS_4A7546B0,9.23963,78.68742,2.67,331.0,60.0,2026-08-09T07:44:00Z,N21,4619.215150073311,1,oil_well,0,0,1,0,0,0,0,0,0,,0,,0,4619.215150073311,1,,0,,0,,0
FIRMS_CA13441F,9.46624,77.55146,3.99,331.55,60.0,2026-08-09T07:44:00Z,N21,,0,,0,0,0,0,0,0,0,0,0,,0,,0,,0,,0,,0,,0
FIRMS_8FC06B4A,9.57627,78.52619,4.52,334.42,60.0,2026-08-09T07:44:00Z,N21,,0,,0,0,0,0,0,0,0,0,0,,0,,0,,0,,0,,0,,0
FIRMS_74C12389,9.61507,78.63419,2.62,331.9,60.0,2026-08-09T07:44:00Z,N21,,0,,0,0,0,0,0,0,0,0,0,,0,,0,,0,,0,,0,,0
FIRMS_CFBA53AC,9.63756,77.60527,8.74,341.83,60.0,2026-08-09T07:44:00Z,N21,,0,,0,0,0,0,0,0,0,0,0,,0,,0,,0,,0,,0,,0
FIRMS_3606668A,9.64483,78.78864,5.44,341.2,60.0,2026-08-09T07:44:00Z,N21,,0,,0,0,0,0,0,0,0,0,0,,0,,0,,0,,0,,0,,0
FIRMS_C5FFF347,9.66437,78.79135,4.75,334.31,60.0,2026-08-09T07:44:00Z,N21,,0,,0,0,0,0,0,0,0,0,0,,0,,0,,0,,0,,0,,0
FIRMS_581A758E,9.71018,77.92914,12.76,348.62,60.0,2026-08-09T07:44:00Z,N21,,0,,0,0,0,0,0,0,0,0,0,,0,,0,,0,,0,,0,,0
FIRMS_B0880977,9.71372,77.9245,5.96,334.87,60.0,2026-08-09T07:44:00Z,N21,,0,,0,0,0,0,0,0,0,0,0,,0,,0,,0,,0,,0,,0
FIRMS_9BDAE361,9.71438,77.92844,5.96,343.43,60.0,2026-08-09T07:44:00Z,N21,,0,,0,0,0,0,0,0,0,0,0,,0,,0,,0,,0,,0,,0
FIRMS_AA71A649,10.96326,78.16092,2.54,335.63,60.0,2026-08-09T07:46:00Z,N21,,0,,0,0,0,0,0,0,0,0,0,,0,,0,,0,,0,,0,,0
FIRMS_F1D7751C,11.65351,79.12866,6.5,336.89,60.0,2026-08-09T07:46:00Z,N21,,0,,0,0,0,0,0,0,0,0,0,,0,,0,,0,,0,,0,,0
FIRMS_455857ED,11.66286,78.62783,27.03,332.08,60.0,2026-08-09T07:46:00Z,N21,,0,,0,0,0,0,0,0,0,0,0,,0,,0,,0,,0,,0,,0
FIRMS_9E6DAA58,12.46548,79.024,6.97,333.21,60.0,2026-08-09T07:46:00Z,N21,,0,,0,0,0,0,0,0,0,0,0,,0,,0,,0,,0,,0,,0
FIRMS_FF4B75B8,22.78788,86.2058,4.86,330.24,60.0,2026-08-09T07:48:00Z,N21,,0,,0,0,0,0,0,0,0,0,0,,0,,0,,0,,0,,0,,0
FIRMS_2ED6E5C8,23.79523,86.35397,6.79,333.56,60.0,2026-08-09T07:48:00Z,N21,,0,,0,0,0,0,0,0,0,0,0,,0,,0,,0,,0,,0,,0
FIRMS_D882CDB6,23.80311,86.3294,10.59,339.03,60.0,2026-08-09T07:48:00Z,N21,,0,,0,0,0,0,0,0,0,0,0,,0,,0,,0,,0,,0,,0
FIRMS_1ED23476,23.80526,86.33165,2.31,330.93,60.0,2026-08-09T07:48:00Z,N21,,0,,0,0,0,0,0,0,0,0,0,,0,,0,,0,,0,,0,,0
FIRMS_2283C954,25.94204,72.18732,2.84,331.32,60.0,2026-08-09T07:50:00Z,N21,,0,,0,0,0,0,0,0,0,0,0,,0,,0,,0,,0,,0,,0
FIRMS_00CD95E6,25.9431,72.19236,3.6,341.14,60.0,2026-08-09T07:50:00Z,N21,,0,,0,0,0,0,0,0,0,0,0,,0,,0,,0,,0,,0,,0
FIRMS_B707BD9C,28.81726,76.83368,2.41,304.86,60.0,2026-08-09T20:14:00Z,N21,,0,,0,0,0,0,0,0,0,0,0,,0,,0,,0,,0,,0,,0
FIRMS_75BC8655,15.02135,78.01138,0.8,306.52,60.0,2026-08-09T20:17:00Z,N21,,0,,0,0,0,0,0,0,0,0,0,,0,,0,,0,,0,,0,,0
FIRMS_03958F3C,15.02412,78.01555,2.14,312.63,60.0,2026-08-09T20:17:00Z,N21,,0,,0,0,0,0,0,0,0,0,0,,0,,0,,0,,0,,0,,0
FIRMS_3D3420E9,15.13577,76.71014,0.79,304.18,60.0,2026-08-09T20:17:00Z,N21,,0,,0,0,0,0,0,0,0,0,0,,0,,0,,0,,0,,0,,0
FIRMS_72504636,15.17094,76.71146,0.73,302.8,60.0,2026-08-09T20:17:00Z,N21,2621.27104358735,1,power_plant,0,0,3,0,0,0,0,0,0,2621.27104358735,1,,0,,0,,0,,0,,0
FIRMS_591F8B70,15.17373,77.09916,0.94,308.41,60.0,2026-08-09T20:17:00Z,N21,,0,,0,0,0,0,0,0,0,0,0,,0,,0,,0,,0,,0,,0
FIRMS_68927319,15.17381,76.69177,2.19,314.66,60.0,2026-08-09T20:17:00Z,N21,3674.7857763758147,1,power_plant,0,0,3,0,0,0,0,0,0,3674.7857763758147,1,,0,,0,,0,,0,,0
FIRMS_365E90CE,15.17495,76.65968,2.25,317.99,60.0,2026-08-09T20:17:00Z,N21,,0,,0,0,0,0,0,0,0,0,0,,0,,0,,0,,0,,0,,0
FIRMS_3AE91DD9,15.17553,76.65572,2.25,322.77,60.0,2026-08-09T20:17:00Z,N21,,0,,0,0,0,0,0,0,0,0,0,,0,,0,,0,,0,,0,,0
FIRMS_5F7E6BD7,15.17612,76.67598,2.12,315.85,60.0,2026-08-09T20:17:00Z,N21,,0,,0,0,0,0,0,0,0,0,0,,0,,0,,0,,0,,0,,0
FIRMS_29A848AE,15.17659,77.10351,1.59,304.72,60.0,2026-08-09T20:17:00Z,N21,,0,,0,0,0,0,0,0,0,0,0,,0,,0,,0,,0,,0,,0
FIRMS_8BDC2FB5,15.179,76.65625,2.25,324.57,60.0,2026-08-09T20:17:00Z,N21,,0,,0,0,0,0,0,0,0,0,0,,0,,0,,0,,0,,0,,0
FIRMS_EE977C46,15.17957,76.6523,1.62,303.06,60.0,2026-08-09T20:17:00Z,N21,,0,,0,0,0,0,0,0,0,0,0,,0,,0,,0,,0,,0,,0
FIRMS_810A7BA3,15.17959,76.67648,1.25,306.26,60.0,2026-08-09T20:17:00Z,N21,4858.283950542019,1,power_plant,0,0,3,0,0,0,0,0,0,4858.283950542019,1,,0,,0,,0,,0,,0
FIRMS_BDC8F898,15.18016,76.67254,1.25,305.1,60.0,2026-08-09T20:17:00Z,N21,,0,,0,0,0,0,0,0,0,0,0,,0,,0,,0,,0,,0,,0
FIRMS_EACB581C,15.18594,76.65729,2.04,313.81,60.0,2026-08-09T20:17:00Z,N21,,0,,0,0,0,0,0,0,0,0,0,,0,,0,,0,,0,,0,,0
FIRMS_EDC38A6E,15.226,76.76334,0.75,303.45,60.0,2026-08-09T20:17:00Z,N21,,0,,0,0,0,0,0,0,0,0,0,,0,,0,,0,,0,,0,,0
FIRMS_CB2E327C,15.33245,76.24616,0.86,303.98,60.0,2026-08-09T20:17:00Z,N21,,0,,0,0,0,0,0,0,0,0,0,,0,,0,,0,,0,,0,,0
FIRMS_A0616519,15.33421,76.28419,1.3,304.69,60.0,2026-08-09T20:17:00Z,N21,,0,,0,0,0,0,0,0,0,0,0,,0,,0,,0,,0,,0,,0
FIRMS_078790DE,15.33892,76.27649,3.1,326.83,60.0,2026-08-09T20:17:00Z,N21,,0,,0,0,0,0,0,0,0,0,0,,0,,0,,0,,0,,0,,0
FIRMS_7731E316,16.63623,74.33961,0.6,300.41,60.0,2026-08-09T20:17:00Z,N21,,0,,0,0,0,0,0,0,0,0,0,,0,,0,,0,,0,,0,,0
FIRMS_BC6BE0BB,17.06163,76.97942,0.96,301.97,60.0,2026-08-09T20:17:00Z,N21,,0,,0,0,0,0,0,0,0,0,0,,0,,0,,0,,0,,0,,0
FIRMS_7665A0FA,17.14086,77.18326,0.75,300.11,60.0,2026-08-09T20:17:00Z,N21,,0,,0,0,0,0,0,0,0,0,0,,0,,0,,0,,0,,0,,0
FIRMS_4D443A59,18.68085,73.03519,2.48,306.58,60.0,2026-08-09T20:17:00Z,N21,,0,,0,0,0,0,0,0,0,0,0,,0,,0,,0,,0,,0,,0
FIRMS_09BB1B6E,18.68476,73.04045,2.63,304.49,60.0,2026-08-09T20:17:00Z,N21,,0,,0,0,0,0,0,0,0,0,0,,0,,0,,0,,0,,0,,0
FIRMS_8C135137,18.68589,73.03109,3.07,315.77,60.0,2026-08-09T20:17:00Z,N21,,0,,0,0,0,0,0,0,0,0,0,,0,,0,,0,,0,,0,,0
FIRMS_10504290,21.18186,81.3881,1.66,311.22,60.0,2026-08-09T20:17:00Z,N21,4919.666142285375,1,power_plant,0,0,1,0,0,0,0,0,0,4919.666142285375,1,,0,,0,,0,,0,,0
FIRMS_ED5A5E78,21.18246,81.38439,3.66,329.97,60.0,2026-08-09T20:17:00Z,N21,,0,,0,0,0,0,0,0,0,0,0,,0,,0,,0,,0,,0,,0
FIRMS_248EB108,21.18517,81.3887,1.66,307.0,60.0,2026-08-09T20:17:00Z,N21,4801.8939015438855,1,power_plant,0,0,1,0,0,0,0,0,0,4801.8939015438855,1,,0,,0,,0,,0,,0
FIRMS_F555E583,21.29962,81.60864,1.78,312.38,60.0,2026-08-09T20:17:00Z,N21,,0,,0,0,0,0,0,0,0,0,0,,0,,0,,0,,0,,0,,0
FIRMS_45AC3DAC,21.30926,81.5912,1.45,311.2,60.0,2026-08-09T20:17:00Z,N21,,0,,0,0,0,0,0,0,0,0,0,,0,,0,,0,,0,,0,,0
FIRMS_E222FF70,21.31799,81.55822,1.26,308.73,60.0,2026-08-09T20:17:00Z,N21,,0,,0,0,0,0,0,0,0,0,0,,0,,0,,0,,0,,0,,0
FIRMS_2446BDD2,21.34482,81.66636,0.56,302.13,60.0,2026-08-09T20:17:00Z,N21,,0,,0,0,0,0,0,0,0,0,0,,0,,0,,0,,0,,0,,0
FIRMS_4AA5554C,21.36383,81.65446,1.52,306.94,60.0,2026-08-09T20:17:00Z,N21,,0,,0,0,0,0,0,0,0,0,0,,0,,0,,0,,0,,0,,0
FIRMS_18180D2E,21.37224,81.68687,1.54,304.78,60.0,2026-08-09T20:17:00Z,N21,,0,,0,0,0,0,0,0,0,0,0,,0,,0,,0,,0,,0,,0
FIRMS_C14F74D1,21.3762,81.64136,2.1,308.46,60.0,2026-08-09T20:17:00Z,N21,,0,,0,0,0,0,0,0,0,0,0,,0,,0,,0,,0,,0,,0
FIRMS_57723BA4,21.37677,81.67999,1.85,306.74,60.0,2026-08-09T20:17:00Z,N21,,0,,0,0,0,0,0,0,0,0,0,,0,,0,,0,,0,,0,,0
FIRMS_BE1035AC,21.57609,82.02261,1.34,312.33,60.0,2026-08-09T20:17:00Z,N21,,0,,0,0,0,0,0,0,0,0,0,,0,,0,,0,,0,,0,,0
FIRMS_C9F4F9BF,21.67697,84.03742,3.26,311.98,60.0,2026-08-09T20:17:00Z,N21,,0,,0,0,0,0,0,0,0,0,0,,0,,0,,0,,0,,0,,0
FIRMS_307439EC,21.67975,84.04256,2.31,307.71,60.0,2026-08-09T20:17:00Z,N21,,0,,0,0,0,0,0,0,0,0,0,,0,,0,,0,,0,,0,,0
FIRMS_1DC5E863,21.68054,84.03815,2.33,303.08,60.0,2026-08-09T20:17:00Z,N21,,0,,0,0,0,0,0,0,0,0,0,,0,,0,,0,,0,,0,,0
FIRMS_DC4BAF2A,21.72969,82.21273,1.54,307.73,60.0,2026-08-09T20:17:00Z,N21,,0,,0,0,0,0,0,0,0,0,0,,0,,0,,0,,0,,0,,0
FIRMS_0F76A306,21.73757,83.84128,2.76,313.54,60.0,2026-08-09T20:17:00Z,N21,,0,,0,0,0,0,0,0,0,0,0,,0,,0,,0,,0,,0,,0
FIRMS_77A60F01,21.74111,83.842,2.76,316.6,60.0,2026-08-09T20:17:00Z,N21,,0,,0,0,0,0,0,0,0,0,0,,0,,0,,0,,0,,0,,0
FIRMS_35E5693E,21.74464,83.84274,13.15,343.32,60.0,2026-08-09T20:17:00Z,N21,,0,,0,0,0,0,0,0,0,0,0,,0,,0,,0,,0,,0,,0
FIRMS_0B05CD5A,21.74818,83.84348,13.15,345.65,60.0,2026-08-09T20:17:00Z,N21,,0,,0,0,0,0,0,0,0,0,0,,0,,0,,0,,0,,0,,0
FIRMS_69B9AD02,21.75525,83.84494,8.65,332.52,60.0,2026-08-09T20:17:00Z,N21,,0,,0,0,0,0,0,0,0,0,0,,0,,0,,0,,0,,0,,0
FIRMS_5D8F5C75,21.75955,83.84133,2.51,312.37,60.0,2026-08-09T20:17:00Z,N21,,0,,0,0,0,0,0,0,0,0,0,,0,,0,,0,,0,,0,,0
FIRMS_EBE3F5A4,21.76157,83.85073,2.71,306.28,60.0,2026-08-09T20:17:00Z,N21,,0,,0,0,0,0,0,0,0,0,0,,0,,0,,0,,0,,0,,0
FIRMS_3CCCE4D6,21.76233,83.84638,2.51,315.45,60.0,2026-08-09T20:17:00Z,N21,,0,,0,0,0,0,0,0,0,0,0,,0,,0,,0,,0,,0,,0
FIRMS_C4D25FA0,21.7732,83.82612,3.92,317.49,60.0,2026-08-09T20:17:00Z,N21,,0,,0,0,0,0,0,0,0,0,0,,0,,0,,0,,0,,0,,0
FIRMS_1C3DF693,21.92177,83.35161,3.25,310.23,60.0,2026-08-09T20:17:00Z,N21,,0,,0,0,0,0,0,0,0,0,0,,0,,0,,0,,0,,0,,0
FIRMS_63257FB0,21.96498,83.7717,2.75,310.43,60.0,2026-08-09T20:17:00Z,N21,,0,,0,0,0,0,0,0,0,0,0,,0,,0,,0,,0,,0,,0
FIRMS_43730AE9,22.00557,82.67142,3.81,313.48,60.0,2026-08-09T20:17:00Z,N21,,0,,0,0,0,0,0,0,0,0,0,,0,,0,,0,,0,,0,,0
FIRMS_03201902,22.01886,83.33949,1.92,306.07,60.0,2026-08-09T20:17:00Z,N21,,0,,0,0,0,0,0,0,0,0,0,,0,,0,,0,,0,,0,,0
FIRMS_4E46A06B,22.0284,83.367,2.14,307.3,60.0,2026-08-09T20:17:00Z,N21,,0,,0,0,0,0,0,0,0,0,0,,0,,0,,0,,0,,0,,0
FIRMS_FB0F5983,22.03401,83.35527,1.87,304.89,60.0,2026-08-09T20:17:00Z,N21,,0,,0,0,0,0,0,0,0,0,0,,0,,0,,0,,0,,0,,0
FIRMS_52FD5D5C,22.03818,83.35181,1.87,321.44,60.0,2026-08-09T20:17:00Z,N21,,0,,0,0,0,0,0,0,0,0,0,,0,,0,,0,,0,,0,,0
FIRMS_71A81D0F,22.06409,83.70657,1.82,306.56,60.0,2026-08-09T20:17:00Z,N21,,0,,0,0,0,0,0,0,0,0,0,,0,,0,,0,,0,,0,,0
FIRMS_0516186F,22.31155,82.53056,1.08,301.63,60.0,2026-08-09T20:17:00Z,N21,1684.9076182640429,1,power_plant,0,0,1,0,0,0,0,0,0,1684.9076182640429,1,,0,,0,,0,,0,,0
FIRMS_004AD74C,22.31491,82.5312,1.08,302.47,60.0,2026-08-09T20:17:00Z,N21,2060.6801442317296,1,power_plant,0,0,2,0,0,0,0,0,0,2060.6801442317296,1,,0,,0,,0,,0,,0
FIRMS_E6C92E57,22.78533,86.20405,3.25,312.95,60.0,2026-08-09T20:17:00Z,N21,,0,,0,0,0,0,0,0,0,0,0,,0,,0,,0,,0,,0,,0
FIRMS_1E9CC3AE,22.79713,86.20682,3.4,312.29,60.0,2026-08-09T20:17:00Z,N21,,0,,0,0,0,0,0,0,0,0,0,,0,,0,,0,,0,,0,,0
FIRMS_CE055015,22.79818,86.0917,3.39,305.22,60.0,2026-08-09T20:17:00Z,N21,,0,,0,0,0,0,0,0,0,0,0,,0,,0,,0,,0,,0,,0
FIRMS_308B7900,22.87217,86.06399,1.29,300.36,60.0,2026-08-09T20:17:00Z,N21,3524.8889891735935,1,power_plant,0,0,1,0,0,0,0,0,0,3524.8889891735935,1,,0,,0,,0,,0,,0
FIRMS_3A9D290A,23.48136,87.35875,2.98,307.74,60.0,2026-08-09T20:17:00Z,N21,4583.232259156229,1,oil_well,0,0,7,0,0,0,0,0,0,,0,,0,4583.232259156229,1,,0,,0,,0
FIRMS_C76D2B1D,23.55644,87.24155,3.39,305.61,60.0,2026-08-09T20:17:00Z,N21,1110.864194187896,1,oil_well,0,0,7,0,0,0,0,0,0,4612.656699511702,1,,0,1110.864194187896,1,,0,,0,,0
FIRMS_B2344125,23.56122,87.08495,5.27,314.86,60.0,2026-08-09T20:17:00Z,N21,,0,,0,0,0,0,0,0,0,0,0,,0,,0,,0,,0,,0,,0
FIRMS_C1FB96DE,23.64635,85.4404,2.44,310.42,60.0,2026-08-09T20:17:00Z,N21,,0,,0,0,0,0,0,0,0,0,0,,0,,0,,0,,0,,0,,0
FIRMS_5EEE5F28,23.64726,85.43547,2.21,302.7,60.0,2026-08-09T20:17:00Z,N21,,0,,0,0,0,0,0,0,0,0,0,,0,,0,,0,,0,,0,,0
FIRMS_C63D05BB,23.66195,87.15304,1.55,304.01,60.0,2026-08-09T20:17:00Z,N21,,0,,0,0,0,0,0,0,0,0,0,,0,,0,,0,,0,,0,,0
FIRMS_0D2F5D18,23.66664,86.09058,2.73,308.5,60.0,2026-08-09T20:17:00Z,N21,,0,,0,0,0,0,0,0,0,0,0,,0,,0,,0,,0,,0,,0
FIRMS_85459FED,23.67533,86.08704,4.86,314.1,60.0,2026-08-09T20:17:00Z,N21,,0,,0,0,0,0,0,0,0,0,0,,0,,0,,0,,0,,0,,0
FIRMS_08F33258,23.67718,86.39928,2.76,304.93,60.0,2026-08-09T20:17:00Z,N21,2528.7492090266055,1,oil_well,0,0,2,0,0,0,0,0,0,,0,,0,2528.7492090266055,1,,0,,0,,0
FIRMS_8EEFD6D9,23.67824,86.39377,2.76,309.53,60.0,2026-08-09T20:17:00Z,N21,2256.849492749149,1,oil_well,0,0,8,0,0,0,0,0,0,,0,,0,2256.849492749149,1,,0,,0,,0
FIRMS_04AE9A95,23.68204,86.09412,3.09,311.53,60.0,2026-08-09T20:17:00Z,N21,,0,,0,0,0,0,0,0,0,0,0,,0,,0,,0,,0,,0,,0
FIRMS_4B665CC3,23.68934,87.10021,1.73,301.61,60.0,2026-08-09T20:17:00Z,N21,,0,,0,0,0,0,0,0,0,0,0,,0,,0,,0,,0,,0,,0
FIRMS_BEE77082,23.69654,86.08087,1.7,304.9,60.0,2026-08-09T20:17:00Z,N21,,0,,0,0,0,0,0,0,0,0,0,,0,,0,,0,,0,,0,,0
FIRMS_618F41D3,23.6972,85.28938,1.26,300.52,60.0,2026-08-09T20:17:00Z,N21,1912.1695848907223,1,oil_well,0,0,7,0,0,0,0,0,0,,0,,0,1912.1695848907223,1,,0,,0,,0
FIRMS_81AFF41C,23.69753,86.07556,1.7,306.76,60.0,2026-08-09T20:17:00Z,N21,,0,,0,0,0,0,0,0,0,0,0,,0,,0,,0,,0,,0,,0
FIRMS_036A8A7A,23.70331,86.0727,2.1,304.19,60.0,2026-08-09T20:17:00Z,N21,,0,,0,0,0,0,0,0,0,0,0,,0,,0,,0,,0,,0,,0
FIRMS_C3484168,23.7062,86.07202,9.38,333.48,60.0,2026-08-09T20:17:00Z,N21,,0,,0,0,0,0,0,0,0,0,0,,0,,0,,0,,0,,0,,0
FIRMS_2FD8836B,23.70716,86.07356,7.04,334.81,60.0,2026-08-09T20:17:00Z,N21,,0,,0,0,0,0,0,0,0,0,0,,0,,0,,0,,0,,0,,0
FIRMS_8A7BFCEA,23.70856,86.44951,2.87,309.36,60.0,2026-08-09T20:17:00Z,N21,,0,,0,0,0,0,0,0,0,0,0,,0,,0,,0,,0,,0,,0
FIRMS_8A9B79F6,23.70926,86.44582,2.87,314.78,60.0,2026-08-09T20:17:00Z,N21,,0,,0,0,0,0,0,0,0,0,0,,0,,0,,0,,0,,0,,0
FIRMS_DABF8A38,23.71249,86.45039,2.87,332.01,60.0,2026-08-09T20:17:00Z,N21,,0,,0,0,0,0,0,0,0,0,0,,0,,0,,0,,0,,0,,0
FIRMS_DB896FC7,23.7363,86.43269,3.81,309.44,60.0,2026-08-09T20:17:00Z,N21,,0,,0,0,0,0,0,0,0,0,0,,0,,0,,0,,0,,0,,0
FIRMS_666ACF9C,23.75419,85.8543,1.65,310.54,60.0,2026-08-09T20:17:00Z,N21,2146.788948377158,1,oil_well,0,0,12,0,0,0,0,0,0,4014.626054196216,1,,0,2146.788948377158,1,,0,,0,,0
FIRMS_C77CD77D,23.75513,85.84918,1.65,304.16,60.0,2026-08-09T20:17:00Z,N21,1914.8057345769198,1,oil_well,0,0,12,0,0,0,0,0,0,4527.203720202001,1,,0,1914.8057345769198,1,,0,,0,,0
FIRMS_98FCF2A5,23.75694,86.40651,2.15,304.18,60.0,2026-08-09T20:17:00Z,N21,,0,,0,0,0,0,0,0,0,0,0,,0,,0,,0,,0,,0,,0
FIRMS_52F0563E,23.75745,85.85117,1.49,305.33,60.0,2026-08-09T20:17:00Z,N21,1702.0425293115493,1,oil_well,0,0,13,0,0,0,0,0,0,4241.658182060982,1,,0,1702.0425293115493,1,,0,,0,,0
FIRMS_F5957CCA,23.75768,86.40585,3.68,311.01,60.0,2026-08-09T20:17:00Z,N21,,0,,0,0,0,0,0,0,0,0,0,,0,,0,,0,,0,,0,,0
FIRMS_29D3CEDA,23.758,86.40105,5.08,313.31,60.0,2026-08-09T20:17:00Z,N21,,0,,0,0,0,0,0,0,0,0,0,,0,,0,,0,,0,,0,,0
FIRMS_A58CD82C,23.7587,86.40038,3.68,315.26,60.0,2026-08-09T20:17:00Z,N21,,0,,0,0,0,0,0,0,0,0,0,,0,,0,,0,,0,,0,,0
FIRMS_514D99A9,23.76192,86.40192,2.75,312.59,60.0,2026-08-09T20:17:00Z,N21,,0,,0,0,0,0,0,0,0,0,0,,0,,0,,0,,0,,0,,0
FIRMS_7106248E,23.76583,86.4028,2.75,305.76,60.0,2026-08-09T20:17:00Z,N21,,0,,0,0,0,0,0,0,0,0,0,,0,,0,,0,,0,,0,,0
FIRMS_563276CE,23.77288,86.19396,3.57,311.12,60.0,2026-08-09T20:17:00Z,N21,,0,,0,0,0,0,0,0,0,0,0,,0,,0,,0,,0,,0,,0
FIRMS_EC758B10,23.77375,86.21094,2.54,306.75,60.0,2026-08-09T20:17:00Z,N21,,0,,0,0,0,0,0,0,0,0,0,,0,,0,,0,,0,,0,,0
FIRMS_F55DC85E,23.77763,86.21175,2.58,316.59,60.0,2026-08-09T20:17:00Z,N21,,0,,0,0,0,0,0,0,0,0,0,,0,,0,,0,,0,,0,,0
FIRMS_41E659D1,23.77864,86.20638,2.72,306.67,60.0,2026-08-09T20:17:00Z,N21,,0,,0,0,0,0,0,0,0,0,0,,0,,0,,0,,0,,0,,0
FIRMS_915E2826,23.77999,86.37169,1.37,304.48,60.0,2026-08-09T20:17:00Z,N21,,0,,0,0,0,0,0,0,0,0,0,,0,,0,,0,,0,,0,,0
FIRMS_D6BFFAA0,23.78028,86.34899,2.35,308.01,60.0,2026-08-09T20:17:00Z,N21,,0,,0,0,0,0,0,0,0,0,0,,0,,0,,0,,0,,0,,0
FIRMS_F3F70599,23.78151,86.2126,2.58,307.34,60.0,2026-08-09T20:17:00Z,N21,,0,,0,0,0,0,0,0,0,0,0,,0,,0,,0,,0,,0,,0
FIRMS_50AF205C,23.78163,85.57536,4.68,306.83,60.0,2026-08-09T20:17:00Z,N21,2957.5947312592702,1,oil_well,0,0,1,0,0,0,0,0,0,,0,,0,2957.5947312592702,1,,0,,0,,0
FIRMS_B77FE756,23.78251,86.20722,2.72,311.54,60.0,2026-08-09T20:17:00Z,N21,,0,,0,0,0,0,0,0,0,0,0,,0,,0,,0,,0,,0,,0
FIRMS_A13C5185,23.78346,85.56535,2.95,313.4,60.0,2026-08-09T20:17:00Z,N21,2264.7222109676445,1,oil_well,0,0,2,0,0,0,0,0,0,,0,,0,2264.7222109676445,1,,0,,0,,0
FIRMS_520BA31C,23.78522,86.34442,2.35,304.76,60.0,2026-08-09T20:17:00Z,N21,,0,,0,0,0,0,0,0,0,0,0,,0,,0,,0,,0,,0,,0
FIRMS_BAA122F0,23.79399,86.23234,2.53,305.94,60.0,2026-08-09T20:17:00Z,N21,,0,,0,0,0,0,0,0,0,0,0,,0,,0,,0,,0,,0,,0
FIRMS_4F39D901,23.79436,86.23342,3.24,308.27,60.0,2026-08-09T20:17:00Z,N21,,0,,0,0,0,0,0,0,0,0,0,,0,,0,,0,,0,,0,,0
FIRMS_F5F0D8CC,24.13941,82.70577,1.72,307.83,60.0,2026-08-09T20:17:00Z,N21,4016.6147510666824,1,power_plant,0,0,1,0,0,0,0,0,0,4016.6147510666824,1,,0,,0,,0,,0,,0
FIRMS_F3904C53,24.16215,82.63046,0.82,302.45,60.0,2026-08-09T20:17:00Z,N21,,0,,0,0,0,0,0,0,0,0,0,,0,,0,,0,,0,,0,,0
FIRMS_E10BA1CE,24.20326,82.71017,2.16,303.67,60.0,2026-08-09T20:17:00Z,N21,,0,,0,0,0,0,0,0,0,0,0,,0,,0,,0,,0,,0,,0
FIRMS_E1B89A58,24.20391,82.70625,1.3,303.2,60.0,2026-08-09T20:17:00Z,N21,,0,,0,0,0,0,0,0,0,0,0,,0,,0,,0,,0,,0,,0
FIRMS_3FFB4699,24.2066,82.7108,1.52,306.64,60.0,2026-08-09T20:17:00Z,N21,,0,,0,0,0,0,0,0,0,0,0,,0,,0,,0,,0,,0,,0
FIRMS_ACB83157,24.44991,83.03921,1.62,309.22,60.0,2026-08-09T20:17:00Z,N21,,0,,0,0,0,0,0,0,0,0,0,,0,,0,,0,,0,,0,,0
FIRMS_D3359E83,26.64338,79.4809,1.26,295.12,60.0,2026-08-09T20:17:00Z,N21,,0,,0,0,0,0,0,0,0,0,0,,0,,0,,0,,0,,0,,0
FIRMS_D96A6D9E,9.58805,77.92776,0.85,306.26,60.0,2026-08-09T20:19:00Z,N21,,0,,0,0,0,0,0,0,0,0,0,,0,,0,,0,,0,,0,,0
FIRMS_76432DA8,9.70968,77.60219,3.92,330.98,60.0,2026-08-09T20:19:00Z,N21,,0,,0,0,0,0,0,0,0,0,0,,0,,0,,0,,0,,0,,0
FIRMS_636929CB,9.71022,77.59872,21.87,311.92,60.0,2026-08-09T20:19:00Z,N21,,0,,0,0,0,0,0,0,0,0,0,,0,,0,,0,,0,,0,,0
FIRMS_0505B549,9.71297,77.60271,3.92,331.82,60.0,2026-08-09T20:19:00Z,N21,,0,,0,0,0,0,0,0,0,0,0,,0,,0,,0,,0,,0,,0
FIRMS_A8BB5E63,9.7135,77.59925,21.87,346.16,60.0,2026-08-09T20:19:00Z,N21,,0,,0,0,0,0,0,0,0,0,0,,0,,0,,0,,0,,0,,0
FIRMS_7D004516,9.71626,77.60326,1.35,311.9,60.0,2026-08-09T20:19:00Z,N21,,0,,0,0,0,0,0,0,0,0,0,,0,,0,,0,,0,,0,,0
FIRMS_F0E1242C,9.71847,77.61072,9.6,339.89,60.0,2026-08-09T20:19:00Z,N21,,0,,0,0,0,0,0,0,0,0,0,,0,,0,,0,,0,,0,,0
FIRMS_B16E6AC2,9.719,77.60725,1.35,307.95,60.0,2026-08-09T20:19:00Z,N21,,0,,0,0,0,0,0,0,0,0,0,,0,,0,,0,,0,,0,,0
FIRMS_E072E3DA,9.72176,77.61125,6.99,344.7,60.0,2026-08-09T20:19:00Z,N21,,0,,0,0,0,0,0,0,0,0,0,,0,,0,,0,,0,,0,,0
FIRMS_3B29569B,9.72229,77.6078,2.69,322.01,60.0,2026-08-09T20:19:00Z,N21,,0,,0,0,0,0,0,0,0,0,0,,0,,0,,0,,0,,0,,0
FIRMS_198EEBDE,10.14223,78.34138,1.04,306.8,60.0,2026-08-09T20:19:00Z,N21,,0,,0,0,0,0,0,0,0,0,0,,0,,0,,0,,0,,0,,0
FIRMS_FD6824EC,10.41245,77.10535,1.16,301.84,60.0,2026-08-09T20:19:00Z,N21,,0,,0,0,0,0,0,0,0,0,0,,0,,0,,0,,0,,0,,0
FIRMS_BEDDB5A3,10.41522,77.10941,1.16,313.6,60.0,2026-08-09T20:19:00Z,N21,,0,,0,0,0,0,0,0,0,0,0,,0,,0,,0,,0,,0,,0
FIRMS_5E812F32,11.81046,77.92388,1.38,306.16,60.0,2026-08-09T20:19:00Z,N21,,0,,0,0,0,0,0,0,0,0,0,,0,,0,,0,,0,,0,,0
FIRMS_A711729D,11.81484,77.9174,2.46,316.97,60.0,2026-08-09T20:19:00Z,N21,,0,,0,0,0,0,0,0,0,0,0,,0,,0,,0,,0,,0,,0
FIRMS_C8EAF343,12.09458,79.06552,0.69,309.49,60.0,2026-08-09T20:19:00Z,N21,,0,,0,0,0,0,0,0,0,0,0,,0,,0,,0,,0,,0,,0
FIRMS_55AEA8A8,12.63012,76.94179,0.49,302.53,60.0,2026-08-09T20:19:00Z,N21,,0,,0,0,0,0,0,0,0,0,0,,0,,0,,0,,0,,0,,0
FIRMS_BEA90493,12.96904,77.32954,1.07,302.78,60.0,2026-08-09T20:19:00Z,N21,,0,,0,0,0,0,0,0,0,0,0,,0,,0,,0,,0,,0,,0
FIRMS_D3621DF4,13.32148,78.35851,0.4,301.07,60.0,2026-08-09T20:19:00Z,N21,,0,,0,0,0,0,0,0,0,0,0,,0,,0,,0,,0,,0,,0
FIRMS_5AA51E82,13.39307,80.1016,2.64,313.52,60.0,2026-08-09T20:19:00Z,N21,,0,,0,0,0,0,0,0,0,0,0,,0,,0,,0,,0,,0,,0
FIRMS_724CAB75,19.96264,79.33604,2.57,323.2,60.0,2026-08-09T20:19:00Z,N21,,0,,0,0,0,0,0,0,0,0,0,,0,,0,,0,,0,,0,,0
FIRMS_EAE00177,19.99649,79.17857,1.13,304.91,60.0,2026-08-09T20:19:00Z,N21,,0,,0,0,0,0,0,0,0,0,0,,0,,0,,0,,0,,0,,0
FIRMS_D2811130,9.20456,78.36428,3.77,330.95,60.0,2026-08-10T07:26:00Z,N21,,0,,0,0,0,0,0,0,0,0,0,,0,,0,,0,,0,,0,,0
FIRMS_9EC8DFFA,9.31451,78.04694,3.82,330.23,60.0,2026-08-10T07:26:00Z,N21,,0,,0,0,0,0,0,0,0,0,0,,0,,0,,0,,0,,0,,0
FIRMS_D1E572C1,9.33854,78.72203,2.84,333.44,60.0,2026-08-10T07:26:00Z,N21,,0,,0,0,0,0,0,0,0,0,0,,0,,0,,0,,0,,0,,0
FIRMS_67B38D42,9.51796,78.82596,1.86,331.44,60.0,2026-08-10T07:26:00Z,N21,,0,,0,0,0,0,0,0,0,0,0,,0,,0,,0,,0,,0,,0
FIRMS_E171A4AF,9.72778,77.59988,4.03,338.48,60.0,2026-08-10T07:26:00Z,N21,,0,,0,0,0,0,0,0,0,0,0,,0,,0,,0,,0,,0,,0
FIRMS_B57EA67F,9.76248,78.33206,3.31,331.55,60.0,2026-08-10T07:26:00Z,N21,,0,,0,0,0,0,0,0,0,0,0,,0,,0,,0,,0,,0,,0
FIRMS_BFC53E7E,9.86161,77.38474,5.81,330.94,60.0,2026-08-10T07:26:00Z,N21,,0,,0,0,0,0,0,0,0,0,0,,0,,0,,0,,0,,0,,0
FIRMS_E92A5DB6,9.87769,77.43696,5.76,337.35,60.0,2026-08-10T07:26:00Z,N21,,0,,0,0,0,0,0,0,0,0,0,,0,,0,,0,,0,,0,,0
FIRMS_0FB1CA24,9.98394,79.04431,5.35,336.01,60.0,2026-08-10T07:26:00Z,N21,,0,,0,0,0,0,0,0,0,0,0,,0,,0,,0,,0,,0,,0
FIRMS_F72E2F62,10.39844,79.4175,4.2,344.61,60.0,2026-08-10T07:26:00Z,N21,2058.077486381862,1,oil_well,0,0,1,0,0,0,0,0,0,,0,,0,2058.077486381862,1,,0,,0,,0
FIRMS_7AEC6CBF,10.39993,79.41699,4.29,344.62,60.0,2026-08-10T07:26:00Z,N21,2184.570879439012,1,oil_well,0,0,1,0,0,0,0,0,0,,0,,0,2184.570879439012,1,,0,,0,,0
FIRMS_36723125,11.99036,78.95662,4.44,334.23,60.0,2026-08-10T07:26:00Z,N21,,0,,0,0,0,0,0,0,0,0,0,,0,,0,,0,,0,,0,,0
FIRMS_DD04C151,12.06076,79.03645,2.54,338.62,60.0,2026-08-10T07:26:00Z,N21,,0,,0,0,0,0,0,0,0,0,0,,0,,0,,0,,0,,0,,0
FIRMS_11B50C3F,12.06379,79.03509,5.7,336.54,60.0,2026-08-10T07:26:00Z,N21,,0,,0,0,0,0,0,0,0,0,0,,0,,0,,0,,0,,0,,0
FIRMS_B3901A87,13.50082,79.60096,22.49,339.29,60.0,2026-08-10T07:26:00Z,N21,,0,,0,0,0,0,0,0,0,0,0,,0,,0,,0,,0,,0,,0
FIRMS_376089B6,13.98913,79.8261,14.68,340.59,60.0,2026-08-10T07:29:00Z,N21,,0,,0,0,0,0,0,0,0,0,0,,0,,0,,0,,0,,0,,0
FIRMS_A3FF150E,13.99597,79.86233,6.42,339.64,60.0,2026-08-10T07:29:00Z,N21,,0,,0,0,0,0,0,0,0,0,0,,0,,0,,0,,0,,0,,0
FIRMS_DDB3F174,14.04347,79.23308,10.14,334.18,60.0,2026-08-10T07:29:00Z,N21,,0,,0,0,0,0,0,0,0,0,0,,0,,0,,0,,0,,0,,0
FIRMS_FF5D1540,14.04673,79.23515,8.01,335.94,60.0,2026-08-10T07:29:00Z,N21,,0,,0,0,0,0,0,0,0,0,0,,0,,0,,0,,0,,0,,0
FIRMS_54D7532B,14.12223,79.97894,9.56,342.05,60.0,2026-08-10T07:29:00Z,N21,,0,,0,0,0,0,0,0,0,0,0,,0,,0,,0,,0,,0,,0
FIRMS_EEB174D5,14.15374,79.6483,9.77,340.24,60.0,2026-08-10T07:29:00Z,N21,,0,,0,0,0,0,0,0,0,0,0,,0,,0,,0,,0,,0,,0
FIRMS_02423D55,14.21367,79.15493,8.95,339.22,60.0,2026-08-10T07:29:00Z,N21,,0,,0,0,0,0,0,0,0,0,0,,0,,0,,0,,0,,0,,0
FIRMS_DC6EB76C,14.42585,77.91759,4.76,342.18,60.0,2026-08-10T07:29:00Z,N21,,0,,0,0,0,0,0,0,0,0,0,,0,,0,,0,,0,,0,,0
FIRMS_1883714E,14.60677,79.58267,15.23,345.75,60.0,2026-08-10T07:29:00Z,N21,,0,,0,0,0,0,0,0,0,0,0,,0,,0,,0,,0,,0,,0
FIRMS_FA52F3D5,14.7102,79.80735,5.18,332.98,60.0,2026-08-10T07:29:00Z,N21,,0,,0,0,0,0,0,0,0,0,0,,0,,0,,0,,0,,0,,0
FIRMS_3921E47E,14.71236,79.8091,5.99,335.61,60.0,2026-08-10T07:29:00Z,N21,,0,,0,0,0,0,0,0,0,0,0,,0,,0,,0,,0,,0,,0
FIRMS_0809C5E8,14.78906,79.7129,7.21,335.84,60.0,2026-08-10T07:29:00Z,N21,,0,,0,0,0,0,0,0,0,0,0,,0,,0,,0,,0,,0,,0
FIRMS_B44C24FF,14.91595,79.59067,3.53,330.0,60.0,2026-08-10T07:29:00Z,N21,,0,,0,0,0,0,0,0,0,0,0,,0,,0,,0,,0,,0,,0
FIRMS_E4202552,15.10113,79.99052,4.22,336.63,60.0,2026-08-10T07:29:00Z,N21,,0,,0,0,0,0,0,0,0,0,0,,0,,0,,0,,0,,0,,0
FIRMS_A8AFCC70,15.24499,80.04926,2.85,331.15,60.0,2026-08-10T07:29:00Z,N21,,0,,0,0,0,0,0,0,0,0,0,,0,,0,,0,,0,,0,,0
FIRMS_6B970F0E,15.29655,79.9203,4.51,332.49,60.0,2026-08-10T07:29:00Z,N21,,0,,0,0,0,0,0,0,0,0,0,,0,,0,,0,,0,,0,,0
FIRMS_1CFDF423,15.31361,79.78432,4.76,337.27,60.0,2026-08-10T07:29:00Z,N21,,0,,0,0,0,0,0,0,0,0,0,,0,,0,,0,,0,,0,,0
FIRMS_EC257FB6,15.41752,78.95675,7.34,343.75,60.0,2026-08-10T07:29:00Z,N21,,0,,0,0,0,0,0,0,0,0,0,,0,,0,,0,,0,,0,,0
FIRMS_5BDFD350,15.52739,80.19402,7.02,335.57,60.0,2026-08-10T07:29:00Z,N21,,0,,0,0,0,0,0,0,0,0,0,,0,,0,,0,,0,,0,,0
FIRMS_635BC020,15.65816,80.04972,3.89,336.47,60.0,2026-08-10T07:29:00Z,N21,,0,,0,0,0,0,0,0,0,0,0,,0,,0,,0,,0,,0,,0
FIRMS_35818688,15.75647,79.76901,12.35,354.72,60.0,2026-08-10T07:29:00Z,N21,,0,,0,0,0,0,0,0,0,0,0,,0,,0,,0,,0,,0,,0
FIRMS_F5C260A9,15.78391,79.83963,6.58,342.6,60.0,2026-08-10T07:29:00Z,N21,,0,,0,0,0,0,0,0,0,0,0,,0,,0,,0,,0,,0,,0
FIRMS_22E4E5B3,15.86675,79.77457,5.8,342.33,60.0,2026-08-10T07:29:00Z,N21,,0,,0,0,0,0,0,0,0,0,0,,0,,0,,0,,0,,0,,0
FIRMS_326393D5,15.99041,76.83838,10.14,341.63,60.0,2026-08-10T07:29:00Z,N21,,0,,0,0,0,0,0,0,0,0,0,,0,,0,,0,,0,,0,,0
FIRMS_BEB31D9C,15.99106,76.83946,4.87,351.18,60.0,2026-08-10T07:29:00Z,N21,,0,,0,0,0,0,0,0,0,0,0,,0,,0,,0,,0,,0,,0
FIRMS_A103E47F,16.62688,80.19164,15.58,353.11,60.0,2026-08-10T07:29:00Z,N21,,0,,0,0,0,0,0,0,0,0,0,,0,,0,,0,,0,,0,,0
FIRMS_CC5F9E59,17.73785,78.74373,9.04,332.53,60.0,2026-08-10T07:29:00Z,N21,,0,,0,0,0,0,0,0,0,0,0,,0,,0,,0,,0,,0,,0
FIRMS_EA5CAD95,20.865,84.98891,7.15,340.15,60.0,2026-08-10T07:29:00Z,N21,,0,,0,0,0,0,0,0,0,0,0,,0,,0,,0,,0,,0,,0
FIRMS_D4D7AABB,22.24657,87.38881,3.99,333.61,60.0,2026-08-10T07:29:00Z,N21,,0,,0,0,0,0,0,0,0,0,0,,0,,0,,0,,0,,0,,0
FIRMS_12AFF50B,22.35876,87.29115,5.9,334.21,60.0,2026-08-10T07:29:00Z,N21,,0,,0,0,0,0,0,0,0,0,0,,0,,0,,0,,0,,0,,0
FIRMS_D6F1C76C,22.3638,87.30231,7.16,337.75,60.0,2026-08-10T07:29:00Z,N21,,0,,0,0,0,0,0,0,0,0,0,,0,,0,,0,,0,,0,,0
FIRMS_79FE3EFF,22.36717,87.30176,5.21,344.08,60.0,2026-08-10T07:29:00Z,N21,,0,,0,0,0,0,0,0,0,0,0,,0,,0,,0,,0,,0,,0
FIRMS_89460FD0,22.37055,87.3012,5.21,334.26,60.0,2026-08-10T07:29:00Z,N21,,0,,0,0,0,0,0,0,0,0,0,,0,,0,,0,,0,,0,,0
FIRMS_7D400E0F,22.3779,87.28001,9.22,343.35,60.0,2026-08-10T07:29:00Z,N21,,0,,0,0,0,0,0,0,0,0,0,,0,,0,,0,,0,,0,,0
FIRMS_3E594A85,26.15964,93.67596,1.76,331.4,60.0,2026-08-10T07:29:00Z,N21,,0,,0,0,0,0,0,0,0,0,0,,0,,0,,0,,0,,0,,0
FIRMS_2D1E89BA,23.56004,87.2403,4.1,333.02,60.0,2026-08-10T07:31:00Z,N21,694.3052177969757,1,oil_well,0,1,8,0,0,1,0,0,0,4288.1195346029845,1,,0,694.3052177969757,1,,0,,0,,0
FIRMS_42AFE6D5,23.64777,85.43678,4.68,334.76,60.0,2026-08-10T07:31:00Z,N21,,0,,0,0,0,0,0,0,0,0,0,,0,,0,,0,,0,,0,,0
FIRMS_41CADF2B,23.64833,85.44051,7.15,343.27,60.0,2026-08-10T07:31:00Z,N21,,0,,0,0,0,0,0,0,0,0,0,,0,,0,,0,,0,,0,,0
FIRMS_4F05DE5E,23.68788,87.12254,5.25,331.36,60.0,2026-08-10T07:31:00Z,N21,,0,,0,0,0,0,0,0,0,0,0,,0,,0,,0,,0,,0,,0
FIRMS_93EAE4F1,23.69127,87.12198,8.44,331.33,60.0,2026-08-10T07:31:00Z,N21,4997.556969747124,1,oil_well,0,0,1,0,0,0,0,0,0,,0,,0,4997.556969747124,1,,0,,0,,0
FIRMS_F0E62583,23.7799,86.21191,6.15,337.8,60.0,2026-08-10T07:31:00Z,N21,,0,,0,0,0,0,0,0,0,0,0,,0,,0,,0,,0,,0,,0
FIRMS_BD3E0D01,26.77069,94.50476,2.48,307.0,60.0,2026-08-10T19:55:00Z,N21,394.91933318162967,1,oil_well,1,2,7,0,0,2,0,0,0,,0,,0,394.91933318162967,1,,0,,0,,0
FIRMS_5E12F170,27.37786,95.08848,4.96,306.89,60.0,2026-08-10T19:55:00Z,N21,131.5080387431113,1,oil_well,4,23,84,0,0,23,0,0,0,3576.9590666539693,1,,0,131.5080387431113,1,,0,,0,,0
FIRMS_843F048D,17.9557,80.79392,1.63,304.46,60.0,2026-08-10T19:57:00Z,N21,,0,,0,0,0,0,0,0,0,0,0,,0,,0,,0,,0,,0,,0
FIRMS_C7263D70,18.68258,73.03286,3.46,308.24,60.0,2026-08-10T19:57:00Z,N21,,0,,0,0,0,0,0,0,0,0,0,,0,,0,,0,,0,,0,,0
FIRMS_84B48DBE,22.20884,84.86089,0.88,301.49,60.0,2026-08-10T19:57:00Z,N21,,0,,0,0,0,0,0,0,0,0,0,,0,,0,,0,,0,,0,,0
FIRMS_282AFC9E,22.21157,84.86518,1.61,304.41,60.0,2026-08-10T19:57:00Z,N21,,0,,0,0,0,0,0,0,0,0,0,,0,,0,,0,,0,,0,,0
FIRMS_45E9F10B,22.21166,84.84229,1.0,305.07,60.0,2026-08-10T19:57:00Z,N21,,0,,0,0,0,0,0,0,0,0,0,,0,,0,,0,,0,,0,,0
FIRMS_DD2D52D8,22.36104,87.01694,0.83,305.68,60.0,2026-08-10T19:57:00Z,N21,,0,,0,0,0,0,0,0,0,0,0,,0,,0,,0,,0,,0,,0
FIRMS_03532A85,22.36437,87.01758,0.83,303.06,60.0,2026-08-10T19:57:00Z,N21,,0,,0,0,0,0,0,0,0,0,0,,0,,0,,0,,0,,0,,0
FIRMS_EAA602B3,22.7915,86.19377,1.67,306.76,60.0,2026-08-10T19:57:00Z,N21,,0,,0,0,0,0,0,0,0,0,0,,0,,0,,0,,0,,0,,0
FIRMS_4759EC31,22.808,86.08971,1.88,306.19,60.0,2026-08-10T19:57:00Z,N21,,0,,0,0,0,0,0,0,0,0,0,,0,,0,,0,,0,,0,,0
FIRMS_718AA9D0,22.81188,86.0866,2.12,306.38,60.0,2026-08-10T19:57:00Z,N21,4670.938625037264,1,power_plant,0,0,1,0,0,0,0,0,0,4670.938625037264,1,,0,,0,,0,,0,,0
FIRMS_C7AC415B,22.87397,86.06298,2.25,316.62,60.0,2026-08-10T19:57:00Z,N21,3691.9658937298623,1,power_plant,0,0,1,0,0,0,0,0,0,3691.9658937298623,1,,0,,0,,0,,0,,0
FIRMS_CFF7D49A,23.55993,87.24093,1.76,308.91,60.0,2026-08-10T19:57:00Z,N21,736.2296677073472,1,oil_well,0,1,8,0,0,1,0,0,0,4349.450225039774,1,,0,736.2296677073472,1,,0,,0,,0
FIRMS_5721328B,23.56183,87.22941,4.05,328.04,60.0,2026-08-10T19:57:00Z,N21,897.8530964657522,1,oil_well,0,1,6,0,0,1,0,0,0,3260.5720601009716,1,,0,897.8530964657522,1,,0,,0,,0
FIRMS_548D434B,23.60892,85.67542,1.35,308.2,60.0,2026-08-10T19:57:00Z,N21,,0,,0,0,0,0,0,0,0,0,0,,0,,0,,0,,0,,0,,0
FIRMS_093D612C,23.61301,86.79169,1.77,310.86,60.0,2026-08-10T19:57:00Z,N21,,0,,0,0,0,0,0,0,0,0,0,,0,,0,,0,,0,,0,,0
FIRMS_18160715,23.61509,85.65737,1.26,306.21,60.0,2026-08-10T19:57:00Z,N21,,0,,0,0,0,0,0,0,0,0,0,,0,,0,,0,,0,,0,,0
FIRMS_CB0E3F2E,23.64509,85.44019,3.01,324.91,60.0,2026-08-10T19:57:00Z,N21,,0,,0,0,0,0,0,0,0,0,0,,0,,0,,0,,0,,0,,0
FIRMS_1095A699,23.64838,85.44078,2.52,323.99,60.0,2026-08-10T19:57:00Z,N21,,0,,0,0,0,0,0,0,0,0,0,,0,,0,,0,,0,,0,,0
FIRMS_040E2CB6,23.64895,85.43704,2.52,325.78,60.0,2026-08-10T19:57:00Z,N21,,0,,0,0,0,0,0,0,0,0,0,,0,,0,,0,,0,,0,,0
FIRMS_69C250B1,23.65509,85.50732,1.55,309.62,60.0,2026-08-10T19:57:00Z,N21,,0,,0,0,0,0,0,0,0,0,0,,0,,0,,0,,0,,0,,0
FIRMS_60C0AE06,23.66234,87.1571,1.7,306.06,60.0,2026-08-10T19:57:00Z,N21,,0,,0,0,0,0,0,0,0,0,0,,0,,0,,0,,0,,0,,0
FIRMS_05BC773E,23.66297,87.15327,1.7,317.13,60.0,2026-08-10T19:57:00Z,N21,,0,,0,0,0,0,0,0,0,0,0,,0,,0,,0,,0,,0,,0
FIRMS_7DA6F3FF,23.67598,85.32647,1.51,305.81,60.0,2026-08-10T19:57:00Z,N21,2313.0136777301427,1,oil_well,0,0,6,0,0,0,0,0,0,,0,,0,2313.0136777301427,1,,0,,0,,0
FIRMS_082A9CA7,23.68402,85.36255,2.1,313.13,60.0,2026-08-10T19:57:00Z,N21,4797.001294888036,1,oil_well,0,0,2,0,0,0,0,0,0,,0,,0,4797.001294888036,1,,0,,0,,0
FIRMS_75F6B997,23.68856,87.12273,2.97,315.81,60.0,2026-08-10T19:57:00Z,N21,,0,,0,0,0,0,0,0,0,0,0,,0,,0,,0,,0,,0,,0
FIRMS_5998EBD9,23.689,87.09917,2.93,309.6,60.0,2026-08-10T19:57:00Z,N21,,0,,0,0,0,0,0,0,0,0,0,,0,,0,,0,,0,,0,,0
FIRMS_6912FF4A,23.69488,85.29129,2.07,312.52,60.0,2026-08-10T19:57:00Z,N21,1726.3051057044568,1,oil_well,0,0,7,0,0,0,0,0,0,,0,,0,1726.3051057044568,1,,0,,0,,0
FIRMS_1210B0C5,23.69545,85.28754,1.72,306.04,60.0,2026-08-10T19:57:00Z,N21,1683.961856462184,1,oil_well,0,0,9,0,0,0,0,0,0,,0,,0,1683.961856462184,1,,0,,0,,0
FIRMS_12DBE6DB,23.69605,85.37241,1.38,308.21,60.0,2026-08-10T19:57:00Z,N21,,0,,0,0,0,0,0,0,0,0,0,,0,,0,,0,,0,,0,,0
FIRMS_73624F21,23.69662,85.36866,1.38,314.3,60.0,2026-08-10T19:57:00Z,N21,,0,,0,0,0,0,0,0,0,0,0,,0,,0,,0,,0,,0,,0
FIRMS_EE6EDA95,23.74367,85.50733,1.38,308.54,60.0,2026-08-10T19:57:00Z,N21,2133.321377509151,1,oil_well,0,0,4,0,0,0,0,0,0,,0,,0,2133.321377509151,1,,0,,0,,0
FIRMS_2DFEC5C9,23.75513,85.85488,1.86,315.51,60.0,2026-08-10T19:57:00Z,N21,2072.6238350897383,1,oil_well,0,0,12,0,0,0,0,0,0,3948.041682384848,1,,0,2072.6238350897383,1,,0,,0,,0
FIRMS_45F4CFB1,23.75571,85.85116,2.85,314.74,60.0,2026-08-10T19:57:00Z,N21,1888.9475544974255,1,oil_well,0,0,12,0,0,0,0,0,0,4322.865126941269,1,,0,1888.9475544974255,1,,0,,0,,0
FIRMS_B30B2D86,23.75841,85.85548,1.86,309.14,60.0,2026-08-10T19:57:00Z,N21,1774.7138816238728,1,oil_well,0,0,13,0,0,0,0,0,0,3868.8346195254785,1,,0,1774.7138816238728,1,,0,,0,,0
FIRMS_04C304E2,23.78053,85.57547,2.02,312.69,60.0,2026-08-10T19:57:00Z,N21,2910.5863930578603,1,oil_well,0,0,1,0,0,0,0,0,0,,0,,0,2910.5863930578603,1,,0,,0,,0
FIRMS_162E0479,23.78168,85.56799,2.96,320.3,60.0,2026-08-10T19:57:00Z,N21,2332.3282060931847,1,oil_well,0,0,2,0,0,0,0,0,0,,0,,0,2332.3282060931847,1,,0,,0,,0
FIRMS_ACD5FB05,23.78728,85.55363,1.93,319.06,60.0,2026-08-10T19:57:00Z,N21,2089.643843304966,1,oil_well,0,0,3,0,0,0,0,0,0,,0,,0,2089.643843304966,1,,0,,0,,0
FIRMS_00A6D95E,23.82354,85.49873,2.07,307.29,60.0,2026-08-10T19:57:00Z,N21,,0,,0,0,0,0,0,0,0,0,0,,0,,0,,0,,0,,0,,0
FIRMS_A6053017,23.82411,85.49497,1.33,308.01,60.0,2026-08-10T19:57:00Z,N21,,0,,0,0,0,0,0,0,0,0,0,,0,,0,,0,,0,,0,,0
FIRMS_302DC29D,23.83799,85.47054,1.5,307.63,60.0,2026-08-10T19:57:00Z,N21,,0,,0,0,0,0,0,0,0,0,0,,0,,0,,0,,0,,0,,0
FIRMS_C35F559F,16.87159,80.02176,3.66,309.16,60.0,2026-08-10T20:00:00Z,N21,,0,,0,0,0,0,0,0,0,0,0,,0,,0,,0,,0,,0,,0
FIRMS_2D7613DC,8.61557,77.95248,3.9,309.08,60.0,2026-08-10T20:02:00Z,N21,,0,,0,0,0,0,0,0,0,0,0,,0,,0,,0,,0,,0,,0
FIRMS_08A5A63D,8.61773,77.95042,3.56,305.97,60.0,2026-08-10T20:02:00Z,N21,,0,,0,0,0,0,0,0,0,0,0,,0,,0,,0,,0,,0,,0
FIRMS_8BE13CCD,9.52524,77.44672,1.84,312.63,60.0,2026-08-10T20:02:00Z,N21,,0,,0,0,0,0,0,0,0,0,0,,0,,0,,0,,0,,0,,0
FIRMS_A916FDF3,9.52916,77.44801,1.84,320.3,60.0,2026-08-10T20:02:00Z,N21,,0,,0,0,0,0,0,0,0,0,0,,0,,0,,0,,0,,0,,0
FIRMS_F6A431CA,9.70103,77.58763,2.05,310.36,60.0,2026-08-10T20:02:00Z,N21,,0,,0,0,0,0,0,0,0,0,0,,0,,0,,0,,0,,0,,0
FIRMS_62D970C4,9.70394,77.59586,1.85,311.45,60.0,2026-08-10T20:02:00Z,N21,,0,,0,0,0,0,0,0,0,0,0,,0,,0,,0,,0,,0,,0
FIRMS_53F2790E,9.70502,77.5883,2.57,316.19,60.0,2026-08-10T20:02:00Z,N21,,0,,0,0,0,0,0,0,0,0,0,,0,,0,,0,,0,,0,,0
FIRMS_BBFE88B9,9.70789,77.59677,1.85,310.51,60.0,2026-08-10T20:02:00Z,N21,,0,,0,0,0,0,0,0,0,0,0,,0,,0,,0,,0,,0,,0
FIRMS_A33AB3EB,9.71671,77.59211,1.31,305.85,60.0,2026-08-10T20:02:00Z,N21,,0,,0,0,0,0,0,0,0,0,0,,0,,0,,0,,0,,0,,0
FIRMS_C3467A53,9.72094,77.61962,1.59,304.78,60.0,2026-08-10T20:02:00Z,N21,,0,,0,0,0,0,0,0,0,0,0,,0,,0,,0,,0,,0,,0
FIRMS_FB8F47CF,9.79602,77.71014,1.49,303.22,60.0,2026-08-10T20:02:00Z,N21,,0,,0,0,0,0,0,0,0,0,0,,0,,0,,0,,0,,0,,0
FIRMS_AB10BFCE,9.89888,77.68959,4.47,322.37,60.0,2026-08-10T20:02:00Z,N21,,0,,0,0,0,0,0,0,0,0,0,,0,,0,,0,,0,,0,,0
FIRMS_8A601078,9.90871,77.29308,0.76,305.26,60.0,2026-08-10T20:02:00Z,N21,,0,,0,0,0,0,0,0,0,0,0,,0,,0,,0,,0,,0,,0
FIRMS_629DD648,13.36684,80.15215,12.38,347.03,60.0,2026-08-11T07:07:00Z,N21,,0,,0,0,0,0,0,0,0,0,0,,0,,0,,0,,0,,0,,0
FIRMS_B0A84922,15.07768,79.50777,16.26,353.84,60.0,2026-08-11T07:07:00Z,N21,,0,,0,0,0,0,0,0,0,0,0,,0,,0,,0,,0,,0,,0
FIRMS_0CD757DD,15.69567,79.26577,5.39,337.62,60.0,2026-08-11T07:07:00Z,N21,,0,,0,0,0,0,0,0,0,0,0,,0,,0,,0,,0,,0,,0
FIRMS_DF518E3E,16.58605,80.65424,7.56,331.11,60.0,2026-08-11T07:07:00Z,N21,,0,,0,0,0,0,0,0,0,0,0,,0,,0,,0,,0,,0,,0
FIRMS_9006E819,16.58618,80.65712,12.48,367.0,90.0,2026-08-11T07:07:00Z,N21,,0,,0,0,0,0,0,0,0,0,0,,0,,0,,0,,0,,0,,0
FIRMS_3B65F788,16.58698,80.65855,7.56,344.55,60.0,2026-08-11T07:07:00Z,N21,,0,,0,0,0,0,0,0,0,0,0,,0,,0,,0,,0,,0,,0
FIRMS_DB3E83F4,17.1208,79.64844,5.11,331.62,60.0,2026-08-11T07:09:00Z,N21,,0,,0,0,0,0,0,0,0,0,0,,0,,0,,0,,0,,0,,0
FIRMS_EDABCD53,23.64727,85.43806,10.29,342.63,60.0,2026-08-11T07:09:00Z,N21,,0,,0,0,0,0,0,0,0,0,0,,0,,0,,0,,0,,0,,0
FIRMS_D16DCB3A,23.67569,86.39914,13.01,332.68,30.0,2026-08-11T07:09:00Z,N21,2406.0159502883484,1,oil_well,0,0,2,0,0,0,0,0,0,,0,,0,2406.0159502883484,1,,0,,0,,0
FIRMS_656A2289,23.68565,86.39246,7.42,331.76,30.0,2026-08-11T07:09:00Z,N21,2866.9282172024346,1,oil_well,0,0,12,0,0,0,0,0,0,,0,,0,2866.9282172024346,1,,0,,0,,0
FIRMS_E3D47A09,23.82465,84.57246,10.61,342.89,60.0,2026-08-11T07:09:00Z,N21,,0,,0,0,0,0,0,0,0,0,0,,0,,0,,0,,0,,0,,0
FIRMS_D3246A4C,26.3854,93.8444,2.8,331.92,60.0,2026-08-11T07:09:00Z,N21,,0,,0,0,0,0,0,0,0,0,0,,0,,0,,0,,0,,0,,0
FIRMS_A76A14C6,26.78612,90.26047,4.77,338.37,60.0,2026-08-11T07:12:00Z,N21,,0,,0,0,0,0,0,0,0,0,0,,0,,0,,0,,0,,0,,0
FIRMS_084391F5,26.90926,93.12027,5.56,335.9,60.0,2026-08-11T07:12:00Z,N21,,0,,0,0,0,0,0,0,0,0,0,,0,,0,,0,,0,,0,,0
FIRMS_278AC11F,26.91881,82.54733,4.34,331.74,60.0,2026-08-11T07:12:00Z,N21,,0,,0,0,0,0,0,0,0,0,0,,0,,0,,0,,0,,0,,0
FIRMS_1D4630C7,27.46919,95.4225,5.07,335.99,60.0,2026-08-11T07:12:00Z,N21,882.2988126696121,1,oil_well,0,4,95,0,0,4,0,0,0,,0,,0,882.2988126696121,1,,0,,0,,0
FIRMS_44811536,27.77261,95.53301,2.7,331.67,30.0,2026-08-11T07:12:00Z,N21,,0,,0,0,0,0,0,0,0,0,0,,0,,0,,0,,0,,0,,0
FIRMS_F1D019AB,27.95418,95.59555,13.11,330.24,30.0,2026-08-11T07:12:00Z,N21,,0,,0,0,0,0,0,0,0,0,0,,0,,0,,0,,0,,0,,0
FIRMS_8405AE9E,9.08864,77.73862,4.77,337.47,60.0,2026-08-11T08:48:00Z,N21,,0,,0,0,0,0,0,0,0,0,0,,0,,0,,0,,0,,0,,0
FIRMS_DB112FB5,9.96719,78.07066,15.53,367.0,90.0,2026-08-11T08:48:00Z,N21,2996.900020396796,1,power_plant,0,0,1,0,0,0,0,0,0,2996.900020396796,1,,0,,0,,0,,0,,0
FIRMS_B6BC8EA5,13.20042,78.67389,9.21,331.44,60.0,2026-08-11T08:48:00Z,N21,,0,,0,0,0,0,0,0,0,0,0,,0,,0,,0,,0,,0,,0
FIRMS_7EEBEFDA,13.20075,78.67249,4.37,340.25,60.0,2026-08-11T08:48:00Z,N21,,0,,0,0,0,0,0,0,0,0,0,,0,,0,,0,,0,,0,,0
FIRMS_DDE822AA,14.27528,77.99455,4.88,331.24,60.0,2026-08-11T08:48:00Z,N21,,0,,0,0,0,0,0,0,0,0,0,,0,,0,,0,,0,,0,,0
FIRMS_69EB4F89,14.72327,79.55089,14.2,333.09,60.0,2026-08-11T08:48:00Z,N21,,0,,0,0,0,0,0,0,0,0,0,,0,,0,,0,,0,,0,,0
FIRMS_90389DCC,14.83705,77.94846,5.88,346.93,60.0,2026-08-11T08:50:00Z,N21,,0,,0,0,0,0,0,0,0,0,0,,0,,0,,0,,0,,0,,0
FIRMS_F09CE75D,15.56153,79.95013,6.93,336.42,60.0,2026-08-11T08:50:00Z,N21,,0,,0,0,0,0,0,0,0,0,0,,0,,0,,0,,0,,0,,0
FIRMS_9698D37A,15.56281,79.95138,13.62,343.95,60.0,2026-08-11T08:50:00Z,N21,,0,,0,0,0,0,0,0,0,0,0,,0,,0,,0,,0,,0,,0
FIRMS_E4DD7E53,21.92625,85.22292,0.95,298.38,60.0,2026-08-11T19:38:00Z,N21,,0,,0,0,0,0,0,0,0,0,0,,0,,0,,0,,0,,0,,0
FIRMS_7BCE7929,22.36122,87.01827,2.12,309.3,60.0,2026-08-11T19:38:00Z,N21,,0,,0,0,0,0,0,0,0,0,0,,0,,0,,0,,0,,0,,0
FIRMS_836C5CF4,22.36931,87.29943,2.15,310.35,60.0,2026-08-11T19:38:00Z,N21,,0,,0,0,0,0,0,0,0,0,0,,0,,0,,0,,0,,0,,0
FIRMS_C445470F,22.37579,87.2784,2.68,316.74,60.0,2026-08-11T19:38:00Z,N21,,0,,0,0,0,0,0,0,0,0,0,,0,,0,,0,,0,,0,,0
FIRMS_5520BC64,22.37933,87.27896,2.93,316.6,60.0,2026-08-11T19:38:00Z,N21,,0,,0,0,0,0,0,0,0,0,0,,0,,0,,0,,0,,0,,0
FIRMS_27D4FDF2,22.57257,85.89838,1.17,302.9,60.0,2026-08-11T19:38:00Z,N21,,0,,0,0,0,0,0,0,0,0,0,,0,,0,,0,,0,,0,,0
FIRMS_F2138EB6,22.78912,86.19343,0.77,302.03,60.0,2026-08-11T19:38:00Z,N21,,0,,0,0,0,0,0,0,0,0,0,,0,,0,,0,,0,,0,,0
FIRMS_041E131F,22.79095,86.20874,2.59,300.27,60.0,2026-08-11T19:38:00Z,N21,,0,,0,0,0,0,0,0,0,0,0,,0,,0,,0,,0,,0,,0
FIRMS_0C22DCBB,22.79471,86.20924,2.59,324.38,60.0,2026-08-11T19:38:00Z,N21,,0,,0,0,0,0,0,0,0,0,0,,0,,0,,0,,0,,0,,0
FIRMS_5C58E501,22.79535,86.20437,3.03,329.04,60.0,2026-08-11T19:38:00Z,N21,,0,,0,0,0,0,0,0,0,0,0,,0,,0,,0,,0,,0,,0
FIRMS_B1EEF6DE,22.79599,86.19947,3.03,301.74,60.0,2026-08-11T19:38:00Z,N21,,0,,0,0,0,0,0,0,0,0,0,,0,,0,,0,,0,,0,,0
FIRMS_7A2172C3,22.79847,86.20977,2.07,306.86,60.0,2026-08-11T19:38:00Z,N21,,0,,0,0,0,0,0,0,0,0,0,,0,,0,,0,,0,,0,,0
FIRMS_EAFF2BFD,22.79893,86.08892,2.12,305.93,60.0,2026-08-11T19:38:00Z,N21,,0,,0,0,0,0,0,0,0,0,0,,0,,0,,0,,0,,0,,0
FIRMS_45553958,22.79911,86.20488,1.78,308.11,60.0,2026-08-11T19:38:00Z,N21,,0,,0,0,0,0,0,0,0,0,0,,0,,0,,0,,0,,0,,0
FIRMS_FE3E19CD,22.8725,88.21297,0.59,304.07,60.0,2026-08-11T19:38:00Z,N21,,0,,0,0,0,0,0,0,0,0,0,,0,,0,,0,,0,,0,,0
FIRMS_B0178DE3,23.67532,86.08772,1.91,306.49,60.0,2026-08-11T19:38:00Z,N21,,0,,0,0,0,0,0,0,0,0,0,,0,,0,,0,,0,,0,,0
FIRMS_25905ACB,23.67859,86.0848,2.11,308.54,60.0,2026-08-11T19:38:00Z,N21,,0,,0,0,0,0,0,0,0,0,0,,0,,0,,0,,0,,0,,0
FIRMS_A9C946DD,23.6798,86.08313,3.09,305.34,60.0,2026-08-11T19:38:00Z,N21,,0,,0,0,0,0,0,0,0,0,0,,0,,0,,0,,0,,0,,0
FIRMS_3722D2BC,23.68116,86.09563,4.64,317.63,60.0,2026-08-11T19:38:00Z,N21,,0,,0,0,0,0,0,0,0,0,0,,0,,0,,0,,0,,0,,0
FIRMS_24CBB0B6,23.6823,86.09393,4.78,316.92,60.0,2026-08-11T19:38:00Z,N21,,0,,0,0,0,0,0,0,0,0,0,,0,,0,,0,,0,,0,,0
FIRMS_F45E2A0E,23.68242,86.08536,2.11,317.33,60.0,2026-08-11T19:38:00Z,N21,,0,,0,0,0,0,0,0,0,0,0,,0,,0,,0,,0,,0,,0
FIRMS_32FD9264,23.68305,86.08019,2.11,311.16,60.0,2026-08-11T19:38:00Z,N21,,0,,0,0,0,0,0,0,0,0,0,,0,,0,,0,,0,,0,,0
FIRMS_5151BCE2,23.68363,86.08366,3.09,326.15,60.0,2026-08-11T19:38:00Z,N21,,0,,0,0,0,0,0,0,0,0,0,,0,,0,,0,,0,,0,,0
FIRMS_D0A2F3CE,23.75433,85.85139,1.29,309.45,60.0,2026-08-11T19:38:00Z,N21,2043.5749045613447,1,oil_well,0,0,12,0,0,0,0,0,0,4308.538570673786,1,,0,2043.5749045613447,1,,0,,0,,0
FIRMS_3A05921E,23.75754,85.85731,2.75,305.93,60.0,2026-08-11T19:38:00Z,N21,1955.2838600385066,1,oil_well,0,0,12,0,0,0,0,0,0,3693.414365011344,1,,0,1955.2838600385066,1,,0,,0,,0
FIRMS_AB853DA9,23.7582,85.85198,1.29,306.24,60.0,2026-08-11T19:38:00Z,N21,1646.8548201077515,1,oil_well,0,0,13,0,0,0,0,0,0,4124.410809899613,1,,0,1646.8548201077515,1,,0,,0,,0
FIRMS_7CE26C2C,23.77495,86.3648,3.04,308.4,60.0,2026-08-11T19:38:00Z,N21,,0,,0,0,0,0,0,0,0,0,0,,0,,0,,0,,0,,0,,0
FIRMS_7125B939,23.7786,86.21165,2.09,300.72,60.0,2026-08-11T19:38:00Z,N21,,0,,0,0,0,0,0,0,0,0,0,,0,,0,,0,,0,,0,,0
FIRMS_E2E548A3,23.77945,86.2088,1.79,301.96,60.0,2026-08-11T19:38:00Z,N21,,0,,0,0,0,0,0,0,0,0,0,,0,,0,,0,,0,,0,,0
FIRMS_ACF4AC79,23.78668,85.55422,1.98,304.69,60.0,2026-08-11T19:38:00Z,N21,2036.1850556527559,1,oil_well,0,0,3,0,0,0,0,0,0,,0,,0,2036.1850556527559,1,,0,,0,,0
FIRMS_3F750A6E,23.79569,86.35265,4.58,316.86,60.0,2026-08-11T19:38:00Z,N21,,0,,0,0,0,0,0,0,0,0,0,,0,,0,,0,,0,,0,,0
FIRMS_2D77B0EA,23.80198,86.33326,2.39,316.81,60.0,2026-08-11T19:38:00Z,N21,,0,,0,0,0,0,0,0,0,0,0,,0,,0,,0,,0,,0,,0
FIRMS_CE29AD89,23.80262,86.32825,3.53,323.86,60.0,2026-08-11T19:38:00Z,N21,,0,,0,0,0,0,0,0,0,0,0,,0,,0,,0,,0,,0,,0
FIRMS_1F1189DB,23.8064,86.32881,3.53,308.8,60.0,2026-08-11T19:38:00Z,N21,,0,,0,0,0,0,0,0,0,0,0,,0,,0,,0,,0,,0,,0
FIRMS_EFA7F019,23.82011,84.57342,0.67,296.93,60.0,2026-08-11T19:38:00Z,N21,,0,,0,0,0,0,0,0,0,0,0,,0,,0,,0,,0,,0,,0
FIRMS_59DE178B,23.8243,84.574,1.08,308.76,60.0,2026-08-11T19:38:00Z,N21,,0,,0,0,0,0,0,0,0,0,0,,0,,0,,0,,0,,0,,0
FIRMS_16FAF3F7,23.82479,84.56979,1.08,307.49,60.0,2026-08-11T19:38:00Z,N21,,0,,0,0,0,0,0,0,0,0,0,,0,,0,,0,,0,,0,,0
FIRMS_63E2C7C0,23.8285,84.5746,1.08,296.31,60.0,2026-08-11T19:38:00Z,N21,,0,,0,0,0,0,0,0,0,0,0,,0,,0,,0,,0,,0,,0
FIRMS_756F4006,23.82899,84.57037,1.08,295.96,60.0,2026-08-11T19:38:00Z,N21,,0,,0,0,0,0,0,0,0,0,0,,0,,0,,0,,0,,0,,0
FIRMS_46E5DA5E,25.03251,87.3704,0.88,310.17,60.0,2026-08-11T19:38:00Z,N21,,0,,0,0,0,0,0,0,0,0,0,,0,,0,,0,,0,,0,,0
FIRMS_DA251A46,25.03308,87.3727,1.06,307.64,60.0,2026-08-11T19:38:00Z,N21,,0,,0,0,0,0,0,0,0,0,0,,0,,0,,0,,0,,0,,0
FIRMS_624751C9,25.03493,87.38713,0.81,306.7,60.0,2026-08-11T19:38:00Z,N21,,0,,0,0,0,0,0,0,0,0,0,,0,,0,,0,,0,,0,,0
FIRMS_9A85C6C5,25.54083,91.23685,0.95,302.55,60.0,2026-08-11T19:38:00Z,N21,,0,,0,0,0,0,0,0,0,0,0,,0,,0,,0,,0,,0,,0
FIRMS_9E1E8129,26.52052,90.53381,1.46,313.44,60.0,2026-08-11T19:38:00Z,N21,458.66910269903656,1,oil_refinery,1,1,3,0,1,0,0,0,0,1767.5010667581216,1,458.66910269903656,1,,0,,0,,0,,0
FIRMS_FE36BCFA,26.63957,79.47667,3.2,308.39,60.0,2026-08-11T19:38:00Z,N21,,0,,0,0,0,0,0,0,0,0,0,,0,,0,,0,,0,,0,,0
FIRMS_FEF08C25,15.17708,77.10262,2.34,305.21,60.0,2026-08-11T19:40:00Z,N21,,0,,0,0,0,0,0,0,0,0,0,,0,,0,,0,,0,,0,,0
FIRMS_2BCDD59A,15.17798,77.1003,1.84,305.63,60.0,2026-08-11T19:40:00Z,N21,,0,,0,0,0,0,0,0,0,0,0,,0,,0,,0,,0,,0,,0
FIRMS_C68563A8,15.82445,79.88194,3.55,296.25,60.0,2026-08-11T19:40:00Z,N21,,0,,0,0,0,0,0,0,0,0,0,,0,,0,,0,,0,,0,,0
FIRMS_C929A3BF,15.82483,79.87877,1.82,295.87,60.0,2026-08-11T19:40:00Z,N21,,0,,0,0,0,0,0,0,0,0,0,,0,,0,,0,,0,,0,,0
FIRMS_37CE7ACC,15.82521,79.8756,1.82,296.09,60.0,2026-08-11T19:40:00Z,N21,,0,,0,0,0,0,0,0,0,0,0,,0,,0,,0,,0,,0,,0
FIRMS_144F7566,19.10259,82.16623,0.8,296.83,60.0,2026-08-11T19:40:00Z,N21,,0,,0,0,0,0,0,0,0,0,0,,0,,0,,0,,0,,0,,0
FIRMS_1F70CDE9,20.96105,85.17313,2.11,309.47,60.0,2026-08-11T19:40:00Z,N21,,0,,0,0,0,0,0,0,0,0,0,,0,,0,,0,,0,,0,,0
FIRMS_FB7AA6EA,20.96173,85.16788,2.11,308.17,60.0,2026-08-11T19:40:00Z,N21,,0,,0,0,0,0,0,0,0,0,0,,0,,0,,0,,0,,0,,0
FIRMS_B493FD87,20.96293,85.18935,5.15,321.55,60.0,2026-08-11T19:40:00Z,N21,,0,,0,0,0,0,0,0,0,0,0,,0,,0,,0,,0,,0,,0
FIRMS_BC7D7790,20.9636,85.18417,4.72,314.97,60.0,2026-08-11T19:40:00Z,N21,,0,,0,0,0,0,0,0,0,0,0,,0,,0,,0,,0,,0,,0
FIRMS_85D40F6B,20.96563,85.16841,3.82,307.63,60.0,2026-08-11T19:40:00Z,N21,,0,,0,0,0,0,0,0,0,0,0,,0,,0,,0,,0,,0,,0
FIRMS_79B931DD,20.96885,85.1742,3.82,321.09,60.0,2026-08-11T19:40:00Z,N21,,0,,0,0,0,0,0,0,0,0,0,,0,,0,,0,,0,,0,,0
FIRMS_0F2D8960,20.97275,85.17474,2.59,307.19,60.0,2026-08-11T19:40:00Z,N21,,0,,0,0,0,0,0,0,0,0,0,,0,,0,,0,,0,,0,,0
FIRMS_1A3299BC,20.98533,85.13896,1.25,303.64,60.0,2026-08-11T19:40:00Z,N21,,0,,0,0,0,0,0,0,0,0,0,,0,,0,,0,,0,,0,,0
FIRMS_78AD6217,21.07744,85.04552,2.88,307.24,60.0,2026-08-11T19:40:00Z,N21,3642.7571823769886,1,power_plant,0,0,2,0,0,0,0,0,0,3642.7571823769886,1,,0,,0,,0,,0,,0
FIRMS_3FCB7AED,21.07813,85.04013,2.88,310.36,60.0,2026-08-11T19:40:00Z,N21,4070.129075146672,1,power_plant,0,0,2,0,0,0,0,0,0,4070.129075146672,1,,0,,0,,0,,0,,0
FIRMS_1968EBA4,21.18111,81.38785,6.91,307.76,60.0,2026-08-11T19:40:00Z,N21,4961.451592307875,1,power_plant,0,0,1,0,0,0,0,0,0,4961.451592307875,1,,0,,0,,0,,0,,0
FIRMS_C975549D,21.1861,81.38841,4.36,306.12,60.0,2026-08-11T19:40:00Z,N21,4820.865999227111,1,power_plant,0,0,1,0,0,0,0,0,0,4820.865999227111,1,,0,,0,,0,,0,,0
FIRMS_D4D4DDE4,21.35038,81.66521,3.89,306.13,60.0,2026-08-11T19:40:00Z,N21,,0,,0,0,0,0,0,0,0,0,0,,0,,0,,0,,0,,0,,0
FIRMS_17E6EAFB,21.36385,81.67879,3.31,302.52,60.0,2026-08-11T19:40:00Z,N21,,0,,0,0,0,0,0,0,0,0,0,,0,,0,,0,,0,,0,,0
FIRMS_9E682188,9.5398,77.45322,1.35,304.77,60.0,2026-08-11T19:42:00Z,N21,,0,,0,0,0,0,0,0,0,0,0,,0,,0,,0,,0,,0,,0
FIRMS_B16766E6,12.74603,77.61998,1.11,303.38,60.0,2026-08-11T19:42:00Z,N21,,0,,0,0,0,0,0,0,0,0,0,,0,,0,,0,,0,,0,,0
FIRMS_79CE8F37,28.34709,77.25639,0.49,304.01,60.0,2026-08-11T21:18:00Z,N21,,0,,0,0,0,0,0,0,0,0,0,,0,,0,,0,,0,,0,,0
FIRMS_E8EA0679,23.82245,84.57461,7.46,327.65,60.0,2026-08-12T06:52:00Z,N21,,0,,0,0,0,0,0,0,0,0,0,,0,,0,,0,,0,,0,,0
FIRMS_B00DEED0,8.58918,77.91875,48.72,343.59,60.0,2026-08-12T08:28:00Z,N21,,0,,0,0,0,0,0,0,0,0,0,,0,,0,,0,,0,,0,,0
FIRMS_C454FCBD,8.90664,77.77869,6.02,339.52,60.0,2026-08-12T08:28:00Z,N21,,0,,0,0,0,0,0,0,0,0,0,,0,,0,,0,,0,,0,,0
FIRMS_CA717305,8.90712,77.78218,9.93,343.67,60.0,2026-08-12T08:28:00Z,N21,,0,,0,0,0,0,0,0,0,0,0,,0,,0,,0,,0,,0,,0
FIRMS_34CF074F,8.98739,77.78809,4.5,335.97,60.0,2026-08-12T08:28:00Z,N21,4746.042449706239,1,wind_farm,0,0,1,0,0,0,0,0,0,,0,,0,,0,,0,4746.042449706239,1,,0
FIRMS_1484BED2,9.38032,77.60553,13.05,345.29,60.0,2026-08-12T08:28:00Z,N21,,0,,0,0,0,0,0,0,0,0,0,,0,,0,,0,,0,,0,,0
FIRMS_6FC166C4,9.42879,78.78382,3.39,331.89,60.0,2026-08-12T08:28:00Z,N21,4258.745131966364,1,oil_well,0,0,1,0,0,0,0,0,0,,0,,0,4258.745131966364,1,,0,,0,,0
FIRMS_DAEF0770,9.46649,77.59328,5.23,344.86,60.0,2026-08-12T08:28:00Z,N21,,0,,0,0,0,0,0,0,0,0,0,,0,,0,,0,,0,,0,,0
FIRMS_80EE2FB2,9.49897,77.57352,12.36,344.37,60.0,2026-08-12T08:28:00Z,N21,,0,,0,0,0,0,0,0,0,0,0,,0,,0,,0,,0,,0,,0
FIRMS_32868EFA,9.50032,77.57422,5.85,343.54,60.0,2026-08-12T08:28:00Z,N21,,0,,0,0,0,0,0,0,0,0,0,,0,,0,,0,,0,,0,,0
FIRMS_9036B316,9.64663,77.65572,9.7,341.87,60.0,2026-08-12T08:28:00Z,N21,,0,,0,0,0,0,0,0,0,0,0,,0,,0,,0,,0,,0,,0
FIRMS_C0B4F8AD,10.54428,79.22142,3.76,334.24,60.0,2026-08-12T08:28:00Z,N21,3467.074236837037,1,oil_well,0,0,1,0,0,0,0,0,0,,0,,0,3467.074236837037,1,,0,,0,,0
FIRMS_E996C318,10.68781,79.70799,6.39,334.81,60.0,2026-08-12T08:28:00Z,N21,2308.7365709067817,1,oil_well,0,0,2,0,0,0,0,0,0,,0,,0,2308.7365709067817,1,,0,,0,,0
FIRMS_176563D1,10.75858,78.97378,5.24,342.07,60.0,2026-08-12T08:28:00Z,N21,,0,,0,0,0,0,0,0,0,0,0,,0,,0,,0,,0,,0,,0
FIRMS_D84BB7A7,10.77456,79.65791,6.21,333.56,60.0,2026-08-12T08:28:00Z,N21,800.9386002933845,1,oil_well,0,4,71,0,0,4,0,0,0,,0,,0,800.9386002933845,1,,0,,0,,0
FIRMS_363607E4,10.81688,78.60809,2.32,336.99,60.0,2026-08-12T08:28:00Z,N21,,0,,0,0,0,0,0,0,0,0,0,,0,,0,,0,,0,,0,,0
FIRMS_27B40D1E,10.87168,78.57549,1.83,330.5,60.0,2026-08-12T08:28:00Z,N21,,0,,0,0,0,0,0,0,0,0,0,,0,,0,,0,,0,,0,,0
FIRMS_6984432C,10.88172,79.22351,8.97,342.04,60.0,2026-08-12T08:28:00Z,N21,,0,,0,0,0,0,0,0,0,0,0,,0,,0,,0,,0,,0,,0
FIRMS_9056B8FB,11.65928,77.2301,11.75,341.05,60.0,2026-08-12T08:30:00Z,N21,,0,,0,0,0,0,0,0,0,0,0,,0,,0,,0,,0,,0,,0
FIRMS_FAC3E821,12.08301,77.04526,3.23,331.82,60.0,2026-08-12T08:30:00Z,N21,,0,,0,0,0,0,0,0,0,0,0,,0,,0,,0,,0,,0,,0
FIRMS_38CD69E4,14.21533,79.22138,2.86,330.46,60.0,2026-08-12T08:30:00Z,N21,,0,,0,0,0,0,0,0,0,0,0,,0,,0,,0,,0,,0,,0
FIRMS_29138F4E,14.31858,76.57759,3.79,340.13,60.0,2026-08-12T08:30:00Z,N21,,0,,0,0,0,0,0,0,0,0,0,,0,,0,,0,,0,,0,,0
FIRMS_858805BC,27.37738,70.97624,6.73,336.5,60.0,2026-08-12T08:35:00Z,N21,,0,,0,0,0,0,0,0,0,0,0,,0,,0,,0,,0,,0,,0
FIRMS_855A83E7,27.37795,70.98054,6.73,339.4,60.0,2026-08-12T08:35:00Z,N21,,0,,0,0,0,0,0,0,0,0,0,,0,,0,,0,,0,,0,,0
FIRMS_3211736B,26.08573,93.95238,1.25,301.27,60.0,2026-08-12T19:17:00Z,N21,348.1096460240522,1,oil_well,5,8,35,0,0,8,0,0,0,,0,,0,348.1096460240522,1,,0,,0,,0
FIRMS_7DDC9BE6,27.31904,95.2666,1.82,305.08,60.0,2026-08-12T19:17:00Z,N21,206.27149929044916,1,oil_well,3,12,154,0,0,12,0,0,0,,0,,0,206.27149929044916,1,,0,,0,,0
FIRMS_9E207532,27.46125,95.47672,1.45,303.32,60.0,2026-08-12T19:17:00Z,N21,447.65276294896506,1,oil_well,6,16,74,0,0,16,0,0,0,,0,,0,447.65276294896506,1,,0,,0,,0
FIRMS_C47A7D40,21.37454,81.64083,3.58,303.61,60.0,2026-08-12T19:19:00Z,N21,,0,,0,0,0,0,0,0,0,0,0,,0,,0,,0,,0,,0,,0
FIRMS_1284C56B,21.37605,81.64108,3.01,305.16,60.0,2026-08-12T19:19:00Z,N21,,0,,0,0,0,0,0,0,0,0,0,,0,,0,,0,,0,,0,,0
FIRMS_E0ED4070,21.80354,82.03912,2.72,298.4,60.0,2026-08-12T19:19:00Z,N21,,0,,0,0,0,0,0,0,0,0,0,,0,,0,,0,,0,,0,,0
FIRMS_FB1FD971,22.03716,83.34946,2.21,302.43,60.0,2026-08-12T19:19:00Z,N21,,0,,0,0,0,0,0,0,0,0,0,,0,,0,,0,,0,,0,,0
FIRMS_93A424CB,28.19945,76.90763,1.13,307.02,60.0,2026-08-12T20:57:00Z,N21,,0,,0,0,0,0,0,0,0,0,0,,0,,0,,0,,0,,0,,0
FIRMS_3425E5B0,28.37061,77.26281,2.43,306.87,60.0,2026-08-12T20:57:00Z,N21,,0,,0,0,0,0,0,0,0,0,0,,0,,0,,0,,0,,0,,0
FIRMS_61D5D72D,31.25021,76.92845,0.83,303.9,60.0,2026-08-12T20:57:00Z,N21,,0,,0,0,0,0,0,0,0,0,0,,0,,0,,0,,0,,0,,0
FIRMS_2C7711F3,31.25867,76.92541,1.43,304.18,60.0,2026-08-12T20:57:00Z,N21,,0,,0,0,0,0,0,0,0,0,0,,0,,0,,0,,0,,0,,0
FIRMS_072BABEC,21.24663,79.20609,1.02,302.92,60.0,2026-08-12T20:59:00Z,N21,,0,,0,0,0,0,0,0,0,0,0,,0,,0,,0,,0,,0,,0
FIRMS_7C5136E1,21.24735,79.20563,1.23,302.76,60.0,2026-08-12T20:59:00Z,N21,,0,,0,0,0,0,0,0,0,0,0,,0,,0,,0,,0,,0,,0
FIRMS_1DDCA05C,21.29765,81.6077,1.46,303.09,60.0,2026-08-12T20:59:00Z,N21,,0,,0,0,0,0,0,0,0,0,0,,0,,0,,0,,0,,0,,0
FIRMS_8E8853D9,21.30816,81.58989,2.03,300.24,60.0,2026-08-12T20:59:00Z,N21,,0,,0,0,0,0,0,0,0,0,0,,0,,0,,0,,0,,0,,0
FIRMS_EF1B98D5,21.501,81.81009,0.54,297.09,60.0,2026-08-12T20:59:00Z,N21,,0,,0,0,0,0,0,0,0,0,0,,0,,0,,0,,0,,0,,0
FIRMS_C9D8CFB5,22.35673,82.30051,2.54,306.78,60.0,2026-08-12T20:59:00Z,N21,,0,,0,0,0,0,0,0,0,0,0,,0,,0,,0,,0,,0,,0
FIRMS_62B407C1,23.16554,82.33848,2.31,297.78,60.0,2026-08-12T20:59:00Z,N21,,0,,0,0,0,0,0,0,0,0,0,,0,,0,,0,,0,,0,,0
FIRMS_3AE24247,23.16588,82.33901,1.26,301.79,60.0,2026-08-12T20:59:00Z,N21,,0,,0,0,0,0,0,0,0,0,0,,0,,0,,0,,0,,0,,0
FIRMS_0E6D3968,25.94309,72.19233,0.51,295.66,60.0,2026-08-12T20:59:00Z,N21,,0,,0,0,0,0,0,0,0,0,0,,0,,0,,0,,0,,0,,0
FIRMS_356CF64A,26.6419,79.47903,1.97,313.1,60.0,2026-08-12T20:59:00Z,N21,,0,,0,0,0,0,0,0,0,0,0,,0,,0,,0,,0,,0,,0
FIRMS_A112D7BD,16.42131,79.32549,4.25,295.02,60.0,2026-08-12T21:01:00Z,N21,,0,,0,0,0,0,0,0,0,0,0,,0,,0,,0,,0,,0,,0
FIRMS_5FEA0251,11.81451,77.91617,0.74,295.43,60.0,2026-08-12T21:04:00Z,N21,,0,,0,0,0,0,0,0,0,0,0,,0,,0,,0,,0,,0,,0
FIRMS_41507A37,11.81464,77.91698,0.75,295.48,60.0,2026-08-12T21:04:00Z,N21,,0,,0,0,0,0,0,0,0,0,0,,0,,0,,0,,0,,0,,0
FIRMS_4A407A53,12.8527,79.90166,1.75,295.89,60.0,2026-08-12T21:04:00Z,N21,,0,,0,0,0,0,0,0,0,0,0,,0,,0,,0,,0,,0,,0
FIRMS_E7A34753,12.85319,79.90437,1.47,301.93,60.0,2026-08-12T21:04:00Z,N21,,0,,0,0,0,0,0,0,0,0,0,,0,,0,,0,,0,,0,,0
FIRMS_29E911EE,26.88691,93.05493,5.03,341.06,60.0,2026-08-13T06:33:00Z,N21,,0,,0,0,0,0,0,0,0,0,0,,0,,0,,0,,0,,0,,0
FIRMS_141D26FC,27.95698,95.60178,12.39,331.25,30.0,2026-08-13T06:33:00Z,N21,,0,,0,0,0,0,0,0,0,0,0,,0,,0,,0,,0,,0,,0
FIRMS_DF7289A8,27.95773,95.60609,7.46,331.77,30.0,2026-08-13T06:33:00Z,N21,,0,,0,0,0,0,0,0,0,0,0,,0,,0,,0,,0,,0,,0
FIRMS_375B6801,27.96461,95.6046,12.19,331.27,30.0,2026-08-13T06:33:00Z,N21,,0,,0,0,0,0,0,0,0,0,0,,0,,0,,0,,0,,0,,0
FIRMS_01B2C442,8.53019,78.08766,4.93,337.3,60.0,2026-08-13T08:09:00Z,N21,,0,,0,0,0,0,0,0,0,0,0,,0,,0,,0,,0,,0,,0
FIRMS_6305CBD1,8.66256,77.86464,1.94,335.69,60.0,2026-08-13T08:09:00Z,N21,,0,,0,0,0,0,0,0,0,0,0,,0,,0,,0,,0,,0,,0
FIRMS_961868A7,9.14321,78.50316,4.71,339.89,60.0,2026-08-13T08:09:00Z,N21,,0,,0,0,0,0,0,0,0,0,0,,0,,0,,0,,0,,0,,0
FIRMS_5402F7A5,9.82755,78.48745,2.22,335.85,60.0,2026-08-13T08:09:00Z,N21,,0,,0,0,0,0,0,0,0,0,0,,0,,0,,0,,0,,0,,0
FIRMS_4EC975DB,9.86046,78.54808,2.79,338.11,60.0,2026-08-13T08:09:00Z,N21,,0,,0,0,0,0,0,0,0,0,0,,0,,0,,0,,0,,0,,0
FIRMS_564DB8FC,9.97572,79.07961,5.99,338.9,60.0,2026-08-13T08:09:00Z,N21,,0,,0,0,0,0,0,0,0,0,0,,0,,0,,0,,0,,0,,0
FIRMS_15DD8CB2,10.04801,78.53002,10.32,339.68,60.0,2026-08-13T08:09:00Z,N21,,0,,0,0,0,0,0,0,0,0,0,,0,,0,,0,,0,,0,,0
FIRMS_B2ECE810,10.77482,79.65644,3.48,337.38,60.0,2026-08-13T08:09:00Z,N21,655.7536521657931,1,oil_well,0,4,69,0,0,4,0,0,0,,0,,0,655.7536521657931,1,,0,,0,,0
FIRMS_1489230B,10.77733,78.9091,12.87,352.69,60.0,2026-08-13T08:09:00Z,N21,,0,,0,0,0,0,0,0,0,0,0,,0,,0,,0,,0,,0,,0
FIRMS_89020F9A,11.01841,78.15247,1.59,334.04,60.0,2026-08-13T08:09:00Z,N21,,0,,0,0,0,0,0,0,0,0,0,,0,,0,,0,,0,,0,,0
FIRMS_778FD5FE,11.05683,78.87433,4.14,337.61,60.0,2026-08-13T08:09:00Z,N21,,0,,0,0,0,0,0,0,0,0,0,,0,,0,,0,,0,,0,,0
FIRMS_93DBF37D,11.81037,77.923,2.99,335.58,60.0,2026-08-13T08:09:00Z,N21,,0,,0,0,0,0,0,0,0,0,0,,0,,0,,0,,0,,0,,0
FIRMS_68CFF331,30.59028,74.81104,3.41,332.2,60.0,2026-08-13T08:16:00Z,N21,,0,,0,0,0,0,0,0,0,0,0,,0,,0,,0,,0,,0,,0
FIRMS_372DB122,30.8752,76.01562,3.37,331.42,60.0,2026-08-13T08:16:00Z,N21,,0,,0,0,0,0,0,0,0,0,0,,0,,0,,0,,0,,0,,0
FIRMS_0821E9C3,31.15114,74.8723,7.15,330.75,30.0,2026-08-13T08:16:00Z,N21,,0,,0,0,0,0,0,0,0,0,0,,0,,0,,0,,0,,0,,0
FIRMS_7F13034E,25.94138,72.18976,1.91,310.18,60.0,2026-08-13T20:40:00Z,N21,,0,,0,0,0,0,0,0,0,0,0,,0,,0,,0,,0,,0,,0
FIRMS_B55CB5AE,26.2557,74.09644,1.13,304.59,60.0,2026-08-13T20:40:00Z,N21,,0,,0,0,0,0,0,0,0,0,0,,0,,0,,0,,0,,0,,0
FIRMS_84ED2B09,26.30337,72.90213,1.36,304.93,60.0,2026-08-13T20:40:00Z,N21,,0,,0,0,0,0,0,0,0,0,0,,0,,0,,0,,0,,0,,0
FIRMS_B3CD8B3F,28.13188,76.89797,1.3,316.67,60.0,2026-08-13T20:40:00Z,N21,,0,,0,0,0,0,0,0,0,0,0,,0,,0,,0,,0,,0,,0
FIRMS_9FD6C1AE,28.64995,77.58897,0.82,306.76,60.0,2026-08-13T20:40:00Z,N21,,0,,0,0,0,0,0,0,0,0,0,,0,,0,,0,,0,,0,,0
FIRMS_E65E51AF,28.66194,77.57907,1.33,311.79,60.0,2026-08-13T20:40:00Z,N21,,0,,0,0,0,0,0,0,0,0,0,,0,,0,,0,,0,,0,,0
FIRMS_186B3F1A,29.1239,75.77663,1.07,310.57,60.0,2026-08-13T20:40:00Z,N21,,0,,0,0,0,0,0,0,0,0,0,,0,,0,,0,,0,,0,,0
FIRMS_1333463A,31.2496,76.92681,0.73,302.25,60.0,2026-08-13T20:40:00Z,N21,,0,,0,0,0,0,0,0,0,0,0,,0,,0,,0,,0,,0,,0
FIRMS_C7F4DD19,31.32669,76.89336,0.97,305.92,60.0,2026-08-13T20:40:00Z,N21,,0,,0,0,0,0,0,0,0,0,0,,0,,0,,0,,0,,0,,0
FIRMS_D76D1EBB,22.05045,88.1057,3.37,298.14,60.0,2026-08-13T20:42:00Z,N21,250.1362212243576,1,oil_refinery,1,1,2,0,1,0,0,0,0,2915.3860990147223,1,250.1362212243576,1,,0,,0,,0,,0
FIRMS_F9CF79B7,23.31552,70.48516,1.95,305.93,60.0,2026-08-13T20:42:00Z,N21,,0,,0,0,0,0,0,0,0,0,0,,0,,0,,0,,0,,0,,0
FIRMS_7263121C,15.17349,77.10117,1.22,295.67,60.0,2026-08-13T20:44:00Z,N21,,0,,0,0,0,0,0,0,0,0,0,,0,,0,,0,,0,,0,,0
FIRMS_1A2DA94E,15.17451,76.67571,2.17,302.01,60.0,2026-08-13T20:44:00Z,N21,,0,,0,0,0,0,0,0,0,0,0,,0,,0,,0,,0,,0,,0
FIRMS_EC59FC72,15.17558,76.65949,0.85,298.78,60.0,2026-08-13T20:44:00Z,N21,,0,,0,0,0,0,0,0,0,0,0,,0,,0,,0,,0,,0,,0
FIRMS_E0CDC2F4,15.17614,76.67867,1.98,300.04,60.0,2026-08-13T20:44:00Z,N21,4774.60477738605,1,power_plant,0,0,3,0,0,0,0,0,0,4774.60477738605,1,,0,,0,,0,,0,,0
FIRMS_7FA6E1FC,15.17636,76.65489,0.85,300.15,60.0,2026-08-13T20:44:00Z,N21,,0,,0,0,0,0,0,0,0,0,0,,0,,0,,0,,0,,0,,0
FIRMS_C3F95522,15.17692,76.67406,1.98,310.03,60.0,2026-08-13T20:44:00Z,N21,,0,,0,0,0,0,0,0,0,0,0,,0,,0,,0,,0,,0,,0
FIRMS_0BB33215,15.17822,76.67643,2.17,304.48,60.0,2026-08-13T20:44:00Z,N21,4912.934155885846,1,power_plant,0,0,3,0,0,0,0,0,0,4912.934155885846,1,,0,,0,,0,,0,,0
FIRMS_AC51A129,15.18064,76.67478,2.93,299.57,60.0,2026-08-13T20:44:00Z,N21,4998.073463139618,1,power_plant,0,0,3,0,0,0,0,0,0,4998.073463139618,1,,0,,0,,0,,0,,0
FIRMS_0B9955E4,15.18193,76.67715,1.93,300.0,60.0,2026-08-13T20:44:00Z,N21,4714.251616192762,1,power_plant,0,0,3,0,0,0,0,0,0,4714.251616192762,1,,0,,0,,0,,0,,0
FIRMS_A35D6054,15.33282,76.28719,0.79,296.83,60.0,2026-08-13T20:44:00Z,N21,,0,,0,0,0,0,0,0,0,0,0,,0,,0,,0,,0,,0,,0
FIRMS_5E05FE36,15.65776,73.99023,0.56,303.71,60.0,2026-08-13T20:44:00Z,N21,,0,,0,0,0,0,0,0,0,0,0,,0,,0,,0,,0,,0,,0
FIRMS_DCF47822,18.43314,74.12675,0.5,302.22,60.0,2026-08-13T20:44:00Z,N21,,0,,0,0,0,0,0,0,0,0,0,,0,,0,,0,,0,,0,,0
FIRMS_535245B8,9.30709,77.43063,0.82,301.39,60.0,2026-08-13T20:46:00Z,N21,,0,,0,0,0,0,0,0,0,0,0,,0,,0,,0,,0,,0,,0
FIRMS_5B454D2D,25.06441,93.99954,5.98,347.64,60.0,2026-08-14T06:14:00Z,N21,,0,,0,0,0,0,0,0,0,0,0,,0,,0,,0,,0,,0,,0
FIRMS_2BD8A959,25.06572,93.99839,5.26,347.14,60.0,2026-08-14T06:14:00Z,N21,,0,,0,0,0,0,0,0,0,0,0,,0,,0,,0,,0,,0,,0
FIRMS_CEF9CF15,28.51908,95.82986,3.11,334.78,60.0,2026-08-14T06:16:00Z,N21,,0,,0,0,0,0,0,0,0,0,0,,0,,0,,0,,0,,0,,0
FIRMS_7FC86FE4,8.72674,77.83636,1.74,334.57,60.0,2026-08-14T07:50:00Z,N21,,0,,0,0,0,0,0,0,0,0,0,,0,,0,,0,,0,,0,,0
FIRMS_3C60C1BD,8.90293,77.7048,2.92,331.99,60.0,2026-08-14T07:50:00Z,N21,,0,,0,0,0,0,0,0,0,0,0,,0,,0,,0,,0,,0,,0
FIRMS_69664660,9.12011,77.84572,11.29,343.81,60.0,2026-08-14T07:50:00Z,N21,,0,,0,0,0,0,0,0,0,0,0,,0,,0,,0,,0,,0,,0
FIRMS_6E3B5E95,9.19533,78.4641,4.26,334.2,60.0,2026-08-14T07:50:00Z,N21,,0,,0,0,0,0,0,0,0,0,0,,0,,0,,0,,0,,0,,0
FIRMS_DB278FB0,9.36281,78.79712,4.93,338.52,60.0,2026-08-14T07:50:00Z,N21,3168.8625198005857,1,oil_well,0,0,1,0,0,0,0,0,0,,0,,0,3168.8625198005857,1,,0,,0,,0
FIRMS_84FADE36,9.43115,78.27111,7.25,337.53,60.0,2026-08-14T07:50:00Z,N21,,0,,0,0,0,0,0,0,0,0,0,,0,,0,,0,,0,,0,,0
FIRMS_9BA09405,9.49129,78.61803,12.14,336.21,60.0,2026-08-14T07:50:00Z,N21,,0,,0,0,0,0,0,0,0,0,0,,0,,0,,0,,0,,0,,0
FIRMS_78896557,9.50622,78.77958,4.88,332.95,60.0,2026-08-14T07:50:00Z,N21,1247.4099744542345,1,oil_well,0,0,1,0,0,0,0,0,0,,0,,0,1247.4099744542345,1,,0,,0,,0
FIRMS_8CFED577,9.82805,78.29053,3.12,334.35,60.0,2026-08-14T07:52:00Z,N21,,0,,0,0,0,0,0,0,0,0,0,,0,,0,,0,,0,,0,,0
FIRMS_CE6485C8,10.22275,78.3579,5.02,335.27,60.0,2026-08-14T07:52:00Z,N21,,0,,0,0,0,0,0,0,0,0,0,,0,,0,,0,,0,,0,,0
FIRMS_6870F178,10.32337,79.36299,6.63,334.7,60.0,2026-08-14T07:52:00Z,N21,,0,,0,0,0,0,0,0,0,0,0,,0,,0,,0,,0,,0,,0
FIRMS_51A3F4C3,15.17319,76.66232,5.73,335.42,60.0,2026-08-14T07:52:00Z,N21,,0,,0,0,0,0,0,0,0,0,0,,0,,0,,0,,0,,0,,0
FIRMS_1A1F45E0,15.17615,76.65688,4.84,330.16,60.0,2026-08-14T07:52:00Z,N21,,0,,0,0,0,0,0,0,0,0,0,,0,,0,,0,,0,,0,,0
FIRMS_B1453756,15.18152,76.66567,4.43,335.68,60.0,2026-08-14T07:52:00Z,N21,,0,,0,0,0,0,0,0,0,0,0,,0,,0,,0,,0,,0,,0
FIRMS_62193885,15.18235,76.66698,4.36,334.88,60.0,2026-08-14T07:52:00Z,N21,,0,,0,0,0,0,0,0,0,0,0,,0,,0,,0,,0,,0,,0
FIRMS_CEEFC16C,15.99327,76.8434,2.92,333.71,60.0,2026-08-14T07:52:00Z,N21,,0,,0,0,0,0,0,0,0,0,0,,0,,0,,0,,0,,0,,0
FIRMS_39C19068,16.98302,81.56271,9.67,338.91,60.0,2026-08-14T07:52:00Z,N21,,0,,0,0,0,0,0,0,0,0,0,,0,,0,,0,,0,,0,,0
FIRMS_55B70E7D,27.00496,94.63396,4.28,297.18,60.0,2026-08-14T18:41:00Z,N21,2883.16488988612,1,oil_well,0,0,56,0,0,0,0,0,0,,0,,0,2883.16488988612,1,,0,,0,,0
FIRMS_C0A735BE,27.26173,95.1496,3.16,299.67,60.0,2026-08-14T18:41:00Z,N21,104.69166913914006,1,oil_well,5,12,61,0,0,12,0,0,0,,0,,0,104.69166913914006,1,,0,,0,,0
FIRMS_820BBAE8,21.7299,82.21591,1.24,301.56,60.0,2026-08-14T20:21:00Z,N21,,0,,0,0,0,0,0,0,0,0,0,,0,,0,,0,,0,,0,,0
FIRMS_637DCAF9,22.36108,87.01765,1.08,299.81,60.0,2026-08-14T20:21:00Z,N21,,0,,0,0,0,0,0,0,0,0,0,,0,,0,,0,,0,,0,,0
FIRMS_F89B9BE6,23.3117,70.19884,1.04,296.28,60.0,2026-08-14T20:21:00Z,N21,,0,,0,0,0,0,0,0,0,0,0,,0,,0,,0,,0,,0,,0
FIRMS_97F69F93,23.68088,86.09412,0.73,298.85,60.0,2026-08-14T20:21:00Z,N21,,0,,0,0,0,0,0,0,0,0,0,,0,,0,,0,,0,,0,,0
FIRMS_1F932F14,23.69793,86.07546,2.22,310.07,60.0,2026-08-14T20:21:00Z,N21,,0,,0,0,0,0,0,0,0,0,0,,0,,0,,0,,0,,0,,0
FIRMS_656A564B,23.78022,86.21217,1.0,302.71,60.0,2026-08-14T20:21:00Z,N21,,0,,0,0,0,0,0,0,0,0,0,,0,,0,,0,,0,,0,,0
FIRMS_CCD5F0F7,23.78111,86.20776,1.0,302.91,60.0,2026-08-14T20:21:00Z,N21,,0,,0,0,0,0,0,0,0,0,0,,0,,0,,0,,0,,0,,0
FIRMS_B5FFDA33,28.77631,76.95009,1.33,309.9,60.0,2026-08-14T20:21:00Z,N21,,0,,0,0,0,0,0,0,0,0,0,,0,,0,,0,,0,,0,,0
FIRMS_06CCCD8E,28.77656,76.94697,1.01,309.26,60.0,2026-08-14T20:21:00Z,N21,,0,,0,0,0,0,0,0,0,0,0,,0,,0,,0,,0,,0,,0
FIRMS_45114390,29.12209,75.77994,1.66,305.7,60.0,2026-08-14T20:21:00Z,N21,,0,,0,0,0,0,0,0,0,0,0,,0,,0,,0,,0,,0,,0
FIRMS_A4C0025C,15.91339,77.36324,0.63,301.26,60.0,2026-08-14T20:23:00Z,N21,,0,,0,0,0,0,0,0,0,0,0,,0,,0,,0,,0,,0,,0
FIRMS_B1B0851A,17.36994,77.44634,1.09,302.25,60.0,2026-08-14T20:23:00Z,N21,,0,,0,0,0,0,0,0,0,0,0,,0,,0,,0,,0,,0,,0
FIRMS_2696A7D9,22.33806,69.85318,2.08,301.63,60.0,2026-08-14T20:23:00Z,N21,2473.7045166248345,1,oil_refinery,0,0,2,0,0,0,0,0,0,,0,2473.7045166248345,1,,0,,0,,0,,0
FIRMS_8C5B3632,12.96664,77.33076,1.16,307.6,60.0,2026-08-14T20:25:00Z,N21,,0,,0,0,0,0,0,0,0,0,0,,0,,0,,0,,0,,0,,0
FIRMS_989A56B8,15.07114,76.86419,1.78,304.21,60.0,2026-08-14T20:25:00Z,N21,,0,,0,0,0,0,0,0,0,0,0,,0,,0,,0,,0,,0,,0
FIRMS_C385388F,15.16881,76.67149,1.76,313.67,60.0,2026-08-14T20:25:00Z,N21,,0,,0,0,0,0,0,0,0,0,0,,0,,0,,0,,0,,0,,0
FIRMS_BACFD594,15.16943,76.71198,0.75,304.01,60.0,2026-08-14T20:25:00Z,N21,2763.5616714448497,1,power_plant,0,0,3,0,0,0,0,0,0,2763.5616714448497,1,,0,,0,,0,,0,,0
FIRMS_CE156A41,15.17216,76.69408,1.54,309.58,60.0,2026-08-14T20:25:00Z,N21,3593.7461618665293,1,power_plant,0,0,3,0,0,0,0,0,0,3593.7461618665293,1,,0,,0,,0,,0,,0
FIRMS_125BDCC1,15.1727,76.69048,1.54,319.58,60.0,2026-08-14T20:25:00Z,N21,3859.3574114330063,1,power_plant,0,0,3,0,0,0,0,0,0,3859.3574114330063,1,,0,,0,,0,,0,,0
FIRMS_CD9FD7B2,15.17321,76.66483,1.57,307.47,60.0,2026-08-14T20:25:00Z,N21,,0,,0,0,0,0,0,0,0,0,0,,0,,0,,0,,0,,0,,0
FIRMS_2A41D2BB,15.17376,76.66125,1.57,320.71,60.0,2026-08-14T20:25:00Z,N21,,0,,0,0,0,0,0,0,0,0,0,,0,,0,,0,,0,,0,,0
FIRMS_4BCA566E,15.1743,76.65765,1.85,310.65,60.0,2026-08-14T20:25:00Z,N21,,0,,0,0,0,0,0,0,0,0,0,,0,,0,,0,,0,,0,,0
FIRMS_09652172,15.17438,76.70177,0.49,305.85,60.0,2026-08-14T20:25:00Z,N21,2828.337449194865,1,power_plant,0,0,3,0,0,0,0,0,0,2828.337449194865,1,,0,,0,,0,,0,,0
FIRMS_93B9A87D,15.17485,76.65406,1.85,327.9,60.0,2026-08-14T20:25:00Z,N21,,0,,0,0,0,0,0,0,0,0,0,,0,,0,,0,,0,,0,,0
FIRMS_767578EF,15.17489,76.67612,1.19,305.4,60.0,2026-08-14T20:25:00Z,N21,,0,,0,0,0,0,0,0,0,0,0,,0,,0,,0,,0,,0,,0
FIRMS_A2ED4EA7,15.17762,76.65818,1.85,316.18,60.0,2026-08-14T20:25:00Z,N21,,0,,0,0,0,0,0,0,0,0,0,,0,,0,,0,,0,,0,,0
FIRMS_C1EBCCA7,15.17816,76.65459,1.85,323.15,60.0,2026-08-14T20:25:00Z,N21,,0,,0,0,0,0,0,0,0,0,0,,0,,0,,0,,0,,0,,0
FIRMS_0E884448,15.17875,76.67307,2.57,305.99,60.0,2026-08-14T20:25:00Z,N21,,0,,0,0,0,0,0,0,0,0,0,,0,,0,,0,,0,,0,,0
FIRMS_3929B937,15.17984,76.66589,3.57,307.06,60.0,2026-08-14T20:25:00Z,N21,,0,,0,0,0,0,0,0,0,0,0,,0,,0,,0,,0,,0,,0
FIRMS_C2F1D867,15.18311,76.64435,7.91,330.63,60.0,2026-08-14T20:25:00Z,N21,,0,,0,0,0,0,0,0,0,0,0,,0,,0,,0,,0,,0,,0
FIRMS_E10FC038,15.18315,76.66641,3.57,336.19,60.0,2026-08-14T20:25:00Z,N21,,0,,0,0,0,0,0,0,0,0,0,,0,,0,,0,,0,,0,,0
FIRMS_38F0740E,15.18533,76.65205,1.4,304.95,60.0,2026-08-14T20:25:00Z,N21,,0,,0,0,0,0,0,0,0,0,0,,0,,0,,0,,0,,0,,0
FIRMS_E5847F97,15.18756,76.65977,1.66,308.31,60.0,2026-08-14T20:25:00Z,N21,,0,,0,0,0,0,0,0,0,0,0,,0,,0,,0,,0,,0,,0
FIRMS_2C501609,15.3322,76.28632,1.39,309.72,60.0,2026-08-14T20:25:00Z,N21,,0,,0,0,0,0,0,0,0,0,0,,0,,0,,0,,0,,0,,0
FIRMS_E56B8DBC,15.33663,76.27954,1.23,306.53,60.0,2026-08-14T20:25:00Z,N21,,0,,0,0,0,0,0,0,0,0,0,,0,,0,,0,,0,,0,,0
FIRMS_76731A8D,15.33766,76.24979,1.87,314.96,60.0,2026-08-14T20:25:00Z,N21,,0,,0,0,0,0,0,0,0,0,0,,0,,0,,0,,0,,0,,0
FIRMS_4EFC2FF3,12.12039,78.81626,6.52,330.59,60.0,2026-08-15T07:31:00Z,N21,,0,,0,0,0,0,0,0,0,0,0,,0,,0,,0,,0,,0,,0
FIRMS_B570945F,14.42142,79.66338,4.17,332.09,60.0,2026-08-15T07:33:00Z,N21,,0,,0,0,0,0,0,0,0,0,0,,0,,0,,0,,0,,0,,0
FIRMS_B0442526,17.46508,79.2121,3.73,333.24,60.0,2026-08-15T07:33:00Z,N21,,0,,0,0,0,0,0,0,0,0,0,,0,,0,,0,,0,,0,,0
FIRMS_4574D47B,17.46703,79.2114,4.98,331.08,60.0,2026-08-15T07:33:00Z,N21,,0,,0,0,0,0,0,0,0,0,0,,0,,0,,0,,0,,0,,0
FIRMS_87AF49D6,27.26608,88.32048,1.72,329.65,60.0,2026-08-15T07:35:00Z,N21,2583.2656992934276,1,power_plant,0,0,1,0,0,0,0,0,0,2583.2656992934276,1,,0,,0,,0,,0,,0
FIRMS_2427186E,28.161,95.59473,23.76,347.52,60.0,2026-08-15T07:35:00Z,N21,,0,,0,0,0,0,0,0,0,0,0,,0,,0,,0,,0,,0,,0
FIRMS_B0EAC407,27.39476,70.4882,3.22,335.01,60.0,2026-08-15T07:37:00Z,N21,,0,,0,0,0,0,0,0,0,0,0,,0,,0,,0,,0,,0,,0
FIRMS_0A80A318,22.5921,85.90424,1.28,305.4,60.0,2026-08-15T20:04:00Z,N21,,0,,0,0,0,0,0,0,0,0,0,,0,,0,,0,,0,,0,,0
FIRMS_1A89F939,22.60765,85.91538,0.99,303.87,60.0,2026-08-15T20:04:00Z,N21,,0,,0,0,0,0,0,0,0,0,0,,0,,0,,0,,0,,0,,0
FIRMS_3966CAD8,22.7896,86.19486,1.93,303.96,60.0,2026-08-15T20:04:00Z,N21,,0,,0,0,0,0,0,0,0,0,0,,0,,0,,0,,0,,0,,0
FIRMS_494B72A6,22.7903,86.21149,1.16,304.71,60.0,2026-08-15T20:04:00Z,N21,,0,,0,0,0,0,0,0,0,0,0,,0,,0,,0,,0,,0,,0
FIRMS_917FABF2,22.80027,86.09014,1.94,314.02,60.0,2026-08-15T20:04:00Z,N21,,0,,0,0,0,0,0,0,0,0,0,,0,,0,,0,,0,,0,,0
FIRMS_D1FA532C,23.56034,87.08199,0.3,298.46,60.0,2026-08-15T20:04:00Z,N21,,0,,0,0,0,0,0,0,0,0,0,,0,,0,,0,,0,,0,,0
FIRMS_D076DBAD,23.66343,87.15858,1.18,305.82,60.0,2026-08-15T20:04:00Z,N21,,0,,0,0,0,0,0,0,0,0,0,,0,,0,,0,,0,,0,,0
FIRMS_E1058AA6,23.66418,87.15434,2.82,318.53,60.0,2026-08-15T20:04:00Z,N21,,0,,0,0,0,0,0,0,0,0,0,,0,,0,,0,,0,,0,,0
FIRMS_F7E0C3EC,23.6748,86.08788,1.64,300.76,60.0,2026-08-15T20:04:00Z,N21,,0,,0,0,0,0,0,0,0,0,0,,0,,0,,0,,0,,0,,0
FIRMS_5141C679,23.67487,86.10822,0.86,307.29,60.0,2026-08-15T20:04:00Z,N21,,0,,0,0,0,0,0,0,0,0,0,,0,,0,,0,,0,,0,,0
FIRMS_FCB1AF39,23.67553,86.10428,0.92,298.55,60.0,2026-08-15T20:04:00Z,N21,,0,,0,0,0,0,0,0,0,0,0,,0,,0,,0,,0,,0,,0
FIRMS_A1211A5C,23.68087,86.09315,1.2,301.73,60.0,2026-08-15T20:04:00Z,N21,,0,,0,0,0,0,0,0,0,0,0,,0,,0,,0,,0,,0,,0
FIRMS_59212A5A,23.6883,87.1198,1.2,308.36,60.0,2026-08-15T20:04:00Z,N21,,0,,0,0,0,0,0,0,0,0,0,,0,,0,,0,,0,,0,,0
FIRMS_4B65F99D,23.68853,87.0979,0.71,298.0,60.0,2026-08-15T20:04:00Z,N21,,0,,0,0,0,0,0,0,0,0,0,,0,,0,,0,,0,,0,,0
FIRMS_E55BBE09,23.68891,86.08664,1.72,309.32,60.0,2026-08-15T20:04:00Z,N21,,0,,0,0,0,0,0,0,0,0,0,,0,,0,,0,,0,,0,,0
FIRMS_11B9DA2E,23.69104,87.12474,1.2,304.85,60.0,2026-08-15T20:04:00Z,N21,4852.415457623006,1,oil_well,0,0,1,0,0,0,0,0,0,,0,,0,4852.415457623006,1,,0,,0,,0
FIRMS_00098CA2,23.69178,87.12051,1.2,311.83,60.0,2026-08-15T20:04:00Z,N21,,0,,0,0,0,0,0,0,0,0,0,,0,,0,,0,,0,,0,,0
FIRMS_246E8D14,23.69252,87.11627,0.72,303.55,60.0,2026-08-15T20:04:00Z,N21,,0,,0,0,0,0,0,0,0,0,0,,0,,0,,0,,0,,0,,0
FIRMS_2051A1BC,23.69326,87.11204,0.72,299.87,60.0,2026-08-15T20:04:00Z,N21,,0,,0,0,0,0,0,0,0,0,0,,0,,0,,0,,0,,0,,0
FIRMS_880A0D82,23.694,87.1078,0.75,300.63,60.0,2026-08-15T20:04:00Z,N21,,0,,0,0,0,0,0,0,0,0,0,,0,,0,,0,,0,,0,,0
FIRMS_962A7286,23.69623,87.09511,0.55,301.89,60.0,2026-08-15T20:04:00Z,N21,,0,,0,0,0,0,0,0,0,0,0,,0,,0,,0,,0,,0,,0
FIRMS_216334E7,23.7556,86.40281,1.28,301.35,60.0,2026-08-15T20:04:00Z,N21,,0,,0,0,0,0,0,0,0,0,0,,0,,0,,0,,0,,0,,0
FIRMS_D943F354,23.75899,86.40348,1.05,308.39,60.0,2026-08-15T20:04:00Z,N21,,0,,0,0,0,0,0,0,0,0,0,,0,,0,,0,,0,,0,,0
FIRMS_BB934E60,23.75966,86.3995,1.04,295.89,60.0,2026-08-15T20:04:00Z,N21,,0,,0,0,0,0,0,0,0,0,0,,0,,0,,0,,0,,0,,0
FIRMS_72B2E88B,23.76238,86.40415,1.05,303.35,60.0,2026-08-15T20:04:00Z,N21,,0,,0,0,0,0,0,0,0,0,0,,0,,0,,0,,0,,0,,0
FIRMS_A3D1CDE9,23.76577,86.40484,0.68,299.35,60.0,2026-08-15T20:04:00Z,N21,,0,,0,0,0,0,0,0,0,0,0,,0,,0,,0,,0,,0,,0
FIRMS_F01E7504,23.76645,86.40085,0.87,297.18,60.0,2026-08-15T20:04:00Z,N21,,0,,0,0,0,0,0,0,0,0,0,,0,,0,,0,,0,,0,,0
FIRMS_948EB25A,23.7725,86.36485,0.48,297.12,60.0,2026-08-15T20:04:00Z,N21,,0,,0,0,0,0,0,0,0,0,0,,0,,0,,0,,0,,0,,0
FIRMS_3AF4407E,23.77284,86.19653,1.2,298.99,60.0,2026-08-15T20:04:00Z,N21,,0,,0,0,0,0,0,0,0,0,0,,0,,0,,0,,0,,0,,0
FIRMS_A6FECD01,23.77422,86.20907,1.37,296.75,60.0,2026-08-15T20:04:00Z,N21,,0,,0,0,0,0,0,0,0,0,0,,0,,0,,0,,0,,0,,0
FIRMS_F9FE68F6,23.77592,86.38617,0.99,296.63,60.0,2026-08-15T20:04:00Z,N21,,0,,0,0,0,0,0,0,0,0,0,,0,,0,,0,,0,,0,,0
FIRMS_FD3518C2,23.77759,86.20972,1.81,303.54,60.0,2026-08-15T20:04:00Z,N21,,0,,0,0,0,0,0,0,0,0,0,,0,,0,,0,,0,,0,,0
FIRMS_CA11EA4C,23.77826,86.20576,1.26,295.41,60.0,2026-08-15T20:04:00Z,N21,,0,,0,0,0,0,0,0,0,0,0,,0,,0,,0,,0,,0,,0
FIRMS_19B442BA,23.77864,86.39085,1.37,305.66,60.0,2026-08-15T20:04:00Z,N21,,0,,0,0,0,0,0,0,0,0,0,,0,,0,,0,,0,,0,,0
FIRMS_C2ED52C8,23.78097,86.21037,1.81,314.57,60.0,2026-08-15T20:04:00Z,N21,,0,,0,0,0,0,0,0,0,0,0,,0,,0,,0,,0,,0,,0
FIRMS_8BACAFE3,23.78329,86.34228,1.02,301.4,60.0,2026-08-15T20:04:00Z,N21,,0,,0,0,0,0,0,0,0,0,0,,0,,0,,0,,0,,0,,0
FIRMS_FC59506E,23.79641,86.35195,1.27,305.87,60.0,2026-08-15T20:04:00Z,N21,,0,,0,0,0,0,0,0,0,0,0,,0,,0,,0,,0,,0,,0
FIRMS_E7FB17FD,23.80117,86.32407,1.89,311.36,60.0,2026-08-15T20:04:00Z,N21,,0,,0,0,0,0,0,0,0,0,0,,0,,0,,0,,0,,0,,0
FIRMS_1BE76E3F,23.8032,86.33268,1.54,303.78,60.0,2026-08-15T20:04:00Z,N21,,0,,0,0,0,0,0,0,0,0,0,,0,,0,,0,,0,,0,,0
FIRMS_BD619CA7,23.80388,86.3287,1.54,315.04,60.0,2026-08-15T20:04:00Z,N21,,0,,0,0,0,0,0,0,0,0,0,,0,,0,,0,,0,,0,,0
FIRMS_70B9C468,24.13888,82.70657,0.47,297.09,60.0,2026-08-15T20:04:00Z,N21,3956.38981077404,1,power_plant,0,0,1,0,0,0,0,0,0,3956.38981077404,1,,0,,0,,0,,0,,0
FIRMS_1C31D9AE,24.18051,82.64401,0.71,299.92,60.0,2026-08-15T20:04:00Z,N21,,0,,0,0,0,0,0,0,0,0,0,,0,,0,,0,,0,,0,,0
FIRMS_11269E13,25.94142,72.18773,0.81,302.88,60.0,2026-08-15T20:04:00Z,N21,,0,,0,0,0,0,0,0,0,0,0,,0,,0,,0,,0,,0,,0
FIRMS_6D2F079C,12.28897,78.93392,1.08,302.16,60.0,2026-08-15T20:06:00Z,N21,,0,,0,0,0,0,0,0,0,0,0,,0,,0,,0,,0,,0,,0
FIRMS_079C26A0,12.8923,79.8503,1.16,307.39,60.0,2026-08-15T20:06:00Z,N21,,0,,0,0,0,0,0,0,0,0,0,,0,,0,,0,,0,,0,,0
FIRMS_68FA6DB2,13.60485,76.79096,0.43,298.68,60.0,2026-08-15T20:06:00Z,N21,,0,,0,0,0,0,0,0,0,0,0,,0,,0,,0,,0,,0,,0
FIRMS_0B3CD30A,15.02366,78.01456,2.22,315.9,60.0,2026-08-15T20:06:00Z,N21,,0,,0,0,0,0,0,0,0,0,0,,0,,0,,0,,0,,0,,0
FIRMS_6B191962,15.17528,76.65529,2.21,303.63,60.0,2026-08-15T20:06:00Z,N21,,0,,0,0,0,0,0,0,0,0,0,,0,,0,,0,,0,,0,,0
FIRMS_A2874E1A,15.18103,76.67553,2.24,301.52,60.0,2026-08-15T20:06:00Z,N21,4908.711028672556,1,power_plant,0,0,3,0,0,0,0,0,0,4908.711028672556,1,,0,,0,,0,,0,,0
FIRMS_9D01E65F,15.18153,76.6717,0.91,301.14,60.0,2026-08-15T20:06:00Z,N21,,0,,0,0,0,0,0,0,0,0,0,,0,,0,,0,,0,,0,,0
FIRMS_FFF3613E,15.18204,76.66786,0.91,300.67,60.0,2026-08-15T20:06:00Z,N21,,0,,0,0,0,0,0,0,0,0,0,,0,,0,,0,,0,,0,,0
FIRMS_70D2EB4B,18.67984,73.03214,1.39,305.58,60.0,2026-08-15T20:06:00Z,N21,,0,,0,0,0,0,0,0,0,0,0,,0,,0,,0,,0,,0,,0
FIRMS_3491623A,18.68459,73.04036,5.13,324.75,60.0,2026-08-15T20:06:00Z,N21,,0,,0,0,0,0,0,0,0,0,0,,0,,0,,0,,0,,0,,0
FIRMS_074162EC,18.68574,73.02896,1.63,310.28,60.0,2026-08-15T20:06:00Z,N21,,0,,0,0,0,0,0,0,0,0,0,,0,,0,,0,,0,,0,,0
FIRMS_12BD056C,8.84948,78.13552,0.4,301.57,60.0,2026-08-15T20:08:00Z,N21,,0,,0,0,0,0,0,0,0,0,0,,0,,0,,0,,0,,0,,0
FIRMS_DB606333,9.33689,78.60879,0.99,312.96,60.0,2026-08-15T20:08:00Z,N21,,0,,0,0,0,0,0,0,0,0,0,,0,,0,,0,,0,,0,,0
FIRMS_1446C04E,9.99166,77.401,0.64,300.49,60.0,2026-08-15T20:08:00Z,N21,,0,,0,0,0,0,0,0,0,0,0,,0,,0,,0,,0,,0,,0
FIRMS_171CE226,10.62463,79.11826,4.52,330.62,60.0,2026-08-15T20:08:00Z,N21,,0,,0,0,0,0,0,0,0,0,0,,0,,0,,0,,0,,0,,0
FIRMS_44ABD695,11.85533,79.07175,0.53,303.95,60.0,2026-08-15T20:08:00Z,N21,,0,,0,0,0,0,0,0,0,0,0,,0,,0,,0,,0,,0,,0
FIRMS_0C75C85B,22.93069,69.69711,2.21,303.82,60.0,2026-08-15T21:44:00Z,N21,,0,,0,0,0,0,0,0,0,0,0,,0,,0,,0,,0,,0,,0
FIRMS_7485C231,25.94344,72.19431,1.05,304.75,60.0,2026-08-15T21:44:00Z,N21,,0,,0,0,0,0,0,0,0,0,0,,0,,0,,0,,0,,0,,0
FIRMS_C45604F9,12.04138,79.50053,2.99,330.89,60.0,2026-08-16T07:14:00Z,N21,,0,,0,0,0,0,0,0,0,0,0,,0,,0,,0,,0,,0,,0
FIRMS_5C5A6737,12.54379,79.81878,2.73,332.84,60.0,2026-08-16T07:14:00Z,N21,,0,,0,0,0,0,0,0,0,0,0,,0,,0,,0,,0,,0,,0
FIRMS_C132FA27,22.79004,86.20013,8.88,335.59,30.0,2026-08-16T07:16:00Z,N21,,0,,0,0,0,0,0,0,0,0,0,,0,,0,,0,,0,,0,,0
FIRMS_5C433D37,30.65581,74.16112,4.09,330.51,60.0,2026-08-16T07:20:00Z,N21,,0,,0,0,0,0,0,0,0,0,0,,0,,0,,0,,0,,0,,0
FIRMS_9B45DAEA,9.8602,78.09454,5.02,336.21,60.0,2026-08-16T08:54:00Z,N21,,0,,0,0,0,0,0,0,0,0,0,,0,,0,,0,,0,,0,,0
FIRMS_982AC266,10.78027,78.65516,6.49,330.25,60.0,2026-08-16T08:54:00Z,N21,,0,,0,0,0,0,0,0,0,0,0,,0,,0,,0,,0,,0,,0
FIRMS_546CE3D3,10.78192,78.65462,10.84,333.66,60.0,2026-08-16T08:54:00Z,N21,,0,,0,0,0,0,0,0,0,0,0,,0,,0,,0,,0,,0,,0
FIRMS_FFDA2EF5,10.98471,77.71185,3.62,332.97,60.0,2026-08-16T08:54:00Z,N21,,0,,0,0,0,0,0,0,0,0,0,,0,,0,,0,,0,,0,,0
FIRMS_1537FD52,11.81638,78.73512,17.18,339.76,60.0,2026-08-16T08:54:00Z,N21,,0,,0,0,0,0,0,0,0,0,0,,0,,0,,0,,0,,0,,0
FIRMS_04A9ADB2,11.8171,78.74201,17.18,351.81,60.0,2026-08-16T08:54:00Z,N21,,0,,0,0,0,0,0,0,0,0,0,,0,,0,,0,,0,,0,,0
FIRMS_CBF943D9,11.82039,78.73884,25.54,367.0,90.0,2026-08-16T08:54:00Z,N21,,0,,0,0,0,0,0,0,0,0,0,,0,,0,,0,,0,,0,,0
FIRMS_1E69BBD1,15.34949,76.66209,9.27,339.72,60.0,2026-08-16T08:56:00Z,N21,,0,,0,0,0,0,0,0,0,0,0,,0,,0,,0,,0,,0,,0
FIRMS_604E5DC5,26.66642,72.53803,4.49,342.67,60.0,2026-08-16T08:58:00Z,N21,1470.3646971136873,1,solar_plant,0,0,1,0,0,0,0,0,0,,0,,0,,0,,0,,0,1470.3646971136873,1
FIRMS_230A0FB8,27.32211,71.15809,1.24,331.95,60.0,2026-08-16T08:58:00Z,N21,,0,,0,0,0,0,0,0,0,0,0,,0,,0,,0,,0,,0,,0
FIRMS_88DD9BBB,22.943,85.96716,0.48,299.72,60.0,2026-08-16T19:45:00Z,N21,,0,,0,0,0,0,0,0,0,0,0,,0,,0,,0,,0,,0,,0
FIRMS_8BE25E6C,23.55419,87.24378,0.71,296.68,60.0,2026-08-16T19:45:00Z,N21,1435.0939022017833,1,oil_well,0,0,6,0,0,0,0,0,0,4942.443359906114,1,,0,1435.0939022017833,1,,0,,0,,0
FIRMS_9D7BA57A,23.55757,87.24435,0.71,296.81,60.0,2026-08-16T19:45:00Z,N21,1152.5446643649707,1,oil_well,0,0,7,0,0,0,0,0,0,4783.533967557515,1,,0,1152.5446643649707,1,,0,,0,,0
FIRMS_2B97393C,23.55814,87.24041,0.71,305.45,60.0,2026-08-16T19:45:00Z,N21,891.7068551317002,1,oil_well,0,1,7,0,0,1,0,0,0,4410.55604962902,1,,0,891.7068551317002,1,,0,,0,,0
FIRMS_C4841146,23.61046,85.67487,1.15,306.4,60.0,2026-08-16T19:45:00Z,N21,,0,,0,0,0,0,0,0,0,0,0,,0,,0,,0,,0,,0,,0
FIRMS_EE6CB4CB,23.63182,86.29402,0.56,303.6,60.0,2026-08-16T19:45:00Z,N21,,0,,0,0,0,0,0,0,0,0,0,,0,,0,,0,,0,,0,,0
FIRMS_2335ECA2,23.64515,85.43939,1.23,311.53,60.0,2026-08-16T19:45:00Z,N21,,0,,0,0,0,0,0,0,0,0,0,,0,,0,,0,,0,,0,,0
FIRMS_DCE7A10B,23.64878,85.43997,1.23,305.99,60.0,2026-08-16T19:45:00Z,N21,,0,,0,0,0,0,0,0,0,0,0,,0,,0,,0,,0,,0,,0
FIRMS_7C879974,23.64938,85.43539,1.23,301.78,60.0,2026-08-16T19:45:00Z,N21,,0,,0,0,0,0,0,0,0,0,0,,0,,0,,0,,0,,0,,0
FIRMS_6C13058B,23.66669,86.09028,0.47,300.02,60.0,2026-08-16T19:45:00Z,N21,,0,,0,0,0,0,0,0,0,0,0,,0,,0,,0,,0,,0,,0
FIRMS_366C4226,23.67433,86.08707,1.85,300.96,60.0,2026-08-16T19:45:00Z,N21,,0,,0,0,0,0,0,0,0,0,0,,0,,0,,0,,0,,0,,0
FIRMS_033D2743,23.68079,86.0925,1.39,309.97,60.0,2026-08-16T19:45:00Z,N21,,0,,0,0,0,0,0,0,0,0,0,,0,,0,,0,,0,,0,,0
FIRMS_697F25AE,23.68196,86.08386,2.1,316.5,60.0,2026-08-16T19:45:00Z,N21,,0,,0,0,0,0,0,0,0,0,0,,0,,0,,0,,0,,0,,0
FIRMS_CE30F421,23.69549,85.36719,1.0,299.67,60.0,2026-08-16T19:45:00Z,N21,,0,,0,0,0,0,0,0,0,0,0,,0,,0,,0,,0,,0,,0
FIRMS_7B7B8841,23.70859,86.44773,0.99,298.14,60.0,2026-08-16T19:45:00Z,N21,,0,,0,0,0,0,0,0,0,0,0,,0,,0,,0,,0,,0,,0
FIRMS_F92FF49C,23.71148,86.4525,1.42,300.44,60.0,2026-08-16T19:45:00Z,N21,,0,,0,0,0,0,0,0,0,0,0,,0,,0,,0,,0,,0,,0
FIRMS_15D82EF2,23.71972,85.00926,0.81,300.77,60.0,2026-08-16T19:45:00Z,N21,,0,,0,0,0,0,0,0,0,0,0,,0,,0,,0,,0,,0,,0
FIRMS_1A458618,23.74472,85.50453,0.79,302.03,60.0,2026-08-16T19:45:00Z,N21,1866.6484094617067,1,oil_well,0,0,4,0,0,0,0,0,0,,0,,0,1866.6484094617067,1,,0,,0,,0
FIRMS_29326727,23.75303,85.85423,1.52,304.48,60.0,2026-08-16T19:45:00Z,N21,2265.1707780399533,1,oil_well,0,0,12,0,0,0,0,0,0,4034.879660837976,1,,0,2265.1707780399533,1,,0,,0,,0
FIRMS_14E7B592,23.75659,85.8548,2.79,307.66,60.0,2026-08-16T19:45:00Z,N21,1921.5451918097185,1,oil_well,0,0,12,0,0,0,0,0,0,3949.5700485927573,1,,0,1921.5451918097185,1,,0,,0,,0
FIRMS_B2F35288,23.77124,86.19823,1.31,306.72,60.0,2026-08-16T19:45:00Z,N21,,0,,0,0,0,0,0,0,0,0,0,,0,,0,,0,,0,,0,,0
FIRMS_AF8A6F16,23.77694,85.99603,1.29,304.0,60.0,2026-08-16T19:45:00Z,N21,1780.641004299553,1,oil_well,0,0,2,0,0,0,0,0,0,,0,,0,1780.641004299553,1,,0,,0,,0
FIRMS_D510A616,23.77708,86.20795,1.66,302.66,60.0,2026-08-16T19:45:00Z,N21,,0,,0,0,0,0,0,0,0,0,0,,0,,0,,0,,0,,0,,0
FIRMS_D64B5247,23.7797,85.57503,1.46,299.88,60.0,2026-08-16T19:45:00Z,N21,2829.8975851418477,1,oil_well,0,0,1,0,0,0,0,0,0,,0,,0,2829.8975851418477,1,,0,,0,,0
FIRMS_5131BEDF,23.78,86.21283,1.3,308.95,60.0,2026-08-16T19:45:00Z,N21,,0,,0,0,0,0,0,0,0,0,0,,0,,0,,0,,0,,0,,0
FIRMS_640072BD,23.78059,86.20853,1.8,309.33,60.0,2026-08-16T19:45:00Z,N21,,0,,0,0,0,0,0,0,0,0,0,,0,,0,,0,,0,,0,,0
FIRMS_96B58F43,23.78091,85.56597,0.87,300.19,60.0,2026-08-16T19:45:00Z,N21,2118.3342303197783,1,oil_well,0,0,3,0,0,0,0,0,0,,0,,0,2118.3342303197783,1,,0,,0,,0
FIRMS_B52D7602,23.78436,87.08208,1.1,298.61,60.0,2026-08-16T19:45:00Z,N21,2119.647370348571,1,oil_well,0,0,1,0,0,0,0,0,0,,0,,0,2119.647370348571,1,,0,,0,,0
FIRMS_F477C5A4,23.78634,85.55292,0.88,303.98,60.0,2026-08-16T19:45:00Z,N21,1974.423221608888,1,oil_well,0,0,3,0,0,0,0,0,0,,0,,0,1974.423221608888,1,,0,,0,,0
FIRMS_86164597,23.80093,86.32062,0.64,295.85,60.0,2026-08-16T19:45:00Z,N21,,0,,0,0,0,0,0,0,0,0,0,,0,,0,,0,,0,,0,,0
FIRMS_7ED71F45,23.80324,86.32969,0.97,301.39,60.0,2026-08-16T19:45:00Z,N21,,0,,0,0,0,0,0,0,0,0,0,,0,,0,,0,,0,,0,,0
FIRMS_8C06F7DA,23.80384,86.32544,0.64,299.72,60.0,2026-08-16T19:45:00Z,N21,,0,,0,0,0,0,0,0,0,0,0,,0,,0,,0,,0,,0,,0
FIRMS_06B5327D,23.80443,86.32117,0.64,296.07,60.0,2026-08-16T19:45:00Z,N21,,0,,0,0,0,0,0,0,0,0,0,,0,,0,,0,,0,,0,,0
FIRMS_A32AB6B9,23.82172,84.57381,2.21,312.73,60.0,2026-08-16T19:45:00Z,N21,,0,,0,0,0,0,0,0,0,0,0,,0,,0,,0,,0,,0,,0
FIRMS_C8B32B93,23.82553,84.57439,1.56,302.71,60.0,2026-08-16T19:45:00Z,N21,,0,,0,0,0,0,0,0,0,0,0,,0,,0,,0,,0,,0,,0
FIRMS_B51B6768,25.03663,87.39027,1.15,306.75,60.0,2026-08-16T19:45:00Z,N21,,0,,0,0,0,0,0,0,0,0,0,,0,,0,,0,,0,,0,,0
FIRMS_C24E57E1,27.60651,95.3998,1.33,306.05,60.0,2026-08-16T19:45:00Z,N21,425.3020768325057,1,oil_well,3,9,24,0,0,9,0,0,0,,0,,0,425.3020768325057,1,,0,,0,,0
FIRMS_7747E9E7,9.11096,78.39349,4.95,314.8,60.0,2026-08-16T19:49:00Z,N21,,0,,0,0,0,0,0,0,0,0,0,,0,,0,,0,,0,,0,,0
FIRMS_8A224497,9.11447,78.39108,5.24,315.86,60.0,2026-08-16T19:49:00Z,N21,,0,,0,0,0,0,0,0,0,0,0,,0,,0,,0,,0,,0,,0
FIRMS_B7BB04C2,15.17715,76.65617,1.88,297.93,60.0,2026-08-16T19:49:00Z,N21,,0,,0,0,0,0,0,0,0,0,0,,0,,0,,0,,0,,0,,0
FIRMS_650971F3,15.18195,76.6647,1.99,296.28,60.0,2026-08-16T19:49:00Z,N21,,0,,0,0,0,0,0,0,0,0,0,,0,,0,,0,,0,,0,,0
FIRMS_C48E4397,27.08006,73.81753,0.76,306.1,60.0,2026-08-16T21:23:00Z,N21,,0,,0,0,0,0,0,0,0,0,0,,0,,0,,0,,0,,0,,0
FIRMS_AF0C3373,30.31607,74.10844,1.19,306.72,60.0,2026-08-16T21:25:00Z,N21,,0,,0,0,0,0,0,0,0,0,0,,0,,0,,0,,0,,0,,0
FIRMS_19C9277F,31.25765,76.92495,0.88,305.34,60.0,2026-08-16T21:25:00Z,N21,,0,,0,0,0,0,0,0,0,0,0,,0,,0,,0,,0,,0,,0
FIRMS_609ED043,15.65921,73.99104,2.43,300.34,60.0,2026-08-16T21:27:00Z,N21,,0,,0,0,0,0,0,0,0,0,0,,0,,0,,0,,0,,0,,0
FIRMS_C567483E,9.24176,77.44679,5.09,341.82,60.0,2026-08-17T08:35:00Z,N21,,0,,0,0,0,0,0,0,0,0,0,,0,,0,,0,,0,,0,,0
FIRMS_23DFC87B,10.03546,78.13702,6.1,337.73,60.0,2026-08-17T08:35:00Z,N21,,0,,0,0,0,0,0,0,0,0,0,,0,,0,,0,,0,,0,,0
FIRMS_1AA85344,13.79972,76.19382,3.27,334.03,60.0,2026-08-17T08:35:00Z,N21,,0,,0,0,0,0,0,0,0,0,0,,0,,0,,0,,0,,0,,0
FIRMS_BB23E022,13.8013,76.19715,3.24,329.29,60.0,2026-08-17T08:35:00Z,N21,,0,,0,0,0,0,0,0,0,0,0,,0,,0,,0,,0,,0,,0
FIRMS_D4585F93,13.83939,79.28998,9.85,353.64,60.0,2026-08-17T08:35:00Z,N21,,0,,0,0,0,0,0,0,0,0,0,,0,,0,,0,,0,,0,,0
FIRMS_FDCF6452,27.031,94.89075,1.18,309.57,60.0,2026-08-17T19:23:00Z,N21,145.33165290923657,1,oil_well,17,34,381,0,0,34,0,0,0,1234.4767993364762,1,,0,145.33165290923657,1,,0,,0,,0
FIRMS_D5923B06,13.16142,80.28265,3.98,304.07,60.0,2026-08-17T19:28:00Z,N21,1413.9853746781928,1,oil_refinery,0,0,1,0,0,0,0,0,0,,0,1413.9853746781928,1,,0,,0,,0,,0
FIRMS_32379D22,10.35903,77.1489,6.91,319.67,60.0,2026-08-17T19:30:00Z,N21,,0,,0,0,0,0,0,0,0,0,0,,0,,0,,0,,0,,0,,0
FIRMS_09BC023D,10.35939,77.14571,5.3,296.3,60.0,2026-08-17T19:30:00Z,N21,,0,,0,0,0,0,0,0,0,0,0,,0,,0,,0,,0,,0,,0
FIRMS_65F52969,10.35987,77.14751,6.74,327.12,60.0,2026-08-17T19:30:00Z,N21,,0,,0,0,0,0,0,0,0,0,0,,0,,0,,0,,0,,0,,0
FIRMS_0F9A1BAC,24.65676,73.87511,1.59,298.79,60.0,2026-08-17T21:06:00Z,N21,,0,,0,0,0,0,0,0,0,0,0,,0,,0,,0,,0,,0,,0
FIRMS_13D86937,24.69074,73.00394,1.37,303.84,60.0,2026-08-17T21:06:00Z,N21,,0,,0,0,0,0,0,0,0,0,0,,0,,0,,0,,0,,0,,0
FIRMS_F92FE2A3,26.87534,73.51603,1.97,306.1,60.0,2026-08-17T21:06:00Z,N21,,0,,0,0,0,0,0,0,0,0,0,,0,,0,,0,,0,,0,,0
FIRMS_071B5E4D,18.80348,74.25902,1.36,305.8,60.0,2026-08-17T21:08:00Z,N21,,0,,0,0,0,0,0,0,0,0,0,,0,,0,,0,,0,,0,,0
FIRMS_513829C3,18.95518,73.94185,4.07,317.44,60.0,2026-08-17T21:08:00Z,N21,,0,,0,0,0,0,0,0,0,0,0,,0,,0,,0,,0,,0,,0
FIRMS_6D9E6B34,8.50197,77.86375,14.87,339.94,30.0,2026-08-18T08:16:00Z,N21,,0,,0,0,0,0,0,0,0,0,0,,0,,0,,0,,0,,0,,0
FIRMS_D24F949D,8.62125,77.95941,3.37,334.1,30.0,2026-08-18T08:16:00Z,N21,,0,,0,0,0,0,0,0,0,0,0,,0,,0,,0,,0,,0,,0
FIRMS_3CF711AF,8.74016,78.05225,8.91,338.98,30.0,2026-08-18T08:16:00Z,N21,,0,,0,0,0,0,0,0,0,0,0,,0,,0,,0,,0,,0,,0
FIRMS_D55CC287,8.75613,77.47073,3.22,335.69,30.0,2026-08-18T08:16:00Z,N21,,0,,0,0,0,0,0,0,0,0,0,,0,,0,,0,,0,,0,,0
FIRMS_5CC69279,8.79578,77.95259,2.07,339.91,60.0,2026-08-18T08:16:00Z,N21,,0,,0,0,0,0,0,0,0,0,0,,0,,0,,0,,0,,0,,0
FIRMS_006EAE36,8.82405,77.53445,2.98,337.3,60.0,2026-08-18T08:16:00Z,N21,,0,,0,0,0,0,0,0,0,0,0,,0,,0,,0,,0,,0,,0
FIRMS_507E6B13,8.86771,78.15748,6.09,336.8,60.0,2026-08-18T08:16:00Z,N21,,0,,0,0,0,0,0,0,0,0,0,,0,,0,,0,,0,,0,,0
FIRMS_59876C0F,8.88104,77.79141,14.99,346.42,60.0,2026-08-18T08:16:00Z,N21,,0,,0,0,0,0,0,0,0,0,0,,0,,0,,0,,0,,0,,0
FIRMS_A56FA91A,8.94722,77.65343,3.06,336.49,30.0,2026-08-18T08:16:00Z,N21,,0,,0,0,0,0,0,0,0,0,0,,0,,0,,0,,0,,0,,0
FIRMS_DE4AB375,8.94777,77.65709,3.06,339.88,60.0,2026-08-18T08:16:00Z,N21,,0,,0,0,0,0,0,0,0,0,0,,0,,0,,0,,0,,0,,0
FIRMS_76BAE71D,9.00249,77.50302,2.49,336.85,60.0,2026-08-18T08:16:00Z,N21,,0,,0,0,0,0,0,0,0,0,0,,0,,0,,0,,0,,0,,0
FIRMS_62CAD186,9.2184,78.6481,10.25,337.96,60.0,2026-08-18T08:16:00Z,N21,,0,,0,0,0,0,0,0,0,0,0,,0,,0,,0,,0,,0,,0
FIRMS_0EC6B928,9.27162,78.79281,4.59,338.38,60.0,2026-08-18T08:16:00Z,N21,1522.927860724218,1,oil_well,0,0,20,0,0,0,0,0,0,,0,,0,1522.927860724218,1,,0,,0,,0
FIRMS_B9C17EE9,9.27322,77.54752,5.64,339.11,30.0,2026-08-18T08:16:00Z,N21,,0,,0,0,0,0,0,0,0,0,0,,0,,0,,0,,0,,0,,0
FIRMS_D384A5FA,9.31469,77.47774,8.24,341.65,60.0,2026-08-18T08:16:00Z,N21,,0,,0,0,0,0,0,0,0,0,0,,0,,0,,0,,0,,0,,0
FIRMS_2DE1DF4B,9.31806,77.47723,8.24,341.94,60.0,2026-08-18T08:16:00Z,N21,,0,,0,0,0,0,0,0,0,0,0,,0,,0,,0,,0,,0,,0
FIRMS_DEECA3FE,9.33808,78.25658,20.06,345.42,60.0,2026-08-18T08:16:00Z,N21,,0,,0,0,0,0,0,0,0,0,0,,0,,0,,0,,0,,0,,0
FIRMS_3A5C83DE,9.3862,77.38913,5.73,345.19,60.0,2026-08-18T08:16:00Z,N21,,0,,0,0,0,0,0,0,0,0,0,,0,,0,,0,,0,,0,,0
FIRMS_F7B61AAE,9.44497,77.50709,3.29,334.97,30.0,2026-08-18T08:16:00Z,N21,,0,,0,0,0,0,0,0,0,0,0,,0,,0,,0,,0,,0,,0
FIRMS_C6F8579D,9.51855,78.22275,3.37,338.13,60.0,2026-08-18T08:16:00Z,N21,,0,,0,0,0,0,0,0,0,0,0,,0,,0,,0,,0,,0,,0
FIRMS_13D1397F,9.51911,78.22663,3.37,338.14,60.0,2026-08-18T08:16:00Z,N21,,0,,0,0,0,0,0,0,0,0,0,,0,,0,,0,,0,,0,,0
FIRMS_09818E82,9.51968,78.23049,4.29,354.26,60.0,2026-08-18T08:16:00Z,N21,,0,,0,0,0,0,0,0,0,0,0,,0,,0,,0,,0,,0,,0
FIRMS_55957AFB,9.52024,78.23438,4.29,339.51,60.0,2026-08-18T08:16:00Z,N21,,0,,0,0,0,0,0,0,0,0,0,,0,,0,,0,,0,,0,,0
FIRMS_9D3CFF76,9.52202,78.22223,3.37,355.27,30.0,2026-08-18T08:16:00Z,N21,,0,,0,0,0,0,0,0,0,0,0,,0,,0,,0,,0,,0,,0
FIRMS_7032CF96,9.52258,78.2261,3.37,342.9,60.0,2026-08-18T08:16:00Z,N21,,0,,0,0,0,0,0,0,0,0,0,,0,,0,,0,,0,,0,,0
FIRMS_7BDC5CF4,9.52314,78.22998,4.29,346.02,60.0,2026-08-18T08:16:00Z,N21,,0,,0,0,0,0,0,0,0,0,0,,0,,0,,0,,0,,0,,0
FIRMS_0920478B,9.52549,78.22171,5.78,348.73,60.0,2026-08-18T08:16:00Z,N21,,0,,0,0,0,0,0,0,0,0,0,,0,,0,,0,,0,,0,,0
FIRMS_AC53AD0D,9.52605,78.22559,5.78,351.49,60.0,2026-08-18T08:16:00Z,N21,,0,,0,0,0,0,0,0,0,0,0,,0,,0,,0,,0,,0,,0
FIRMS_13BAE8F0,9.57388,78.30993,4.52,339.87,60.0,2026-08-18T08:16:00Z,N21,,0,,0,0,0,0,0,0,0,0,0,,0,,0,,0,,0,,0,,0
FIRMS_BDB17A4D,9.57445,78.31384,4.52,341.46,60.0,2026-08-18T08:16:00Z,N21,,0,,0,0,0,0,0,0,0,0,0,,0,,0,,0,,0,,0,,0
FIRMS_6CFB7833,9.57502,78.31775,8.2,346.04,60.0,2026-08-18T08:16:00Z,N21,,0,,0,0,0,0,0,0,0,0,0,,0,,0,,0,,0,,0,,0
FIRMS_64004521,9.57736,78.30942,4.52,342.87,60.0,2026-08-18T08:16:00Z,N21,,0,,0,0,0,0,0,0,0,0,0,,0,,0,,0,,0,,0,,0
FIRMS_E2A1EF33,9.58084,78.3089,6.77,338.78,60.0,2026-08-18T08:16:00Z,N21,,0,,0,0,0,0,0,0,0,0,0,,0,,0,,0,,0,,0,,0
FIRMS_81EBF194,9.83649,78.466,3.48,336.28,60.0,2026-08-18T08:16:00Z,N21,,0,,0,0,0,0,0,0,0,0,0,,0,,0,,0,,0,,0,,0
FIRMS_BA2935A3,9.94439,78.71479,3.75,342.61,60.0,2026-08-18T08:16:00Z,N21,,0,,0,0,0,0,0,0,0,0,0,,0,,0,,0,,0,,0,,0
FIRMS_3D96A8E6,9.94499,78.7189,3.75,345.34,60.0,2026-08-18T08:16:00Z,N21,,0,,0,0,0,0,0,0,0,0,0,,0,,0,,0,,0,,0,,0
FIRMS_B62B78BC,9.94795,78.71426,3.75,339.63,60.0,2026-08-18T08:16:00Z,N21,,0,,0,0,0,0,0,0,0,0,0,,0,,0,,0,,0,,0,,0
FIRMS_BC0CBAB5,9.96622,78.06999,2.89,334.38,60.0,2026-08-18T08:16:00Z,N21,2961.0397484281107,1,power_plant,0,0,1,0,0,0,0,0,0,2961.0397484281107,1,,0,,0,,0,,0,,0
FIRMS_08DBB053,9.97945,79.0864,1.42,337.5,60.0,2026-08-18T08:16:00Z,N21,,0,,0,0,0,0,0,0,0,0,0,,0,,0,,0,,0,,0,,0
FIRMS_AF867602,9.99415,78.07372,5.2,339.1,60.0,2026-08-18T08:16:00Z,N21,3837.5091555857393,1,power_plant,0,0,1,0,0,0,0,0,0,3837.5091555857393,1,,0,,0,,0,,0,,0
FIRMS_2A81555A,10.08933,79.01897,4.38,337.66,60.0,2026-08-18T08:16:00Z,N21,,0,,0,0,0,0,0,0,0,0,0,,0,,0,,0,,0,,0,,0
FIRMS_46D475D8,10.10463,77.69885,11.17,343.44,60.0,2026-08-18T08:16:00Z,N21,,0,,0,0,0,0,0,0,0,0,0,,0,,0,,0,,0,,0,,0
FIRMS_F2E27D94,10.10702,78.53771,3.8,335.82,60.0,2026-08-18T08:16:00Z,N21,,0,,0,0,0,0,0,0,0,0,0,,0,,0,,0,,0,,0,,0
FIRMS_05B53FB2,10.12364,77.9013,6.96,337.46,30.0,2026-08-18T08:16:00Z,N21,,0,,0,0,0,0,0,0,0,0,0,,0,,0,,0,,0,,0,,0
FIRMS_8A402B4F,10.20446,78.83449,5.11,336.57,60.0,2026-08-18T08:16:00Z,N21,,0,,0,0,0,0,0,0,0,0,0,,0,,0,,0,,0,,0,,0
FIRMS_5BAD5F00,10.47384,78.95833,1.15,330.34,30.0,2026-08-18T08:16:00Z,N21,,0,,0,0,0,0,0,0,0,0,0,,0,,0,,0,,0,,0,,0
FIRMS_4BDCE71A,10.50352,79.42883,4.35,337.6,60.0,2026-08-18T08:16:00Z,N21,3632.0546491820687,1,oil_well,0,0,3,0,0,0,0,0,0,4853.0324729294,1,,0,3632.0546491820687,1,,0,,0,,0
FIRMS_FFD723D3,10.51628,77.66093,8.8,345.72,60.0,2026-08-18T08:16:00Z,N21,,0,,0,0,0,0,0,0,0,0,0,,0,,0,,0,,0,,0,,0
FIRMS_160CE025,10.55074,79.59185,9.65,339.79,60.0,2026-08-18T08:16:00Z,N21,2077.8859894603274,1,oil_well,0,0,9,0,0,0,0,0,0,,0,,0,2077.8859894603274,1,,0,,0,,0
FIRMS_87AC7CDE,10.56157,79.44977,9.6,336.39,60.0,2026-08-18T08:16:00Z,N21,2231.391936004542,1,oil_well,0,0,8,0,0,0,0,0,0,2233.9996476279875,1,,0,2231.391936004542,1,,0,,0,,0
FIRMS_F2E911E0,10.60031,79.33021,3.94,336.51,60.0,2026-08-18T08:16:00Z,N21,3915.168448078897,1,oil_well,0,0,2,0,0,0,0,0,0,,0,,0,3915.168448078897,1,,0,,0,,0
FIRMS_0D195B37,10.60196,79.33324,2.86,333.99,60.0,2026-08-18T08:16:00Z,N21,4278.25879095296,1,oil_well,0,0,2,0,0,0,0,0,0,,0,,0,4278.25879095296,1,,0,,0,,0
FIRMS_8E84A7F8,10.72695,78.74613,7.34,339.14,60.0,2026-08-18T08:16:00Z,N21,,0,,0,0,0,0,0,0,0,0,0,,0,,0,,0,,0,,0,,0
FIRMS_CE7A2A8F,10.77713,78.64549,3.61,334.53,60.0,2026-08-18T08:16:00Z,N21,,0,,0,0,0,0,0,0,0,0,0,,0,,0,,0,,0,,0,,0
FIRMS_98C93D9A,10.78029,79.6581,16.8,347.67,60.0,2026-08-18T08:16:00Z,N21,838.0646997990432,1,oil_well,0,3,68,0,0,3,0,0,0,,0,,0,838.0646997990432,1,,0,,0,,0
FIRMS_C0C1B5FC,10.79064,79.03044,12.0,339.71,60.0,2026-08-18T08:16:00Z,N21,,0,,0,0,0,0,0,0,0,0,0,,0,,0,,0,,0,,0,,0
FIRMS_87AD03E6,10.80497,79.66894,3.94,337.91,60.0,2026-08-18T08:16:00Z,N21,1020.9697907121677,1,oil_well,0,0,23,0,0,0,0,0,0,,0,,0,1020.9697907121677,1,,0,,0,,0
FIRMS_27E63F94,10.87752,77.78307,3.77,338.59,60.0,2026-08-18T08:16:00Z,N21,,0,,0,0,0,0,0,0,0,0,0,,0,,0,,0,,0,,0,,0
FIRMS_2C186FE4,10.90672,78.53823,7.58,342.43,60.0,2026-08-18T08:16:00Z,N21,,0,,0,0,0,0,0,0,0,0,0,,0,,0,,0,,0,,0,,0
FIRMS_FCD37B39,10.94335,78.44159,5.07,338.42,60.0,2026-08-18T08:16:00Z,N21,,0,,0,0,0,0,0,0,0,0,0,,0,,0,,0,,0,,0,,0
FIRMS_F3C708BC,10.98373,78.245,7.09,338.95,60.0,2026-08-18T08:16:00Z,N21,,0,,0,0,0,0,0,0,0,0,0,,0,,0,,0,,0,,0,,0
FIRMS_D94F07B1,11.00132,79.80522,2.77,334.94,60.0,2026-08-18T08:16:00Z,N21,2680.6732819675904,1,oil_well,0,0,2,0,0,0,0,0,0,,0,,0,2680.6732819675904,1,,0,,0,,0
FIRMS_344FAEFD,11.00285,79.80775,4.0,334.54,60.0,2026-08-18T08:16:00Z,N21,2511.7747315968077,1,oil_well,0,0,2,0,0,0,0,0,0,,0,,0,2511.7747315968077,1,,0,,0,,0
FIRMS_51BB820B,11.02236,78.84486,6.18,339.64,60.0,2026-08-18T08:16:00Z,N21,,0,,0,0,0,0,0,0,0,0,0,,0,,0,,0,,0,,0,,0
FIRMS_766247B6,11.04446,77.91675,8.44,347.55,60.0,2026-08-18T08:16:00Z,N21,,0,,0,0,0,0,0,0,0,0,0,,0,,0,,0,,0,,0,,0
FIRMS_BADD1D94,11.12323,78.68747,11.37,341.71,60.0,2026-08-18T08:16:00Z,N21,,0,,0,0,0,0,0,0,0,0,0,,0,,0,,0,,0,,0,,0
FIRMS_8E6A6764,11.14468,78.58139,6.13,343.39,60.0,2026-08-18T08:16:00Z,N21,,0,,0,0,0,0,0,0,0,0,0,,0,,0,,0,,0,,0,,0
FIRMS_9F54E420,11.1788,79.24069,3.13,331.52,60.0,2026-08-18T08:16:00Z,N21,2641.132825824447,1,oil_well,0,0,1,0,0,0,0,0,0,,0,,0,2641.132825824447,1,,0,,0,,0
FIRMS_B4399B47,11.21398,78.13076,13.42,342.98,60.0,2026-08-18T08:16:00Z,N21,,0,,0,0,0,0,0,0,0,0,0,,0,,0,,0,,0,,0,,0
FIRMS_6693B228,11.35102,77.54483,8.73,340.72,60.0,2026-08-18T08:16:00Z,N21,,0,,0,0,0,0,0,0,0,0,0,,0,,0,,0,,0,,0,,0
FIRMS_A5425DA9,11.45509,79.44886,3.69,333.17,60.0,2026-08-18T08:16:00Z,N21,,0,,0,0,0,0,0,0,0,0,0,,0,,0,,0,,0,,0,,0
FIRMS_B994B1C1,11.47091,78.7398,2.9,336.52,60.0,2026-08-18T08:16:00Z,N21,,0,,0,0,0,0,0,0,0,0,0,,0,,0,,0,,0,,0,,0
FIRMS_95CA76DB,11.65042,78.09669,2.0,330.36,60.0,2026-08-18T08:16:00Z,N21,,0,,0,0,0,0,0,0,0,0,0,,0,,0,,0,,0,,0,,0
FIRMS_4B870392,11.69411,78.67997,11.29,339.28,60.0,2026-08-18T08:16:00Z,N21,,0,,0,0,0,0,0,0,0,0,0,,0,,0,,0,,0,,0,,0
FIRMS_5267E11A,11.69771,78.67934,46.2,330.63,60.0,2026-08-18T08:16:00Z,N21,,0,,0,0,0,0,0,0,0,0,0,,0,,0,,0,,0,,0,,0
FIRMS_B3733060,11.84067,79.0536,3.63,335.6,60.0,2026-08-18T08:16:00Z,N21,,0,,0,0,0,0,0,0,0,0,0,,0,,0,,0,,0,,0,,0
FIRMS_1D97FACF,11.85452,78.7256,15.32,342.68,60.0,2026-08-18T08:16:00Z,N21,,0,,0,0,0,0,0,0,0,0,0,,0,,0,,0,,0,,0,,0
FIRMS_5FD708B9,11.97706,78.90929,6.83,333.62,60.0,2026-08-18T08:16:00Z,N21,,0,,0,0,0,0,0,0,0,0,0,,0,,0,,0,,0,,0,,0
FIRMS_860FA142,12.21201,79.72424,2.57,333.1,60.0,2026-08-18T08:16:00Z,N21,,0,,0,0,0,0,0,0,0,0,0,,0,,0,,0,,0,,0,,0
FIRMS_991C34DC,12.21527,76.73492,1.72,332.83,60.0,2026-08-18T08:16:00Z,N21,,0,,0,0,0,0,0,0,0,0,0,,0,,0,,0,,0,,0,,0
FIRMS_78FAB71E,12.3312,76.78513,3.38,334.66,60.0,2026-08-18T08:16:00Z,N21,,0,,0,0,0,0,0,0,0,0,0,,0,,0,,0,,0,,0,,0
FIRMS_468AF251,12.51428,80.06317,3.75,337.69,60.0,2026-08-18T08:16:00Z,N21,,0,,0,0,0,0,0,0,0,0,0,,0,,0,,0,,0,,0,,0
FIRMS_D6EDB719,12.51825,80.06261,4.32,343.53,60.0,2026-08-18T08:16:00Z,N21,,0,,0,0,0,0,0,0,0,0,0,,0,,0,,0,,0,,0,,0
FIRMS_FB9D26BE,12.57514,76.66086,4.91,336.42,60.0,2026-08-18T08:16:00Z,N21,,0,,0,0,0,0,0,0,0,0,0,,0,,0,,0,,0,,0,,0
FIRMS_5FF91B5D,12.78902,77.06596,3.01,334.04,60.0,2026-08-18T08:16:00Z,N21,,0,,0,0,0,0,0,0,0,0,0,,0,,0,,0,,0,,0,,0
FIRMS_EA660323,13.17715,78.80562,7.28,332.46,60.0,2026-08-18T08:16:00Z,N21,,0,,0,0,0,0,0,0,0,0,0,,0,,0,,0,,0,,0,,0
FIRMS_9FE48531,13.2674,78.15524,4.26,334.54,60.0,2026-08-18T08:16:00Z,N21,,0,,0,0,0,0,0,0,0,0,0,,0,,0,,0,,0,,0,,0
FIRMS_46BD4F57,13.37138,78.61485,3.76,335.28,60.0,2026-08-18T08:16:00Z,N21,,0,,0,0,0,0,0,0,0,0,0,,0,,0,,0,,0,,0,,0
FIRMS_360E897A,13.18419,76.22767,3.37,336.3,60.0,2026-08-18T08:18:00Z,N21,,0,,0,0,0,0,0,0,0,0,0,,0,,0,,0,,0,,0,,0
FIRMS_71FFE6B3,13.66248,76.38867,2.67,332.38,60.0,2026-08-18T08:18:00Z,N21,,0,,0,0,0,0,0,0,0,0,0,,0,,0,,0,,0,,0,,0
FIRMS_F06A0133,13.80109,76.19495,4.55,337.36,60.0,2026-08-18T08:18:00Z,N21,,0,,0,0,0,0,0,0,0,0,0,,0,,0,,0,,0,,0,,0
FIRMS_93B85613,13.82595,79.28137,12.42,346.03,60.0,2026-08-18T08:18:00Z,N21,,0,,0,0,0,0,0,0,0,0,0,,0,,0,,0,,0,,0,,0
FIRMS_E74F1D1B,13.90555,77.54816,3.56,330.75,60.0,2026-08-18T08:18:00Z,N21,,0,,0,0,0,0,0,0,0,0,0,,0,,0,,0,,0,,0,,0
FIRMS_DE5FEB1A,13.95422,78.15399,2.08,336.75,60.0,2026-08-18T08:18:00Z,N21,,0,,0,0,0,0,0,0,0,0,0,,0,,0,,0,,0,,0,,0
FIRMS_3D90652D,14.14881,77.24423,2.81,336.94,60.0,2026-08-18T08:18:00Z,N21,,0,,0,0,0,0,0,0,0,0,0,,0,,0,,0,,0,,0,,0
FIRMS_A4686927,14.1506,77.23183,5.29,344.31,60.0,2026-08-18T08:18:00Z,N21,,0,,0,0,0,0,0,0,0,0,0,,0,,0,,0,,0,,0,,0
FIRMS_206BD3E2,14.15172,77.23974,4.77,336.44,60.0,2026-08-18T08:18:00Z,N21,,0,,0,0,0,0,0,0,0,0,0,,0,,0,,0,,0,,0,,0
FIRMS_B15CB81E,14.15228,77.2437,2.81,337.29,60.0,2026-08-18T08:18:00Z,N21,,0,,0,0,0,0,0,0,0,0,0,,0,,0,,0,,0,,0,,0
FIRMS_00895DF7,14.1535,77.22734,3.81,335.47,60.0,2026-08-18T08:18:00Z,N21,,0,,0,0,0,0,0,0,0,0,0,,0,,0,,0,,0,,0,,0
FIRMS_9EB10000,14.15406,77.2313,3.81,342.85,60.0,2026-08-18T08:18:00Z,N21,,0,,0,0,0,0,0,0,0,0,0,,0,,0,,0,,0,,0,,0
FIRMS_FD1D7677,14.2471,79.02876,3.32,336.91,60.0,2026-08-18T08:18:00Z,N21,,0,,0,0,0,0,0,0,0,0,0,,0,,0,,0,,0,,0,,0
FIRMS_7A8734BF,14.24791,79.03074,3.48,332.04,60.0,2026-08-18T08:18:00Z,N21,,0,,0,0,0,0,0,0,0,0,0,,0,,0,,0,,0,,0,,0
FIRMS_1C4D9E4F,14.28449,77.43665,6.07,338.21,60.0,2026-08-18T08:18:00Z,N21,,0,,0,0,0,0,0,0,0,0,0,,0,,0,,0,,0,,0,,0
FIRMS_A3B9E628,14.288,77.43612,6.07,342.89,60.0,2026-08-18T08:18:00Z,N21,,0,,0,0,0,0,0,0,0,0,0,,0,,0,,0,,0,,0,,0
FIRMS_5BA6E3DE,14.30259,77.43807,7.33,340.33,60.0,2026-08-18T08:18:00Z,N21,,0,,0,0,0,0,0,0,0,0,0,,0,,0,,0,,0,,0,,0
FIRMS_E0B2CCC1,14.4102,78.20934,6.66,337.1,60.0,2026-08-18T08:18:00Z,N21,,0,,0,0,0,0,0,0,0,0,0,,0,,0,,0,,0,,0,,0
FIRMS_9C40EC92,14.86726,79.52043,3.58,330.19,60.0,2026-08-18T08:18:00Z,N21,,0,,0,0,0,0,0,0,0,0,0,,0,,0,,0,,0,,0,,0
FIRMS_8EB4654A,15.08577,76.082,2.09,331.41,60.0,2026-08-18T08:18:00Z,N21,,0,,0,0,0,0,0,0,0,0,0,,0,,0,,0,,0,,0,,0
FIRMS_DD73FEB0,18.46759,74.2318,3.92,333.29,60.0,2026-08-18T08:18:00Z,N21,,0,,0,0,0,0,0,0,0,0,0,,0,,0,,0,,0,,0,,0
FIRMS_6D155BC5,27.32405,95.27495,1.25,313.61,60.0,2026-08-18T19:06:00Z,N21,272.83064759604866,1,oil_well,4,15,175,0,0,15,0,0,0,,0,,0,272.83064759604866,1,,0,,0,,0
FIRMS_F59B5C62,27.45964,95.47533,1.64,309.32,60.0,2026-08-18T19:06:00Z,N21,289.64215229564496,1,oil_well,4,19,74,0,0,19,0,0,0,,0,,0,289.64215229564496,1,,0,,0,,0
FIRMS_8BC81F9F,27.46843,95.42434,0.58,306.82,60.0,2026-08-18T19:06:00Z,N21,781.7238286444576,1,oil_well,0,4,104,0,0,4,0,0,0,,0,,0,781.7238286444576,1,,0,,0,,0
FIRMS_5DAB6027,27.6057,95.40222,1.4,307.84,60.0,2026-08-18T19:06:00Z,N21,185.51358783223478,1,oil_well,3,8,24,0,0,8,0,0,0,,0,,0,185.51358783223478,1,,0,,0,,0
FIRMS_3B877A5F,27.28793,73.83944,1.0,306.99,60.0,2026-08-18T20:46:00Z,N21,,0,,0,0,0,0,0,0,0,0,0,,0,,0,,0,,0,,0,,0
FIRMS_172F5F3B,27.52979,77.66254,6.28,329.59,60.0,2026-08-18T20:46:00Z,N21,4300.797077224681,1,oil_refinery,0,0,1,0,0,0,0,0,0,,0,4300.797077224681,1,,0,,0,,0,,0
FIRMS_0CCB6223,27.66689,76.13504,0.69,302.42,60.0,2026-08-18T20:46:00Z,N21,,0,,0,0,0,0,0,0,0,0,0,,0,,0,,0,,0,,0,,0
FIRMS_1B732A6E,27.79099,75.33077,0.99,305.17,60.0,2026-08-18T20:46:00Z,N21,,0,,0,0,0,0,0,0,0,0,0,,0,,0,,0,,0,,0,,0
FIRMS_539D6EF5,28.37118,77.22666,2.47,309.32,60.0,2026-08-18T20:46:00Z,N21,,0,,0,0,0,0,0,0,0,0,0,,0,,0,,0,,0,,0,,0
FIRMS_4C270352,28.77098,77.56678,1.1,309.81,60.0,2026-08-18T20:46:00Z,N21,,0,,0,0,0,0,0,0,0,0,0,,0,,0,,0,,0,,0,,0
FIRMS_A8D86E18,11.81033,77.92142,3.21,305.99,60.0,2026-08-18T20:49:00Z,N21,,0,,0,0,0,0,0,0,0,0,0,,0,,0,,0,,0,,0,,0
FIRMS_15F7AE85,26.25689,74.0946,0.88,305.94,60.0,2026-08-18T20:49:00Z,N21,,0,,0,0,0,0,0,0,0,0,0,,0,,0,,0,,0,,0,,0
FIRMS_12104EA1,8.66845,77.99213,0.69,309.6,60.0,2026-08-18T20:51:00Z,N21,,0,,0,0,0,0,0,0,0,0,0,,0,,0,,0,,0,,0,,0
FIRMS_21BCBF95,9.31414,77.44081,4.48,310.19,60.0,2026-08-18T20:51:00Z,N21,,0,,0,0,0,0,0,0,0,0,0,,0,,0,,0,,0,,0,,0
FIRMS_BB21EC26,11.02996,76.90656,1.58,307.91,60.0,2026-08-18T20:51:00Z,N21,,0,,0,0,0,0,0,0,0,0,0,,0,,0,,0,,0,,0,,0
FIRMS_291EF1F5,27.82257,95.50542,4.27,332.09,60.0,2026-08-19T06:22:00Z,N21,,0,,0,0,0,0,0,0,0,0,0,,0,,0,,0,,0,,0,,0
FIRMS_9A0A963F,8.88492,78.10483,7.56,336.28,30.0,2026-08-19T07:58:00Z,N21,,0,,0,0,0,0,0,0,0,0,0,,0,,0,,0,,0,,0,,0
FIRMS_618567A7,8.88693,78.10458,9.25,335.91,30.0,2026-08-19T07:58:00Z,N21,,0,,0,0,0,0,0,0,0,0,0,,0,,0,,0,,0,,0,,0
FIRMS_0804E192,9.36143,78.66453,8.62,340.4,30.0,2026-08-19T07:58:00Z,N21,,0,,0,0,0,0,0,0,0,0,0,,0,,0,,0,,0,,0,,0
FIRMS_60FDBBCE,9.38254,78.68787,4.57,337.2,30.0,2026-08-19T07:58:00Z,N21,,0,,0,0,0,0,0,0,0,0,0,,0,,0,,0,,0,,0,,0
FIRMS_A1038232,9.49461,78.04112,14.71,342.19,30.0,2026-08-19T07:58:00Z,N21,,0,,0,0,0,0,0,0,0,0,0,,0,,0,,0,,0,,0,,0
FIRMS_05A31875,10.95938,76.78011,5.83,331.65,60.0,2026-08-19T07:58:00Z,N21,,0,,0,0,0,0,0,0,0,0,0,,0,,0,,0,,0,,0,,0
FIRMS_8C73F6FF,10.96018,76.78088,5.99,331.84,60.0,2026-08-19T07:58:00Z,N21,,0,,0,0,0,0,0,0,0,0,0,,0,,0,,0,,0,,0,,0
FIRMS_F5DCA9EB,20.96184,86.00768,7.16,330.47,60.0,2026-08-19T08:01:00Z,N21,,0,,0,0,0,0,0,0,0,0,0,,0,,0,,0,,0,,0,,0
FIRMS_D95BA25A,26.77066,94.50631,1.52,308.8,60.0,2026-08-19T18:45:00Z,N21,257.45041084802904,1,oil_well,2,2,7,0,0,2,0,0,0,,0,,0,257.45041084802904,1,,0,,0,,0
FIRMS_93A117F9,27.32586,95.27505,3.36,304.88,60.0,2026-08-19T18:45:00Z,N21,71.33605697181216,1,oil_well,4,17,181,0,0,17,0,0,0,,0,,0,71.33605697181216,1,,0,,0,,0
FIRMS_8F10E41F,27.37795,95.08804,0.58,304.48,60.0,2026-08-19T18:45:00Z,N21,165.73134882041904,1,oil_well,4,19,84,0,0,19,0,0,0,3569.051756938792,1,,0,165.73134882041904,1,,0,,0,,0
FIRMS_D5053E9D,31.24827,76.92823,0.76,305.05,60.0,2026-08-19T20:25:00Z,N21,,0,,0,0,0,0,0,0,0,0,0,,0,,0,,0,,0,,0,,0
FIRMS_CACFB930,22.24621,87.38834,0.81,305.74,60.0,2026-08-19T20:27:00Z,N21,,0,,0,0,0,0,0,0,0,0,0,,0,,0,,0,,0,,0,,0
FIRMS_A41E2691,22.24631,87.38953,0.2,302.36,60.0,2026-08-19T20:27:00Z,N21,,0,,0,0,0,0,0,0,0,0,0,,0,,0,,0,,0,,0,,0
FIRMS_683BD84C,22.35531,87.28946,1.62,304.85,60.0,2026-08-19T20:27:00Z,N21,,0,,0,0,0,0,0,0,0,0,0,,0,,0,,0,,0,,0,,0
FIRMS_875F9286,22.36007,87.01799,1.92,306.93,60.0,2026-08-19T20:27:00Z,N21,,0,,0,0,0,0,0,0,0,0,0,,0,,0,,0,,0,,0,,0
FIRMS_2B9DA652,22.3634,87.30245,1.58,307.18,60.0,2026-08-19T20:27:00Z,N21,,0,,0,0,0,0,0,0,0,0,0,,0,,0,,0,,0,,0,,0
FIRMS_9C4D4D35,22.36413,87.29903,1.58,304.74,60.0,2026-08-19T20:27:00Z,N21,,0,,0,0,0,0,0,0,0,0,0,,0,,0,,0,,0,,0,,0
FIRMS_E90509E7,22.3643,87.30159,3.31,313.09,60.0,2026-08-19T20:27:00Z,N21,,0,,0,0,0,0,0,0,0,0,0,,0,,0,,0,,0,,0,,0
FIRMS_A79F3296,22.37474,87.27907,4.04,325.07,60.0,2026-08-19T20:27:00Z,N21,,0,,0,0,0,0,0,0,0,0,0,,0,,0,,0,,0,,0,,0
FIRMS_F06032BA,22.3755,87.27567,2.38,308.33,60.0,2026-08-19T20:27:00Z,N21,,0,,0,0,0,0,0,0,0,0,0,,0,,0,,0,,0,,0,,0
FIRMS_EA43B17D,22.37883,87.28122,3.48,322.85,60.0,2026-08-19T20:27:00Z,N21,,0,,0,0,0,0,0,0,0,0,0,,0,,0,,0,,0,,0,,0
FIRMS_7FA407D9,22.37956,87.2778,2.95,318.52,60.0,2026-08-19T20:27:00Z,N21,,0,,0,0,0,0,0,0,0,0,0,,0,,0,,0,,0,,0,,0
FIRMS_C8B3D954,22.57429,85.89625,3.17,309.85,60.0,2026-08-19T20:27:00Z,N21,,0,,0,0,0,0,0,0,0,0,0,,0,,0,,0,,0,,0,,0
FIRMS_CD0BC49F,22.57461,85.8969,2.16,305.7,60.0,2026-08-19T20:27:00Z,N21,,0,,0,0,0,0,0,0,0,0,0,,0,,0,,0,,0,,0,,0
FIRMS_506241D5,22.78364,86.20684,2.33,311.14,60.0,2026-08-19T20:27:00Z,N21,,0,,0,0,0,0,0,0,0,0,0,,0,,0,,0,,0,,0,,0
FIRMS_36334A5F,22.78841,86.2081,2.33,302.64,60.0,2026-08-19T20:27:00Z,N21,,0,,0,0,0,0,0,0,0,0,0,,0,,0,,0,,0,,0,,0
FIRMS_5FC613FF,22.78961,86.20239,2.33,307.71,60.0,2026-08-19T20:27:00Z,N21,,0,,0,0,0,0,0,0,0,0,0,,0,,0,,0,,0,,0,,0
FIRMS_FDEC4AF2,22.7908,86.1967,3.8,310.77,60.0,2026-08-19T20:27:00Z,N21,,0,,0,0,0,0,0,0,0,0,0,,0,,0,,0,,0,,0,,0
FIRMS_3620CC4B,22.87371,86.06281,4.38,309.15,60.0,2026-08-19T20:27:00Z,N21,3659.782002766289,1,power_plant,0,0,1,0,0,0,0,0,0,3659.782002766289,1,,0,,0,,0,,0,,0
FIRMS_22A0CF9A,22.94316,85.96852,1.22,302.4,60.0,2026-08-19T20:27:00Z,N21,,0,,0,0,0,0,0,0,0,0,0,,0,,0,,0,,0,,0,,0
FIRMS_5BD1CD12,23.51684,87.27125,3.24,305.73,60.0,2026-08-19T20:27:00Z,N21,3238.5726848328027,1,power_plant,0,0,1,0,0,0,0,0,0,3238.5726848328027,1,,0,,0,,0,,0,,0
FIRMS_3A341928,23.56305,87.08371,2.02,299.13,60.0,2026-08-19T20:27:00Z,N21,,0,,0,0,0,0,0,0,0,0,0,,0,,0,,0,,0,,0,,0
FIRMS_72573519,23.66281,87.15319,1.14,302.53,60.0,2026-08-19T20:27:00Z,N21,,0,,0,0,0,0,0,0,0,0,0,,0,,0,,0,,0,,0,,0
FIRMS_0D6DDE62,23.69736,86.07976,1.08,299.58,60.0,2026-08-19T20:27:00Z,N21,,0,,0,0,0,0,0,0,0,0,0,,0,,0,,0,,0,,0,,0
FIRMS_AFF0A756,23.73811,86.43312,6.07,312.99,60.0,2026-08-19T20:27:00Z,N21,,0,,0,0,0,0,0,0,0,0,0,,0,,0,,0,,0,,0,,0
FIRMS_E54E96A5,23.75904,86.40292,4.33,310.23,60.0,2026-08-19T20:27:00Z,N21,,0,,0,0,0,0,0,0,0,0,0,,0,,0,,0,,0,,0,,0
FIRMS_C3E396CE,23.75956,86.40249,2.48,309.02,60.0,2026-08-19T20:27:00Z,N21,,0,,0,0,0,0,0,0,0,0,0,,0,,0,,0,,0,,0,,0
FIRMS_EC64A369,23.76379,86.40408,4.33,307.13,60.0,2026-08-19T20:27:00Z,N21,,0,,0,0,0,0,0,0,0,0,0,,0,,0,,0,,0,,0,,0
FIRMS_5B536504,23.76431,86.40368,2.48,308.02,60.0,2026-08-19T20:27:00Z,N21,,0,,0,0,0,0,0,0,0,0,0,,0,,0,,0,,0,,0,,0
FIRMS_390F189C,23.76667,86.3924,4.66,300.94,60.0,2026-08-19T20:27:00Z,N21,,0,,0,0,0,0,0,0,0,0,0,,0,,0,,0,,0,,0,,0
FIRMS_5DB63EEC,23.77258,86.36404,1.65,305.0,60.0,2026-08-19T20:27:00Z,N21,,0,,0,0,0,0,0,0,0,0,0,,0,,0,,0,,0,,0,,0
FIRMS_9F0A0778,23.77945,86.21242,3.24,307.59,60.0,2026-08-19T20:27:00Z,N21,,0,,0,0,0,0,0,0,0,0,0,,0,,0,,0,,0,,0,,0
FIRMS_48BA6CD0,23.7806,86.2069,3.24,313.86,60.0,2026-08-19T20:27:00Z,N21,,0,,0,0,0,0,0,0,0,0,0,,0,,0,,0,,0,,0,,0
FIRMS_246C2483,23.78083,86.34837,2.27,301.04,60.0,2026-08-19T20:27:00Z,N21,,0,,0,0,0,0,0,0,0,0,0,,0,,0,,0,,0,,0,,0
FIRMS_0FE9CC05,23.782,86.34277,0.8,301.0,60.0,2026-08-19T20:27:00Z,N21,,0,,0,0,0,0,0,0,0,0,0,,0,,0,,0,,0,,0,,0
FIRMS_2162BCFE,23.7949,86.35249,3.33,303.64,60.0,2026-08-19T20:27:00Z,N21,,0,,0,0,0,0,0,0,0,0,0,,0,,0,,0,,0,,0,,0
FIRMS_92802C79,23.79503,86.35194,2.05,303.87,60.0,2026-08-19T20:27:00Z,N21,,0,,0,0,0,0,0,0,0,0,0,,0,,0,,0,,0,,0,,0
FIRMS_DDB8E585,23.80087,86.32375,0.62,300.02,60.0,2026-08-19T20:27:00Z,N21,,0,,0,0,0,0,0,0,0,0,0,,0,,0,,0,,0,,0,,0
FIRMS_5F7B6D99,23.80446,86.33112,3.63,306.85,60.0,2026-08-19T20:27:00Z,N21,,0,,0,0,0,0,0,0,0,0,0,,0,,0,,0,,0,,0,,0
FIRMS_00C1E59E,23.8231,84.57227,1.34,304.64,60.0,2026-08-19T20:27:00Z,N21,,0,,0,0,0,0,0,0,0,0,0,,0,,0,,0,,0,,0,,0
FIRMS_24F4E5F7,29.47554,76.85881,0.93,304.25,60.0,2026-08-19T20:27:00Z,N21,1529.2997953600955,1,oil_refinery,0,0,1,0,0,0,0,0,0,,0,1529.2997953600955,1,,0,,0,,0,,0
FIRMS_660847C4,17.95672,80.79622,3.3,325.58,60.0,2026-08-19T20:29:00Z,N21,,0,,0,0,0,0,0,0,0,0,0,,0,,0,,0,,0,,0,,0
FIRMS_D7FA20B4,17.95757,80.7914,2.92,307.04,60.0,2026-08-19T20:29:00Z,N21,,0,,0,0,0,0,0,0,0,0,0,,0,,0,,0,,0,,0,,0
FIRMS_A342CE7B,17.95761,80.79309,5.58,330.42,60.0,2026-08-19T20:29:00Z,N21,,0,,0,0,0,0,0,0,0,0,0,,0,,0,,0,,0,,0,,0
FIRMS_C4B10728,17.95841,80.78658,2.92,325.33,60.0,2026-08-19T20:29:00Z,N21,,0,,0,0,0,0,0,0,0,0,0,,0,,0,,0,,0,,0,,0
FIRMS_247AAA4C,17.95848,80.78828,4.28,324.37,60.0,2026-08-19T20:29:00Z,N21,,0,,0,0,0,0,0,0,0,0,0,,0,,0,,0,,0,,0,,0
FIRMS_90D69B18,17.96787,83.15147,1.1,305.75,60.0,2026-08-19T20:29:00Z,N21,,0,,0,0,0,0,0,0,0,0,0,,0,,0,,0,,0,,0,,0
FIRMS_9F86110C,17.98248,80.82807,2.05,304.47,60.0,2026-08-19T20:29:00Z,N21,,0,,0,0,0,0,0,0,0,0,0,,0,,0,,0,,0,,0,,0
FIRMS_B8EBBA6B,20.76206,85.29421,2.32,309.18,60.0,2026-08-19T20:29:00Z,N21,,0,,0,0,0,0,0,0,0,0,0,,0,,0,,0,,0,,0,,0
FIRMS_AADC619B,20.78388,85.25973,2.13,304.54,60.0,2026-08-19T20:29:00Z,N21,,0,,0,0,0,0,0,0,0,0,0,,0,,0,,0,,0,,0,,0
FIRMS_79B7C92D,20.79439,85.25645,5.71,326.47,60.0,2026-08-19T20:29:00Z,N21,,0,,0,0,0,0,0,0,0,0,0,,0,,0,,0,,0,,0,,0
FIRMS_4B7B558F,20.79549,85.25102,5.71,317.46,60.0,2026-08-19T20:29:00Z,N21,,0,,0,0,0,0,0,0,0,0,0,,0,,0,,0,,0,,0,,0
FIRMS_D30C472F,20.86184,84.99403,2.61,314.66,60.0,2026-08-19T20:29:00Z,N21,,0,,0,0,0,0,0,0,0,0,0,,0,,0,,0,,0,,0,,0
FIRMS_183E380E,20.8629,84.98873,2.61,316.21,60.0,2026-08-19T20:29:00Z,N21,,0,,0,0,0,0,0,0,0,0,0,,0,,0,,0,,0,,0,,0
FIRMS_D5616C04,20.86646,84.99509,2.61,307.84,60.0,2026-08-19T20:29:00Z,N21,,0,,0,0,0,0,0,0,0,0,0,,0,,0,,0,,0,,0,,0
FIRMS_0EF3BDBB,20.8834,84.98273,3.33,312.96,60.0,2026-08-19T20:29:00Z,N21,,0,,0,0,0,0,0,0,0,0,0,,0,,0,,0,,0,,0,,0
FIRMS_937055F2,20.88644,84.98445,4.04,330.03,60.0,2026-08-19T20:29:00Z,N21,,0,,0,0,0,0,0,0,0,0,0,,0,,0,,0,,0,,0,,0
FIRMS_1FAEA6EB,20.88752,84.97923,4.04,317.33,60.0,2026-08-19T20:29:00Z,N21,,0,,0,0,0,0,0,0,0,0,0,,0,,0,,0,,0,,0,,0
FIRMS_2D5CE4D8,20.88798,84.98393,3.33,318.63,60.0,2026-08-19T20:29:00Z,N21,,0,,0,0,0,0,0,0,0,0,0,,0,,0,,0,,0,,0,,0
FIRMS_55C99D0C,20.88902,84.97868,2.75,309.65,60.0,2026-08-19T20:29:00Z,N21,,0,,0,0,0,0,0,0,0,0,0,,0,,0,,0,,0,,0,,0
FIRMS_43C62A24,20.94967,86.04959,1.72,307.92,60.0,2026-08-19T20:29:00Z,N21,,0,,0,0,0,0,0,0,0,0,0,,0,,0,,0,,0,,0,,0
FIRMS_50B1916D,20.95032,86.04649,2.18,314.01,60.0,2026-08-19T20:29:00Z,N21,,0,,0,0,0,0,0,0,0,0,0,,0,,0,,0,,0,,0,,0
FIRMS_9CC06755,20.95094,86.0435,2.18,319.75,60.0,2026-08-19T20:29:00Z,N21,,0,,0,0,0,0,0,0,0,0,0,,0,,0,,0,,0,,0,,0
FIRMS_D3DD48E1,20.95988,85.17266,1.71,304.86,60.0,2026-08-19T20:29:00Z,N21,,0,,0,0,0,0,0,0,0,0,0,,0,,0,,0,,0,,0,,0
FIRMS_3F2C615C,20.96094,85.16736,2.2,308.04,60.0,2026-08-19T20:29:00Z,N21,,0,,0,0,0,0,0,0,0,0,0,,0,,0,,0,,0,,0,,0
FIRMS_CE38E1DE,20.96134,85.18983,4.95,314.1,60.0,2026-08-19T20:29:00Z,N21,,0,,0,0,0,0,0,0,0,0,0,,0,,0,,0,,0,,0,,0
FIRMS_29B1DD8E,20.96212,86.01457,3.42,303.95,60.0,2026-08-19T20:29:00Z,N21,,0,,0,0,0,0,0,0,0,0,0,,0,,0,,0,,0,,0,,0
FIRMS_5AA8D62B,20.96241,85.18444,4.95,327.9,60.0,2026-08-19T20:29:00Z,N21,,0,,0,0,0,0,0,0,0,0,0,,0,,0,,0,,0,,0,,0
FIRMS_49DBCC39,20.96247,85.17,5.18,313.47,60.0,2026-08-19T20:29:00Z,N21,,0,,0,0,0,0,0,0,0,0,0,,0,,0,,0,,0,,0,,0
FIRMS_358CCC4B,20.96274,86.0116,2.99,308.79,60.0,2026-08-19T20:29:00Z,N21,,0,,0,0,0,0,0,0,0,0,0,,0,,0,,0,,0,,0,,0
FIRMS_AF127716,20.96356,85.16472,4.4,323.89,60.0,2026-08-19T20:29:00Z,N21,,0,,0,0,0,0,0,0,0,0,0,,0,,0,,0,,0,,0,,0
FIRMS_95AEBFFB,20.96382,85.18706,4.67,330.59,60.0,2026-08-19T20:29:00Z,N21,,0,,0,0,0,0,0,0,0,0,0,,0,,0,,0,,0,,0,,0
FIRMS_E72C58AF,20.96453,85.1738,5.96,310.19,60.0,2026-08-19T20:29:00Z,N21,,0,,0,0,0,0,0,0,0,0,0,,0,,0,,0,,0,,0,,0
FIRMS_06160B03,20.96462,86.00256,0.97,306.47,60.0,2026-08-19T20:29:00Z,N21,,0,,0,0,0,0,0,0,0,0,0,,0,,0,,0,,0,,0,,0
FIRMS_ADA7E7D1,20.96493,85.1817,4.67,310.11,60.0,2026-08-19T20:29:00Z,N21,,0,,0,0,0,0,0,0,0,0,0,,0,,0,,0,,0,,0,,0
FIRMS_869554D8,20.96558,85.16853,8.27,323.35,60.0,2026-08-19T20:29:00Z,N21,,0,,0,0,0,0,0,0,0,0,0,,0,,0,,0,,0,,0,,0
FIRMS_AF046960,20.96602,85.1764,3.41,309.77,60.0,2026-08-19T20:29:00Z,N21,,0,,0,0,0,0,0,0,0,0,0,,0,,0,,0,,0,,0,,0
FIRMS_159AD47B,20.96711,85.17114,3.41,328.2,60.0,2026-08-19T20:29:00Z,N21,,0,,0,0,0,0,0,0,0,0,0,,0,,0,,0,,0,,0,,0
FIRMS_B2DB3AC2,20.96764,86.01283,2.99,341.73,60.0,2026-08-19T20:29:00Z,N21,,0,,0,0,0,0,0,0,0,0,0,,0,,0,,0,,0,,0,,0
FIRMS_CE88E058,20.96873,85.1527,2.12,308.23,60.0,2026-08-19T20:29:00Z,N21,,0,,0,0,0,0,0,0,0,0,0,,0,,0,,0,,0,,0,,0
FIRMS_92B7981F,20.96918,85.17496,5.96,342.47,60.0,2026-08-19T20:29:00Z,N21,,0,,0,0,0,0,0,0,0,0,0,,0,,0,,0,,0,,0,,0
FIRMS_9A5CF8D9,20.9695,86.00383,0.97,305.74,60.0,2026-08-19T20:29:00Z,N21,,0,,0,0,0,0,0,0,0,0,0,,0,,0,,0,,0,,0,,0
FIRMS_626B077A,20.97067,85.17754,3.41,312.37,60.0,2026-08-19T20:29:00Z,N21,,0,,0,0,0,0,0,0,0,0,0,,0,,0,,0,,0,,0,,0
FIRMS_7613CD9C,20.97175,85.17229,3.41,315.94,60.0,2026-08-19T20:29:00Z,N21,,0,,0,0,0,0,0,0,0,0,0,,0,,0,,0,,0,,0,,0
FIRMS_54105E23,20.97639,85.17344,1.88,307.23,60.0,2026-08-19T20:29:00Z,N21,,0,,0,0,0,0,0,0,0,0,0,,0,,0,,0,,0,,0,,0
FIRMS_4CECE296,20.97748,85.16819,2.25,307.85,60.0,2026-08-19T20:29:00Z,N21,,0,,0,0,0,0,0,0,0,0,0,,0,,0,,0,,0,,0,,0
FIRMS_D50E2999,20.97758,85.13268,3.66,312.39,60.0,2026-08-19T20:29:00Z,N21,,0,,0,0,0,0,0,0,0,0,0,,0,,0,,0,,0,,0,,0
FIRMS_DC6DBD4D,20.97935,85.13543,5.2,313.09,60.0,2026-08-19T20:29:00Z,N21,,0,,0,0,0,0,0,0,0,0,0,,0,,0,,0,,0,,0,,0
FIRMS_6B5DE1B3,20.99767,86.017,1.18,304.18,60.0,2026-08-19T20:29:00Z,N21,,0,,0,0,0,0,0,0,0,0,0,,0,,0,,0,,0,,0,,0
FIRMS_ADF73A14,20.99829,86.01398,1.72,312.3,60.0,2026-08-19T20:29:00Z,N21,,0,,0,0,0,0,0,0,0,0,0,,0,,0,,0,,0,,0,,0
FIRMS_3B001445,20.99883,86.01723,1.16,303.7,60.0,2026-08-19T20:29:00Z,N21,,0,,0,0,0,0,0,0,0,0,0,,0,,0,,0,,0,,0,,0
FIRMS_CFC16F9F,21.00072,86.02725,0.72,305.34,60.0,2026-08-19T20:29:00Z,N21,,0,,0,0,0,0,0,0,0,0,0,,0,,0,,0,,0,,0,,0
FIRMS_24323A7A,21.00181,86.02744,1.87,304.39,60.0,2026-08-19T20:29:00Z,N21,,0,,0,0,0,0,0,0,0,0,0,,0,,0,,0,,0,,0,,0
FIRMS_E5E8728C,8.73676,77.60059,3.34,314.17,60.0,2026-08-19T20:32:00Z,N21,,0,,0,0,0,0,0,0,0,0,0,,0,,0,,0,,0,,0,,0
FIRMS_055C44D2,8.73967,77.60538,27.52,317.62,60.0,2026-08-19T20:32:00Z,N21,,0,,0,0,0,0,0,0,0,0,0,,0,,0,,0,,0,,0,,0
FIRMS_B7385B79,8.74035,77.6012,27.52,344.45,60.0,2026-08-19T20:32:00Z,N21,,0,,0,0,0,0,0,0,0,0,0,,0,,0,,0,,0,,0,,0
FIRMS_CDB017EC,8.74104,77.59702,17.22,330.52,60.0,2026-08-19T20:32:00Z,N21,,0,,0,0,0,0,0,0,0,0,0,,0,,0,,0,,0,,0,,0
FIRMS_598F5027,11.42396,77.4256,1.06,304.77,60.0,2026-08-19T20:32:00Z,N21,,0,,0,0,0,0,0,0,0,0,0,,0,,0,,0,,0,,0,,0
FIRMS_FF9073A0,15.16805,76.37964,1.51,302.05,60.0,2026-08-19T20:32:00Z,N21,,0,,0,0,0,0,0,0,0,0,0,,0,,0,,0,,0,,0,,0
FIRMS_BE7ADC46,8.73922,77.60026,8.25,352.24,60.0,2026-08-20T07:37:00Z,N21,,0,,0,0,0,0,0,0,0,0,0,,0,,0,,0,,0,,0,,0
FIRMS_28DEF55C,8.74019,77.60567,8.25,330.51,60.0,2026-08-20T07:37:00Z,N21,,0,,0,0,0,0,0,0,0,0,0,,0,,0,,0,,0,,0,,0
FIRMS_911DCA26,9.06641,77.74824,13.45,340.86,60.0,2026-08-20T07:37:00Z,N21,,0,,0,0,0,0,0,0,0,0,0,,0,,0,,0,,0,,0,,0
FIRMS_0BFB06C0,9.0671,77.75063,10.05,345.56,60.0,2026-08-20T07:37:00Z,N21,,0,,0,0,0,0,0,0,0,0,0,,0,,0,,0,,0,,0,,0
FIRMS_B6BBD463,9.14139,77.53202,3.72,335.88,60.0,2026-08-20T07:37:00Z,N21,,0,,0,0,0,0,0,0,0,0,0,,0,,0,,0,,0,,0,,0
FIRMS_FE1C7DD1,9.14298,77.53522,6.2,333.19,60.0,2026-08-20T07:37:00Z,N21,,0,,0,0,0,0,0,0,0,0,0,,0,,0,,0,,0,,0,,0
FIRMS_5DAC718C,15.18291,76.66628,8.31,335.93,60.0,2026-08-20T07:39:00Z,N21,,0,,0,0,0,0,0,0,0,0,0,,0,,0,,0,,0,,0,,0
FIRMS_9623F6ED,16.19041,78.37185,5.61,339.8,60.0,2026-08-20T07:39:00Z,N21,,0,,0,0,0,0,0,0,0,0,0,,0,,0,,0,,0,,0,,0
FIRMS_0FE58D5E,16.97086,77.69366,3.18,330.17,60.0,2026-08-20T07:39:00Z,N21,,0,,0,0,0,0,0,0,0,0,0,,0,,0,,0,,0,,0,,0
FIRMS_A9D32EFA,17.5076,82.95037,17.21,367.0,90.0,2026-08-20T07:39:00Z,N21,1214.8310070353812,1,ethanol_plant,0,0,1,0,0,0,0,0,0,,0,,0,,0,1214.8310070353812,1,,0,,0
FIRMS_BEE60BB4,17.51089,82.94982,8.97,348.7,30.0,2026-08-20T07:39:00Z,N21,1047.1471007904877,1,ethanol_plant,0,0,1,0,0,0,0,0,0,,0,,0,,0,1047.1471007904877,1,,0,,0
FIRMS_F87AAED3,17.53239,83.00151,3.38,330.1,30.0,2026-08-20T07:39:00Z,N21,4935.1459904675,1,ethanol_plant,0,0,1,0,0,0,0,0,0,,0,,0,,0,4935.1459904675,1,,0,,0
FIRMS_2F7D53BD,18.64043,74.56492,4.3,340.74,60.0,2026-08-20T07:39:00Z,N21,,0,,0,0,0,0,0,0,0,0,0,,0,,0,,0,,0,,0,,0
FIRMS_F481FCBA,20.75885,85.29925,5.65,332.16,60.0,2026-08-20T07:41:00Z,N21,,0,,0,0,0,0,0,0,0,0,0,,0,,0,,0,,0,,0,,0
FIRMS_FE572747,20.79548,85.25578,11.08,335.11,60.0,2026-08-20T07:41:00Z,N21,,0,,0,0,0,0,0,0,0,0,0,,0,,0,,0,,0,,0,,0
FIRMS_D427FBE6,20.79951,85.25935,5.42,331.28,60.0,2026-08-20T07:41:00Z,N21,,0,,0,0,0,0,0,0,0,0,0,,0,,0,,0,,0,,0,,0
FIRMS_BAF25032,20.9649,85.1677,4.19,334.74,60.0,2026-08-20T07:41:00Z,N21,,0,,0,0,0,0,0,0,0,0,0,,0,,0,,0,,0,,0,,0
FIRMS_78533887,22.37798,87.28054,8.68,335.0,60.0,2026-08-20T07:41:00Z,N21,,0,,0,0,0,0,0,0,0,0,0,,0,,0,,0,,0,,0,,0
FIRMS_6D171A99,23.77916,86.21287,5.8,333.94,60.0,2026-08-20T07:41:00Z,N21,,0,,0,0,0,0,0,0,0,0,0,,0,,0,,0,,0,,0,,0
FIRMS_D9FDB661,23.77984,86.21015,9.99,338.66,60.0,2026-08-20T07:41:00Z,N21,,0,,0,0,0,0,0,0,0,0,0,,0,,0,,0,,0,,0,,0
FIRMS_B042DEFA,23.80139,86.32409,6.43,332.78,60.0,2026-08-20T07:41:00Z,N21,,0,,0,0,0,0,0,0,0,0,0,,0,,0,,0,,0,,0,,0
FIRMS_92417C25,23.80199,86.32909,6.43,336.98,60.0,2026-08-20T07:41:00Z,N21,,0,,0,0,0,0,0,0,0,0,0,,0,,0,,0,,0,,0,,0
FIRMS_5E876401,30.36296,74.2361,2.27,331.16,60.0,2026-08-20T07:44:00Z,N21,,0,,0,0,0,0,0,0,0,0,0,,0,,0,,0,,0,,0,,0
FIRMS_844041B7,26.75916,83.19909,1.13,303.84,60.0,2026-08-20T20:08:00Z,N21,3127.6417535221553,1,ethanol_plant,0,0,1,0,0,0,0,0,0,,0,,0,,0,3127.6417535221553,1,,0,,0
FIRMS_73159020,27.31682,95.26463,1.25,306.24,60.0,2026-08-20T20:08:00Z,N21,143.31719172059493,1,oil_well,4,13,151,0,0,13,0,0,0,,0,,0,143.31719172059493,1,,0,,0,,0
FIRMS_2C8D20F8,27.32581,95.27686,1.74,313.3,60.0,2026-08-20T20:08:00Z,N21,190.0407427544144,1,oil_well,4,17,186,0,0,17,0,0,0,,0,,0,190.0407427544144,1,,0,,0,,0
FIRMS_BCD56046,28.13022,76.89521,0.92,307.03,60.0,2026-08-20T20:08:00Z,N21,,0,,0,0,0,0,0,0,0,0,0,,0,,0,,0,,0,,0,,0
FIRMS_4C8538E7,28.71234,76.83447,2.32,303.17,60.0,2026-08-20T20:08:00Z,N21,,0,,0,0,0,0,0,0,0,0,0,,0,,0,,0,,0,,0,,0
FIRMS_E0F513DF,28.71263,76.83237,1.57,301.89,60.0,2026-08-20T20:08:00Z,N21,,0,,0,0,0,0,0,0,0,0,0,,0,,0,,0,,0,,0,,0
FIRMS_C11BB5BD,28.74317,76.92706,2.47,301.97,60.0,2026-08-20T20:08:00Z,N21,,0,,0,0,0,0,0,0,0,0,0,,0,,0,,0,,0,,0,,0
FIRMS_B65D0A72,29.45455,76.86482,4.5,306.95,60.0,2026-08-20T20:08:00Z,N21,2473.4552598257933,1,oil_refinery,0,0,1,0,0,0,0,0,0,,0,2473.4552598257933,1,,0,,0,,0,,0
FIRMS_8C31C595,29.45779,76.86746,11.33,324.8,60.0,2026-08-20T20:08:00Z,N21,2045.1423433310717,1,oil_refinery,0,0,1,0,0,0,0,0,0,,0,2045.1423433310717,1,,0,,0,,0,,0
FIRMS_DEC5C9A3,29.45827,76.86245,11.33,339.56,60.0,2026-08-20T20:08:00Z,N21,2210.3761323551466,1,oil_refinery,0,0,1,0,0,0,0,0,0,,0,2210.3761323551466,1,,0,,0,,0,,0
FIRMS_BBC29467,29.45899,76.86539,13.66,343.34,60.0,2026-08-20T20:08:00Z,N21,2000.9855929353532,1,oil_refinery,0,0,1,0,0,0,0,0,0,,0,2000.9855929353532,1,,0,,0,,0,,0
FIRMS_6AEBCDAC,29.47335,76.85711,3.76,305.34,60.0,2026-08-20T20:08:00Z,N21,1704.245802182604,1,oil_refinery,0,0,1,0,0,0,0,0,0,,0,1704.245802182604,1,,0,,0,,0,,0
FIRMS_B57B0321,33.43012,78.19984,1.48,302.75,60.0,2026-08-20T20:08:00Z,N21,,0,,0,0,0,0,0,0,0,0,0,,0,,0,,0,,0,,0,,0
FIRMS_79897F00,19.92169,79.11499,0.63,303.53,60.0,2026-08-20T20:10:00Z,N21,2106.655809267768,1,power_plant,0,0,1,0,0,0,0,0,0,2106.655809267768,1,,0,,0,,0,,0,,0
FIRMS_C2C091AD,20.94982,86.05055,0.86,299.85,60.0,2026-08-20T20:10:00Z,N21,,0,,0,0,0,0,0,0,0,0,0,,0,,0,,0,,0,,0,,0
FIRMS_F123A911,20.95068,86.04578,1.14,300.59,60.0,2026-08-20T20:10:00Z,N21,,0,,0,0,0,0,0,0,0,0,0,,0,,0,,0,,0,,0,,0
FIRMS_429A8F56,20.97016,86.00092,2.74,312.49,60.0,2026-08-20T20:10:00Z,N21,,0,,0,0,0,0,0,0,0,0,0,,0,,0,,0,,0,,0,,0
FIRMS_4FEEB1A5,21.74303,83.84335,1.82,304.43,60.0,2026-08-20T20:10:00Z,N21,,0,,0,0,0,0,0,0,0,0,0,,0,,0,,0,,0,,0,,0
FIRMS_604EC204,21.74638,83.84399,1.82,326.34,60.0,2026-08-20T20:10:00Z,N21,,0,,0,0,0,0,0,0,0,0,0,,0,,0,,0,,0,,0,,0
FIRMS_2C9C9C35,21.74702,83.84013,3.43,309.34,60.0,2026-08-20T20:10:00Z,N21,,0,,0,0,0,0,0,0,0,0,0,,0,,0,,0,,0,,0,,0
FIRMS_9DABF637,21.75037,83.84077,2.1,300.67,60.0,2026-08-20T20:10:00Z,N21,,0,,0,0,0,0,0,0,0,0,0,,0,,0,,0,,0,,0,,0
FIRMS_EB75ABDE,21.76586,84.01934,1.82,304.85,60.0,2026-08-20T20:10:00Z,N21,,0,,0,0,0,0,0,0,0,0,0,,0,,0,,0,,0,,0,,0
FIRMS_EA175E69,21.76922,84.01998,1.59,300.88,60.0,2026-08-20T20:10:00Z,N21,,0,,0,0,0,0,0,0,0,0,0,,0,,0,,0,,0,,0,,0
FIRMS_056B8CC1,21.79336,83.9878,1.61,305.66,60.0,2026-08-20T20:10:00Z,N21,,0,,0,0,0,0,0,0,0,0,0,,0,,0,,0,,0,,0,,0
FIRMS_41E789A7,21.80106,83.89022,1.43,305.92,60.0,2026-08-20T20:10:00Z,N21,,0,,0,0,0,0,0,0,0,0,0,,0,,0,,0,,0,,0,,0
FIRMS_1D5A9454,21.80221,83.89371,1.19,305.17,60.0,2026-08-20T20:10:00Z,N21,,0,,0,0,0,0,0,0,0,0,0,,0,,0,,0,,0,,0,,0
FIRMS_1352EFED,21.8591,83.96842,1.31,304.7,60.0,2026-08-20T20:10:00Z,N21,,0,,0,0,0,0,0,0,0,0,0,,0,,0,,0,,0,,0,,0
FIRMS_F2F6BC50,21.96282,83.77252,0.97,306.73,60.0,2026-08-20T20:10:00Z,N21,,0,,0,0,0,0,0,0,0,0,0,,0,,0,,0,,0,,0,,0
FIRMS_D232C637,22.01404,83.75465,1.7,308.83,60.0,2026-08-20T20:10:00Z,N21,,0,,0,0,0,0,0,0,0,0,0,,0,,0,,0,,0,,0,,0
FIRMS_F14C316F,22.03848,83.7317,1.63,307.47,60.0,2026-08-20T20:10:00Z,N21,,0,,0,0,0,0,0,0,0,0,0,,0,,0,,0,,0,,0,,0
FIRMS_F7B07219,22.0391,83.72788,1.42,312.31,60.0,2026-08-20T20:10:00Z,N21,,0,,0,0,0,0,0,0,0,0,0,,0,,0,,0,,0,,0,,0
FIRMS_337F3B23,22.04119,83.73617,1.59,306.18,60.0,2026-08-20T20:10:00Z,N21,,0,,0,0,0,0,0,0,0,0,0,,0,,0,,0,,0,,0,,0
FIRMS_DA9933A1,22.06585,83.70532,1.34,313.22,60.0,2026-08-20T20:10:00Z,N21,,0,,0,0,0,0,0,0,0,0,0,,0,,0,,0,,0,,0,,0
FIRMS_E094E3EF,22.78706,86.19686,4.25,311.46,60.0,2026-08-20T20:10:00Z,N21,,0,,0,0,0,0,0,0,0,0,0,,0,,0,,0,,0,,0,,0
FIRMS_5DE80713,22.79068,86.19763,4.25,330.28,60.0,2026-08-20T20:10:00Z,N21,,0,,0,0,0,0,0,0,0,0,0,,0,,0,,0,,0,,0,,0
FIRMS_0CB46FCE,22.79184,86.21223,4.63,306.09,60.0,2026-08-20T20:10:00Z,N21,,0,,0,0,0,0,0,0,0,0,0,,0,,0,,0,,0,,0,,0
FIRMS_920A3E8B,22.79431,86.19839,5.16,310.02,60.0,2026-08-20T20:10:00Z,N21,,0,,0,0,0,0,0,0,0,0,0,,0,,0,,0,,0,,0,,0
FIRMS_71BC51F8,22.79629,86.2084,4.63,339.22,60.0,2026-08-20T20:10:00Z,N21,,0,,0,0,0,0,0,0,0,0,0,,0,,0,,0,,0,,0,,0
FIRMS_7D36449B,22.87224,86.06081,1.14,306.17,60.0,2026-08-20T20:10:00Z,N21,3456.8979733624824,1,power_plant,0,0,1,0,0,0,0,0,0,3456.8979733624824,1,,0,,0,,0,,0,,0
FIRMS_C9350D96,23.55074,87.24416,1.82,303.92,60.0,2026-08-20T20:10:00Z,N21,1798.210254522316,1,oil_well,0,0,5,0,0,0,0,0,0,,0,,0,1798.210254522316,1,,0,,0,,0
FIRMS_A6D4FD58,23.55139,86.54254,1.88,305.38,60.0,2026-08-20T20:10:00Z,N21,,0,,0,0,0,0,0,0,0,0,0,,0,,0,,0,,0,,0,,0
FIRMS_0D3847B8,23.55925,87.24075,2.45,311.41,60.0,2026-08-20T20:10:00Z,N21,793.3996111488719,1,oil_well,0,1,8,0,0,1,0,0,0,4373.140052015594,1,,0,793.3996111488719,1,,0,,0,,0
FIRMS_DBE40098,23.56099,87.08415,3.43,313.51,60.0,2026-08-20T20:10:00Z,N21,,0,,0,0,0,0,0,0,0,0,0,,0,,0,,0,,0,,0,,0
FIRMS_08DA519B,23.64684,85.43806,3.8,326.78,60.0,2026-08-20T20:10:00Z,N21,,0,,0,0,0,0,0,0,0,0,0,,0,,0,,0,,0,,0,,0
FIRMS_99008903,23.65031,85.43877,1.2,305.48,60.0,2026-08-20T20:10:00Z,N21,,0,,0,0,0,0,0,0,0,0,0,,0,,0,,0,,0,,0,,0
FIRMS_80A1C170,23.6613,87.1546,1.8,318.36,60.0,2026-08-20T20:10:00Z,N21,,0,,0,0,0,0,0,0,0,0,0,,0,,0,,0,,0,,0,,0
FIRMS_CB60EB06,23.66311,84.99789,0.61,304.41,60.0,2026-08-20T20:10:00Z,N21,,0,,0,0,0,0,0,0,0,0,0,,0,,0,,0,,0,,0,,0
FIRMS_A25C3E57,23.66319,85.5509,1.52,305.72,60.0,2026-08-20T20:10:00Z,N21,,0,,0,0,0,0,0,0,0,0,0,,0,,0,,0,,0,,0,,0
FIRMS_DDDED122,23.66412,87.16042,1.8,311.05,60.0,2026-08-20T20:10:00Z,N21,,0,,0,0,0,0,0,0,0,0,0,,0,,0,,0,,0,,0,,0
FIRMS_CD788BE0,23.66505,87.15543,1.8,308.46,60.0,2026-08-20T20:10:00Z,N21,,0,,0,0,0,0,0,0,0,0,0,,0,,0,,0,,0,,0,,0
FIRMS_B498979E,23.66539,86.91727,2.82,309.68,60.0,2026-08-20T20:10:00Z,N21,1484.3053777237062,1,oil_well,0,0,58,0,0,0,0,0,0,,0,,0,1484.3053777237062,1,,0,,0,,0
FIRMS_BF291CE1,23.67608,86.39792,1.94,306.97,60.0,2026-08-20T20:10:00Z,N21,2344.161059514961,1,oil_well,0,0,2,0,0,0,0,0,0,,0,,0,2344.161059514961,1,,0,,0,,0
FIRMS_B7A8227C,23.67692,86.39332,1.94,305.64,60.0,2026-08-20T20:10:00Z,N21,2109.9462113188506,1,oil_well,0,0,8,0,0,0,0,0,0,,0,,0,2109.9462113188506,1,,0,,0,,0
FIRMS_EF2815CD,23.679,86.10411,3.68,318.72,60.0,2026-08-20T20:10:00Z,N21,,0,,0,0,0,0,0,0,0,0,0,,0,,0,,0,,0,,0,,0
FIRMS_DCE40349,23.68058,86.09518,2.25,309.33,60.0,2026-08-20T20:10:00Z,N21,,0,,0,0,0,0,0,0,0,0,0,,0,,0,,0,,0,,0,,0
FIRMS_E5D28E18,23.6819,87.12791,1.37,309.82,60.0,2026-08-20T20:10:00Z,N21,,0,,0,0,0,0,0,0,0,0,0,,0,,0,,0,,0,,0,,0
FIRMS_2234AE5E,23.68416,86.39481,3.11,311.34,60.0,2026-08-20T20:10:00Z,N21,2875.7532237636947,1,oil_well,0,0,10,0,0,0,0,0,0,,0,,0,2875.7532237636947,1,,0,,0,,0
FIRMS_48FB7F32,23.68499,86.39027,2.54,305.18,60.0,2026-08-20T20:10:00Z,N21,2747.1707052478823,1,oil_well,0,0,12,0,0,0,0,0,0,,0,,0,2747.1707052478823,1,,0,,0,,0
FIRMS_DA8B71BC,23.68657,87.12376,2.0,306.1,60.0,2026-08-20T20:10:00Z,N21,,0,,0,0,0,0,0,0,0,0,0,,0,,0,,0,,0,,0,,0
FIRMS_AC013ABB,23.6886,86.39101,2.54,315.84,60.0,2026-08-20T20:10:00Z,N21,2550.6656827004235,1,oil_well,0,0,12,0,0,0,0,0,0,,0,,0,2550.6656827004235,1,,0,,0,,0
FIRMS_4CEC817E,23.69119,87.0988,3.12,307.7,60.0,2026-08-20T20:10:00Z,N21,,0,,0,0,0,0,0,0,0,0,0,,0,,0,,0,,0,,0,,0
FIRMS_79766BED,23.69217,87.11459,1.5,308.03,60.0,2026-08-20T20:10:00Z,N21,,0,,0,0,0,0,0,0,0,0,0,,0,,0,,0,,0,,0,,0
FIRMS_EFA23872,23.69309,87.10959,1.5,306.56,60.0,2026-08-20T20:10:00Z,N21,,0,,0,0,0,0,0,0,0,0,0,,0,,0,,0,,0,,0,,0
FIRMS_C1D88BC9,23.69402,87.10461,2.63,310.53,60.0,2026-08-20T20:10:00Z,N21,,0,,0,0,0,0,0,0,0,0,0,,0,,0,,0,,0,,0,,0
FIRMS_7889C406,23.69448,85.28766,1.44,307.33,60.0,2026-08-20T20:10:00Z,N21,1579.7080406741165,1,oil_well,0,0,9,0,0,0,0,0,0,,0,,0,1579.7080406741165,1,,0,,0,,0
FIRMS_CBD43267,23.69462,85.36964,2.69,322.14,60.0,2026-08-20T20:10:00Z,N21,,0,,0,0,0,0,0,0,0,0,0,,0,,0,,0,,0,,0,,0
FIRMS_CD22DDAB,23.69586,87.09464,2.37,310.56,60.0,2026-08-20T20:10:00Z,N21,,0,,0,0,0,0,0,0,0,0,0,,0,,0,,0,,0,,0,,0
FIRMS_074CBEEE,23.69721,85.29251,1.33,305.06,60.0,2026-08-20T20:10:00Z,N21,2013.177928308178,1,oil_well,0,0,7,0,0,0,0,0,0,,0,,0,2013.177928308178,1,,0,,0,,0
FIRMS_FFBA225B,23.71254,86.42478,3.71,305.15,60.0,2026-08-20T20:10:00Z,N21,,0,,0,0,0,0,0,0,0,0,0,,0,,0,,0,,0,,0,,0
FIRMS_EA9F6271,23.71616,86.42556,4.23,306.37,60.0,2026-08-20T20:10:00Z,N21,,0,,0,0,0,0,0,0,0,0,0,,0,,0,,0,,0,,0,,0
FIRMS_2C2F7481,23.72135,85.00805,0.94,303.88,60.0,2026-08-20T20:10:00Z,N21,,0,,0,0,0,0,0,0,0,0,0,,0,,0,,0,,0,,0,,0
FIRMS_391FF004,23.72423,86.42248,3.56,309.72,60.0,2026-08-20T20:10:00Z,N21,,0,,0,0,0,0,0,0,0,0,0,,0,,0,,0,,0,,0,,0
FIRMS_91A59400,23.73705,86.43478,2.89,312.29,60.0,2026-08-20T20:10:00Z,N21,,0,,0,0,0,0,0,0,0,0,0,,0,,0,,0,,0,,0,,0
FIRMS_C50E5B31,23.73912,85.00741,1.92,310.68,60.0,2026-08-20T20:10:00Z,N21,,0,,0,0,0,0,0,0,0,0,0,,0,,0,,0,,0,,0,,0
FIRMS_13E44047,23.74444,85.50512,0.87,305.57,60.0,2026-08-20T20:10:00Z,N21,1927.0719639032259,1,oil_well,0,0,4,0,0,0,0,0,0,,0,,0,1927.0719639032259,1,,0,,0,,0
FIRMS_277FAF76,23.7559,85.85481,3.42,313.75,60.0,2026-08-20T20:10:00Z,N21,1991.5459458964654,1,oil_well,0,0,12,0,0,0,0,0,0,3950.841796691192,1,,0,1991.5459458964654,1,,0,,0,,0
FIRMS_756F0199,23.75665,85.85047,2.03,309.93,60.0,2026-08-20T20:10:00Z,N21,1771.1367923885284,1,oil_well,0,0,13,0,0,0,0,0,0,4355.191431460157,1,,0,1771.1367923885284,1,,0,,0,,0
FIRMS_05A8AE2E,23.75729,86.40557,2.4,315.89,60.0,2026-08-20T20:10:00Z,N21,,0,,0,0,0,0,0,0,0,0,0,,0,,0,,0,,0,,0,,0
FIRMS_5CB8662C,23.7581,86.40099,2.4,314.97,60.0,2026-08-20T20:10:00Z,N21,,0,,0,0,0,0,0,0,0,0,0,,0,,0,,0,,0,,0,,0
FIRMS_22364648,23.75942,85.85556,2.06,309.48,60.0,2026-08-20T20:10:00Z,N21,1682.9771420371512,1,oil_well,0,0,13,0,0,0,0,0,0,3778.3296741467357,1,,0,1682.9771420371512,1,,0,,0,,0
FIRMS_86B29B6A,23.7609,86.40632,2.4,302.07,60.0,2026-08-20T20:10:00Z,N21,,0,,0,0,0,0,0,0,0,0,0,,0,,0,,0,,0,,0,,0
FIRMS_0765CFD8,23.76171,86.40175,2.4,326.99,60.0,2026-08-20T20:10:00Z,N21,,0,,0,0,0,0,0,0,0,0,0,,0,,0,,0,,0,,0,,0
FIRMS_9427357C,23.76533,86.40251,2.34,309.3,60.0,2026-08-20T20:10:00Z,N21,,0,,0,0,0,0,0,0,0,0,0,,0,,0,,0,,0,,0,,0
FIRMS_FD0BC939,23.77931,85.57391,2.3,306.79,60.0,2026-08-20T20:10:00Z,N21,2708.3565236056074,1,oil_well,0,0,1,0,0,0,0,0,0,,0,,0,2708.3565236056074,1,,0,,0,,0
FIRMS_22DF48F6,23.78648,85.55334,2.36,317.54,60.0,2026-08-20T20:10:00Z,N21,1996.84916818409,1,oil_well,0,0,3,0,0,0,0,0,0,,0,,0,1996.84916818409,1,,0,,0,,0
FIRMS_3B1409E3,23.80141,86.33147,1.7,304.54,60.0,2026-08-20T20:10:00Z,N21,,0,,0,0,0,0,0,0,0,0,0,,0,,0,,0,,0,,0,,0
FIRMS_12307D81,23.80334,85.5392,0.98,303.92,60.0,2026-08-20T20:10:00Z,N21,3992.008048124987,1,oil_well,0,0,2,0,0,0,0,0,0,,0,,0,3992.008048124987,1,,0,,0,,0
FIRMS_73F16689,23.82177,85.49487,0.87,304.98,60.0,2026-08-20T20:10:00Z,N21,,0,,0,0,0,0,0,0,0,0,0,,0,,0,,0,,0,,0,,0
FIRMS_E64B8B93,23.82286,85.49767,1.07,305.53,60.0,2026-08-20T20:10:00Z,N21,,0,,0,0,0,0,0,0,0,0,0,,0,,0,,0,,0,,0,,0
FIRMS_373CEC9F,23.82452,85.4998,0.87,302.72,60.0,2026-08-20T20:10:00Z,N21,,0,,0,0,0,0,0,0,0,0,0,,0,,0,,0,,0,,0,,0
FIRMS_E110D705,23.82524,85.49557,0.87,301.84,60.0,2026-08-20T20:10:00Z,N21,,0,,0,0,0,0,0,0,0,0,0,,0,,0,,0,,0,,0,,0
FIRMS_9822D59B,23.82633,85.49837,1.07,305.02,60.0,2026-08-20T20:10:00Z,N21,,0,,0,0,0,0,0,0,0,0,0,,0,,0,,0,,0,,0,,0
FIRMS_01FC573C,24.7619,74.60608,0.52,298.2,60.0,2026-08-20T20:10:00Z,N21,,0,,0,0,0,0,0,0,0,0,0,,0,,0,,0,,0,,0,,0
FIRMS_12C8B46C,24.92358,84.15446,2.59,309.65,60.0,2026-08-20T20:10:00Z,N21,,0,,0,0,0,0,0,0,0,0,0,,0,,0,,0,,0,,0,,0
FIRMS_5016DDEC,24.92798,84.14663,3.33,309.02,60.0,2026-08-20T20:10:00Z,N21,,0,,0,0,0,0,0,0,0,0,0,,0,,0,,0,,0,,0,,0
FIRMS_83B4BE01,13.39201,80.10139,2.74,313.52,60.0,2026-08-20T20:12:00Z,N21,,0,,0,0,0,0,0,0,0,0,0,,0,,0,,0,,0,,0,,0
FIRMS_F30235C1,15.17435,76.65977,3.04,304.97,60.0,2026-08-20T20:12:00Z,N21,,0,,0,0,0,0,0,0,0,0,0,,0,,0,,0,,0,,0,,0
FIRMS_100320A5,15.175,76.65512,3.48,311.85,60.0,2026-08-20T20:12:00Z,N21,,0,,0,0,0,0,0,0,0,0,0,,0,,0,,0,,0,,0,,0
FIRMS_FC92CD40,15.17508,77.10185,1.02,306.65,60.0,2026-08-20T20:12:00Z,N21,,0,,0,0,0,0,0,0,0,0,0,,0,,0,,0,,0,,0,,0
FIRMS_FCBD9997,15.17594,76.65845,4.29,313.18,60.0,2026-08-20T20:12:00Z,N21,,0,,0,0,0,0,0,0,0,0,0,,0,,0,,0,,0,,0,,0
FIRMS_9515FF4E,15.17657,76.65381,3.37,315.11,60.0,2026-08-20T20:12:00Z,N21,,0,,0,0,0,0,0,0,0,0,0,,0,,0,,0,,0,,0,,0
FIRMS_8D308602,15.17873,77.10238,1.25,306.46,60.0,2026-08-20T20:12:00Z,N21,,0,,0,0,0,0,0,0,0,0,0,,0,,0,,0,,0,,0,,0
FIRMS_A373352D,15.18217,76.66879,2.89,310.68,60.0,2026-08-20T20:12:00Z,N21,,0,,0,0,0,0,0,0,0,0,0,,0,,0,,0,,0,,0,,0
FIRMS_F7970515,15.33131,76.28654,1.93,307.73,60.0,2026-08-20T20:12:00Z,N21,,0,,0,0,0,0,0,0,0,0,0,,0,,0,,0,,0,,0,,0
FIRMS_20FDB53D,15.3342,76.2842,1.35,308.27,60.0,2026-08-20T20:12:00Z,N21,,0,,0,0,0,0,0,0,0,0,0,,0,,0,,0,,0,,0,,0
FIRMS_B460D134,16.35903,81.28316,2.97,312.12,60.0,2026-08-20T20:12:00Z,N21,70.79616455156864,1,oil_well,3,3,11,0,0,3,0,0,0,,0,,0,70.79616455156864,1,,0,,0,,0
FIRMS_1B7887DE,17.95608,80.79744,1.41,305.05,60.0,2026-08-20T20:12:00Z,N21,,0,,0,0,0,0,0,0,0,0,0,,0,,0,,0,,0,,0,,0
FIRMS_55BF9B3A,17.95664,80.79382,1.85,317.42,60.0,2026-08-20T20:12:00Z,N21,,0,,0,0,0,0,0,0,0,0,0,,0,,0,,0,,0,,0,,0
FIRMS_8E2C7FEE,17.95719,80.79021,1.85,310.95,60.0,2026-08-20T20:12:00Z,N21,,0,,0,0,0,0,0,0,0,0,0,,0,,0,,0,,0,,0,,0
FIRMS_1F293175,17.96913,83.15405,2.23,305.12,60.0,2026-08-20T20:12:00Z,N21,,0,,0,0,0,0,0,0,0,0,0,,0,,0,,0,,0,,0,,0
FIRMS_7B55FFC9,18.6829,73.02922,2.22,304.41,60.0,2026-08-20T20:12:00Z,N21,,0,,0,0,0,0,0,0,0,0,0,,0,,0,,0,,0,,0,,0
FIRMS_1EF96A47,18.68787,73.02982,2.22,299.67,60.0,2026-08-20T20:12:00Z,N21,,0,,0,0,0,0,0,0,0,0,0,,0,,0,,0,,0,,0,,0
FIRMS_3696468D,8.73815,77.60192,1.11,305.13,60.0,2026-08-20T20:14:00Z,N21,,0,,0,0,0,0,0,0,0,0,0,,0,,0,,0,,0,,0,,0
FIRMS_CC84121C,8.73869,77.59828,1.11,315.6,60.0,2026-08-20T20:14:00Z,N21,,0,,0,0,0,0,0,0,0,0,0,,0,,0,,0,,0,,0,,0
FIRMS_2150FF78,8.74152,77.60243,1.11,299.08,60.0,2026-08-20T20:14:00Z,N21,,0,,0,0,0,0,0,0,0,0,0,,0,,0,,0,,0,,0,,0
FIRMS_04F24B6B,8.74207,77.59879,1.11,303.05,60.0,2026-08-20T20:14:00Z,N21,,0,,0,0,0,0,0,0,0,0,0,,0,,0,,0,,0,,0,,0
FIRMS_F2EB2C15,9.27709,78.06376,0.86,305.94,60.0,2026-08-20T20:14:00Z,N21,,0,,0,0,0,0,0,0,0,0,0,,0,,0,,0,,0,,0,,0
FIRMS_39B32489,12.03978,79.0528,0.65,296.42,60.0,2026-08-20T20:14:00Z,N21,,0,,0,0,0,0,0,0,0,0,0,,0,,0,,0,,0,,0,,0
FIRMS_AD3BB350,12.04919,79.05791,1.4,307.8,60.0,2026-08-20T20:14:00Z,N21,,0,,0,0,0,0,0,0,0,0,0,,0,,0,,0,,0,,0,,0
FIRMS_2575FAED,12.68491,76.4514,1.91,311.27,60.0,2026-08-20T20:14:00Z,N21,,0,,0,0,0,0,0,0,0,0,0,,0,,0,,0,,0,,0,,0
FIRMS_2B88CE63,12.74548,77.62041,1.3,311.39,60.0,2026-08-20T20:14:00Z,N21,,0,,0,0,0,0,0,0,0,0,0,,0,,0,,0,,0,,0,,0
FIRMS_C68C37B5,12.91629,77.42502,0.65,301.72,60.0,2026-08-20T20:14:00Z,N21,,0,,0,0,0,0,0,0,0,0,0,,0,,0,,0,,0,,0,,0
FIRMS_BD1FDA88,29.91009,74.95052,4.09,314.37,60.0,2026-08-20T21:48:00Z,N21,1199.6441690529691,1,oil_refinery,0,0,1,0,0,0,0,0,0,,0,1199.6441690529691,1,,0,,0,,0,,0
FIRMS_4AC9E7A8,29.9104,74.95412,4.68,317.88,60.0,2026-08-20T21:48:00Z,N21,1067.2729415106137,1,oil_refinery,0,0,1,0,0,0,0,0,0,,0,1067.2729415106137,1,,0,,0,,0,,0
FIRMS_412171B5,25.93938,72.19437,2.26,309.92,60.0,2026-08-20T21:50:00Z,N21,,0,,0,0,0,0,0,0,0,0,0,,0,,0,,0,,0,,0,,0
FIRMS_A50024C2,9.46023,77.93821,5.13,336.12,60.0,2026-08-21T07:20:00Z,N21,,0,,0,0,0,0,0,0,0,0,0,,0,,0,,0,,0,,0,,0
FIRMS_D48D73BA,9.46267,77.93827,4.1,334.28,60.0,2026-08-21T07:20:00Z,N21,,0,,0,0,0,0,0,0,0,0,0,,0,,0,,0,,0,,0,,0
FIRMS_5873B9FF,9.55699,78.28705,2.68,331.02,60.0,2026-08-21T07:20:00Z,N21,,0,,0,0,0,0,0,0,0,0,0,,0,,0,,0,,0,,0,,0
FIRMS_299C07A0,9.91547,77.8808,5.53,330.27,60.0,2026-08-21T07:20:00Z,N21,,0,,0,0,0,0,0,0,0,0,0,,0,,0,,0,,0,,0,,0
FIRMS_653AD6D0,10.01859,77.58141,17.06,343.03,60.0,2026-08-21T07:20:00Z,N21,,0,,0,0,0,0,0,0,0,0,0,,0,,0,,0,,0,,0,,0
FIRMS_1E0076B3,10.02387,77.57968,13.65,350.54,60.0,2026-08-21T07:20:00Z,N21,,0,,0,0,0,0,0,0,0,0,0,,0,,0,,0,,0,,0,,0
FIRMS_2415FFEC,10.0502,77.95194,13.76,367.0,90.0,2026-08-21T07:20:00Z,N21,,0,,0,0,0,0,0,0,0,0,0,,0,,0,,0,,0,,0,,0
FIRMS_79FD0CA3,10.40672,77.98721,3.91,336.6,60.0,2026-08-21T07:20:00Z,N21,,0,,0,0,0,0,0,0,0,0,0,,0,,0,,0,,0,,0,,0
FIRMS_0A43DE41,11.71467,79.12849,6.81,333.78,60.0,2026-08-21T07:20:00Z,N21,,0,,0,0,0,0,0,0,0,0,0,,0,,0,,0,,0,,0,,0
FIRMS_929DA401,11.7761,78.67162,5.95,339.85,60.0,2026-08-21T07:20:00Z,N21,,0,,0,0,0,0,0,0,0,0,0,,0,,0,,0,,0,,0,,0
FIRMS_D5A449DB,11.77683,78.67175,6.7,345.59,60.0,2026-08-21T07:20:00Z,N21,,0,,0,0,0,0,0,0,0,0,0,,0,,0,,0,,0,,0,,0
FIRMS_209DA7DA,12.3086,79.8354,2.32,331.79,60.0,2026-08-21T07:20:00Z,N21,,0,,0,0,0,0,0,0,0,0,0,,0,,0,,0,,0,,0,,0
FIRMS_C1830849,13.40486,80.21468,3.1,330.46,60.0,2026-08-21T07:20:00Z,N21,,0,,0,0,0,0,0,0,0,0,0,,0,,0,,0,,0,,0,,0
FIRMS_814A9FBE,14.6078,79.66063,6.46,342.95,60.0,2026-08-21T07:20:00Z,N21,,0,,0,0,0,0,0,0,0,0,0,,0,,0,,0,,0,,0,,0
FIRMS_FB693123,14.67207,79.82387,2.82,330.08,60.0,2026-08-21T07:20:00Z,N21,,0,,0,0,0,0,0,0,0,0,0,,0,,0,,0,,0,,0,,0
FIRMS_A5C7F217,14.68743,79.7369,3.61,336.25,60.0,2026-08-21T07:20:00Z,N21,,0,,0,0,0,0,0,0,0,0,0,,0,,0,,0,,0,,0,,0
FIRMS_AD6A1B6D,14.6885,79.73643,2.77,335.87,60.0,2026-08-21T07:20:00Z,N21,,0,,0,0,0,0,0,0,0,0,0,,0,,0,,0,,0,,0,,0
FIRMS_10D37273,14.75264,79.70685,3.81,332.97,60.0,2026-08-21T07:20:00Z,N21,,0,,0,0,0,0,0,0,0,0,0,,0,,0,,0,,0,,0,,0
FIRMS_1485F834,14.78502,79.98163,2.91,334.18,60.0,2026-08-21T07:20:00Z,N21,,0,,0,0,0,0,0,0,0,0,0,,0,,0,,0,,0,,0,,0
FIRMS_939634C7,14.52584,77.43586,15.67,367.0,90.0,2026-08-21T07:22:00Z,N21,,0,,0,0,0,0,0,0,0,0,0,,0,,0,,0,,0,,0,,0
FIRMS_20AC733E,14.52769,77.43334,7.56,338.86,60.0,2026-08-21T07:22:00Z,N21,,0,,0,0,0,0,0,0,0,0,0,,0,,0,,0,,0,,0,,0
FIRMS_5940D143,15.10624,79.37469,6.03,344.85,60.0,2026-08-21T07:22:00Z,N21,,0,,0,0,0,0,0,0,0,0,0,,0,,0,,0,,0,,0,,0
FIRMS_58AF200E,15.74401,79.29642,7.04,350.7,60.0,2026-08-21T07:22:00Z,N21,,0,,0,0,0,0,0,0,0,0,0,,0,,0,,0,,0,,0,,0
FIRMS_F2F0BB6C,15.81428,80.01816,2.83,330.86,60.0,2026-08-21T07:22:00Z,N21,,0,,0,0,0,0,0,0,0,0,0,,0,,0,,0,,0,,0,,0
FIRMS_F5B2F001,16.60639,79.74261,2.15,332.67,60.0,2026-08-21T07:22:00Z,N21,,0,,0,0,0,0,0,0,0,0,0,,0,,0,,0,,0,,0,,0
FIRMS_50F5A707,17.23297,79.42318,2.64,333.05,60.0,2026-08-21T07:22:00Z,N21,,0,,0,0,0,0,0,0,0,0,0,,0,,0,,0,,0,,0,,0
FIRMS_2E7701A4,17.49645,82.98081,3.86,339.61,60.0,2026-08-21T07:22:00Z,N21,3145.4906960746275,1,ethanol_plant,0,0,1,0,0,0,0,0,0,,0,,0,,0,3145.4906960746275,1,,0,,0
FIRMS_EC6AF105,22.24823,87.38765,3.08,331.95,60.0,2026-08-21T07:22:00Z,N21,,0,,0,0,0,0,0,0,0,0,0,,0,,0,,0,,0,,0,,0
FIRMS_966BAE22,23.48346,87.3627,5.06,337.08,60.0,2026-08-21T07:22:00Z,N21,4120.374423476228,1,oil_well,0,0,10,0,0,0,0,0,0,,0,,0,4120.374423476228,1,,0,,0,,0
FIRMS_98BE832A,23.66353,87.1547,6.18,340.74,60.0,2026-08-21T07:22:00Z,N21,,0,,0,0,0,0,0,0,0,0,0,,0,,0,,0,,0,,0,,0
FIRMS_7F113E5B,23.67512,86.4021,5.73,330.3,60.0,2026-08-21T07:22:00Z,N21,2602.2388752053344,1,oil_well,0,0,2,0,0,0,0,0,0,,0,,0,2602.2388752053344,1,,0,,0,,0
FIRMS_D4DE726C,23.67783,86.39777,8.01,338.05,60.0,2026-08-21T07:22:00Z,N21,2473.2632237096545,1,oil_well,0,0,2,0,0,0,0,0,0,,0,,0,2473.2632237096545,1,,0,,0,,0
FIRMS_10BBBA69,23.68382,86.39285,5.77,330.91,60.0,2026-08-21T07:22:00Z,N21,2752.215994614413,1,oil_well,0,0,12,0,0,0,0,0,0,,0,,0,2752.215994614413,1,,0,,0,,0
FIRMS_779A0EA9,23.70941,86.44951,3.16,331.8,60.0,2026-08-21T07:22:00Z,N21,,0,,0,0,0,0,0,0,0,0,0,,0,,0,,0,,0,,0,,0
FIRMS_10F602AB,23.7604,86.4017,5.92,335.74,60.0,2026-08-21T07:22:00Z,N21,,0,,0,0,0,0,0,0,0,0,0,,0,,0,,0,,0,,0,,0
FIRMS_CA614388,23.76426,86.40483,5.37,342.4,60.0,2026-08-21T07:22:00Z,N21,,0,,0,0,0,0,0,0,0,0,0,,0,,0,,0,,0,,0,,0
FIRMS_00BCF8ED,23.76754,86.40423,2.7,332.34,60.0,2026-08-21T07:22:00Z,N21,,0,,0,0,0,0,0,0,0,0,0,,0,,0,,0,,0,,0,,0
FIRMS_EB06224B,23.77802,86.21037,4.46,333.93,60.0,2026-08-21T07:22:00Z,N21,,0,,0,0,0,0,0,0,0,0,0,,0,,0,,0,,0,,0,,0
FIRMS_DF4F6C44,23.77894,86.39065,5.67,339.02,60.0,2026-08-21T07:22:00Z,N21,,0,,0,0,0,0,0,0,0,0,0,,0,,0,,0,,0,,0,,0
FIRMS_45CF94CF,23.75637,85.85545,9.23,331.17,30.0,2026-08-21T07:24:00Z,N21,1972.6349157680468,1,oil_well,0,0,12,0,0,0,0,0,0,3884.0088416684325,1,,0,1972.6349157680468,1,,0,,0,,0
FIRMS_02895726,23.7813,86.20977,4.46,339.27,60.0,2026-08-21T07:24:00Z,N21,,0,,0,0,0,0,0,0,0,0,0,,0,,0,,0,,0,,0,,0
FIRMS_ABD61BEE,23.78723,85.55419,5.91,331.56,30.0,2026-08-21T07:24:00Z,N21,2095.303417029152,1,oil_well,0,0,3,0,0,0,0,0,0,,0,,0,2095.303417029152,1,,0,,0,,0
FIRMS_2C0848A1,25.79926,94.77165,5.49,330.64,60.0,2026-08-21T07:24:00Z,N21,,0,,0,0,0,0,0,0,0,0,0,,0,,0,,0,,0,,0,,0
FIRMS_B0B3059D,27.68631,72.68755,2.79,335.23,60.0,2026-08-21T07:26:00Z,N21,,0,,0,0,0,0,0,0,0,0,0,,0,,0,,0,,0,,0,,0
FIRMS_9BA6FDFA,29.04118,75.70134,6.91,349.66,60.0,2026-08-21T07:26:00Z,N21,,0,,0,0,0,0,0,0,0,0,0,,0,,0,,0,,0,,0,,0
FIRMS_BB18B42A,26.37232,71.21835,2.65,330.16,60.0,2026-08-21T09:05:00Z,N21,1107.783947734716,1,oil_well,0,0,6,0,0,0,0,0,0,,0,,0,1107.783947734716,1,,0,,0,,0
FIRMS_432FFCFB,27.43703,70.86094,3.58,345.55,60.0,2026-08-21T09:07:00Z,N21,,0,,0,0,0,0,0,0,0,0,0,,0,,0,,0,,0,,0,,0
FIRMS_9B529782,23.5531,86.53947,2.72,305.74,60.0,2026-08-21T19:49:00Z,N21,,0,,0,0,0,0,0,0,0,0,0,,0,,0,,0,,0,,0,,0
FIRMS_143C3C3A,23.56226,87.08412,3.93,315.95,60.0,2026-08-21T19:49:00Z,N21,,0,,0,0,0,0,0,0,0,0,0,,0,,0,,0,,0,,0,,0
FIRMS_C672D46C,23.64708,85.44088,1.65,321.18,60.0,2026-08-21T19:49:00Z,N21,,0,,0,0,0,0,0,0,0,0,0,,0,,0,,0,,0,,0,,0
FIRMS_580AD86B,23.64766,85.43689,1.65,313.62,60.0,2026-08-21T19:49:00Z,N21,,0,,0,0,0,0,0,0,0,0,0,,0,,0,,0,,0,,0,,0
FIRMS_8CD01AD3,23.6559,85.50668,1.53,315.01,60.0,2026-08-21T19:49:00Z,N21,,0,,0,0,0,0,0,0,0,0,0,,0,,0,,0,,0,,0,,0
FIRMS_442146D1,23.6673,86.09382,3.18,309.03,60.0,2026-08-21T19:49:00Z,N21,,0,,0,0,0,0,0,0,0,0,0,,0,,0,,0,,0,,0,,0
FIRMS_54948885,23.67513,86.08725,4.09,315.89,60.0,2026-08-21T19:49:00Z,N21,,0,,0,0,0,0,0,0,0,0,0,,0,,0,,0,,0,,0,,0
FIRMS_11CE54F0,23.67765,86.08691,3.81,310.23,60.0,2026-08-21T19:49:00Z,N21,,0,,0,0,0,0,0,0,0,0,0,,0,,0,,0,,0,,0,,0
FIRMS_DC37134D,23.67986,86.09519,4.94,319.22,60.0,2026-08-21T19:49:00Z,N21,,0,,0,0,0,0,0,0,0,0,0,,0,,0,,0,,0,,0,,0
FIRMS_611068A7,23.68155,86.08361,3.81,333.34,60.0,2026-08-21T19:49:00Z,N21,,0,,0,0,0,0,0,0,0,0,0,,0,,0,,0,,0,,0,,0
FIRMS_3AD756FA,23.68358,86.39426,2.39,309.69,60.0,2026-08-21T19:49:00Z,N21,2792.461069370165,1,oil_well,0,0,11,0,0,0,0,0,0,,0,,0,2792.461069370165,1,,0,,0,,0
FIRMS_1C4B3693,23.70938,86.44955,2.5,318.48,60.0,2026-08-21T19:49:00Z,N21,,0,,0,0,0,0,0,0,0,0,0,,0,,0,,0,,0,,0,,0
FIRMS_69278406,23.7127,86.45013,2.39,316.83,60.0,2026-08-21T19:49:00Z,N21,,0,,0,0,0,0,0,0,0,0,0,,0,,0,,0,,0,,0,,0
FIRMS_D1196C94,23.72436,86.44046,2.41,306.09,60.0,2026-08-21T19:49:00Z,N21,,0,,0,0,0,0,0,0,0,0,0,,0,,0,,0,,0,,0,,0
FIRMS_15571DDF,23.73534,86.4345,1.37,304.61,60.0,2026-08-21T19:49:00Z,N21,,0,,0,0,0,0,0,0,0,0,0,,0,,0,,0,,0,,0,,0
FIRMS_4D3CADFA,23.73866,86.43509,1.37,306.43,60.0,2026-08-21T19:49:00Z,N21,,0,,0,0,0,0,0,0,0,0,0,,0,,0,,0,,0,,0,,0
FIRMS_2D508549,25.5407,91.23618,1.3,306.25,60.0,2026-08-21T19:49:00Z,N21,,0,,0,0,0,0,0,0,0,0,0,,0,,0,,0,,0,,0,,0
FIRMS_32DB6757,18.57163,74.18153,2.1,310.06,60.0,2026-08-21T19:51:00Z,N21,2198.9787873582154,1,ethanol_plant,0,0,1,0,0,0,0,0,0,,0,,0,,0,2198.9787873582154,1,,0,,0
FIRMS_38C8EDC4,18.80127,74.25323,1.25,300.25,60.0,2026-08-21T19:51:00Z,N21,,0,,0,0,0,0,0,0,0,0,0,,0,,0,,0,,0,,0,,0
FIRMS_1DED6095,22.00436,82.67083,2.28,309.23,60.0,2026-08-21T19:51:00Z,N21,,0,,0,0,0,0,0,0,0,0,0,,0,,0,,0,,0,,0,,0
FIRMS_3BCA8338,22.24465,87.3873,1.69,313.65,60.0,2026-08-21T19:51:00Z,N21,,0,,0,0,0,0,0,0,0,0,0,,0,,0,,0,,0,,0,,0
FIRMS_D60B62FA,22.35731,82.30456,1.99,298.19,60.0,2026-08-21T19:51:00Z,N21,,0,,0,0,0,0,0,0,0,0,0,,0,,0,,0,,0,,0,,0
FIRMS_3CC76DD7,22.35824,87.294,0.73,304.88,60.0,2026-08-21T19:51:00Z,N21,,0,,0,0,0,0,0,0,0,0,0,,0,,0,,0,,0,,0,,0
FIRMS_B64B649E,22.35882,87.29031,1.11,307.56,60.0,2026-08-21T19:51:00Z,N21,,0,,0,0,0,0,0,0,0,0,0,,0,,0,,0,,0,,0,,0
FIRMS_48DECE39,22.36089,87.01716,0.94,311.46,60.0,2026-08-21T19:51:00Z,N21,,0,,0,0,0,0,0,0,0,0,0,,0,,0,,0,,0,,0,,0
FIRMS_8EF429CF,22.36365,87.30258,2.29,316.32,60.0,2026-08-21T19:51:00Z,N21,,0,,0,0,0,0,0,0,0,0,0,,0,,0,,0,,0,,0,,0
FIRMS_34328E9F,22.36418,87.01775,0.94,304.88,60.0,2026-08-21T19:51:00Z,N21,,0,,0,0,0,0,0,0,0,0,0,,0,,0,,0,,0,,0,,0
FIRMS_8CFBDF1E,22.36423,87.29889,1.55,310.36,60.0,2026-08-21T19:51:00Z,N21,,0,,0,0,0,0,0,0,0,0,0,,0,,0,,0,,0,,0,,0
FIRMS_B5273B7B,22.36752,87.29948,1.55,316.76,60.0,2026-08-21T19:51:00Z,N21,,0,,0,0,0,0,0,0,0,0,0,,0,,0,,0,,0,,0,,0
FIRMS_CF82FCA5,22.377,87.2822,1.55,310.92,60.0,2026-08-21T19:51:00Z,N21,,0,,0,0,0,0,0,0,0,0,0,,0,,0,,0,,0,,0,,0
FIRMS_F7C9FAD1,22.37758,87.2785,3.97,330.19,60.0,2026-08-21T19:51:00Z,N21,,0,,0,0,0,0,0,0,0,0,0,,0,,0,,0,,0,,0,,0
FIRMS_5A31402F,14.87368,78.0514,0.81,299.72,60.0,2026-08-21T19:53:00Z,N21,,0,,0,0,0,0,0,0,0,0,0,,0,,0,,0,,0,,0,,0
FIRMS_A8A86E67,15.02195,78.01622,1.8,304.53,60.0,2026-08-21T19:53:00Z,N21,,0,,0,0,0,0,0,0,0,0,0,,0,,0,,0,,0,,0,,0
FIRMS_7E938846,15.02365,78.01412,1.89,306.23,60.0,2026-08-21T19:53:00Z,N21,,0,,0,0,0,0,0,0,0,0,0,,0,,0,,0,,0,,0,,0
FIRMS_A53187D3,15.06977,76.86726,1.0,303.67,60.0,2026-08-21T19:53:00Z,N21,,0,,0,0,0,0,0,0,0,0,0,,0,,0,,0,,0,,0,,0
FIRMS_2865DB21,15.13456,76.70862,0.9,308.41,60.0,2026-08-21T19:53:00Z,N21,,0,,0,0,0,0,0,0,0,0,0,,0,,0,,0,,0,,0,,0
FIRMS_CC2DE716,15.168,76.37878,2.12,310.47,60.0,2026-08-21T19:53:00Z,N21,,0,,0,0,0,0,0,0,0,0,0,,0,,0,,0,,0,,0,,0
FIRMS_D226B590,15.17473,76.67556,2.05,315.83,60.0,2026-08-21T19:53:00Z,N21,,0,,0,0,0,0,0,0,0,0,0,,0,,0,,0,,0,,0,,0
FIRMS_FA16C010,15.17696,76.65696,1.96,317.6,60.0,2026-08-21T19:53:00Z,N21,,0,,0,0,0,0,0,0,0,0,0,,0,,0,,0,,0,,0,,0
FIRMS_17C6A82B,15.17734,76.65386,1.96,317.14,60.0,2026-08-21T19:53:00Z,N21,,0,,0,0,0,0,0,0,0,0,0,,0,,0,,0,,0,,0,,0
FIRMS_7A065F46,15.17781,76.67696,1.37,316.7,60.0,2026-08-21T19:53:00Z,N21,4875.284951295488,1,power_plant,0,0,3,0,0,0,0,0,0,4875.284951295488,1,,0,,0,,0,,0,,0
FIRMS_5A769F65,15.17816,76.67384,1.37,307.54,60.0,2026-08-21T19:53:00Z,N21,,0,,0,0,0,0,0,0,0,0,0,,0,,0,,0,,0,,0,,0
FIRMS_B54EDAD3,15.17971,77.10136,2.0,301.43,60.0,2026-08-21T19:53:00Z,N21,,0,,0,0,0,0,0,0,0,0,0,,0,,0,,0,,0,,0,,0
FIRMS_FFB72373,15.18022,76.67299,2.05,317.38,60.0,2026-08-21T19:53:00Z,N21,,0,,0,0,0,0,0,0,0,0,0,,0,,0,,0,,0,,0,,0
FIRMS_9740FD48,15.18097,76.6668,3.3,326.66,60.0,2026-08-21T19:53:00Z,N21,,0,,0,0,0,0,0,0,0,0,0,,0,,0,,0,,0,,0,,0
FIRMS_3BA1A516,15.18292,76.67751,1.37,315.24,60.0,2026-08-21T19:53:00Z,N21,4648.724606678374,1,power_plant,0,0,3,0,0,0,0,0,0,4648.724606678374,1,,0,,0,,0,,0,,0
FIRMS_357E9B9E,15.18328,76.67441,1.37,308.65,60.0,2026-08-21T19:53:00Z,N21,4962.7938823154645,1,power_plant,0,0,3,0,0,0,0,0,0,4962.7938823154645,1,,0,,0,,0,,0,,0
FIRMS_0A803B1B,15.18398,76.66821,3.21,309.62,60.0,2026-08-21T19:53:00Z,N21,,0,,0,0,0,0,0,0,0,0,0,,0,,0,,0,,0,,0,,0
FIRMS_C01E3123,15.18433,76.66511,2.1,307.18,60.0,2026-08-21T19:53:00Z,N21,,0,,0,0,0,0,0,0,0,0,0,,0,,0,,0,,0,,0,,0
FIRMS_89C1E023,15.18496,76.67664,1.6,314.14,60.0,2026-08-21T19:53:00Z,N21,4689.7103580141975,1,power_plant,0,0,3,0,0,0,0,0,0,4689.7103580141975,1,,0,,0,,0,,0,,0
FIRMS_F0080A66,15.18721,76.65808,1.44,305.95,60.0,2026-08-21T19:53:00Z,N21,,0,,0,0,0,0,0,0,0,0,0,,0,,0,,0,,0,,0,,0
FIRMS_27E07197,15.33343,76.28597,0.47,296.04,60.0,2026-08-21T19:53:00Z,N21,,0,,0,0,0,0,0,0,0,0,0,,0,,0,,0,,0,,0,,0
FIRMS_6567194F,15.33372,76.2864,0.61,298.59,60.0,2026-08-21T19:53:00Z,N21,,0,,0,0,0,0,0,0,0,0,0,,0,,0,,0,,0,,0,,0
FIRMS_60AE20FB,15.3342,76.2795,0.52,298.65,60.0,2026-08-21T19:53:00Z,N21,,0,,0,0,0,0,0,0,0,0,0,,0,,0,,0,,0,,0,,0
FIRMS_83423F9A,10.05098,77.95471,2.58,305.12,60.0,2026-08-21T19:55:00Z,N21,,0,,0,0,0,0,0,0,0,0,0,,0,,0,,0,,0,,0,,0
FIRMS_AAC99DAC,10.08887,77.23895,2.42,301.37,60.0,2026-08-21T19:55:00Z,N21,,0,,0,0,0,0,0,0,0,0,0,,0,,0,,0,,0,,0,,0
FIRMS_B81CBFAC,10.08932,77.23553,6.03,328.87,60.0,2026-08-21T19:55:00Z,N21,,0,,0,0,0,0,0,0,0,0,0,,0,,0,,0,,0,,0,,0
FIRMS_B618DA02,10.09354,77.23885,2.42,300.13,60.0,2026-08-21T19:55:00Z,N21,,0,,0,0,0,0,0,0,0,0,0,,0,,0,,0,,0,,0,,0
FIRMS_2E37E2BE,10.09406,77.23496,6.03,335.92,60.0,2026-08-21T19:55:00Z,N21,,0,,0,0,0,0,0,0,0,0,0,,0,,0,,0,,0,,0,,0
FIRMS_3A5BFEA3,10.24489,77.22552,2.37,305.91,60.0,2026-08-21T19:55:00Z,N21,,0,,0,0,0,0,0,0,0,0,0,,0,,0,,0,,0,,0,,0
FIRMS_CA63681C,10.24561,77.22022,4.27,316.46,60.0,2026-08-21T19:55:00Z,N21,,0,,0,0,0,0,0,0,0,0,0,,0,,0,,0,,0,,0,,0
FIRMS_185D2846,10.24649,77.21374,4.27,324.08,60.0,2026-08-21T19:55:00Z,N21,,0,,0,0,0,0,0,0,0,0,0,,0,,0,,0,,0,,0,,0
FIRMS_3D260F59,27.0781,73.81679,0.74,303.14,60.0,2026-08-21T21:29:00Z,N21,,0,,0,0,0,0,0,0,0,0,0,,0,,0,,0,,0,,0,,0
FIRMS_2FFA9C9F,24.82004,73.09278,0.92,298.63,60.0,2026-08-21T21:31:00Z,N21,,0,,0,0,0,0,0,0,0,0,0,,0,,0,,0,,0,,0,,0
FIRMS_70B3357F,26.25637,74.09545,0.37,295.33,60.0,2026-08-21T21:31:00Z,N21,,0,,0,0,0,0,0,0,0,0,0,,0,,0,,0,,0,,0,,0
FIRMS_55150CB5,22.37667,87.27975,8.72,338.08,60.0,2026-08-22T07:03:00Z,N21,,0,,0,0,0,0,0,0,0,0,0,,0,,0,,0,,0,,0,,0
FIRMS_3AC13851,22.37735,87.28273,9.32,330.92,60.0,2026-08-22T07:03:00Z,N21,,0,,0,0,0,0,0,0,0,0,0,,0,,0,,0,,0,,0,,0
FIRMS_CB8A49DE,23.64585,85.43987,8.73,332.83,60.0,2026-08-22T07:03:00Z,N21,,0,,0,0,0,0,0,0,0,0,0,,0,,0,,0,,0,,0,,0
FIRMS_B013E6CA,23.66378,87.15511,6.29,333.81,60.0,2026-08-22T07:03:00Z,N21,,0,,0,0,0,0,0,0,0,0,0,,0,,0,,0,,0,,0,,0
FIRMS_31510632,23.66538,87.15651,4.52,332.25,60.0,2026-08-22T07:03:00Z,N21,,0,,0,0,0,0,0,0,0,0,0,,0,,0,,0,,0,,0,,0
FIRMS_5CC861F3,23.67692,86.3983,7.84,332.68,60.0,2026-08-22T07:03:00Z,N21,2437.3032647548616,1,oil_well,0,0,2,0,0,0,0,0,0,,0,,0,2437.3032647548616,1,,0,,0,,0
FIRMS_DB5A1EC1,27.1462,88.45207,5.8,340.92,60.0,2026-08-22T07:05:00Z,N21,,0,,0,0,0,0,0,0,0,0,0,,0,,0,,0,,0,,0,,0
FIRMS_D06ACEA8,29.45838,76.86343,44.95,367.0,90.0,2026-08-22T07:05:00Z,N21,2150.7993779081653,1,oil_refinery,0,0,1,0,0,0,0,0,0,,0,2150.7993779081653,1,,0,,0,,0,,0
FIRMS_DB30A76D,29.45864,76.85911,30.37,330.26,60.0,2026-08-22T07:05:00Z,N21,2366.1562518900046,1,oil_refinery,0,0,1,0,0,0,0,0,0,,0,2366.1562518900046,1,,0,,0,,0,,0
FIRMS_BC2ADFF1,29.46,76.86426,52.02,367.0,90.0,2026-08-22T07:05:00Z,N21,1954.797137027818,1,oil_refinery,0,0,1,0,0,0,0,0,0,,0,1954.797137027818,1,,0,,0,,0,,0
FIRMS_0653E668,9.18167,78.42713,1.39,335.64,60.0,2026-08-22T08:39:00Z,N21,,0,,0,0,0,0,0,0,0,0,0,,0,,0,,0,,0,,0,,0
FIRMS_587DA5D1,9.2724,77.87881,2.79,331.47,60.0,2026-08-22T08:41:00Z,N21,,0,,0,0,0,0,0,0,0,0,0,,0,,0,,0,,0,,0,,0
FIRMS_8F31531E,9.42338,78.84542,3.0,336.06,60.0,2026-08-22T08:41:00Z,N21,3393.78336596263,1,oil_well,0,0,3,0,0,0,0,0,0,,0,,0,3393.78336596263,1,,0,,0,,0
FIRMS_6D744836,9.45034,78.84183,5.93,352.32,60.0,2026-08-22T08:41:00Z,N21,2187.9600568740684,1,oil_well,0,0,3,0,0,0,0,0,0,,0,,0,2187.9600568740684,1,,0,,0,,0
FIRMS_C940E474,27.43514,70.78793,3.19,340.31,60.0,2026-08-22T08:45:00Z,N21,,0,,0,0,0,0,0,0,0,0,0,,0,,0,,0,,0,,0,,0
FIRMS_C0A8A37A,29.45525,76.87004,9.06,329.19,60.0,2026-08-22T08:45:00Z,N21,2250.9380156497955,1,oil_refinery,0,0,1,0,0,0,0,0,0,,0,2250.9380156497955,1,,0,,0,,0,,0
FIRMS_1E776549,29.45762,76.86265,12.13,329.18,60.0,2026-08-22T08:45:00Z,N21,2261.9327521585255,1,oil_refinery,0,0,1,0,0,0,0,0,0,,0,2261.9327521585255,1,,0,,0,,0,,0
FIRMS_9AFA3046,29.45792,76.86768,24.83,352.46,60.0,2026-08-22T08:45:00Z,N21,2024.3956642183464,1,oil_refinery,0,0,1,0,0,0,0,0,0,,0,2024.3956642183464,1,,0,,0,,0,,0
FIRMS_55B2A338,29.45823,76.87273,24.83,350.27,60.0,2026-08-22T08:45:00Z,N21,1884.5765624022777,1,oil_refinery,0,0,1,0,0,0,0,0,0,,0,1884.5765624022777,1,,0,,0,,0,,0
FIRMS_7F2EA3BE,27.46791,95.42184,0.75,303.96,60.0,2026-08-22T19:30:00Z,N21,760.4069597302131,1,oil_well,0,4,96,0,0,4,0,0,0,,0,,0,760.4069597302131,1,,0,,0,,0
FIRMS_B3A7C79D,27.90663,95.66188,3.67,307.39,60.0,2026-08-22T19:30:00Z,N21,,0,,0,0,0,0,0,0,0,0,0,,0,,0,,0,,0,,0,,0
FIRMS_B5E6E76E,20.86294,84.98755,1.6,302.98,60.0,2026-08-22T19:32:00Z,N21,,0,,0,0,0,0,0,0,0,0,0,,0,,0,,0,,0,,0,,0
FIRMS_816DC086,20.95187,86.04675,2.11,310.45,60.0,2026-08-22T19:32:00Z,N21,,0,,0,0,0,0,0,0,0,0,0,,0,,0,,0,,0,,0,,0
FIRMS_377BB1C1,20.96878,86.01003,1.48,321.97,60.0,2026-08-22T19:32:00Z,N21,,0,,0,0,0,0,0,0,0,0,0,,0,,0,,0,,0,,0,,0
FIRMS_DC4C7F1D,20.97333,86.00673,1.48,303.25,60.0,2026-08-22T19:32:00Z,N21,,0,,0,0,0,0,0,0,0,0,0,,0,,0,,0,,0,,0,,0
FIRMS_F9177221,22.57158,85.89577,1.74,304.16,60.0,2026-08-22T19:32:00Z,N21,,0,,0,0,0,0,0,0,0,0,0,,0,,0,,0,,0,,0,,0
FIRMS_AE164CDC,22.58739,85.90622,0.5,295.89,60.0,2026-08-22T19:32:00Z,N21,,0,,0,0,0,0,0,0,0,0,0,,0,,0,,0,,0,,0,,0
FIRMS_ED4F2E51,22.79196,86.20944,1.56,304.11,60.0,2026-08-22T19:32:00Z,N21,,0,,0,0,0,0,0,0,0,0,0,,0,,0,,0,,0,,0,,0
FIRMS_6D4D5F0A,22.79656,86.20597,1.51,303.93,60.0,2026-08-22T19:32:00Z,N21,,0,,0,0,0,0,0,0,0,0,0,,0,,0,,0,,0,,0,,0
FIRMS_1C3C13CE,22.79764,86.09138,1.16,299.01,60.0,2026-08-22T19:32:00Z,N21,,0,,0,0,0,0,0,0,0,0,0,,0,,0,,0,,0,,0,,0
FIRMS_E2C65569,22.87479,86.06349,1.19,310.39,60.0,2026-08-22T19:32:00Z,N21,3792.995752023212,1,power_plant,0,0,1,0,0,0,0,0,0,3792.995752023212,1,,0,,0,,0,,0,,0
FIRMS_B834BBB5,23.60728,85.67543,1.5,305.11,60.0,2026-08-22T19:32:00Z,N21,,0,,0,0,0,0,0,0,0,0,0,,0,,0,,0,,0,,0,,0
FIRMS_9E73BAE1,23.616,86.79124,0.82,295.4,60.0,2026-08-22T19:32:00Z,N21,,0,,0,0,0,0,0,0,0,0,0,,0,,0,,0,,0,,0,,0
FIRMS_44312F9B,23.64755,85.43784,5.55,327.96,60.0,2026-08-22T19:32:00Z,N21,,0,,0,0,0,0,0,0,0,0,0,,0,,0,,0,,0,,0,,0
FIRMS_C4482198,23.65716,85.50877,1.5,305.01,60.0,2026-08-22T19:32:00Z,N21,,0,,0,0,0,0,0,0,0,0,0,,0,,0,,0,,0,,0,,0
FIRMS_9465E3A5,23.66484,84.99831,1.88,307.18,60.0,2026-08-22T19:32:00Z,N21,,0,,0,0,0,0,0,0,0,0,0,,0,,0,,0,,0,,0,,0
FIRMS_D0FFDA2B,23.66648,86.09274,1.05,303.66,60.0,2026-08-22T19:32:00Z,N21,,0,,0,0,0,0,0,0,0,0,0,,0,,0,,0,,0,,0,,0
FIRMS_A47C79CB,23.67502,86.40179,1.28,305.32,60.0,2026-08-22T19:32:00Z,N21,2570.1618023995675,1,oil_well,0,0,2,0,0,0,0,0,0,,0,,0,2570.1618023995675,1,,0,,0,,0
FIRMS_6A02D212,23.67548,86.39777,1.28,310.03,60.0,2026-08-22T19:32:00Z,N21,2287.045232802889,1,oil_well,0,0,2,0,0,0,0,0,0,,0,,0,2287.045232802889,1,,0,,0,,0
FIRMS_CDBE4941,23.67586,86.08545,1.83,305.7,60.0,2026-08-22T19:32:00Z,N21,,0,,0,0,0,0,0,0,0,0,0,,0,,0,,0,,0,,0,,0
FIRMS_5A03993D,23.67594,86.39375,0.43,300.5,60.0,2026-08-22T19:32:00Z,N21,2048.386069476284,1,oil_well,0,0,7,0,0,0,0,0,0,,0,,0,2048.386069476284,1,,0,,0,,0
FIRMS_192C559A,23.67609,86.40195,1.76,304.23,60.0,2026-08-22T19:32:00Z,N21,2654.8393971117325,1,oil_well,0,0,2,0,0,0,0,0,0,,0,,0,2654.8393971117325,1,,0,,0,,0
FIRMS_1F3D7B5F,23.67658,86.39794,1.76,313.83,60.0,2026-08-22T19:32:00Z,N21,2384.646235818831,1,oil_well,0,0,2,0,0,0,0,0,0,,0,,0,2384.646235818831,1,,0,,0,,0
FIRMS_C8F3130B,23.67959,86.3984,1.17,306.08,60.0,2026-08-22T19:32:00Z,N21,2662.4063193846514,1,oil_well,0,0,2,0,0,0,0,0,0,,0,,0,2662.4063193846514,1,,0,,0,,0
FIRMS_6676D527,23.68417,86.39498,1.83,313.06,60.0,2026-08-22T19:32:00Z,N21,2884.9907234126367,1,oil_well,0,0,9,0,0,0,0,0,0,,0,,0,2884.9907234126367,1,,0,,0,,0
FIRMS_6DE84C30,23.68464,86.39088,1.83,309.15,60.0,2026-08-22T19:32:00Z,N21,2758.6230848813098,1,oil_well,0,0,12,0,0,0,0,0,0,,0,,0,2758.6230848813098,1,,0,,0,,0
FIRMS_62D6543E,23.68847,86.08707,1.1,304.31,60.0,2026-08-22T19:32:00Z,N21,,0,,0,0,0,0,0,0,0,0,0,,0,,0,,0,,0,,0,,0
FIRMS_DAD1EF1E,23.71099,86.45187,2.74,316.91,60.0,2026-08-22T19:32:00Z,N21,,0,,0,0,0,0,0,0,0,0,0,,0,,0,,0,,0,,0,,0
FIRMS_30D296DB,23.71429,86.42374,2.23,308.97,60.0,2026-08-22T19:32:00Z,N21,,0,,0,0,0,0,0,0,0,0,0,,0,,0,,0,,0,,0,,0
FIRMS_FEE9A943,23.71651,86.44041,2.13,305.07,60.0,2026-08-22T19:32:00Z,N21,,0,,0,0,0,0,0,0,0,0,0,,0,,0,,0,,0,,0,,0
FIRMS_35B54E3D,23.71888,86.42031,1.36,306.78,60.0,2026-08-22T19:32:00Z,N21,,0,,0,0,0,0,0,0,0,0,0,,0,,0,,0,,0,,0,,0
FIRMS_260AC890,23.72299,86.42089,1.36,307.0,60.0,2026-08-22T19:32:00Z,N21,,0,,0,0,0,0,0,0,0,0,0,,0,,0,,0,,0,,0,,0
FIRMS_CADE8DB6,23.72473,86.44157,1.93,305.43,60.0,2026-08-22T19:32:00Z,N21,,0,,0,0,0,0,0,0,0,0,0,,0,,0,,0,,0,,0,,0
FIRMS_6C7479B0,23.73342,86.43871,1.14,304.54,60.0,2026-08-22T19:32:00Z,N21,,0,,0,0,0,0,0,0,0,0,0,,0,,0,,0,,0,,0,,0
FIRMS_0C3B3CC8,23.73438,86.43067,1.76,304.46,60.0,2026-08-22T19:32:00Z,N21,,0,,0,0,0,0,0,0,0,0,0,,0,,0,,0,,0,,0,,0
FIRMS_FCFC2846,23.73801,86.43526,1.76,321.21,60.0,2026-08-22T19:32:00Z,N21,,0,,0,0,0,0,0,0,0,0,0,,0,,0,,0,,0,,0,,0
FIRMS_54A4BFE6,23.73849,86.43127,1.76,305.03,60.0,2026-08-22T19:32:00Z,N21,,0,,0,0,0,0,0,0,0,0,0,,0,,0,,0,,0,,0,,0
FIRMS_9D9869B9,23.75273,86.41698,1.62,310.47,60.0,2026-08-22T19:32:00Z,N21,,0,,0,0,0,0,0,0,0,0,0,,0,,0,,0,,0,,0,,0
FIRMS_ACAC6BD7,23.75422,85.85241,1.81,313.16,60.0,2026-08-22T19:32:00Z,N21,2082.023320497234,1,oil_well,0,0,12,0,0,0,0,0,0,4206.022497062963,1,,0,2082.023320497234,1,,0,,0,,0
FIRMS_2CFE9D8F,23.75516,86.39672,2.24,306.59,60.0,2026-08-22T19:32:00Z,N21,,0,,0,0,0,0,0,0,0,0,0,,0,,0,,0,,0,,0,,0
FIRMS_0C7D3AA0,23.7583,86.40547,1.76,308.8,60.0,2026-08-22T19:32:00Z,N21,,0,,0,0,0,0,0,0,0,0,0,,0,,0,,0,,0,,0,,0
FIRMS_AF117722,23.75879,86.40139,1.76,311.84,60.0,2026-08-22T19:32:00Z,N21,,0,,0,0,0,0,0,0,0,0,0,,0,,0,,0,,0,,0,,0
FIRMS_5A3D0E3A,23.76242,86.40607,1.81,310.94,60.0,2026-08-22T19:32:00Z,N21,,0,,0,0,0,0,0,0,0,0,0,,0,,0,,0,,0,,0,,0
FIRMS_451F2861,23.76291,86.40199,1.81,314.31,60.0,2026-08-22T19:32:00Z,N21,,0,,0,0,0,0,0,0,0,0,0,,0,,0,,0,,0,,0,,0
FIRMS_D7FE0C5D,23.76388,86.39387,3.06,307.45,60.0,2026-08-22T19:32:00Z,N21,,0,,0,0,0,0,0,0,0,0,0,,0,,0,,0,,0,,0,,0
FIRMS_608E883F,23.76654,86.40663,1.81,314.25,60.0,2026-08-22T19:32:00Z,N21,,0,,0,0,0,0,0,0,0,0,0,,0,,0,,0,,0,,0,,0
FIRMS_5F944C61,23.76703,86.40255,1.81,317.39,60.0,2026-08-22T19:32:00Z,N21,,0,,0,0,0,0,0,0,0,0,0,,0,,0,,0,,0,,0,,0
FIRMS_577624BE,23.7714,86.36617,0.79,305.57,60.0,2026-08-22T19:32:00Z,N21,,0,,0,0,0,0,0,0,0,0,0,,0,,0,,0,,0,,0,,0
FIRMS_418574F6,23.77189,86.36209,0.79,303.78,60.0,2026-08-22T19:32:00Z,N21,,0,,0,0,0,0,0,0,0,0,0,,0,,0,,0,,0,,0,,0
FIRMS_B1BFEDE9,23.7721,85.99903,0.33,295.9,60.0,2026-08-22T19:32:00Z,N21,1223.9283890589652,1,oil_well,0,0,2,0,0,0,0,0,0,,0,,0,1223.9283890589652,1,,0,,0,,0
FIRMS_15EE9C63,23.77553,86.36674,1.14,306.45,60.0,2026-08-22T19:32:00Z,N21,,0,,0,0,0,0,0,0,0,0,0,,0,,0,,0,,0,,0,,0
FIRMS_47EFC9E6,23.77603,86.36266,1.14,307.98,60.0,2026-08-22T19:32:00Z,N21,,0,,0,0,0,0,0,0,0,0,0,,0,,0,,0,,0,,0,,0
FIRMS_B361F69D,23.77673,86.39163,2.26,304.84,60.0,2026-08-22T19:32:00Z,N21,,0,,0,0,0,0,0,0,0,0,0,,0,,0,,0,,0,,0,,0
FIRMS_E338D898,23.7768,85.99547,0.83,299.36,60.0,2026-08-22T19:32:00Z,N21,1774.5822268101704,1,oil_well,0,0,2,0,0,0,0,0,0,,0,,0,1774.5822268101704,1,,0,,0,,0
FIRMS_303AE1F3,23.77721,86.38763,2.26,321.98,60.0,2026-08-22T19:32:00Z,N21,,0,,0,0,0,0,0,0,0,0,0,,0,,0,,0,,0,,0,,0
FIRMS_A7C18AFB,23.77748,86.20891,1.8,307.56,60.0,2026-08-22T19:32:00Z,N21,,0,,0,0,0,0,0,0,0,0,0,,0,,0,,0,,0,,0,,0
FIRMS_DC334AF4,23.77917,86.37136,1.09,304.31,60.0,2026-08-22T19:32:00Z,N21,,0,,0,0,0,0,0,0,0,0,0,,0,,0,,0,,0,,0,,0
FIRMS_9CCE6CCA,23.77953,86.39101,2.34,321.81,60.0,2026-08-22T19:32:00Z,N21,,0,,0,0,0,0,0,0,0,0,0,,0,,0,,0,,0,,0,,0
FIRMS_9EBD982C,23.77999,86.38698,2.34,305.25,60.0,2026-08-22T19:32:00Z,N21,,0,,0,0,0,0,0,0,0,0,0,,0,,0,,0,,0,,0,,0
FIRMS_F19B5EFD,23.78085,86.39223,1.36,312.07,60.0,2026-08-22T19:32:00Z,N21,,0,,0,0,0,0,0,0,0,0,0,,0,,0,,0,,0,,0,,0
FIRMS_2BC9CF7F,23.78133,86.38822,1.36,307.36,60.0,2026-08-22T19:32:00Z,N21,,0,,0,0,0,0,0,0,0,0,0,,0,,0,,0,,0,,0,,0
FIRMS_AD7B18BA,23.78165,86.20951,1.8,308.3,60.0,2026-08-22T19:32:00Z,N21,,0,,0,0,0,0,0,0,0,0,0,,0,,0,,0,,0,,0,,0
FIRMS_406628F2,23.79657,86.35204,4.0,321.86,60.0,2026-08-22T19:32:00Z,N21,,0,,0,0,0,0,0,0,0,0,0,,0,,0,,0,,0,,0,,0
FIRMS_38388BDA,23.80303,86.33231,2.69,315.43,60.0,2026-08-22T19:32:00Z,N21,,0,,0,0,0,0,0,0,0,0,0,,0,,0,,0,,0,,0,,0
FIRMS_F9455AED,23.8035,86.32822,2.73,322.66,60.0,2026-08-22T19:32:00Z,N21,,0,,0,0,0,0,0,0,0,0,0,,0,,0,,0,,0,,0,,0
FIRMS_81945BE2,23.80397,86.32408,2.73,318.77,60.0,2026-08-22T19:32:00Z,N21,,0,,0,0,0,0,0,0,0,0,0,,0,,0,,0,,0,,0,,0
FIRMS_B86A1F11,23.82208,84.5723,1.33,300.45,60.0,2026-08-22T19:32:00Z,N21,,0,,0,0,0,0,0,0,0,0,0,,0,,0,,0,,0,,0,,0
FIRMS_41455507,24.11378,86.86015,2.06,315.62,60.0,2026-08-22T19:32:00Z,N21,,0,,0,0,0,0,0,0,0,0,0,,0,,0,,0,,0,,0,,0
FIRMS_2184AA7B,24.12137,86.86515,0.37,302.81,60.0,2026-08-22T19:32:00Z,N21,,0,,0,0,0,0,0,0,0,0,0,,0,,0,,0,,0,,0,,0
FIRMS_351582A1,25.54005,91.23735,0.48,298.55,60.0,2026-08-22T19:32:00Z,N21,,0,,0,0,0,0,0,0,0,0,0,,0,,0,,0,,0,,0,,0
FIRMS_2586870B,10.0775,77.2383,1.41,302.68,60.0,2026-08-22T19:36:00Z,N21,,0,,0,0,0,0,0,0,0,0,0,,0,,0,,0,,0,,0,,0
FIRMS_EA6C9551,10.08148,77.23804,1.61,303.41,60.0,2026-08-22T19:36:00Z,N21,,0,,0,0,0,0,0,0,0,0,0,,0,,0,,0,,0,,0,,0
FIRMS_7E747952,10.59398,78.44864,1.01,308.07,60.0,2026-08-22T19:36:00Z,N21,,0,,0,0,0,0,0,0,0,0,0,,0,,0,,0,,0,,0,,0
FIRMS_5DE25332,24.6572,73.87634,1.08,304.12,60.0,2026-08-22T21:12:00Z,N21,,0,,0,0,0,0,0,0,0,0,0,,0,,0,,0,,0,,0,,0
FIRMS_0F293047,24.66185,74.63312,2.01,307.91,60.0,2026-08-22T21:12:00Z,N21,,0,,0,0,0,0,0,0,0,0,0,,0,,0,,0,,0,,0,,0
FIRMS_92D04C69,24.93308,74.63296,1.44,307.26,60.0,2026-08-22T21:12:00Z,N21,,0,,0,0,0,0,0,0,0,0,0,,0,,0,,0,,0,,0,,0
FIRMS_7234BD84,24.9345,74.6351,1.22,305.76,60.0,2026-08-22T21:12:00Z,N21,,0,,0,0,0,0,0,0,0,0,0,,0,,0,,0,,0,,0,,0
FIRMS_2FB7A938,26.25694,74.09481,1.3,309.59,60.0,2026-08-22T21:12:00Z,N21,,0,,0,0,0,0,0,0,0,0,0,,0,,0,,0,,0,,0,,0
FIRMS_7AB5B63C,21.43188,72.97569,1.58,307.25,60.0,2026-08-22T21:14:00Z,N21,3975.83066491476,1,oil_well,0,0,10,0,0,0,0,0,0,,0,,0,3975.83066491476,1,,0,,0,,0
FIRMS_35320F38,21.43299,72.97752,2.15,310.47,60.0,2026-08-22T21:14:00Z,N21,3881.4297342260475,1,oil_well,0,0,10,0,0,0,0,0,0,,0,,0,3881.4297342260475,1,,0,,0,,0
FIRMS_2CADE691,23.40824,72.41575,0.72,303.37,60.0,2026-08-22T21:14:00Z,N21,294.485497029734,1,oil_well,7,29,206,0,0,29,0,0,0,,0,,0,294.485497029734,1,,0,,0,,0
FIRMS_4A639FA3,9.62576,77.42727,3.12,295.09,60.0,2026-08-22T21:16:00Z,N21,,0,,0,0,0,0,0,0,0,0,0,,0,,0,,0,,0,,0,,0
FIRMS_D413693B,27.96467,96.95645,10.19,331.24,60.0,2026-08-23T06:46:00Z,N21,,0,,0,0,0,0,0,0,0,0,0,,0,,0,,0,,0,,0,,0
FIRMS_DE091F2A,28.08151,95.72957,3.99,337.37,60.0,2026-08-23T06:46:00Z,N21,,0,,0,0,0,0,0,0,0,0,0,,0,,0,,0,,0,,0,,0
FIRMS_CCD91430,8.42499,77.62149,8.42,336.79,30.0,2026-08-23T08:22:00Z,N21,,0,,0,0,0,0,0,0,0,0,0,,0,,0,,0,,0,,0,,0
FIRMS_164A2A35,8.44418,77.65283,6.03,338.54,30.0,2026-08-23T08:22:00Z,N21,,0,,0,0,0,0,0,0,0,0,0,,0,,0,,0,,0,,0,,0
FIRMS_2EBC775A,8.73994,77.59967,3.45,336.65,60.0,2026-08-23T08:22:00Z,N21,,0,,0,0,0,0,0,0,0,0,0,,0,,0,,0,,0,,0,,0
FIRMS_1168C0EF,8.8975,77.86558,7.04,347.98,60.0,2026-08-23T08:22:00Z,N21,,0,,0,0,0,0,0,0,0,0,0,,0,,0,,0,,0,,0,,0
FIRMS_A3C2B969,8.89992,77.85637,6.53,346.67,60.0,2026-08-23T08:22:00Z,N21,,0,,0,0,0,0,0,0,0,0,0,,0,,0,,0,,0,,0,,0
FIRMS_BBE64FA4,8.90054,77.86071,7.04,349.93,60.0,2026-08-23T08:22:00Z,N21,,0,,0,0,0,0,0,0,0,0,0,,0,,0,,0,,0,,0,,0
FIRMS_0FDC101F,8.90116,77.86504,7.04,342.45,60.0,2026-08-23T08:22:00Z,N21,,0,,0,0,0,0,0,0,0,0,0,,0,,0,,0,,0,,0,,0
FIRMS_4A3C9C73,8.90358,77.85583,9.02,348.69,60.0,2026-08-23T08:22:00Z,N21,,0,,0,0,0,0,0,0,0,0,0,,0,,0,,0,,0,,0,,0
FIRMS_6EF24456,8.90419,77.86017,3.82,346.76,60.0,2026-08-23T08:22:00Z,N21,,0,,0,0,0,0,0,0,0,0,0,,0,,0,,0,,0,,0,,0
FIRMS_24E2F3C6,8.90481,77.86451,3.82,338.87,60.0,2026-08-23T08:22:00Z,N21,,0,,0,0,0,0,0,0,0,0,0,,0,,0,,0,,0,,0,,0
FIRMS_BFC91839,8.9486,77.96073,4.0,336.94,60.0,2026-08-23T08:22:00Z,N21,,0,,0,0,0,0,0,0,0,0,0,,0,,0,,0,,0,,0,,0
FIRMS_4D6D2BF2,9.193,77.37519,3.7,336.48,60.0,2026-08-23T08:22:00Z,N21,,0,,0,0,0,0,0,0,0,0,0,,0,,0,,0,,0,,0,,0
FIRMS_B8F224C3,9.2187,77.62897,10.49,339.64,60.0,2026-08-23T08:22:00Z,N21,,0,,0,0,0,0,0,0,0,0,0,,0,,0,,0,,0,,0,,0
FIRMS_4144B0BB,9.22068,77.46474,3.71,338.5,60.0,2026-08-23T08:22:00Z,N21,,0,,0,0,0,0,0,0,0,0,0,,0,,0,,0,,0,,0,,0
FIRMS_9B337EC2,9.2728,77.32723,3.22,332.55,60.0,2026-08-23T08:22:00Z,N21,,0,,0,0,0,0,0,0,0,0,0,,0,,0,,0,,0,,0,,0
FIRMS_BA086CB4,9.28461,77.43481,1.94,335.92,60.0,2026-08-23T08:22:00Z,N21,,0,,0,0,0,0,0,0,0,0,0,,0,,0,,0,,0,,0,,0
FIRMS_67F6FEC5,9.44357,78.05501,12.43,341.41,60.0,2026-08-23T08:22:00Z,N21,,0,,0,0,0,0,0,0,0,0,0,,0,,0,,0,,0,,0,,0
FIRMS_8ECD1462,9.89958,77.78525,13.81,339.16,60.0,2026-08-23T08:22:00Z,N21,,0,,0,0,0,0,0,0,0,0,0,,0,,0,,0,,0,,0,,0
FIRMS_A99F083F,9.90945,78.20588,12.59,336.58,60.0,2026-08-23T08:22:00Z,N21,,0,,0,0,0,0,0,0,0,0,0,,0,,0,,0,,0,,0,,0
FIRMS_66F575CA,9.91635,78.2001,14.59,341.27,60.0,2026-08-23T08:22:00Z,N21,,0,,0,0,0,0,0,0,0,0,0,,0,,0,,0,,0,,0,,0
FIRMS_26A65CE3,10.10984,77.73901,3.0,332.03,60.0,2026-08-23T08:22:00Z,N21,,0,,0,0,0,0,0,0,0,0,0,,0,,0,,0,,0,,0,,0
FIRMS_89B779F8,10.66683,78.1728,2.35,335.13,60.0,2026-08-23T08:22:00Z,N21,,0,,0,0,0,0,0,0,0,0,0,,0,,0,,0,,0,,0,,0
FIRMS_4729DB13,11.0347,77.14651,3.86,335.06,60.0,2026-08-23T08:22:00Z,N21,,0,,0,0,0,0,0,0,0,0,0,,0,,0,,0,,0,,0,,0
FIRMS_863FBC5D,14.26653,79.79261,2.2,333.38,60.0,2026-08-23T08:24:00Z,N21,,0,,0,0,0,0,0,0,0,0,0,,0,,0,,0,,0,,0,,0
FIRMS_864692EA,15.36111,78.60121,4.05,337.47,60.0,2026-08-23T08:24:00Z,N21,,0,,0,0,0,0,0,0,0,0,0,,0,,0,,0,,0,,0,,0
FIRMS_752E5A27,16.113,78.21188,3.53,331.67,60.0,2026-08-23T08:24:00Z,N21,,0,,0,0,0,0,0,0,0,0,0,,0,,0,,0,,0,,0,,0
FIRMS_74D7701C,29.45938,76.8674,3.56,332.56,60.0,2026-08-23T08:28:00Z,N21,1881.8386278081782,1,oil_refinery,0,0,1,0,0,0,0,0,0,,0,1881.8386278081782,1,,0,,0,,0,,0
FIRMS_1CE5B7E4,29.47683,76.85993,11.04,341.77,60.0,2026-08-23T08:28:00Z,N21,1433.0587190744625,1,oil_refinery,0,0,1,0,0,0,0,0,0,,0,1433.0587190744625,1,,0,,0,,0,,0
FIRMS_0003F8F4,22.24316,87.38877,1.74,306.4,60.0,2026-08-23T19:13:00Z,N21,,0,,0,0,0,0,0,0,0,0,0,,0,,0,,0,,0,,0,,0
FIRMS_2B5D3789,22.35921,87.01627,1.1,303.4,60.0,2026-08-23T19:13:00Z,N21,,0,,0,0,0,0,0,0,0,0,0,,0,,0,,0,,0,,0,,0
FIRMS_2C390C8E,22.36402,87.01662,2.27,312.78,60.0,2026-08-23T19:13:00Z,N21,,0,,0,0,0,0,0,0,0,0,0,,0,,0,,0,,0,,0,,0
FIRMS_1883A0F9,22.3645,87.0169,1.1,310.71,60.0,2026-08-23T19:13:00Z,N21,,0,,0,0,0,0,0,0,0,0,0,,0,,0,,0,,0,,0,,0
FIRMS_066E4ED7,22.37584,87.28196,2.63,305.92,60.0,2026-08-23T19:13:00Z,N21,,0,,0,0,0,0,0,0,0,0,0,,0,,0,,0,,0,,0,,0
FIRMS_0CCCEE67,22.37616,87.27859,4.3,325.24,60.0,2026-08-23T19:13:00Z,N21,,0,,0,0,0,0,0,0,0,0,0,,0,,0,,0,,0,,0,,0
FIRMS_F1855DF8,23.54908,87.2466,1.92,298.31,60.0,2026-08-23T19:13:00Z,N21,2071.8014462265287,1,oil_well,0,0,4,0,0,0,0,0,0,,0,,0,2071.8014462265287,1,,0,,0,,0
FIRMS_7665B080,23.55503,87.2401,1.65,311.8,60.0,2026-08-23T19:13:00Z,N21,1211.9305895837063,1,oil_well,0,0,6,0,0,0,0,0,0,4585.032196019979,1,,0,1211.9305895837063,1,,0,,0,,0
FIRMS_391293D1,23.56032,87.24065,2.5,314.83,60.0,2026-08-23T19:13:00Z,N21,684.3586777562233,1,oil_well,0,1,8,0,0,1,0,0,0,4302.759461240368,1,,0,684.3586777562233,1,,0,,0,,0
FIRMS_33EFEF5C,23.6107,87.14855,2.08,296.84,60.0,2026-08-23T19:13:00Z,N21,,0,,0,0,0,0,0,0,0,0,0,,0,,0,,0,,0,,0,,0
FIRMS_6ECC7270,23.61102,87.14495,1.75,296.59,60.0,2026-08-23T19:13:00Z,N21,,0,,0,0,0,0,0,0,0,0,0,,0,,0,,0,,0,,0,,0
FIRMS_8CE58584,23.67522,86.39812,1.89,310.65,60.0,2026-08-23T19:13:00Z,N21,2293.689407409577,1,oil_well,0,0,2,0,0,0,0,0,0,,0,,0,2293.689407409577,1,,0,,0,,0
FIRMS_B957DE17,23.67615,86.39944,1.87,309.56,60.0,2026-08-23T19:13:00Z,N21,2462.8030602343824,1,oil_well,0,0,2,0,0,0,0,0,0,,0,,0,2462.8030602343824,1,,0,,0,,0
FIRMS_3FFD94D6,23.67651,86.39543,1.87,302.59,60.0,2026-08-23T19:13:00Z,N21,2205.5606692526144,1,oil_well,0,0,2,0,0,0,0,0,0,,0,,0,2205.5606692526144,1,,0,,0,,0
FIRMS_3B83548B,23.68113,86.39481,1.89,304.32,60.0,2026-08-23T19:13:00Z,N21,2584.212810874993,1,oil_well,0,0,8,0,0,0,0,0,0,,0,,0,2584.212810874993,1,,0,,0,,0
FIRMS_69ED1DFD,23.68209,86.39613,1.68,302.18,60.0,2026-08-23T19:13:00Z,N21,2746.480538784752,1,oil_well,0,0,6,0,0,0,0,0,0,,0,,0,2746.480538784752,1,,0,,0,,0
FIRMS_7C20480B,23.68246,86.39201,2.7,301.55,60.0,2026-08-23T19:13:00Z,N21,2579.0281638455504,1,oil_well,0,0,12,0,0,0,0,0,0,,0,,0,2579.0281638455504,1,,0,,0,,0
FIRMS_C7DBDBFB,23.71013,86.4509,2.59,313.27,60.0,2026-08-23T19:13:00Z,N21,,0,,0,0,0,0,0,0,0,0,0,,0,,0,,0,,0,,0,,0
FIRMS_5BACBBB3,23.71256,86.42266,1.87,304.64,60.0,2026-08-23T19:13:00Z,N21,,0,,0,0,0,0,0,0,0,0,0,,0,,0,,0,,0,,0,,0
FIRMS_3563F32A,23.71639,86.44345,1.38,302.59,60.0,2026-08-23T19:13:00Z,N21,,0,,0,0,0,0,0,0,0,0,0,,0,,0,,0,,0,,0,,0
FIRMS_9C7E94A0,23.72231,86.44004,1.38,307.72,60.0,2026-08-23T19:13:00Z,N21,,0,,0,0,0,0,0,0,0,0,0,,0,,0,,0,,0,,0,,0
FIRMS_D4F88E3B,23.72372,86.42384,1.41,299.81,60.0,2026-08-23T19:13:00Z,N21,,0,,0,0,0,0,0,0,0,0,0,,0,,0,,0,,0,,0,,0
FIRMS_E716129B,23.72406,86.41985,1.28,301.15,60.0,2026-08-23T19:13:00Z,N21,,0,,0,0,0,0,0,0,0,0,0,,0,,0,,0,,0,,0,,0
FIRMS_9CD24442,23.73416,86.43314,2.99,310.8,60.0,2026-08-23T19:13:00Z,N21,,0,,0,0,0,0,0,0,0,0,0,,0,,0,,0,,0,,0,,0
FIRMS_5DACD551,23.73451,86.42915,1.86,300.72,60.0,2026-08-23T19:13:00Z,N21,,0,,0,0,0,0,0,0,0,0,0,,0,,0,,0,,0,,0,,0
FIRMS_7FB24C65,23.73973,86.43378,1.43,308.15,60.0,2026-08-23T19:13:00Z,N21,,0,,0,0,0,0,0,0,0,0,0,,0,,0,,0,,0,,0,,0
FIRMS_E0A71500,23.75265,86.41494,1.31,300.55,60.0,2026-08-23T19:13:00Z,N21,,0,,0,0,0,0,0,0,0,0,0,,0,,0,,0,,0,,0,,0
FIRMS_F18137CB,23.7541,86.39857,1.4,300.5,60.0,2026-08-23T19:13:00Z,N21,,0,,0,0,0,0,0,0,0,0,0,,0,,0,,0,,0,,0,,0
FIRMS_CE4970ED,23.7649,86.40394,0.73,305.66,60.0,2026-08-23T19:13:00Z,N21,,0,,0,0,0,0,0,0,0,0,0,,0,,0,,0,,0,,0,,0
FIRMS_DABF8E63,23.76707,86.37955,1.8,301.3,60.0,2026-08-23T19:13:00Z,N21,,0,,0,0,0,0,0,0,0,0,0,,0,,0,,0,,0,,0,,0
FIRMS_71F42C1F,23.77716,86.39299,1.9,300.96,60.0,2026-08-23T19:13:00Z,N21,,0,,0,0,0,0,0,0,0,0,0,,0,,0,,0,,0,,0,,0
FIRMS_2B3D9887,23.77752,86.38899,1.9,314.19,60.0,2026-08-23T19:13:00Z,N21,,0,,0,0,0,0,0,0,0,0,0,,0,,0,,0,,0,,0,,0
FIRMS_10B1EFCD,23.7815,86.39215,1.27,302.41,60.0,2026-08-23T19:13:00Z,N21,,0,,0,0,0,0,0,0,0,0,0,,0,,0,,0,,0,,0,,0
FIRMS_C1C2190B,23.78184,86.38814,1.27,296.29,60.0,2026-08-23T19:13:00Z,N21,,0,,0,0,0,0,0,0,0,0,0,,0,,0,,0,,0,,0,,0
FIRMS_BB6F0464,24.11502,86.86157,1.18,301.13,60.0,2026-08-23T19:13:00Z,N21,,0,,0,0,0,0,0,0,0,0,0,,0,,0,,0,,0,,0,,0
FIRMS_0BE85015,24.11958,86.35051,1.21,302.42,60.0,2026-08-23T19:13:00Z,N21,,0,,0,0,0,0,0,0,0,0,0,,0,,0,,0,,0,,0,,0
FIRMS_5AB3FE47,27.53554,95.39848,0.28,302.84,60.0,2026-08-23T19:13:00Z,N21,230.86515567489,1,oil_well,5,11,31,0,0,11,0,0,0,,0,,0,230.86515567489,1,,0,,0,,0
FIRMS_898849B9,22.57408,70.22664,1.72,303.8,60.0,2026-08-23T20:53:00Z,N21,,0,,0,0,0,0,0,0,0,0,0,,0,,0,,0,,0,,0,,0
FIRMS_357F6BA4,23.3138,70.48741,1.24,307.62,60.0,2026-08-23T20:53:00Z,N21,,0,,0,0,0,0,0,0,0,0,0,,0,,0,,0,,0,,0,,0
FIRMS_8DF94FA7,24.65842,73.87619,1.25,309.35,60.0,2026-08-23T20:53:00Z,N21,,0,,0,0,0,0,0,0,0,0,0,,0,,0,,0,,0,,0,,0
FIRMS_65944C1F,24.68829,73.00064,0.98,305.3,60.0,2026-08-23T20:53:00Z,N21,,0,,0,0,0,0,0,0,0,0,0,,0,,0,,0,,0,,0,,0
FIRMS_9F8D0546,24.69098,73.00512,0.98,304.11,60.0,2026-08-23T20:53:00Z,N21,,0,,0,0,0,0,0,0,0,0,0,,0,,0,,0,,0,,0,,0
FIRMS_2E5EBAB3,24.81994,73.09312,1.72,315.29,60.0,2026-08-23T20:53:00Z,N21,,0,,0,0,0,0,0,0,0,0,0,,0,,0,,0,,0,,0,,0
FIRMS_6BAB78F7,29.12311,75.77846,2.22,310.56,60.0,2026-08-23T20:53:00Z,N21,,0,,0,0,0,0,0,0,0,0,0,,0,,0,,0,,0,,0,,0
FIRMS_42BA06BC,29.35825,76.95921,1.47,307.37,60.0,2026-08-23T20:53:00Z,N21,,0,,0,0,0,0,0,0,0,0,0,,0,,0,,0,,0,,0,,0
FIRMS_3EBFF54D,29.45481,76.86952,4.23,332.79,60.0,2026-08-23T20:53:00Z,N21,2309.1298000909887,1,oil_refinery,0,0,1,0,0,0,0,0,0,,0,2309.1298000909887,1,,0,,0,,0,,0
FIRMS_B69C1A06,29.45843,76.89032,0.61,307.74,60.0,2026-08-23T20:53:00Z,N21,2398.3328024463635,1,oil_refinery,0,0,1,0,0,0,0,0,0,,0,2398.3328024463635,1,,0,,0,,0,,0
FIRMS_1B59B175,29.47537,76.8596,0.83,306.94,60.0,2026-08-23T20:53:00Z,N21,1452.3542808563982,1,oil_refinery,0,0,1,0,0,0,0,0,0,,0,1452.3542808563982,1,,0,,0,,0,,0
FIRMS_B0462D42,31.2488,76.9297,0.38,300.72,60.0,2026-08-23T20:53:00Z,N21,,0,,0,0,0,0,0,0,0,0,0,,0,,0,,0,,0,,0,,0
FIRMS_DE03FFA5,19.04779,73.11804,1.71,307.42,60.0,2026-08-23T20:55:00Z,N21,,0,,0,0,0,0,0,0,0,0,0,,0,,0,,0,,0,,0,,0
FIRMS_EC608AEF,19.04974,73.11978,1.5,305.42,60.0,2026-08-23T20:55:00Z,N21,,0,,0,0,0,0,0,0,0,0,0,,0,,0,,0,,0,,0,,0
FIRMS_71BC2A13,19.93539,73.71249,0.55,301.45,60.0,2026-08-23T20:55:00Z,N21,,0,,0,0,0,0,0,0,0,0,0,,0,,0,,0,,0,,0,,0
FIRMS_5DE16459,23.67958,86.39573,4.46,302.14,60.0,2026-08-23T20:55:00Z,N21,2493.256871510636,1,oil_well,0,0,6,0,0,0,0,0,0,,0,,0,2493.256871510636,1,,0,,0,,0
FIRMS_B102B75A,23.75898,86.39871,2.42,299.33,60.0,2026-08-23T20:55:00Z,N21,,0,,0,0,0,0,0,0,0,0,0,,0,,0,,0,,0,,0,,0
FIRMS_EC6A0020,23.76476,86.40518,2.22,301.18,60.0,2026-08-23T20:55:00Z,N21,,0,,0,0,0,0,0,0,0,0,0,,0,,0,,0,,0,,0,,0
FIRMS_FBC76004,23.76575,86.40074,2.42,300.08,60.0,2026-08-23T20:55:00Z,N21,,0,,0,0,0,0,0,0,0,0,0,,0,,0,,0,,0,,0,,0
FIRMS_68D386C4,23.77993,86.34556,1.34,297.78,60.0,2026-08-23T20:55:00Z,N21,,0,,0,0,0,0,0,0,0,0,0,,0,,0,,0,,0,,0,,0
FIRMS_137718A1,23.7934,86.34972,1.44,300.21,60.0,2026-08-23T20:55:00Z,N21,,0,,0,0,0,0,0,0,0,0,0,,0,,0,,0,,0,,0,,0
FIRMS_F27E9AE5,23.8,86.32664,3.28,300.61,60.0,2026-08-23T20:55:00Z,N21,,0,,0,0,0,0,0,0,0,0,0,,0,,0,,0,,0,,0,,0
FIRMS_F266F76A,23.80548,86.33092,1.82,299.17,60.0,2026-08-23T20:55:00Z,N21,,0,,0,0,0,0,0,0,0,0,0,,0,,0,,0,,0,,0,,0
FIRMS_239BB583,24.93355,74.63254,1.37,311.44,60.0,2026-08-23T20:55:00Z,N21,,0,,0,0,0,0,0,0,0,0,0,,0,,0,,0,,0,,0,,0
FIRMS_A93DAF84,25.94286,72.19045,0.97,307.37,60.0,2026-08-23T20:55:00Z,N21,,0,,0,0,0,0,0,0,0,0,0,,0,,0,,0,,0,,0,,0
FIRMS_7670B359,26.25788,74.09489,1.23,310.07,60.0,2026-08-23T20:55:00Z,N21,,0,,0,0,0,0,0,0,0,0,0,,0,,0,,0,,0,,0,,0
FIRMS_F7308501,26.87672,73.51546,1.63,306.5,60.0,2026-08-23T20:55:00Z,N21,,0,,0,0,0,0,0,0,0,0,0,,0,,0,,0,,0,,0,,0
FIRMS_8820A129,27.28774,73.83964,1.09,308.69,60.0,2026-08-23T20:55:00Z,N21,,0,,0,0,0,0,0,0,0,0,0,,0,,0,,0,,0,,0,,0
FIRMS_7939A204,10.06989,77.25764,1.09,295.88,60.0,2026-08-23T20:57:00Z,N21,,0,,0,0,0,0,0,0,0,0,0,,0,,0,,0,,0,,0,,0
FIRMS_3DFFEE9A,10.07067,77.25338,1.7,296.24,60.0,2026-08-23T20:57:00Z,N21,,0,,0,0,0,0,0,0,0,0,0,,0,,0,,0,,0,,0,,0
FIRMS_455ED3BB,11.13734,77.35052,1.5,308.69,60.0,2026-08-23T20:57:00Z,N21,,0,,0,0,0,0,0,0,0,0,0,,0,,0,,0,,0,,0,,0
FIRMS_5FD32CBC,9.04358,78.21024,3.33,332.46,30.0,2026-08-24T08:03:00Z,N21,,0,,0,0,0,0,0,0,0,0,0,,0,,0,,0,,0,,0,,0
FIRMS_7BAAEBDF,9.13882,78.25266,6.03,338.62,30.0,2026-08-24T08:03:00Z,N21,,0,,0,0,0,0,0,0,0,0,0,,0,,0,,0,,0,,0,,0
FIRMS_FCEDF68D,10.44329,79.62807,3.01,335.68,60.0,2026-08-24T08:03:00Z,N21,1728.565042100224,1,oil_well,0,0,5,0,0,0,0,0,0,,0,,0,1728.565042100224,1,,0,,0,,0
FIRMS_157940BF,10.44382,79.63159,3.01,332.01,60.0,2026-08-24T08:03:00Z,N21,1592.8773562844738,1,oil_well,0,0,5,0,0,0,0,0,0,,0,,0,1592.8773562844738,1,,0,,0,,0
FIRMS_93F7FE04,10.44661,79.62756,3.01,332.75,60.0,2026-08-24T08:03:00Z,N21,2068.943105623811,1,oil_well,0,0,5,0,0,0,0,0,0,,0,,0,2068.943105623811,1,,0,,0,,0
FIRMS_00003FE0,15.17561,76.65761,8.73,342.81,60.0,2026-08-24T08:05:00Z,N21,,0,,0,0,0,0,0,0,0,0,0,,0,,0,,0,,0,,0,,0
FIRMS_65BC2ACD,15.18392,76.6673,5.39,336.44,30.0,2026-08-24T08:05:00Z,N21,,0,,0,0,0,0,0,0,0,0,0,,0,,0,,0,,0,,0,,0
FIRMS_C7DABEAD,30.69707,74.18148,3.82,335.91,60.0,2026-08-24T08:09:00Z,N21,,0,,0,0,0,0,0,0,0,0,0,,0,,0,,0,,0,,0,,0
FIRMS_25540EC9,31.30223,75.0976,2.69,331.03,60.0,2026-08-24T08:09:00Z,N21,,0,,0,0,0,0,0,0,0,0,0,,0,,0,,0,,0,,0,,0
FIRMS_09277077,31.99993,78.53543,20.93,342.79,60.0,2026-08-24T08:09:00Z,N21,,0,,0,0,0,0,0,0,0,0,0,,0,,0,,0,,0,,0,,0
FIRMS_AB15A452,22.36235,87.30032,2.75,303.61,60.0,2026-08-24T18:53:00Z,N21,,0,,0,0,0,0,0,0,0,0,0,,0,,0,,0,,0,,0,,0
FIRMS_B35E747B,22.36239,87.29989,2.58,303.55,60.0,2026-08-24T18:53:00Z,N21,,0,,0,0,0,0,0,0,0,0,0,,0,,0,,0,,0,,0,,0
FIRMS_3DBA2629,22.36675,87.01879,1.66,301.37,60.0,2026-08-24T18:53:00Z,N21,,0,,0,0,0,0,0,0,0,0,0,,0,,0,,0,,0,,0,,0
FIRMS_90327274,22.37762,87.28032,3.57,313.01,60.0,2026-08-24T18:53:00Z,N21,,0,,0,0,0,0,0,0,0,0,0,,0,,0,,0,,0,,0,,0
FIRMS_6E5186AC,22.37771,87.28072,4.8,313.4,60.0,2026-08-24T18:53:00Z,N21,,0,,0,0,0,0,0,0,0,0,0,,0,,0,,0,,0,,0,,0
FIRMS_0FDBCC1D,22.37808,87.27341,3.57,305.13,60.0,2026-08-24T18:53:00Z,N21,,0,,0,0,0,0,0,0,0,0,0,,0,,0,,0,,0,,0,,0
FIRMS_F3ACD2C3,22.37821,87.27383,4.15,305.16,60.0,2026-08-24T18:53:00Z,N21,,0,,0,0,0,0,0,0,0,0,0,,0,,0,,0,,0,,0,,0
FIRMS_31CEF00A,22.36615,87.01677,2.41,304.84,60.0,2026-08-24T20:34:00Z,N21,,0,,0,0,0,0,0,0,0,0,0,,0,,0,,0,,0,,0,,0
FIRMS_AC61EB54,22.36633,87.30431,1.78,305.57,60.0,2026-08-24T20:34:00Z,N21,,0,,0,0,0,0,0,0,0,0,0,,0,,0,,0,,0,,0,,0
FIRMS_68DD83D6,22.3673,87.3,2.55,308.18,60.0,2026-08-24T20:34:00Z,N21,,0,,0,0,0,0,0,0,0,0,0,,0,,0,,0,,0,,0,,0
FIRMS_6CA29288,22.36792,87.30201,1.87,304.48,60.0,2026-08-24T20:34:00Z,N21,,0,,0,0,0,0,0,0,0,0,0,,0,,0,,0,,0,,0,,0
FIRMS_0A852574,22.37782,87.28007,6.44,329.41,60.0,2026-08-24T20:34:00Z,N21,,0,,0,0,0,0,0,0,0,0,0,,0,,0,,0,,0,,0,,0
FIRMS_C45E0AAF,22.37859,87.28209,3.83,315.76,60.0,2026-08-24T20:34:00Z,N21,,0,,0,0,0,0,0,0,0,0,0,,0,,0,,0,,0,,0,,0
FIRMS_8F42CFF2,22.37879,87.27578,3.39,304.5,60.0,2026-08-24T20:34:00Z,N21,,0,,0,0,0,0,0,0,0,0,0,,0,,0,,0,,0,,0,,0
FIRMS_9523D712,22.37958,87.27782,3.83,319.11,60.0,2026-08-24T20:34:00Z,N21,,0,,0,0,0,0,0,0,0,0,0,,0,,0,,0,,0,,0,,0
FIRMS_EE7B5758,23.5561,87.23985,1.0,302.88,60.0,2026-08-24T20:34:00Z,N21,1090.3382517317013,1,oil_well,0,0,7,0,0,0,0,0,0,4493.392847916693,1,,0,1090.3382517317013,1,,0,,0,,0
FIRMS_78502FE6,23.66204,87.15504,2.54,306.74,60.0,2026-08-24T20:34:00Z,N21,,0,,0,0,0,0,0,0,0,0,0,,0,,0,,0,,0,,0,,0
FIRMS_5848C3CE,23.6974,85.3561,0.9,298.78,60.0,2026-08-24T20:34:00Z,N21,,0,,0,0,0,0,0,0,0,0,0,,0,,0,,0,,0,,0,,0
FIRMS_A9139EFC,23.69767,85.35781,1.08,302.44,60.0,2026-08-24T20:34:00Z,N21,,0,,0,0,0,0,0,0,0,0,0,,0,,0,,0,,0,,0,,0
FIRMS_CECAA5A0,25.94196,72.19294,1.97,305.95,60.0,2026-08-24T20:34:00Z,N21,,0,,0,0,0,0,0,0,0,0,0,,0,,0,,0,,0,,0,,0
FIRMS_98021899,26.25869,74.09478,1.29,306.44,60.0,2026-08-24T20:34:00Z,N21,,0,,0,0,0,0,0,0,0,0,0,,0,,0,,0,,0,,0,,0
FIRMS_BDF43F21,29.12299,75.77946,0.55,309.56,60.0,2026-08-24T20:34:00Z,N21,,0,,0,0,0,0,0,0,0,0,0,,0,,0,,0,,0,,0,,0
FIRMS_DAA1971F,31.25072,76.92702,0.46,304.62,60.0,2026-08-24T20:34:00Z,N21,,0,,0,0,0,0,0,0,0,0,0,,0,,0,,0,,0,,0,,0
FIRMS_1E53F760,31.32664,76.89409,0.76,303.53,60.0,2026-08-24T20:34:00Z,N21,,0,,0,0,0,0,0,0,0,0,0,,0,,0,,0,,0,,0,,0
FIRMS_1A6D4649,19.93503,73.71155,2.2,317.95,60.0,2026-08-24T20:36:00Z,N21,,0,,0,0,0,0,0,0,0,0,0,,0,,0,,0,,0,,0,,0
FIRMS_41191D44,20.91008,71.45858,1.97,304.73,60.0,2026-08-24T20:36:00Z,N21,1693.9586094696313,1,power_plant,0,0,1,0,0,0,0,0,0,1693.9586094696313,1,,0,,0,,0,,0,,0
FIRMS_5FA89E1A,22.33921,69.8703,2.69,309.15,60.0,2026-08-24T20:36:00Z,N21,1578.159812809144,1,oil_refinery,0,0,2,0,0,0,0,0,0,,0,1578.159812809144,1,,0,,0,,0,,0
FIRMS_3367F0E3,22.33969,69.86611,2.69,315.85,60.0,2026-08-24T20:36:00Z,N21,1592.8861129337274,1,oil_refinery,0,0,2,0,0,0,0,0,0,,0,1592.8861129337274,1,,0,,0,,0,,0
FIRMS_552579C3,22.34017,69.86192,3.82,307.83,60.0,2026-08-24T20:36:00Z,N21,1720.7730293705863,1,oil_refinery,0,0,2,0,0,0,0,0,0,,0,1720.7730293705863,1,,0,,0,,0,,0
FIRMS_A2BB3EB9,22.34343,69.87085,7.01,313.73,60.0,2026-08-24T20:36:00Z,N21,1108.9130492856577,1,oil_refinery,0,0,2,0,0,0,0,0,0,,0,1108.9130492856577,1,,0,,0,,0,,0
FIRMS_F698C54C,22.34392,69.86665,7.01,339.9,60.0,2026-08-24T20:36:00Z,N21,1129.6951229986562,1,oil_refinery,0,0,2,0,0,0,0,0,0,,0,1129.6951229986562,1,,0,,0,,0,,0
FIRMS_225D4339,22.3444,69.86245,2.37,308.11,60.0,2026-08-24T20:36:00Z,N21,1305.388025974246,1,oil_refinery,0,0,2,0,0,0,0,0,0,,0,1305.388025974246,1,,0,,0,,0,,0
FIRMS_BA36CAA6,22.93092,69.6974,1.29,305.22,60.0,2026-08-24T20:36:00Z,N21,,0,,0,0,0,0,0,0,0,0,0,,0,,0,,0,,0,,0,,0
FIRMS_EC28EC51,22.93522,69.69798,1.47,309.2,60.0,2026-08-24T20:36:00Z,N21,,0,,0,0,0,0,0,0,0,0,0,,0,,0,,0,,0,,0,,0
FIRMS_754C7ACF,23.31523,70.48663,1.6,306.28,60.0,2026-08-24T20:36:00Z,N21,,0,,0,0,0,0,0,0,0,0,0,,0,,0,,0,,0,,0,,0
FIRMS_25792EFA,15.14153,76.96049,1.82,331.71,60.0,2026-08-25T07:46:00Z,N21,,0,,0,0,0,0,0,0,0,0,0,,0,,0,,0,,0,,0,,0
FIRMS_98AE8E81,28.70671,76.85614,1.35,306.17,60.0,2026-08-25T20:14:00Z,N21,,0,,0,0,0,0,0,0,0,0,0,,0,,0,,0,,0,,0,,0
FIRMS_FA274574,15.02118,78.01533,0.71,305.27,60.0,2026-08-25T20:17:00Z,N21,,0,,0,0,0,0,0,0,0,0,0,,0,,0,,0,,0,,0,,0
FIRMS_BDA3DDE9,15.02173,78.0117,0.71,302.82,60.0,2026-08-25T20:17:00Z,N21,,0,,0,0,0,0,0,0,0,0,0,,0,,0,,0,,0,,0,,0
FIRMS_FC04ACE0,15.17156,76.69174,2.76,316.27,60.0,2026-08-25T20:17:00Z,N21,3829.4596929436743,1,power_plant,0,0,3,0,0,0,0,0,0,3829.4596929436743,1,,0,,0,,0,,0,,0
FIRMS_87D73BCD,15.1733,76.65583,2.56,308.24,60.0,2026-08-25T20:17:00Z,N21,,0,,0,0,0,0,0,0,0,0,0,,0,,0,,0,,0,,0,,0
FIRMS_CDED7B0B,15.17445,77.10182,1.05,308.87,60.0,2026-08-25T20:17:00Z,N21,,0,,0,0,0,0,0,0,0,0,0,,0,,0,,0,,0,,0,,0
FIRMS_C7C42F64,15.17503,76.69223,2.07,311.77,60.0,2026-08-25T20:17:00Z,N21,3556.131005970283,1,power_plant,0,0,3,0,0,0,0,0,0,3556.131005970283,1,,0,,0,,0,,0,,0
FIRMS_13BF6F83,15.17676,76.65635,2.56,320.65,60.0,2026-08-25T20:17:00Z,N21,,0,,0,0,0,0,0,0,0,0,0,,0,,0,,0,,0,,0,,0
FIRMS_04F9BB6F,15.17734,76.65241,3.24,311.91,60.0,2026-08-25T20:17:00Z,N21,,0,,0,0,0,0,0,0,0,0,0,,0,,0,,0,,0,,0,,0
FIRMS_3BFB95CC,15.17786,77.10236,1.05,309.04,60.0,2026-08-25T20:17:00Z,N21,,0,,0,0,0,0,0,0,0,0,0,,0,,0,,0,,0,,0,,0
FIRMS_CE6681E4,15.18196,76.66917,2.35,306.06,60.0,2026-08-25T20:17:00Z,N21,,0,,0,0,0,0,0,0,0,0,0,,0,,0,,0,,0,,0,,0
FIRMS_0D293506,15.18253,76.66524,2.35,319.43,60.0,2026-08-25T20:17:00Z,N21,,0,,0,0,0,0,0,0,0,0,0,,0,,0,,0,,0,,0,,0
FIRMS_EBA6BFA2,15.18715,76.6579,2.19,302.1,60.0,2026-08-25T20:17:00Z,N21,,0,,0,0,0,0,0,0,0,0,0,,0,,0,,0,,0,,0,,0
FIRMS_E1754967,15.22395,76.76291,1.23,305.15,60.0,2026-08-25T20:17:00Z,N21,,0,,0,0,0,0,0,0,0,0,0,,0,,0,,0,,0,,0,,0
FIRMS_D7A12737,15.65657,73.98945,1.7,298.34,60.0,2026-08-25T20:17:00Z,N21,,0,,0,0,0,0,0,0,0,0,0,,0,,0,,0,,0,,0,,0
FIRMS_817937D1,15.68491,78.45717,2.33,305.93,60.0,2026-08-25T20:17:00Z,N21,,0,,0,0,0,0,0,0,0,0,0,,0,,0,,0,,0,,0,,0
FIRMS_5E75FCE3,17.46485,80.65231,1.05,308.11,60.0,2026-08-25T20:17:00Z,N21,,0,,0,0,0,0,0,0,0,0,0,,0,,0,,0,,0,,0,,0
FIRMS_EFFCAF98,18.67913,73.0365,4.0,304.98,60.0,2026-08-25T20:17:00Z,N21,,0,,0,0,0,0,0,0,0,0,0,,0,,0,,0,,0,,0,,0
FIRMS_9CC4791D,18.69194,73.04287,2.48,307.97,60.0,2026-08-25T20:17:00Z,N21,,0,,0,0,0,0,0,0,0,0,0,,0,,0,,0,,0,,0,,0
FIRMS_6E389153,18.69251,73.03823,3.2,306.34,60.0,2026-08-25T20:17:00Z,N21,,0,,0,0,0,0,0,0,0,0,0,,0,,0,,0,,0,,0,,0
FIRMS_3D861827,18.80414,74.25832,1.88,314.73,60.0,2026-08-25T20:17:00Z,N21,,0,,0,0,0,0,0,0,0,0,0,,0,,0,,0,,0,,0,,0
FIRMS_74AF3E98,21.18102,81.38407,2.19,309.56,60.0,2026-08-25T20:17:00Z,N21,,0,,0,0,0,0,0,0,0,0,0,,0,,0,,0,,0,,0,,0
FIRMS_415544B0,21.18432,81.38468,1.61,308.6,60.0,2026-08-25T20:17:00Z,N21,,0,,0,0,0,0,0,0,0,0,0,,0,,0,,0,,0,,0,,0
FIRMS_1EE6DE5A,21.18644,81.39273,2.81,307.39,60.0,2026-08-25T20:17:00Z,N21,4371.4060211598,1,power_plant,0,0,1,0,0,0,0,0,0,4371.4060211598,1,,0,,0,,0,,0,,0
FIRMS_87CB7EED,21.19034,81.38962,1.27,306.42,60.0,2026-08-25T20:17:00Z,N21,4673.769157511604,1,power_plant,0,0,1,0,0,0,0,0,0,4673.769157511604,1,,0,,0,,0,,0,,0
FIRMS_54F72D86,21.19039,81.19882,1.32,308.46,60.0,2026-08-25T20:17:00Z,N21,,0,,0,0,0,0,0,0,0,0,0,,0,,0,,0,,0,,0,,0
FIRMS_12AAA322,21.19365,81.39023,1.27,312.39,60.0,2026-08-25T20:17:00Z,N21,4626.381435205626,1,power_plant,0,0,1,0,0,0,0,0,0,4626.381435205626,1,,0,,0,,0,,0,,0
FIRMS_CE8691FF,21.19608,81.41749,1.76,317.2,60.0,2026-08-25T20:17:00Z,N21,1900.264137837766,1,power_plant,0,0,1,0,0,0,0,0,0,1900.264137837766,1,,0,,0,,0,,0,,0
FIRMS_2631AB7D,21.24484,81.76915,1.21,304.63,60.0,2026-08-25T20:17:00Z,N21,,0,,0,0,0,0,0,0,0,0,0,,0,,0,,0,,0,,0,,0
FIRMS_58258CE6,21.31093,81.59187,1.29,307.1,60.0,2026-08-25T20:17:00Z,N21,,0,,0,0,0,0,0,0,0,0,0,,0,,0,,0,,0,,0,,0
FIRMS_AA265040,21.36512,81.67917,1.98,306.52,60.0,2026-08-25T20:17:00Z,N21,,0,,0,0,0,0,0,0,0,0,0,,0,,0,,0,,0,,0,,0
FIRMS_45B97520,21.37116,81.68417,2.32,308.19,60.0,2026-08-25T20:17:00Z,N21,,0,,0,0,0,0,0,0,0,0,0,,0,,0,,0,,0,,0,,0
FIRMS_AF675187,21.37453,81.64227,2.78,309.0,60.0,2026-08-25T20:17:00Z,N21,,0,,0,0,0,0,0,0,0,0,0,,0,,0,,0,,0,,0,,0
FIRMS_C1AFE6B2,21.37509,81.68103,3.85,314.57,60.0,2026-08-25T20:17:00Z,N21,,0,,0,0,0,0,0,0,0,0,0,,0,,0,,0,,0,,0,,0
FIRMS_95B180EB,21.73116,82.21548,1.19,306.81,60.0,2026-08-25T20:17:00Z,N21,,0,,0,0,0,0,0,0,0,0,0,,0,,0,,0,,0,,0,,0
FIRMS_E11FE5C2,21.74682,83.84542,2.91,303.7,60.0,2026-08-25T20:17:00Z,N21,,0,,0,0,0,0,0,0,0,0,0,,0,,0,,0,,0,,0,,0
FIRMS_AAF90BA4,22.35787,82.30326,1.31,311.19,60.0,2026-08-25T20:17:00Z,N21,,0,,0,0,0,0,0,0,0,0,0,,0,,0,,0,,0,,0,,0
FIRMS_DC92C6B2,22.37453,87.28033,1.31,298.06,60.0,2026-08-25T20:17:00Z,N21,,0,,0,0,0,0,0,0,0,0,0,,0,,0,,0,,0,,0,,0
FIRMS_185A6694,22.37963,87.27699,1.96,300.96,60.0,2026-08-25T20:17:00Z,N21,,0,,0,0,0,0,0,0,0,0,0,,0,,0,,0,,0,,0,,0
FIRMS_EEECAA03,23.16317,82.34101,0.75,299.79,60.0,2026-08-25T20:17:00Z,N21,,0,,0,0,0,0,0,0,0,0,0,,0,,0,,0,,0,,0,,0
FIRMS_C9DFE8C2,23.16381,82.33716,1.46,304.82,60.0,2026-08-25T20:17:00Z,N21,,0,,0,0,0,0,0,0,0,0,0,,0,,0,,0,,0,,0,,0
FIRMS_146D7B1D,23.16651,82.34164,0.75,303.04,60.0,2026-08-25T20:17:00Z,N21,,0,,0,0,0,0,0,0,0,0,0,,0,,0,,0,,0,,0,,0
FIRMS_600B748B,23.55735,87.24048,1.85,308.03,60.0,2026-08-25T20:17:00Z,N21,976.3780017624531,1,oil_well,0,1,7,0,0,1,0,0,0,4465.469349735,1,,0,976.3780017624531,1,,0,,0,,0
FIRMS_9E541632,25.94452,72.18851,0.85,300.18,60.0,2026-08-25T20:17:00Z,N21,,0,,0,0,0,0,0,0,0,0,0,,0,,0,,0,,0,,0,,0
FIRMS_502F3D3B,26.75887,83.20107,1.19,310.96,60.0,2026-08-25T20:17:00Z,N21,2936.4969684358875,1,ethanol_plant,0,0,1,0,0,0,0,0,0,,0,,0,,0,2936.4969684358875,1,,0,,0
FIRMS_36FC7151,10.77575,78.88298,1.6,305.38,60.0,2026-08-25T20:19:00Z,N21,,0,,0,0,0,0,0,0,0,0,0,,0,,0,,0,,0,,0,,0
FIRMS_5F0601B1,12.2171,79.00295,0.9,299.01,60.0,2026-08-25T20:19:00Z,N21,,0,,0,0,0,0,0,0,0,0,0,,0,,0,,0,,0,,0,,0
FIRMS_FE0D960D,12.91749,79.11784,0.7,304.36,60.0,2026-08-25T20:19:00Z,N21,,0,,0,0,0,0,0,0,0,0,0,,0,,0,,0,,0,,0,,0
FIRMS_51395A85,17.95628,80.79455,5.23,329.1,60.0,2026-08-25T20:19:00Z,N21,,0,,0,0,0,0,0,0,0,0,0,,0,,0,,0,,0,,0,,0
FIRMS_02C3947F,17.95747,80.7872,3.33,309.77,60.0,2026-08-25T20:19:00Z,N21,,0,,0,0,0,0,0,0,0,0,0,,0,,0,,0,,0,,0,,0
FIRMS_3F5D06B1,19.82038,79.23856,1.6,322.73,60.0,2026-08-25T20:19:00Z,N21,,0,,0,0,0,0,0,0,0,0,0,,0,,0,,0,,0,,0,,0
FIRMS_5C052F48,20.91191,71.45881,0.96,305.05,60.0,2026-08-25T20:19:00Z,N21,1837.868495513857,1,power_plant,0,0,1,0,0,0,0,0,0,1837.868495513857,1,,0,,0,,0,,0,,0
FIRMS_4BCDA2A0,9.39075,78.88336,2.89,336.06,60.0,2026-08-26T07:26:00Z,N21,1879.1200024090406,1,oil_well,0,0,4,0,0,0,0,0,0,,0,,0,1879.1200024090406,1,,0,,0,,0
FIRMS_8CD4BAD7,10.38894,79.17622,5.0,330.34,60.0,2026-08-26T07:26:00Z,N21,3384.932680771163,1,oil_well,0,0,2,0,0,0,0,0,0,,0,,0,3384.932680771163,1,,0,,0,,0
FIRMS_46194683,11.74077,78.97653,3.99,347.16,60.0,2026-08-26T07:26:00Z,N21,,0,,0,0,0,0,0,0,0,0,0,,0,,0,,0,,0,,0,,0
FIRMS_9029DB57,11.7447,79.05466,1.51,333.07,60.0,2026-08-26T07:26:00Z,N21,,0,,0,0,0,0,0,0,0,0,0,,0,,0,,0,,0,,0,,0
FIRMS_F2B10CB2,15.62259,79.18162,6.57,334.29,60.0,2026-08-26T07:29:00Z,N21,,0,,0,0,0,0,0,0,0,0,0,,0,,0,,0,,0,,0,,0
FIRMS_5AE6BDD6,15.62631,79.17872,4.14,330.99,60.0,2026-08-26T07:29:00Z,N21,,0,,0,0,0,0,0,0,0,0,0,,0,,0,,0,,0,,0,,0
FIRMS_E80B6B93,16.40067,79.36681,8.29,335.24,60.0,2026-08-26T07:29:00Z,N21,,0,,0,0,0,0,0,0,0,0,0,,0,,0,,0,,0,,0,,0
FIRMS_FCEE6299,16.83534,79.16514,3.28,330.52,60.0,2026-08-26T07:29:00Z,N21,,0,,0,0,0,0,0,0,0,0,0,,0,,0,,0,,0,,0,,0
FIRMS_E0A2EBA8,21.67331,84.0409,4.73,329.78,30.0,2026-08-26T07:29:00Z,N21,,0,,0,0,0,0,0,0,0,0,0,,0,,0,,0,,0,,0,,0
FIRMS_20889226,21.67999,84.03966,9.21,332.83,30.0,2026-08-26T07:29:00Z,N21,,0,,0,0,0,0,0,0,0,0,0,,0,,0,,0,,0,,0,,0
FIRMS_701C161D,22.21023,84.86258,3.63,331.63,60.0,2026-08-26T07:29:00Z,N21,,0,,0,0,0,0,0,0,0,0,0,,0,,0,,0,,0,,0,,0
FIRMS_6ACACB06,22.21333,84.83915,2.79,330.66,60.0,2026-08-26T07:29:00Z,N21,,0,,0,0,0,0,0,0,0,0,0,,0,,0,,0,,0,,0,,0
FIRMS_7F6411DC,22.21391,84.84286,3.38,330.93,60.0,2026-08-26T07:29:00Z,N21,,0,,0,0,0,0,0,0,0,0,0,,0,,0,,0,,0,,0,,0
FIRMS_E730C6CA,22.21468,84.8694,5.23,334.29,60.0,2026-08-26T07:29:00Z,N21,,0,,0,0,0,0,0,0,0,0,0,,0,,0,,0,,0,,0,,0
FIRMS_F249DF53,30.34867,74.23013,6.85,338.78,60.0,2026-08-26T07:31:00Z,N21,,0,,0,0,0,0,0,0,0,0,0,,0,,0,,0,,0,,0,,0
FIRMS_808BA62E,20.79946,85.25735,0.78,306.59,60.0,2026-08-26T19:57:00Z,N21,,0,,0,0,0,0,0,0,0,0,0,,0,,0,,0,,0,,0,,0
FIRMS_FDC21404,20.86195,84.98651,2.02,328.95,60.0,2026-08-26T19:57:00Z,N21,,0,,0,0,0,0,0,0,0,0,0,,0,,0,,0,,0,,0,,0
FIRMS_5ADEF089,20.86411,84.99441,3.46,322.59,60.0,2026-08-26T19:57:00Z,N21,,0,,0,0,0,0,0,0,0,0,0,,0,,0,,0,,0,,0,,0
FIRMS_72595F2E,20.86468,84.99075,2.02,316.09,60.0,2026-08-26T19:57:00Z,N21,,0,,0,0,0,0,0,0,0,0,0,,0,,0,,0,,0,,0,,0
FIRMS_CFE00842,20.86524,84.98709,2.02,310.12,60.0,2026-08-26T19:57:00Z,N21,,0,,0,0,0,0,0,0,0,0,0,,0,,0,,0,,0,,0,,0
FIRMS_FFCC258F,20.86797,84.99133,1.49,305.97,60.0,2026-08-26T19:57:00Z,N21,,0,,0,0,0,0,0,0,0,0,0,,0,,0,,0,,0,,0,,0
FIRMS_48C7003C,20.88613,84.98322,4.18,326.31,60.0,2026-08-26T19:57:00Z,N21,,0,,0,0,0,0,0,0,0,0,0,,0,,0,,0,,0,,0,,0
FIRMS_AEE52840,20.88999,84.98014,1.28,310.5,60.0,2026-08-26T19:57:00Z,N21,,0,,0,0,0,0,0,0,0,0,0,,0,,0,,0,,0,,0,,0
FIRMS_EED32B95,20.98991,85.12567,0.71,300.84,60.0,2026-08-26T19:57:00Z,N21,,0,,0,0,0,0,0,0,0,0,0,,0,,0,,0,,0,,0,,0
FIRMS_16B4692E,22.24414,87.38998,5.3,323.61,60.0,2026-08-26T19:57:00Z,N21,,0,,0,0,0,0,0,0,0,0,0,,0,,0,,0,,0,,0,,0
FIRMS_E2D81459,22.35626,87.28948,1.98,309.68,60.0,2026-08-26T19:57:00Z,N21,,0,,0,0,0,0,0,0,0,0,0,,0,,0,,0,,0,,0,,0
FIRMS_0818B0F5,22.37569,87.27717,1.47,308.06,60.0,2026-08-26T19:57:00Z,N21,,0,,0,0,0,0,0,0,0,0,0,,0,,0,,0,,0,,0,,0
FIRMS_5DC7491A,22.37841,87.28172,1.97,302.42,60.0,2026-08-26T19:57:00Z,N21,,0,,0,0,0,0,0,0,0,0,0,,0,,0,,0,,0,,0,,0
FIRMS_D8B6AA85,22.37905,87.27782,1.47,312.36,60.0,2026-08-26T19:57:00Z,N21,,0,,0,0,0,0,0,0,0,0,0,,0,,0,,0,,0,,0,,0
FIRMS_F2D96788,23.68759,87.12062,2.11,303.46,60.0,2026-08-26T19:57:00Z,N21,,0,,0,0,0,0,0,0,0,0,0,,0,,0,,0,,0,,0,,0
FIRMS_D0DD0024,24.14523,86.33312,3.46,317.53,60.0,2026-08-26T19:57:00Z,N21,,0,,0,0,0,0,0,0,0,0,0,,0,,0,,0,,0,,0,,0
FIRMS_2F07252C,11.80773,77.92281,1.42,307.55,60.0,2026-08-26T20:00:00Z,N21,,0,,0,0,0,0,0,0,0,0,0,,0,,0,,0,,0,,0,,0
FIRMS_031E0FB7,11.81676,77.91685,0.64,300.49,60.0,2026-08-26T20:00:00Z,N21,,0,,0,0,0,0,0,0,0,0,0,,0,,0,,0,,0,,0,,0
FIRMS_1A966155,14.60618,78.52363,2.22,308.46,60.0,2026-08-26T20:00:00Z,N21,,0,,0,0,0,0,0,0,0,0,0,,0,,0,,0,,0,,0,,0
FIRMS_604E310B,15.01244,79.80169,6.81,322.25,60.0,2026-08-26T20:00:00Z,N21,,0,,0,0,0,0,0,0,0,0,0,,0,,0,,0,,0,,0,,0
FIRMS_5FE0FDE8,15.17225,76.6562,1.92,303.66,60.0,2026-08-26T20:00:00Z,N21,,0,,0,0,0,0,0,0,0,0,0,,0,,0,,0,,0,,0,,0
FIRMS_735B52CF,15.17265,76.69075,1.27,305.8,60.0,2026-08-26T20:00:00Z,N21,3839.321620569145,1,power_plant,0,0,3,0,0,0,0,0,0,3839.321620569145,1,,0,,0,,0,,0,,0
FIRMS_24B4EAF8,15.1761,77.09933,1.4,304.79,60.0,2026-08-26T20:00:00Z,N21,,0,,0,0,0,0,0,0,0,0,0,,0,,0,,0,,0,,0,,0
FIRMS_C9986693,15.17625,76.66158,2.16,302.46,60.0,2026-08-26T20:00:00Z,N21,,0,,0,0,0,0,0,0,0,0,0,,0,,0,,0,,0,,0,,0
FIRMS_540C7B0E,15.17685,76.65675,1.92,314.98,60.0,2026-08-26T20:00:00Z,N21,,0,,0,0,0,0,0,0,0,0,0,,0,,0,,0,,0,,0,,0
FIRMS_E4AB0813,15.17745,76.65191,1.92,305.61,60.0,2026-08-26T20:00:00Z,N21,,0,,0,0,0,0,0,0,0,0,0,,0,,0,,0,,0,,0,,0
FIRMS_9B7C7C8E,15.17911,77.10237,1.45,305.35,60.0,2026-08-26T20:00:00Z,N21,,0,,0,0,0,0,0,0,0,0,0,,0,,0,,0,,0,,0,,0
FIRMS_DAF93DA3,15.17965,76.67181,3.57,304.26,60.0,2026-08-26T20:00:00Z,N21,,0,,0,0,0,0,0,0,0,0,0,,0,,0,,0,,0,,0,,0
FIRMS_C8CF75ED,15.17996,77.10442,1.88,304.53,60.0,2026-08-26T20:00:00Z,N21,,0,,0,0,0,0,0,0,0,0,0,,0,,0,,0,,0,,0,,0
FIRMS_AC576AE4,15.18025,76.66698,2.13,302.76,60.0,2026-08-26T20:00:00Z,N21,,0,,0,0,0,0,0,0,0,0,0,,0,,0,,0,,0,,0,,0
FIRMS_CECF64A1,15.18324,76.64272,2.15,309.38,60.0,2026-08-26T20:00:00Z,N21,,0,,0,0,0,0,0,0,0,0,0,,0,,0,,0,,0,,0,,0
FIRMS_34EA870F,15.33406,76.28747,2.0,307.41,60.0,2026-08-26T20:00:00Z,N21,,0,,0,0,0,0,0,0,0,0,0,,0,,0,,0,,0,,0,,0
FIRMS_12DF5D9F,15.65695,73.98811,1.29,308.16,60.0,2026-08-26T20:00:00Z,N21,,0,,0,0,0,0,0,0,0,0,0,,0,,0,,0,,0,,0,,0
FIRMS_D8869765,15.65726,73.98717,1.46,305.45,60.0,2026-08-26T20:00:00Z,N21,,0,,0,0,0,0,0,0,0,0,0,,0,,0,,0,,0,,0,,0
FIRMS_B04A99AF,15.84632,80.17049,6.76,316.79,60.0,2026-08-26T20:00:00Z,N21,,0,,0,0,0,0,0,0,0,0,0,,0,,0,,0,,0,,0,,0
FIRMS_97AF5122,17.02574,81.12362,1.64,305.54,60.0,2026-08-26T20:00:00Z,N21,,0,,0,0,0,0,0,0,0,0,0,,0,,0,,0,,0,,0,,0
FIRMS_9A2218FE,17.02656,81.12515,1.45,305.65,60.0,2026-08-26T20:00:00Z,N21,,0,,0,0,0,0,0,0,0,0,0,,0,,0,,0,,0,,0,,0
FIRMS_5266FF85,22.4143,69.03838,0.72,306.35,60.0,2026-08-26T21:38:00Z,N21,4773.075836852296,1,solar_plant,0,0,1,0,0,0,0,0,0,,0,,0,,0,,0,,0,4773.075836852296,1
FIRMS_1936C315,20.79259,85.25351,11.26,339.62,60.0,2026-08-27T07:09:00Z,N21,,0,,0,0,0,0,0,0,0,0,0,,0,,0,,0,,0,,0,,0
FIRMS_07F263EA,20.96261,85.16816,5.52,330.87,60.0,2026-08-27T07:09:00Z,N21,,0,,0,0,0,0,0,0,0,0,0,,0,,0,,0,,0,,0,,0
FIRMS_0F457E19,20.96798,85.17476,9.02,339.3,60.0,2026-08-27T07:09:00Z,N21,,0,,0,0,0,0,0,0,0,0,0,,0,,0,,0,,0,,0,,0
FIRMS_F3BB97EA,27.50346,91.71323,6.5,333.87,60.0,2026-08-27T07:12:00Z,N21,,0,,0,0,0,0,0,0,0,0,0,,0,,0,,0,,0,,0,,0
FIRMS_C96E8D56,34.31184,76.76282,11.73,367.0,90.0,2026-08-27T07:14:00Z,N21,,0,,0,0,0,0,0,0,0,0,0,,0,,0,,0,,0,,0,,0
FIRMS_4F5ADD3B,9.08281,77.96626,3.55,331.57,60.0,2026-08-27T08:48:00Z,N21,,0,,0,0,0,0,0,0,0,0,0,,0,,0,,0,,0,,0,,0
FIRMS_225600DB,9.18647,77.63859,0.83,330.03,60.0,2026-08-27T08:48:00Z,N21,,0,,0,0,0,0,0,0,0,0,0,,0,,0,,0,,0,,0,,0
FIRMS_7D74A0E6,9.18691,77.63944,1.26,331.4,60.0,2026-08-27T08:48:00Z,N21,,0,,0,0,0,0,0,0,0,0,0,,0,,0,,0,,0,,0,,0
FIRMS_9605D1EB,9.20358,77.94232,4.47,343.32,60.0,2026-08-27T08:48:00Z,N21,,0,,0,0,0,0,0,0,0,0,0,,0,,0,,0,,0,,0,,0
FIRMS_631DF73E,9.20698,77.93936,9.27,332.0,60.0,2026-08-27T08:48:00Z,N21,,0,,0,0,0,0,0,0,0,0,0,,0,,0,,0,,0,,0,,0
FIRMS_CE19F0EC,9.38556,77.56399,4.92,330.37,60.0,2026-08-27T08:48:00Z,N21,,0,,0,0,0,0,0,0,0,0,0,,0,,0,,0,,0,,0,,0
FIRMS_EAAC0493,9.91148,78.28306,3.22,333.73,60.0,2026-08-27T08:48:00Z,N21,,0,,0,0,0,0,0,0,0,0,0,,0,,0,,0,,0,,0,,0
FIRMS_70A4FF25,10.05289,77.95028,11.04,355.42,60.0,2026-08-27T08:48:00Z,N21,,0,,0,0,0,0,0,0,0,0,0,,0,,0,,0,,0,,0,,0
FIRMS_37A3689F,10.87824,77.60252,1.69,332.96,60.0,2026-08-27T08:48:00Z,N21,,0,,0,0,0,0,0,0,0,0,0,,0,,0,,0,,0,,0,,0
FIRMS_68478E79,10.97389,77.72894,4.69,330.9,60.0,2026-08-27T08:48:00Z,N21,,0,,0,0,0,0,0,0,0,0,0,,0,,0,,0,,0,,0,,0
FIRMS_DD03207F,26.63483,70.38657,4.72,342.14,60.0,2026-08-27T08:52:00Z,N21,3375.793773328921,1,oil_well,0,0,1,0,0,0,0,0,0,,0,,0,3375.793773328921,1,,0,,0,,0
FIRMS_45CB9CD9,29.45728,76.87041,1.12,308.61,60.0,2026-08-27T21:18:00Z,N21,2022.590389577738,1,oil_refinery,0,0,1,0,0,0,0,0,0,,0,2022.590389577738,1,,0,,0,,0,,0
FIRMS_A7A79E50,29.90769,74.95112,4.03,324.48,60.0,2026-08-27T21:18:00Z,N21,1427.650034525269,1,oil_refinery,0,0,1,0,0,0,0,0,0,,0,1427.650034525269,1,,0,,0,,0,,0
FIRMS_5074AE1A,18.40169,74.43215,1.29,301.42,60.0,2026-08-27T21:21:00Z,N21,,0,,0,0,0,0,0,0,0,0,0,,0,,0,,0,,0,,0,,0
FIRMS_64E9A2FD,28.11855,95.48516,3.0,332.86,60.0,2026-08-28T06:52:00Z,N21,,0,,0,0,0,0,0,0,0,0,0,,0,,0,,0,,0,,0,,0
FIRMS_BF3D72BB,8.56604,78.08351,1.94,332.18,30.0,2026-08-28T08:28:00Z,N21,,0,,0,0,0,0,0,0,0,0,0,,0,,0,,0,,0,,0,,0
FIRMS_5C11DCE2,8.60969,77.83566,6.03,339.17,60.0,2026-08-28T08:28:00Z,N21,,0,,0,0,0,0,0,0,0,0,0,,0,,0,,0,,0,,0,,0
FIRMS_3B0B53FC,8.71279,77.97305,7.52,343.0,60.0,2026-08-28T08:28:00Z,N21,,0,,0,0,0,0,0,0,0,0,0,,0,,0,,0,,0,,0,,0
FIRMS_F163A5AD,8.86089,77.99239,3.92,337.56,30.0,2026-08-28T08:28:00Z,N21,,0,,0,0,0,0,0,0,0,0,0,,0,,0,,0,,0,,0,,0
FIRMS_7E1A370F,8.8614,77.99268,3.59,337.88,30.0,2026-08-28T08:28:00Z,N21,,0,,0,0,0,0,0,0,0,0,0,,0,,0,,0,,0,,0,,0
FIRMS_147D7852,8.99345,77.86612,4.63,337.63,60.0,2026-08-28T08:28:00Z,N21,,0,,0,0,0,0,0,0,0,0,0,,0,,0,,0,,0,,0,,0
FIRMS_E7BEA6B9,9.06493,77.68907,4.13,340.71,60.0,2026-08-28T08:28:00Z,N21,,0,,0,0,0,0,0,0,0,0,0,,0,,0,,0,,0,,0,,0
FIRMS_807D6D01,9.0767,77.56914,4.9,338.85,60.0,2026-08-28T08:28:00Z,N21,,0,,0,0,0,0,0,0,0,0,0,,0,,0,,0,,0,,0,,0
FIRMS_A8F56F1B,9.07731,77.57346,4.03,342.45,60.0,2026-08-28T08:28:00Z,N21,,0,,0,0,0,0,0,0,0,0,0,,0,,0,,0,,0,,0,,0
FIRMS_520D0C40,9.18652,77.78751,15.58,350.7,60.0,2026-08-28T08:28:00Z,N21,,0,,0,0,0,0,0,0,0,0,0,,0,,0,,0,,0,,0,,0
FIRMS_8E6953B9,9.26581,77.91255,5.95,344.05,60.0,2026-08-28T08:28:00Z,N21,,0,,0,0,0,0,0,0,0,0,0,,0,,0,,0,,0,,0,,0
FIRMS_4DA7315D,9.2775,78.39238,4.12,332.61,60.0,2026-08-28T08:28:00Z,N21,,0,,0,0,0,0,0,0,0,0,0,,0,,0,,0,,0,,0,,0
FIRMS_F6AD636A,9.27803,78.39629,4.12,348.85,60.0,2026-08-28T08:28:00Z,N21,,0,,0,0,0,0,0,0,0,0,0,,0,,0,,0,,0,,0,,0
FIRMS_F17E770A,9.28223,78.3957,3.85,342.73,60.0,2026-08-28T08:28:00Z,N21,,0,,0,0,0,0,0,0,0,0,0,,0,,0,,0,,0,,0,,0
FIRMS_E55A8D08,9.33282,78.42058,6.56,341.42,60.0,2026-08-28T08:28:00Z,N21,3222.7124722932595,1,solar_plant,0,0,1,0,0,0,0,0,0,,0,,0,,0,,0,,0,3222.7124722932595,1
FIRMS_D6101736,9.37102,77.52661,3.24,334.6,30.0,2026-08-28T08:28:00Z,N21,,0,,0,0,0,0,0,0,0,0,0,,0,,0,,0,,0,,0,,0
FIRMS_2114171D,9.37401,78.6227,5.53,341.48,60.0,2026-08-28T08:28:00Z,N21,,0,,0,0,0,0,0,0,0,0,0,,0,,0,,0,,0,,0,,0
FIRMS_50A373CF,9.40697,78.81196,3.78,338.76,60.0,2026-08-28T08:28:00Z,N21,4376.991195530107,1,oil_well,0,0,2,0,0,0,0,0,0,,0,,0,4376.991195530107,1,,0,,0,,0
FIRMS_FA3B5330,9.40914,78.81119,1.73,334.12,60.0,2026-08-28T08:28:00Z,N21,4474.751726154996,1,oil_well,0,0,2,0,0,0,0,0,0,,0,,0,4474.751726154996,1,,0,,0,,0
FIRMS_836D14D6,9.4172,77.50932,3.45,337.26,30.0,2026-08-28T08:28:00Z,N21,,0,,0,0,0,0,0,0,0,0,0,,0,,0,,0,,0,,0,,0
FIRMS_6ADD9DF9,9.53326,78.18642,11.28,344.34,60.0,2026-08-28T08:28:00Z,N21,,0,,0,0,0,0,0,0,0,0,0,,0,,0,,0,,0,,0,,0
FIRMS_2833402C,9.53541,78.18616,7.91,344.4,60.0,2026-08-28T08:28:00Z,N21,,0,,0,0,0,0,0,0,0,0,0,,0,,0,,0,,0,,0,,0
FIRMS_4E1DD373,9.55345,78.51564,54.45,341.09,60.0,2026-08-28T08:28:00Z,N21,,0,,0,0,0,0,0,0,0,0,0,,0,,0,,0,,0,,0,,0
FIRMS_257E7B7D,9.68469,78.36857,13.95,345.19,60.0,2026-08-28T08:28:00Z,N21,,0,,0,0,0,0,0,0,0,0,0,,0,,0,,0,,0,,0,,0
FIRMS_0FA421D2,9.71987,77.97552,8.76,346.61,60.0,2026-08-28T08:28:00Z,N21,,0,,0,0,0,0,0,0,0,0,0,,0,,0,,0,,0,,0,,0
FIRMS_879E7C37,9.8426,78.13952,6.3,339.23,60.0,2026-08-28T08:28:00Z,N21,,0,,0,0,0,0,0,0,0,0,0,,0,,0,,0,,0,,0,,0
FIRMS_CF90B7A2,9.88012,78.4716,2.73,335.03,60.0,2026-08-28T08:28:00Z,N21,,0,,0,0,0,0,0,0,0,0,0,,0,,0,,0,,0,,0,,0
FIRMS_717225BA,10.03975,77.97247,5.07,338.0,60.0,2026-08-28T08:28:00Z,N21,,0,,0,0,0,0,0,0,0,0,0,,0,,0,,0,,0,,0,,0
FIRMS_C558135F,10.44864,79.65552,3.77,335.25,60.0,2026-08-28T08:28:00Z,N21,2835.0263536257917,1,oil_well,0,0,5,0,0,0,0,0,0,,0,,0,2835.0263536257917,1,,0,,0,,0
FIRMS_E63CCCC5,10.53153,78.34397,2.69,332.5,60.0,2026-08-28T08:28:00Z,N21,,0,,0,0,0,0,0,0,0,0,0,,0,,0,,0,,0,,0,,0
FIRMS_8CCA8D06,10.53212,78.34332,4.64,334.17,60.0,2026-08-28T08:28:00Z,N21,,0,,0,0,0,0,0,0,0,0,0,,0,,0,,0,,0,,0,,0
FIRMS_A869D10D,11.16639,78.01994,3.13,337.01,60.0,2026-08-28T08:28:00Z,N21,,0,,0,0,0,0,0,0,0,0,0,,0,,0,,0,,0,,0,,0
FIRMS_8E8E9006,11.23093,78.85033,1.73,335.32,60.0,2026-08-28T08:28:00Z,N21,,0,,0,0,0,0,0,0,0,0,0,,0,,0,,0,,0,,0,,0
FIRMS_4989929E,11.09134,76.9546,5.04,332.31,60.0,2026-08-28T08:30:00Z,N21,,0,,0,0,0,0,0,0,0,0,0,,0,,0,,0,,0,,0,,0
FIRMS_6B9AF421,11.48213,79.03663,2.53,337.21,60.0,2026-08-28T08:30:00Z,N21,,0,,0,0,0,0,0,0,0,0,0,,0,,0,,0,,0,,0,,0
FIRMS_28ADF068,11.48553,79.03905,1.84,333.95,60.0,2026-08-28T08:30:00Z,N21,,0,,0,0,0,0,0,0,0,0,0,,0,,0,,0,,0,,0,,0
FIRMS_F4AD2696,12.41271,77.18036,6.76,340.01,60.0,2026-08-28T08:30:00Z,N21,,0,,0,0,0,0,0,0,0,0,0,,0,,0,,0,,0,,0,,0
FIRMS_74169FB8,12.65077,79.52586,18.17,340.98,60.0,2026-08-28T08:30:00Z,N21,,0,,0,0,0,0,0,0,0,0,0,,0,,0,,0,,0,,0,,0
FIRMS_A9E0CF1B,13.32397,76.02139,6.95,332.09,60.0,2026-08-28T08:30:00Z,N21,,0,,0,0,0,0,0,0,0,0,0,,0,,0,,0,,0,,0,,0
FIRMS_894FB5B5,14.16654,79.82394,8.73,342.83,60.0,2026-08-28T08:30:00Z,N21,,0,,0,0,0,0,0,0,0,0,0,,0,,0,,0,,0,,0,,0
FIRMS_BE4CAE53,14.35824,77.18724,3.29,332.19,30.0,2026-08-28T08:30:00Z,N21,,0,,0,0,0,0,0,0,0,0,0,,0,,0,,0,,0,,0,,0
FIRMS_455EF0DC,14.50818,76.59798,3.88,339.54,60.0,2026-08-28T08:30:00Z,N21,,0,,0,0,0,0,0,0,0,0,0,,0,,0,,0,,0,,0,,0
FIRMS_54E9D379,14.50992,76.59728,3.17,333.2,60.0,2026-08-28T08:30:00Z,N21,,0,,0,0,0,0,0,0,0,0,0,,0,,0,,0,,0,,0,,0
FIRMS_E998C2D8,14.65814,75.65547,5.13,337.4,60.0,2026-08-28T08:30:00Z,N21,,0,,0,0,0,0,0,0,0,0,0,,0,,0,,0,,0,,0,,0
FIRMS_43D15218,14.80563,76.7702,2.35,330.63,60.0,2026-08-28T08:30:00Z,N21,,0,,0,0,0,0,0,0,0,0,0,,0,,0,,0,,0,,0,,0
FIRMS_7B7B5106,15.00715,79.72668,2.82,340.51,60.0,2026-08-28T08:30:00Z,N21,,0,,0,0,0,0,0,0,0,0,0,,0,,0,,0,,0,,0,,0
FIRMS_6C8B4A68,15.00776,79.72642,1.83,339.73,60.0,2026-08-28T08:30:00Z,N21,,0,,0,0,0,0,0,0,0,0,0,,0,,0,,0,,0,,0,,0
FIRMS_7C1014F9,15.08932,79.77341,6.01,333.03,60.0,2026-08-28T08:30:00Z,N21,,0,,0,0,0,0,0,0,0,0,0,,0,,0,,0,,0,,0,,0
FIRMS_D2AF531A,15.08967,79.7764,7.39,355.18,60.0,2026-08-28T08:30:00Z,N21,,0,,0,0,0,0,0,0,0,0,0,,0,,0,,0,,0,,0,,0
FIRMS_38F7E522,15.17567,76.67754,4.38,337.31,60.0,2026-08-28T08:30:00Z,N21,4906.6551542488805,1,power_plant,0,0,3,0,0,0,0,0,0,4906.6551542488805,1,,0,,0,,0,,0,,0
FIRMS_0BD26E33,15.23541,76.44022,3.65,333.74,60.0,2026-08-28T08:30:00Z,N21,,0,,0,0,0,0,0,0,0,0,0,,0,,0,,0,,0,,0,,0
FIRMS_F64102D6,15.56243,79.89336,2.59,338.27,60.0,2026-08-28T08:30:00Z,N21,,0,,0,0,0,0,0,0,0,0,0,,0,,0,,0,,0,,0,,0
FIRMS_2653B9BF,15.84844,79.11243,4.29,333.77,60.0,2026-08-28T08:30:00Z,N21,,0,,0,0,0,0,0,0,0,0,0,,0,,0,,0,,0,,0,,0
FIRMS_F6898AEA,16.03076,79.71768,3.48,342.17,60.0,2026-08-28T08:30:00Z,N21,,0,,0,0,0,0,0,0,0,0,0,,0,,0,,0,,0,,0,,0
FIRMS_0CB3BACF,16.99839,79.08223,3.54,331.13,60.0,2026-08-28T08:30:00Z,N21,,0,,0,0,0,0,0,0,0,0,0,,0,,0,,0,,0,,0,,0
FIRMS_A7A928A3,18.69099,73.04218,2.95,333.21,60.0,2026-08-28T08:33:00Z,N21,,0,,0,0,0,0,0,0,0,0,0,,0,,0,,0,,0,,0,,0
FIRMS_6967128E,21.74194,83.84369,7.65,327.14,60.0,2026-08-28T08:33:00Z,N21,,0,,0,0,0,0,0,0,0,0,0,,0,,0,,0,,0,,0,,0
FIRMS_B1C8AC1B,21.7424,83.8442,7.46,327.67,60.0,2026-08-28T08:33:00Z,N21,,0,,0,0,0,0,0,0,0,0,0,,0,,0,,0,,0,,0,,0
FIRMS_751740DA,23.12482,70.94032,3.33,336.71,60.0,2026-08-28T08:33:00Z,N21,,0,,0,0,0,0,0,0,0,0,0,,0,,0,,0,,0,,0,,0
FIRMS_46A19EA3,25.9435,72.19397,4.28,337.43,60.0,2026-08-28T08:35:00Z,N21,,0,,0,0,0,0,0,0,0,0,0,,0,,0,,0,,0,,0,,0
FIRMS_689B7CA8,27.43725,70.85397,3.56,340.27,30.0,2026-08-28T08:35:00Z,N21,,0,,0,0,0,0,0,0,0,0,0,,0,,0,,0,,0,,0,,0
FIRMS_5E3827B9,31.53816,75.11701,5.36,339.95,60.0,2026-08-28T08:35:00Z,N21,,0,,0,0,0,0,0,0,0,0,0,,0,,0,,0,,0,,0,,0
FIRMS_CCFD506C,31.53888,75.11586,7.68,337.82,60.0,2026-08-28T08:35:00Z,N21,,0,,0,0,0,0,0,0,0,0,0,,0,,0,,0,,0,,0,,0
FIRMS_4BD237A8,26.90533,93.00866,1.84,332.56,60.0,2026-08-29T06:33:00Z,N21,,0,,0,0,0,0,0,0,0,0,0,,0,,0,,0,,0,,0,,0
FIRMS_81A72CE4,8.60741,77.97129,5.38,337.16,60.0,2026-08-29T08:09:00Z,N21,,0,,0,0,0,0,0,0,0,0,0,,0,,0,,0,,0,,0,,0
FIRMS_4C003AAD,8.64932,77.84006,3.29,343.62,60.0,2026-08-29T08:09:00Z,N21,,0,,0,0,0,0,0,0,0,0,0,,0,,0,,0,,0,,0,,0
FIRMS_88B74C71,8.75016,78.08366,6.22,337.4,60.0,2026-08-29T08:09:00Z,N21,,0,,0,0,0,0,0,0,0,0,0,,0,,0,,0,,0,,0,,0
FIRMS_72CA1567,8.75985,77.6738,1.58,337.27,60.0,2026-08-29T08:09:00Z,N21,,0,,0,0,0,0,0,0,0,0,0,,0,,0,,0,,0,,0,,0
FIRMS_4A6029FD,8.8745,77.98587,5.31,338.37,60.0,2026-08-29T08:09:00Z,N21,,0,,0,0,0,0,0,0,0,0,0,,0,,0,,0,,0,,0,,0
FIRMS_1DD481F2,8.96052,77.90134,2.91,337.09,60.0,2026-08-29T08:09:00Z,N21,,0,,0,0,0,0,0,0,0,0,0,,0,,0,,0,,0,,0,,0
FIRMS_6103DDA7,9.42272,78.75917,3.76,331.63,60.0,2026-08-29T08:09:00Z,N21,,0,,0,0,0,0,0,0,0,0,0,,0,,0,,0,,0,,0,,0
FIRMS_4E67999C,9.49544,78.76971,4.96,340.22,60.0,2026-08-29T08:09:00Z,N21,2587.5801815452437,1,oil_well,0,0,1,0,0,0,0,0,0,,0,,0,2587.5801815452437,1,,0,,0,,0
FIRMS_72296FF0,9.6286,78.5695,1.55,330.03,60.0,2026-08-29T08:09:00Z,N21,,0,,0,0,0,0,0,0,0,0,0,,0,,0,,0,,0,,0,,0
FIRMS_02130CAA,9.63193,78.56899,1.55,332.81,60.0,2026-08-29T08:09:00Z,N21,,0,,0,0,0,0,0,0,0,0,0,,0,,0,,0,,0,,0,,0
FIRMS_B55B73F6,9.69329,77.82059,5.11,338.36,60.0,2026-08-29T08:09:00Z,N21,,0,,0,0,0,0,0,0,0,0,0,,0,,0,,0,,0,,0,,0
FIRMS_E6DC4085,9.8565,78.18187,2.82,331.13,30.0,2026-08-29T08:09:00Z,N21,,0,,0,0,0,0,0,0,0,0,0,,0,,0,,0,,0,,0,,0
FIRMS_6960E56E,9.96644,78.03188,3.67,340.46,60.0,2026-08-29T08:09:00Z,N21,1684.4690924827207,1,power_plant,0,0,1,0,0,0,0,0,0,1684.4690924827207,1,,0,,0,,0,,0,,0
FIRMS_0F29BF1F,9.98556,78.31762,6.83,342.21,60.0,2026-08-29T08:09:00Z,N21,,0,,0,0,0,0,0,0,0,0,0,,0,,0,,0,,0,,0,,0
FIRMS_370B4357,10.40263,79.35952,3.41,336.63,60.0,2026-08-29T08:09:00Z,N21,,0,,0,0,0,0,0,0,0,0,0,,0,,0,,0,,0,,0,,0
FIRMS_44596E38,10.40814,79.51502,4.87,345.82,60.0,2026-08-29T08:09:00Z,N21,4278.356486345599,1,oil_well,0,0,1,0,0,0,0,0,0,,0,,0,4278.356486345599,1,,0,,0,,0
FIRMS_A601A86A,10.51079,79.66752,6.97,337.73,60.0,2026-08-29T08:09:00Z,N21,570.7867162028062,1,oil_well,0,1,3,0,0,1,0,0,0,,0,,0,570.7867162028062,1,,0,,0,,0
FIRMS_0373A9E7,10.52717,79.34861,2.96,335.93,60.0,2026-08-29T08:09:00Z,N21,,0,,0,0,0,0,0,0,0,0,0,,0,,0,,0,,0,,0,,0
FIRMS_F02E5C67,10.85161,78.75615,8.61,340.1,60.0,2026-08-29T08:09:00Z,N21,,0,,0,0,0,0,0,0,0,0,0,,0,,0,,0,,0,,0,,0
FIRMS_9C912361,10.93597,78.47108,6.07,339.62,60.0,2026-08-29T08:09:00Z,N21,,0,,0,0,0,0,0,0,0,0,0,,0,,0,,0,,0,,0,,0
FIRMS_B01BE876,10.93779,78.20586,4.0,337.13,60.0,2026-08-29T08:09:00Z,N21,,0,,0,0,0,0,0,0,0,0,0,,0,,0,,0,,0,,0,,0
FIRMS_F9587F47,10.95573,78.87653,9.96,347.12,60.0,2026-08-29T08:09:00Z,N21,,0,,0,0,0,0,0,0,0,0,0,,0,,0,,0,,0,,0,,0
FIRMS_694C98D7,10.98005,79.4278,2.61,332.11,60.0,2026-08-29T08:09:00Z,N21,4251.3969096458,1,oil_well,0,0,1,0,0,0,0,0,0,,0,,0,4251.3969096458,1,,0,,0,,0
FIRMS_9567C8B3,11.12129,78.68881,7.72,340.11,60.0,2026-08-29T08:09:00Z,N21,,0,,0,0,0,0,0,0,0,0,0,,0,,0,,0,,0,,0,,0
FIRMS_79DE932C,11.38602,78.86941,3.92,337.84,60.0,2026-08-29T08:09:00Z,N21,,0,,0,0,0,0,0,0,0,0,0,,0,,0,,0,,0,,0,,0
FIRMS_8542CD85,11.45934,79.18013,1.85,331.81,30.0,2026-08-29T08:09:00Z,N21,,0,,0,0,0,0,0,0,0,0,0,,0,,0,,0,,0,,0,,0
FIRMS_6CEA06F7,11.63834,77.61632,3.44,332.91,60.0,2026-08-29T08:09:00Z,N21,,0,,0,0,0,0,0,0,0,0,0,,0,,0,,0,,0,,0,,0
FIRMS_49B8C048,12.03365,79.08008,6.0,335.61,60.0,2026-08-29T08:09:00Z,N21,,0,,0,0,0,0,0,0,0,0,0,,0,,0,,0,,0,,0,,0
FIRMS_3C40475E,12.03421,79.08394,5.09,335.8,60.0,2026-08-29T08:09:00Z,N21,,0,,0,0,0,0,0,0,0,0,0,,0,,0,,0,,0,,0,,0
FIRMS_B515DF29,12.15724,79.71613,5.78,336.86,60.0,2026-08-29T08:09:00Z,N21,,0,,0,0,0,0,0,0,0,0,0,,0,,0,,0,,0,,0,,0
FIRMS_FFE2DE72,12.17833,79.73863,12.19,346.04,60.0,2026-08-29T08:09:00Z,N21,,0,,0,0,0,0,0,0,0,0,0,,0,,0,,0,,0,,0,,0
FIRMS_7612C2D7,12.17855,79.73819,11.61,345.4,60.0,2026-08-29T08:09:00Z,N21,,0,,0,0,0,0,0,0,0,0,0,,0,,0,,0,,0,,0,,0
FIRMS_62F4734F,12.46093,79.10439,2.1,332.34,30.0,2026-08-29T08:09:00Z,N21,,0,,0,0,0,0,0,0,0,0,0,,0,,0,,0,,0,,0,,0
FIRMS_BD464C90,12.62554,77.69179,2.07,330.23,30.0,2026-08-29T08:09:00Z,N21,,0,,0,0,0,0,0,0,0,0,0,,0,,0,,0,,0,,0,,0
FIRMS_4586FEB4,12.78404,79.31249,8.47,338.53,60.0,2026-08-29T08:09:00Z,N21,,0,,0,0,0,0,0,0,0,0,0,,0,,0,,0,,0,,0,,0
FIRMS_92D46F08,12.81844,79.32784,2.38,330.65,60.0,2026-08-29T08:09:00Z,N21,,0,,0,0,0,0,0,0,0,0,0,,0,,0,,0,,0,,0,,0
FIRMS_A0B0D59D,12.8281,79.57608,9.18,338.2,60.0,2026-08-29T08:09:00Z,N21,,0,,0,0,0,0,0,0,0,0,0,,0,,0,,0,,0,,0,,0
FIRMS_7FF7F638,13.38702,78.08879,1.87,333.31,60.0,2026-08-29T08:09:00Z,N21,,0,,0,0,0,0,0,0,0,0,0,,0,,0,,0,,0,,0,,0
FIRMS_8266220C,13.58733,76.33072,3.1,335.08,60.0,2026-08-29T08:09:00Z,N21,,0,,0,0,0,0,0,0,0,0,0,,0,,0,,0,,0,,0,,0
FIRMS_16E11D17,13.59061,76.3302,4.77,334.05,60.0,2026-08-29T08:09:00Z,N21,,0,,0,0,0,0,0,0,0,0,0,,0,,0,,0,,0,,0,,0
FIRMS_D8AA38B2,13.73211,78.2689,8.58,337.15,60.0,2026-08-29T08:09:00Z,N21,,0,,0,0,0,0,0,0,0,0,0,,0,,0,,0,,0,,0,,0
FIRMS_3292702A,14.65362,77.66443,4.3,338.32,60.0,2026-08-29T08:11:00Z,N21,,0,,0,0,0,0,0,0,0,0,0,,0,,0,,0,,0,,0,,0
FIRMS_C034C38B,14.79919,79.08913,4.9,336.6,60.0,2026-08-29T08:11:00Z,N21,,0,,0,0,0,0,0,0,0,0,0,,0,,0,,0,,0,,0,,0
FIRMS_8CE0B595,14.8166,78.35658,2.79,337.68,60.0,2026-08-29T08:11:00Z,N21,,0,,0,0,0,0,0,0,0,0,0,,0,,0,,0,,0,,0,,0
FIRMS_ECF6237E,14.91997,79.67854,3.0,330.97,60.0,2026-08-29T08:11:00Z,N21,,0,,0,0,0,0,0,0,0,0,0,,0,,0,,0,,0,,0,,0
FIRMS_46718B41,14.98676,76.88111,6.37,336.84,60.0,2026-08-29T08:11:00Z,N21,,0,,0,0,0,0,0,0,0,0,0,,0,,0,,0,,0,,0,,0
FIRMS_02897730,15.06239,79.87417,7.63,339.86,60.0,2026-08-29T08:11:00Z,N21,,0,,0,0,0,0,0,0,0,0,0,,0,,0,,0,,0,,0,,0
FIRMS_4D1209F7,15.08718,79.47825,6.38,336.48,60.0,2026-08-29T08:11:00Z,N21,,0,,0,0,0,0,0,0,0,0,0,,0,,0,,0,,0,,0,,0
FIRMS_30F8D999,15.65413,80.13641,4.69,337.27,60.0,2026-08-29T08:11:00Z,N21,,0,,0,0,0,0,0,0,0,0,0,,0,,0,,0,,0,,0,,0
FIRMS_74630DF0,16.03253,78.70424,8.58,338.63,60.0,2026-08-29T08:11:00Z,N21,,0,,0,0,0,0,0,0,0,0,0,,0,,0,,0,,0,,0,,0
FIRMS_CCA3367A,16.40797,79.41428,4.87,337.76,60.0,2026-08-29T08:11:00Z,N21,,0,,0,0,0,0,0,0,0,0,0,,0,,0,,0,,0,,0,,0
FIRMS_1FC04EC4,16.70544,78.78356,5.01,335.05,60.0,2026-08-29T08:11:00Z,N21,,0,,0,0,0,0,0,0,0,0,0,,0,,0,,0,,0,,0,,0
FIRMS_FA208881,16.7619,79.13581,5.96,341.31,60.0,2026-08-29T08:11:00Z,N21,,0,,0,0,0,0,0,0,0,0,0,,0,,0,,0,,0,,0,,0
FIRMS_12A9B14F,18.12482,75.44324,2.86,330.11,60.0,2026-08-29T08:11:00Z,N21,4494.841490026871,1,ethanol_plant,0,0,1,0,0,0,0,0,0,,0,,0,,0,4494.841490026871,1,,0,,0
FIRMS_941F12B2,29.45856,76.89088,4.19,334.02,60.0,2026-08-29T08:16:00Z,N21,2422.100199498693,1,oil_refinery,0,0,1,0,0,0,0,0,0,,0,2422.100199498693,1,,0,,0,,0,,0
FIRMS_0C5D19CA,29.90875,74.95228,6.19,338.01,60.0,2026-08-29T08:16:00Z,N21,1282.894093540726,1,oil_refinery,0,0,1,0,0,0,0,0,0,,0,1282.894093540726,1,,0,,0,,0,,0
FIRMS_F9C4ACB2,31.53692,75.11433,2.62,330.56,60.0,2026-08-29T08:16:00Z,N21,,0,,0,0,0,0,0,0,0,0,0,,0,,0,,0,,0,,0,,0
FIRMS_BDAD2CD3,26.41152,89.41228,2.71,295.54,60.0,2026-08-29T19:00:00Z,N21,,0,,0,0,0,0,0,0,0,0,0,,0,,0,,0,,0,,0,,0
FIRMS_E399D78F,26.41184,89.40777,2.71,295.73,60.0,2026-08-29T19:00:00Z,N21,,0,,0,0,0,0,0,0,0,0,0,,0,,0,,0,,0,,0,,0
FIRMS_86296369,26.41217,89.40324,5.25,295.44,60.0,2026-08-29T19:00:00Z,N21,,0,,0,0,0,0,0,0,0,0,0,,0,,0,,0,,0,,0,,0
FIRMS_1D17E85F,27.03239,94.89097,2.51,318.81,60.0,2026-08-29T19:00:00Z,N21,106.68372321269746,1,oil_well,17,30,378,0,0,30,0,0,0,1373.4518622815356,1,,0,106.68372321269746,1,,0,,0,,0
FIRMS_5D8BEED6,27.31635,95.26728,3.49,308.66,60.0,2026-08-29T19:00:00Z,N21,178.7573620839751,1,oil_well,2,14,156,0,0,14,0,0,0,,0,,0,178.7573620839751,1,,0,,0,,0
FIRMS_04F36F81,27.32357,95.2765,3.6,309.66,60.0,2026-08-29T19:00:00Z,N21,138.34463192603866,1,oil_well,5,15,182,0,0,15,0,0,0,,0,,0,138.34463192603866,1,,0,,0,,0
FIRMS_80308E02,27.37929,95.33325,2.06,317.58,60.0,2026-08-29T19:00:00Z,N21,278.0239039272202,1,oil_well,1,5,103,0,0,5,0,0,0,,0,,0,278.0239039272202,1,,0,,0,,0
FIRMS_CF466B88,22.2442,87.38879,2.16,296.84,60.0,2026-08-29T19:02:00Z,N21,,0,,0,0,0,0,0,0,0,0,0,,0,,0,,0,,0,,0,,0
FIRMS_6D89D194,26.25701,74.09737,1.17,304.69,60.0,2026-08-29T20:40:00Z,N21,,0,,0,0,0,0,0,0,0,0,0,,0,,0,,0,,0,,0,,0
FIRMS_63A40E9B,26.29747,74.12477,0.64,303.83,60.0,2026-08-29T20:40:00Z,N21,,0,,0,0,0,0,0,0,0,0,0,,0,,0,,0,,0,,0,,0
FIRMS_B54540BB,26.87269,73.51617,2.18,312.82,60.0,2026-08-29T20:40:00Z,N21,,0,,0,0,0,0,0,0,0,0,0,,0,,0,,0,,0,,0,,0
FIRMS_7A4DC1A1,26.88006,73.51327,1.88,306.75,60.0,2026-08-29T20:40:00Z,N21,,0,,0,0,0,0,0,0,0,0,0,,0,,0,,0,,0,,0,,0
FIRMS_752FB9EF,28.35046,77.2559,0.81,305.23,60.0,2026-08-29T20:40:00Z,N21,,0,,0,0,0,0,0,0,0,0,0,,0,,0,,0,,0,,0,,0
FIRMS_E48A809D,28.37196,77.2264,2.13,322.5,60.0,2026-08-29T20:40:00Z,N21,,0,,0,0,0,0,0,0,0,0,0,,0,,0,,0,,0,,0,,0
FIRMS_97398999,28.74562,76.92708,0.66,301.37,60.0,2026-08-29T20:40:00Z,N21,,0,,0,0,0,0,0,0,0,0,0,,0,,0,,0,,0,,0,,0
FIRMS_B71BB93E,29.43284,77.00395,3.7,329.48,60.0,2026-08-29T20:40:00Z,N21,,0,,0,0,0,0,0,0,0,0,0,,0,,0,,0,,0,,0,,0
FIRMS_8909F074,29.45788,76.89092,4.24,321.48,60.0,2026-08-29T20:40:00Z,N21,2482.4692316646197,1,oil_refinery,0,0,1,0,0,0,0,0,0,,0,2482.4692316646197,1,,0,,0,,0,,0
FIRMS_2CAD90D5,29.46117,76.89161,4.24,328.7,60.0,2026-08-29T20:40:00Z,N21,2260.7450683660277,1,oil_refinery,0,0,1,0,0,0,0,0,0,,0,2260.7450683660277,1,,0,,0,,0,,0
FIRMS_2DF5F01B,24.68999,73.00279,0.98,303.15,60.0,2026-08-29T20:42:00Z,N21,,0,,0,0,0,0,0,0,0,0,0,,0,,0,,0,,0,,0,,0
FIRMS_D3E98BE5,24.69039,74.67906,0.43,299.8,60.0,2026-08-29T20:42:00Z,N21,,0,,0,0,0,0,0,0,0,0,0,,0,,0,,0,,0,,0,,0
FIRMS_56E470BF,24.76296,74.6066,0.41,295.01,60.0,2026-08-29T20:42:00Z,N21,,0,,0,0,0,0,0,0,0,0,0,,0,,0,,0,,0,,0,,0
FIRMS_0EB66CFA,10.93692,78.46759,2.94,317.71,60.0,2026-08-29T20:44:00Z,N21,,0,,0,0,0,0,0,0,0,0,0,,0,,0,,0,,0,,0,,0
FIRMS_CF56A7A6,10.94139,78.46842,4.22,329.14,60.0,2026-08-29T20:44:00Z,N21,,0,,0,0,0,0,0,0,0,0,0,,0,,0,,0,,0,,0,,0
FIRMS_B0DB6542,11.58347,77.52039,1.7,316.58,60.0,2026-08-29T20:44:00Z,N21,,0,,0,0,0,0,0,0,0,0,0,,0,,0,,0,,0,,0,,0
FIRMS_37DBF407,12.98313,74.85271,0.62,296.84,60.0,2026-08-29T20:44:00Z,N21,,0,,0,0,0,0,0,0,0,0,0,,0,,0,,0,,0,,0,,0
FIRMS_5443E6AA,18.67714,73.04291,1.8,304.94,60.0,2026-08-29T20:44:00Z,N21,,0,,0,0,0,0,0,0,0,0,0,,0,,0,,0,,0,,0,,0
FIRMS_57A1FCA9,18.68155,73.03622,2.4,310.04,60.0,2026-08-29T20:44:00Z,N21,,0,,0,0,0,0,0,0,0,0,0,,0,,0,,0,,0,,0,,0
FIRMS_338C8C8D,18.6821,73.03259,2.8,305.51,60.0,2026-08-29T20:44:00Z,N21,,0,,0,0,0,0,0,0,0,0,0,,0,,0,,0,,0,,0,,0
FIRMS_330CB71F,18.77779,73.7496,1.86,321.51,60.0,2026-08-29T20:44:00Z,N21,,0,,0,0,0,0,0,0,0,0,0,,0,,0,,0,,0,,0,,0
FIRMS_218CD2CF,8.67362,78.03297,1.52,305.07,60.0,2026-08-29T20:46:00Z,N21,,0,,0,0,0,0,0,0,0,0,0,,0,,0,,0,,0,,0,,0
FIRMS_89B1DD50,9.30188,77.40331,0.96,309.77,60.0,2026-08-29T20:46:00Z,N21,,0,,0,0,0,0,0,0,0,0,0,,0,,0,,0,,0,,0,,0
FIRMS_CC553207,9.75441,77.52235,3.36,304.88,60.0,2026-08-29T20:46:00Z,N21,,0,,0,0,0,0,0,0,0,0,0,,0,,0,,0,,0,,0,,0
FIRMS_87829894,9.75514,77.5182,3.36,336.79,60.0,2026-08-29T20:46:00Z,N21,,0,,0,0,0,0,0,0,0,0,0,,0,,0,,0,,0,,0,,0
FIRMS_FD469E53,9.75646,77.51951,6.77,339.71,60.0,2026-08-29T20:46:00Z,N21,,0,,0,0,0,0,0,0,0,0,0,,0,,0,,0,,0,,0,,0
FIRMS_355F5B96,10.07835,77.31503,0.23,295.94,60.0,2026-08-29T20:46:00Z,N21,,0,,0,0,0,0,0,0,0,0,0,,0,,0,,0,,0,,0,,0
FIRMS_F7502E2E,8.93206,77.96355,6.73,336.81,60.0,2026-08-30T07:50:00Z,N21,,0,,0,0,0,0,0,0,0,0,0,,0,,0,,0,,0,,0,,0
FIRMS_B0CA8D4E,9.11486,77.77372,3.44,331.27,60.0,2026-08-30T07:50:00Z,N21,,0,,0,0,0,0,0,0,0,0,0,,0,,0,,0,,0,,0,,0
FIRMS_3545A7BF,9.44347,77.66592,7.48,337.18,60.0,2026-08-30T07:50:00Z,N21,,0,,0,0,0,0,0,0,0,0,0,,0,,0,,0,,0,,0,,0
FIRMS_F6AAF917,9.44426,77.67081,16.1,348.44,60.0,2026-08-30T07:50:00Z,N21,,0,,0,0,0,0,0,0,0,0,0,,0,,0,,0,,0,,0,,0
FIRMS_FF7F7561,9.44579,77.66801,17.27,351.06,60.0,2026-08-30T07:50:00Z,N21,,0,,0,0,0,0,0,0,0,0,0,,0,,0,,0,,0,,0,,0
FIRMS_8C71236B,11.81002,77.2115,11.53,340.99,60.0,2026-08-30T07:52:00Z,N21,,0,,0,0,0,0,0,0,0,0,0,,0,,0,,0,,0,,0,,0
FIRMS_9968CB14,13.80737,79.89786,3.51,333.6,30.0,2026-08-30T07:52:00Z,N21,,0,,0,0,0,0,0,0,0,0,0,,0,,0,,0,,0,,0,,0
FIRMS_7E18FD20,13.83721,79.3314,9.11,339.47,30.0,2026-08-30T07:52:00Z,N21,,0,,0,0,0,0,0,0,0,0,0,,0,,0,,0,,0,,0,,0
FIRMS_2AD42BD7,14.25786,80.12138,9.42,336.17,30.0,2026-08-30T07:52:00Z,N21,,0,,0,0,0,0,0,0,0,0,0,,0,,0,,0,,0,,0,,0
FIRMS_33B10AFC,14.67095,79.82304,4.38,333.89,60.0,2026-08-30T07:52:00Z,N21,,0,,0,0,0,0,0,0,0,0,0,,0,,0,,0,,0,,0,,0
FIRMS_4AAA706E,14.91308,77.69633,6.48,333.12,60.0,2026-08-30T07:52:00Z,N21,3741.723085006146,1,solar_plant,0,0,1,0,0,0,0,0,0,,0,,0,,0,,0,,0,3741.723085006146,1
FIRMS_91734CC9,15.18088,76.66781,3.18,333.34,60.0,2026-08-30T07:52:00Z,N21,,0,,0,0,0,0,0,0,0,0,0,,0,,0,,0,,0,,0,,0
FIRMS_9B8B7776,18.3947,74.34995,1.79,332.85,60.0,2026-08-30T07:54:00Z,N21,,0,,0,0,0,0,0,0,0,0,0,,0,,0,,0,,0,,0,,0
FIRMS_61875679,18.56188,74.5267,4.39,335.86,60.0,2026-08-30T07:54:00Z,N21,,0,,0,0,0,0,0,0,0,0,0,,0,,0,,0,,0,,0,,0
FIRMS_17742BE9,23.77771,86.20815,11.8,329.0,60.0,2026-08-30T07:54:00Z,N21,,0,,0,0,0,0,0,0,0,0,0,,0,,0,,0,,0,,0,,0
FIRMS_8D40E958,27.45579,70.42984,7.92,344.07,60.0,2026-08-30T07:56:00Z,N21,,0,,0,0,0,0,0,0,0,0,0,,0,,0,,0,,0,,0,,0
FIRMS_A285A7DE,27.45659,70.43187,9.08,344.42,60.0,2026-08-30T07:56:00Z,N21,,0,,0,0,0,0,0,0,0,0,0,,0,,0,,0,,0,,0,,0
FIRMS_8F1A271F,27.62523,70.73109,2.05,341.31,60.0,2026-08-30T07:56:00Z,N21,,0,,0,0,0,0,0,0,0,0,0,,0,,0,,0,,0,,0,,0
FIRMS_2EC1D399,32.32051,76.85158,3.22,332.07,60.0,2026-08-30T07:58:00Z,N21,,0,,0,0,0,0,0,0,0,0,0,,0,,0,,0,,0,,0,,0
FIRMS_7AE32198,34.19078,74.22848,3.13,330.02,60.0,2026-08-30T07:58:00Z,N21,,0,,0,0,0,0,0,0,0,0,0,,0,,0,,0,,0,,0,,0
FIRMS_04C073AE,23.69337,85.36873,1.79,306.66,60.0,2026-08-30T20:21:00Z,N21,,0,,0,0,0,0,0,0,0,0,0,,0,,0,,0,,0,,0,,0
FIRMS_014C6459,25.9405,72.18806,1.27,308.88,60.0,2026-08-30T20:21:00Z,N21,,0,,0,0,0,0,0,0,0,0,0,,0,,0,,0,,0,,0,,0
FIRMS_093FE9DF,26.87142,73.51697,1.0,304.58,60.0,2026-08-30T20:21:00Z,N21,,0,,0,0,0,0,0,0,0,0,0,,0,,0,,0,,0,,0,,0
FIRMS_823A1D24,17.06211,76.97839,0.27,296.6,60.0,2026-08-30T20:23:00Z,N21,,0,,0,0,0,0,0,0,0,0,0,,0,,0,,0,,0,,0,,0
FIRMS_EFA79ED8,18.54595,74.25349,1.61,306.23,60.0,2026-08-30T20:23:00Z,N21,,0,,0,0,0,0,0,0,0,0,0,,0,,0,,0,,0,,0,,0
FIRMS_D57AB2A4,18.68679,73.03175,0.79,299.44,60.0,2026-08-30T20:23:00Z,N21,,0,,0,0,0,0,0,0,0,0,0,,0,,0,,0,,0,,0,,0
FIRMS_032E8FAE,21.43382,72.97546,1.11,306.45,60.0,2026-08-30T20:23:00Z,N21,3987.934135640955,1,oil_well,0,0,13,0,0,0,0,0,0,,0,,0,3987.934135640955,1,,0,,0,,0
FIRMS_6F7B4163,22.38949,73.11753,2.05,317.74,60.0,2026-08-30T20:23:00Z,N21,1737.4706568342788,1,oil_refinery,0,0,2,0,0,0,0,0,0,2270.773523102939,1,1737.4706568342788,1,,0,,0,,0,,0
FIRMS_68D0EE9A,9.66644,77.4579,0.88,301.05,60.0,2026-08-30T20:25:00Z,N21,,0,,0,0,0,0,0,0,0,0,0,,0,,0,,0,,0,,0,,0
FIRMS_708D6B21,9.66702,77.4543,0.68,301.83,60.0,2026-08-30T20:25:00Z,N21,,0,,0,0,0,0,0,0,0,0,0,,0,,0,,0,,0,,0,,0
FIRMS_58155F56,9.97713,76.37589,0.97,300.76,60.0,2026-08-30T20:25:00Z,N21,733.2527831847017,1,oil_refinery,0,1,2,0,1,0,0,0,0,2270.9134252516164,1,733.2527831847017,1,,0,,0,,0,,0
FIRMS_7A5D1CE5,10.1045,77.46542,0.59,307.32,60.0,2026-08-30T20:25:00Z,N21,,0,,0,0,0,0,0,0,0,0,0,,0,,0,,0,,0,,0,,0
FIRMS_211F4339,11.18236,79.10169,1.27,308.16,60.0,2026-08-30T20:25:00Z,N21,4992.817425865533,1,oil_well,0,0,1,0,0,0,0,0,0,,0,,0,4992.817425865533,1,,0,,0,,0
FIRMS_DC4F33AB,11.81654,77.91914,1.71,308.82,60.0,2026-08-30T20:25:00Z,N21,,0,,0,0,0,0,0,0,0,0,0,,0,,0,,0,,0,,0,,0
FIRMS_0DA23A0B,13.70962,79.62088,1.51,307.73,60.0,2026-08-30T20:25:00Z,N21,,0,,0,0,0,0,0,0,0,0,0,,0,,0,,0,,0,,0,,0
FIRMS_4BDC0E3C,13.82651,79.33714,0.65,299.57,60.0,2026-08-30T20:25:00Z,N21,,0,,0,0,0,0,0,0,0,0,0,,0,,0,,0,,0,,0,,0
FIRMS_01543114,13.82714,79.33331,0.86,296.35,60.0,2026-08-30T20:25:00Z,N21,,0,,0,0,0,0,0,0,0,0,0,,0,,0,,0,,0,,0,,0
FIRMS_2EC41495,13.89755,76.56599,1.04,306.74,60.0,2026-08-30T20:25:00Z,N21,,0,,0,0,0,0,0,0,0,0,0,,0,,0,,0,,0,,0,,0
FIRMS_5C73AE56,14.92978,78.3416,0.3,299.8,60.0,2026-08-30T20:25:00Z,N21,,0,,0,0,0,0,0,0,0,0,0,,0,,0,,0,,0,,0,,0
FIRMS_08F09D81,15.02291,78.01446,0.47,304.77,60.0,2026-08-30T20:25:00Z,N21,,0,,0,0,0,0,0,0,0,0,0,,0,,0,,0,,0,,0,,0
FIRMS_0040316A,15.06977,76.86497,1.13,303.21,60.0,2026-08-30T20:25:00Z,N21,,0,,0,0,0,0,0,0,0,0,0,,0,,0,,0,,0,,0,,0
FIRMS_6912E3D4,15.16705,76.67205,1.27,308.78,60.0,2026-08-30T20:25:00Z,N21,,0,,0,0,0,0,0,0,0,0,0,,0,,0,,0,,0,,0,,0
FIRMS_C381DC99,15.16712,76.38071,1.69,306.74,60.0,2026-08-30T20:25:00Z,N21,,0,,0,0,0,0,0,0,0,0,0,,0,,0,,0,,0,,0,,0
FIRMS_70D9C835,15.17045,76.38124,1.14,306.12,60.0,2026-08-30T20:25:00Z,N21,,0,,0,0,0,0,0,0,0,0,0,,0,,0,,0,,0,,0,,0
FIRMS_6925BEB2,15.17146,76.66541,1.63,309.81,60.0,2026-08-30T20:25:00Z,N21,,0,,0,0,0,0,0,0,0,0,0,,0,,0,,0,,0,,0,,0
FIRMS_F5F58E5F,15.17321,76.78666,0.98,303.84,60.0,2026-08-30T20:25:00Z,N21,,0,,0,0,0,0,0,0,0,0,0,,0,,0,,0,,0,,0,,0
FIRMS_08AD3FB0,15.17424,76.69155,1.86,320.05,60.0,2026-08-30T20:25:00Z,N21,3666.2251102117425,1,power_plant,0,0,3,0,0,0,0,0,0,3666.2251102117425,1,,0,,0,,0,,0,,0
FIRMS_96726E72,15.17587,76.65878,3.02,330.77,60.0,2026-08-30T20:25:00Z,N21,,0,,0,0,0,0,0,0,0,0,0,,0,,0,,0,,0,,0,,0
FIRMS_1DC33338,15.17624,77.10066,0.92,301.93,60.0,2026-08-30T20:25:00Z,N21,,0,,0,0,0,0,0,0,0,0,0,,0,,0,,0,,0,,0,,0
FIRMS_A6835861,15.17641,76.65518,3.2,321.08,60.0,2026-08-30T20:25:00Z,N21,,0,,0,0,0,0,0,0,0,0,0,,0,,0,,0,,0,,0,,0
FIRMS_7CD5C4A2,15.17644,76.67721,1.48,323.12,60.0,2026-08-30T20:25:00Z,N21,4906.007132914477,1,power_plant,0,0,3,0,0,0,0,0,0,4906.007132914477,1,,0,,0,,0,,0,,0
FIRMS_4B31AB3A,15.17698,76.67363,1.48,305.17,60.0,2026-08-30T20:25:00Z,N21,,0,,0,0,0,0,0,0,0,0,0,,0,,0,,0,,0,,0,,0
FIRMS_287697FC,15.17808,76.66647,0.67,304.26,60.0,2026-08-30T20:25:00Z,N21,,0,,0,0,0,0,0,0,0,0,0,,0,,0,,0,,0,,0,,0
FIRMS_1E31C74E,15.17899,77.10476,0.66,300.35,60.0,2026-08-30T20:25:00Z,N21,,0,,0,0,0,0,0,0,0,0,0,,0,,0,,0,,0,,0,,0
FIRMS_96D10B33,15.1803,76.67416,2.21,315.15,60.0,2026-08-30T20:25:00Z,N21,,0,,0,0,0,0,0,0,0,0,0,,0,,0,,0,,0,,0,,0
FIRMS_232B9CF2,15.18139,76.66699,6.39,331.56,60.0,2026-08-30T20:25:00Z,N21,,0,,0,0,0,0,0,0,0,0,0,,0,,0,,0,,0,,0,,0
FIRMS_DFDB1452,15.30024,76.21906,0.29,299.57,60.0,2026-08-30T20:25:00Z,N21,,0,,0,0,0,0,0,0,0,0,0,,0,,0,,0,,0,,0,,0
FIRMS_35C5B082,15.33369,76.24677,0.69,302.99,60.0,2026-08-30T20:25:00Z,N21,,0,,0,0,0,0,0,0,0,0,0,,0,,0,,0,,0,,0,,0
FIRMS_59FFB5AE,15.6589,73.98905,1.82,313.76,60.0,2026-08-30T20:25:00Z,N21,,0,,0,0,0,0,0,0,0,0,0,,0,,0,,0,,0,,0,,0
FIRMS_F0FC0CC2,9.25059,78.28757,3.55,331.5,60.0,2026-08-01T07:29:00Z,VIIRS,,0,,0,0,0,0,0,0,0,0,0,,0,,0,,0,,0,,0,,0
FIRMS_333E3F31,10.53246,79.23427,3.88,335.62,60.0,2026-08-01T07:29:00Z,VIIRS,2979.95595491799,1,oil_well,0,0,1,0,0,0,0,0,0,,0,,0,2979.95595491799,1,,0,,0,,0
FIRMS_F97705AE,11.05063,79.35343,6.21,339.95,60.0,2026-08-01T07:29:00Z,VIIRS,,0,,0,0,0,0,0,0,0,0,0,,0,,0,,0,,0,,0,,0
FIRMS_E8954719,11.05169,79.3529,7.35,342.3,60.0,2026-08-01T07:29:00Z,VIIRS,,0,,0,0,0,0,0,0,0,0,0,,0,,0,,0,,0,,0,,0
FIRMS_8B955288,11.29512,79.7821,4.08,337.98,60.0,2026-08-01T07:29:00Z,VIIRS,1660.6885696830934,1,oil_well,0,0,11,0,0,0,0,0,0,,0,,0,1660.6885696830934,1,,0,,0,,0
FIRMS_BF45B65E,11.30795,78.57752,2.75,333.94,60.0,2026-08-01T07:29:00Z,VIIRS,,0,,0,0,0,0,0,0,0,0,0,,0,,0,,0,,0,,0,,0
FIRMS_668DB6B6,12.16273,79.51328,2.43,335.62,60.0,2026-08-01T07:29:00Z,VIIRS,,0,,0,0,0,0,0,0,0,0,0,,0,,0,,0,,0,,0,,0
FIRMS_A4E6099C,12.16129,79.51262,4.49,332.86,60.0,2026-08-01T07:31:00Z,VIIRS,,0,,0,0,0,0,0,0,0,0,0,,0,,0,,0,,0,,0,,0
FIRMS_9DB0E8E0,12.28848,79.43398,2.66,336.2,60.0,2026-08-01T07:31:00Z,VIIRS,,0,,0,0,0,0,0,0,0,0,0,,0,,0,,0,,0,,0,,0
FIRMS_7EE6037B,21.67993,84.03944,7.89,333.65,30.0,2026-08-01T07:33:00Z,VIIRS,,0,,0,0,0,0,0,0,0,0,0,,0,,0,,0,,0,,0,,0
FIRMS_CDAF0B33,21.74527,83.84196,10.63,341.54,30.0,2026-08-01T07:33:00Z,VIIRS,,0,,0,0,0,0,0,0,0,0,0,,0,,0,,0,,0,,0,,0
FIRMS_380D21B9,21.74885,83.84124,6.71,337.51,60.0,2026-08-01T07:33:00Z,VIIRS,,0,,0,0,0,0,0,0,0,0,0,,0,,0,,0,,0,,0,,0
FIRMS_253AA83B,21.7496,83.8456,6.71,335.9,60.0,2026-08-01T07:33:00Z,VIIRS,,0,,0,0,0,0,0,0,0,0,0,,0,,0,,0,,0,,0,,0
FIRMS_444B1043,22.37792,87.2805,5.85,333.8,60.0,2026-08-01T07:33:00Z,VIIRS,,0,,0,0,0,0,0,0,0,0,0,,0,,0,,0,,0,,0,,0
FIRMS_32AC6E36,22.7971,86.2003,8.03,331.13,30.0,2026-08-01T07:33:00Z,VIIRS,,0,,0,0,0,0,0,0,0,0,0,,0,,0,,0,,0,,0,,0
FIRMS_BC14D254,23.64927,85.44041,5.48,340.0,60.0,2026-08-01T07:33:00Z,VIIRS,,0,,0,0,0,0,0,0,0,0,0,,0,,0,,0,,0,,0,,0
FIRMS_237A3928,23.75833,85.85569,7.5,332.89,30.0,2026-08-01T07:33:00Z,VIIRS,1793.2140145434505,1,oil_well,0,0,13,0,0,0,0,0,0,3859.8769856380522,1,,0,1793.2140145434505,1,,0,,0,,0
FIRMS_6B5507D9,23.78781,85.55238,5.5,330.66,30.0,2026-08-01T07:33:00Z,VIIRS,2128.8286749582317,1,oil_well,0,0,3,0,0,0,0,0,0,,0,,0,2128.8286749582317,1,,0,,0,,0
FIRMS_9C4D5720,24.11647,86.8599,2.89,332.08,60.0,2026-08-01T07:33:00Z,VIIRS,,0,,0,0,0,0,0,0,0,0,0,,0,,0,,0,,0,,0,,0
FIRMS_23567F5A,25.982,93.68969,7.61,342.01,60.0,2026-08-01T07:33:00Z,VIIRS,,0,,0,0,0,0,0,0,0,0,0,,0,,0,,0,,0,,0,,0
FIRMS_557F6DAB,31.01247,76.57536,4.85,295.38,60.0,2026-08-01T20:00:00Z,VIIRS,3369.874354432916,1,power_plant,0,0,1,0,0,0,0,0,0,3369.874354432916,1,,0,,0,,0,,0,,0
FIRMS_4C6EA3C2,20.69733,78.63657,0.78,303.71,60.0,2026-08-01T20:02:00Z,VIIRS,,0,,0,0,0,0,0,0,0,0,0,,0,,0,,0,,0,,0,,0
FIRMS_F7CCF5CD,20.70397,78.62037,0.76,303.12,60.0,2026-08-01T20:02:00Z,VIIRS,,0,,0,0,0,0,0,0,0,0,0,,0,,0,,0,,0,,0,,0
FIRMS_2FD10246,20.76011,85.29779,0.35,296.28,60.0,2026-08-01T20:02:00Z,VIIRS,,0,,0,0,0,0,0,0,0,0,0,,0,,0,,0,,0,,0,,0
FIRMS_31D7F2B5,20.95089,86.04455,0.94,297.51,60.0,2026-08-01T20:02:00Z,VIIRS,,0,,0,0,0,0,0,0,0,0,0,,0,,0,,0,,0,,0,,0
FIRMS_CF10948C,20.96381,86.00493,1.13,307.5,60.0,2026-08-01T20:02:00Z,VIIRS,,0,,0,0,0,0,0,0,0,0,0,,0,,0,,0,,0,,0,,0
FIRMS_67F03AE9,20.97377,86.00666,1.63,309.01,60.0,2026-08-01T20:02:00Z,VIIRS,,0,,0,0,0,0,0,0,0,0,0,,0,,0,,0,,0,,0,,0
FIRMS_40B13FF9,21.18271,81.38761,0.74,302.58,60.0,2026-08-01T20:02:00Z,VIIRS,4952.786780842132,1,power_plant,0,0,1,0,0,0,0,0,0,4952.786780842132,1,,0,,0,,0,,0,,0
FIRMS_3D137C32,21.18629,81.39201,0.74,303.54,60.0,2026-08-01T20:02:00Z,VIIRS,4447.319537551116,1,power_plant,0,0,1,0,0,0,0,0,0,4447.319537551116,1,,0,,0,,0,,0,,0
FIRMS_DDAE7383,21.18678,81.38819,0.74,307.31,60.0,2026-08-01T20:02:00Z,VIIRS,4837.031160597154,1,power_plant,0,0,1,0,0,0,0,0,0,4837.031160597154,1,,0,,0,,0,,0,,0
FIRMS_1FF99D6D,21.19393,81.39698,0.8,309.9,60.0,2026-08-01T20:02:00Z,VIIRS,3932.5684775712925,1,power_plant,0,0,1,0,0,0,0,0,0,3932.5684775712925,1,,0,,0,,0,,0,,0
FIRMS_35DB2BB3,21.33393,78.9678,2.03,307.82,60.0,2026-08-01T20:02:00Z,VIIRS,,0,,0,0,0,0,0,0,0,0,0,,0,,0,,0,,0,,0,,0
FIRMS_FFC7885D,21.37675,81.67848,3.46,305.17,60.0,2026-08-01T20:02:00Z,VIIRS,,0,,0,0,0,0,0,0,0,0,0,,0,,0,,0,,0,,0,,0
FIRMS_CE7336AC,21.37762,81.63985,2.14,304.99,60.0,2026-08-01T20:02:00Z,VIIRS,,0,,0,0,0,0,0,0,0,0,0,,0,,0,,0,,0,,0,,0
FIRMS_8A9CB6FA,21.38916,81.64533,3.06,307.65,60.0,2026-08-01T20:02:00Z,VIIRS,,0,,0,0,0,0,0,0,0,0,0,,0,,0,,0,,0,,0,,0
FIRMS_06E5AF1A,22.24395,87.38752,1.09,304.81,60.0,2026-08-01T20:02:00Z,VIIRS,,0,,0,0,0,0,0,0,0,0,0,,0,,0,,0,,0,,0,,0
FIRMS_50406786,22.31699,82.56023,1.67,305.32,60.0,2026-08-01T20:02:00Z,VIIRS,4213.638735875247,1,power_plant,0,0,1,0,0,0,0,0,0,4213.638735875247,1,,0,,0,,0,,0,,0
FIRMS_2287C638,22.3195,82.57103,0.63,297.42,60.0,2026-08-01T20:02:00Z,VIIRS,,0,,0,0,0,0,0,0,0,0,0,,0,,0,,0,,0,,0,,0
FIRMS_60F05211,22.32017,82.56593,1.55,302.71,60.0,2026-08-01T20:02:00Z,VIIRS,4898.327907999555,1,power_plant,0,0,1,0,0,0,0,0,0,4898.327907999555,1,,0,,0,,0,,0,,0
FIRMS_9E193901,22.32667,82.54604,0.4,296.31,60.0,2026-08-01T20:02:00Z,VIIRS,3910.2582883836826,1,power_plant,0,0,1,0,0,0,0,0,0,3910.2582883836826,1,,0,,0,,0,,0,,0
FIRMS_3950D071,22.33086,82.60378,0.93,300.67,60.0,2026-08-01T20:02:00Z,VIIRS,,0,,0,0,0,0,0,0,0,0,0,,0,,0,,0,,0,,0,,0
FIRMS_8FE8BB4F,22.35773,87.28947,1.01,308.72,60.0,2026-08-01T20:02:00Z,VIIRS,,0,,0,0,0,0,0,0,0,0,0,,0,,0,,0,,0,,0,,0
FIRMS_EC78D7B0,22.35836,82.30158,2.25,308.46,60.0,2026-08-01T20:02:00Z,VIIRS,,0,,0,0,0,0,0,0,0,0,0,,0,,0,,0,,0,,0,,0
FIRMS_82612E48,22.36079,87.01614,1.21,308.55,60.0,2026-08-01T20:02:00Z,VIIRS,,0,,0,0,0,0,0,0,0,0,0,,0,,0,,0,,0,,0,,0
FIRMS_FA95C21F,22.36255,87.30181,0.96,310.9,60.0,2026-08-01T20:02:00Z,VIIRS,,0,,0,0,0,0,0,0,0,0,0,,0,,0,,0,,0,,0,,0
FIRMS_6A7C2763,22.36585,87.30242,0.96,312.71,60.0,2026-08-01T20:02:00Z,VIIRS,,0,,0,0,0,0,0,0,0,0,0,,0,,0,,0,,0,,0,,0
FIRMS_01487B78,22.36645,87.29871,1.57,303.72,60.0,2026-08-01T20:02:00Z,VIIRS,,0,,0,0,0,0,0,0,0,0,0,,0,,0,,0,,0,,0,,0
FIRMS_E663CA27,22.37601,87.28139,1.19,314.12,60.0,2026-08-01T20:02:00Z,VIIRS,,0,,0,0,0,0,0,0,0,0,0,,0,,0,,0,,0,,0,,0
FIRMS_C4C3B9CB,22.3766,87.27768,3.12,325.56,60.0,2026-08-01T20:02:00Z,VIIRS,,0,,0,0,0,0,0,0,0,0,0,,0,,0,,0,,0,,0,,0
FIRMS_4B15D105,22.3799,87.27829,0.73,303.78,60.0,2026-08-01T20:02:00Z,VIIRS,,0,,0,0,0,0,0,0,0,0,0,,0,,0,,0,,0,,0,,0
FIRMS_D596D143,23.1645,82.33836,1.72,304.63,60.0,2026-08-01T20:02:00Z,VIIRS,,0,,0,0,0,0,0,0,0,0,0,,0,,0,,0,,0,,0,,0
FIRMS_257ACD80,23.5629,87.08395,1.36,309.67,60.0,2026-08-01T20:02:00Z,VIIRS,,0,,0,0,0,0,0,0,0,0,0,,0,,0,,0,,0,,0,,0
FIRMS_80258236,23.63226,86.83409,0.92,302.57,60.0,2026-08-01T20:02:00Z,VIIRS,,0,,0,0,0,0,0,0,0,0,0,,0,,0,,0,,0,,0,,0
FIRMS_593363F3,23.64538,85.43893,2.6,323.94,60.0,2026-08-01T20:02:00Z,VIIRS,,0,,0,0,0,0,0,0,0,0,0,,0,,0,,0,,0,,0,,0
FIRMS_DF3CEC89,23.64879,85.43953,2.69,324.61,60.0,2026-08-01T20:02:00Z,VIIRS,,0,,0,0,0,0,0,0,0,0,0,,0,,0,,0,,0,,0,,0
FIRMS_2420B063,23.64938,85.43553,2.11,314.88,60.0,2026-08-01T20:02:00Z,VIIRS,,0,,0,0,0,0,0,0,0,0,0,,0,,0,,0,,0,,0,,0
FIRMS_56DC9660,23.65649,85.50642,1.28,309.43,60.0,2026-08-01T20:02:00Z,VIIRS,,0,,0,0,0,0,0,0,0,0,0,,0,,0,,0,,0,,0,,0
FIRMS_1B17EFD7,23.66364,86.91719,2.27,306.08,60.0,2026-08-01T20:02:00Z,VIIRS,1351.246828210022,1,oil_well,0,0,61,0,0,0,0,0,0,,0,,0,1351.246828210022,1,,0,,0,,0
FIRMS_7CC09C04,23.67486,86.08758,1.36,303.38,60.0,2026-08-01T20:02:00Z,VIIRS,,0,,0,0,0,0,0,0,0,0,0,,0,,0,,0,,0,,0,,0
FIRMS_D7889100,23.67597,85.32473,0.56,303.55,60.0,2026-08-01T20:02:00Z,VIIRS,2271.955361378459,1,oil_well,0,0,6,0,0,0,0,0,0,,0,,0,2271.955361378459,1,,0,,0,,0
FIRMS_22028D76,23.67822,86.39868,0.7,298.17,60.0,2026-08-01T20:02:00Z,VIIRS,2568.063307853698,1,oil_well,0,0,2,0,0,0,0,0,0,,0,,0,2568.063307853698,1,,0,,0,,0
FIRMS_B2CF5065,23.67879,86.0843,1.51,307.51,60.0,2026-08-01T20:02:00Z,VIIRS,,0,,0,0,0,0,0,0,0,0,0,,0,,0,,0,,0,,0,,0
FIRMS_9858A643,23.6788,86.39487,0.7,297.19,60.0,2026-08-01T20:02:00Z,VIIRS,2371.759013503094,1,oil_well,0,0,7,0,0,0,0,0,0,,0,,0,2371.759013503094,1,,0,,0,,0
FIRMS_13B97C1C,23.68041,86.09647,0.88,306.91,60.0,2026-08-01T20:02:00Z,VIIRS,,0,,0,0,0,0,0,0,0,0,0,,0,,0,,0,,0,,0,,0
FIRMS_90D8B646,23.68213,86.39546,0.63,303.37,60.0,2026-08-01T20:02:00Z,VIIRS,2713.592882784986,1,oil_well,0,0,8,0,0,0,0,0,0,,0,,0,2713.592882784986,1,,0,,0,,0
FIRMS_B52487CC,23.68604,86.39225,1.49,309.34,60.0,2026-08-01T20:02:00Z,VIIRS,2823.064730843618,1,oil_well,0,0,12,0,0,0,0,0,0,,0,,0,2823.064730843618,1,,0,,0,,0
FIRMS_B14A97E8,23.69555,85.28658,1.02,307.46,60.0,2026-08-01T20:02:00Z,VIIRS,1682.2067936719284,1,oil_well,0,0,9,0,0,0,0,0,0,,0,,0,1682.2067936719284,1,,0,,0,,0
FIRMS_54D1E541,23.73648,85.48212,1.24,305.54,60.0,2026-08-01T20:02:00Z,VIIRS,2716.326383387781,1,oil_well,0,0,3,0,0,0,0,0,0,,0,,0,2716.326383387781,1,,0,,0,,0
FIRMS_2E4394F6,23.7438,85.50382,0.74,304.15,60.0,2026-08-01T20:02:00Z,VIIRS,1911.7891649235964,1,oil_well,0,0,4,0,0,0,0,0,0,,0,,0,1911.7891649235964,1,,0,,0,,0
FIRMS_2541E9A2,23.75588,85.85352,0.94,306.39,60.0,2026-08-01T20:02:00Z,VIIRS,1942.8993117065545,1,oil_well,0,0,12,0,0,0,0,0,0,4082.1159838221292,1,,0,1942.8993117065545,1,,0,,0,,0
FIRMS_78B39D98,23.75601,86.40481,1.9,297.49,60.0,2026-08-01T20:02:00Z,VIIRS,,0,,0,0,0,0,0,0,0,0,0,,0,,0,,0,,0,,0,,0
FIRMS_D000AB37,23.75925,85.8541,0.94,298.83,60.0,2026-08-01T20:02:00Z,VIIRS,1625.005207657546,1,oil_well,0,0,13,0,0,0,0,0,0,3891.625694933941,1,,0,1625.005207657546,1,,0,,0,,0
FIRMS_C4ACF6C3,23.77836,86.21198,0.81,301.64,60.0,2026-08-01T20:02:00Z,VIIRS,,0,,0,0,0,0,0,0,0,0,0,,0,,0,,0,,0,,0,,0
FIRMS_FC7D7F03,23.77894,86.20814,0.81,299.39,60.0,2026-08-01T20:02:00Z,VIIRS,,0,,0,0,0,0,0,0,0,0,0,,0,,0,,0,,0,,0,,0
FIRMS_A2770BF5,23.78228,86.20873,0.81,301.5,60.0,2026-08-01T20:02:00Z,VIIRS,,0,,0,0,0,0,0,0,0,0,0,,0,,0,,0,,0,,0,,0
FIRMS_FD96C084,23.79666,86.35281,1.24,297.36,60.0,2026-08-01T20:02:00Z,VIIRS,,0,,0,0,0,0,0,0,0,0,0,,0,,0,,0,,0,,0,,0
FIRMS_BE309F4C,23.79724,86.34898,1.62,299.93,60.0,2026-08-01T20:02:00Z,VIIRS,,0,,0,0,0,0,0,0,0,0,0,,0,,0,,0,,0,,0,,0
FIRMS_20618A8D,23.80345,86.33042,0.94,297.73,60.0,2026-08-01T20:02:00Z,VIIRS,,0,,0,0,0,0,0,0,0,0,0,,0,,0,,0,,0,,0,,0
FIRMS_22BC89E0,23.82184,85.4957,2.48,311.16,60.0,2026-08-01T20:02:00Z,VIIRS,,0,,0,0,0,0,0,0,0,0,0,,0,,0,,0,,0,,0,,0
FIRMS_8719E9AA,23.83612,85.4694,1.46,308.06,60.0,2026-08-01T20:02:00Z,VIIRS,,0,,0,0,0,0,0,0,0,0,0,,0,,0,,0,,0,,0,,0
FIRMS_0AE99AE3,24.11583,86.86163,2.01,314.57,60.0,2026-08-01T20:02:00Z,VIIRS,,0,,0,0,0,0,0,0,0,0,0,,0,,0,,0,,0,,0,,0
FIRMS_0C5EFEE2,11.28438,79.75117,2.23,315.05,60.0,2026-08-01T20:04:00Z,VIIRS,3693.807753421749,1,oil_well,0,0,2,0,0,0,0,0,0,,0,,0,3693.807753421749,1,,0,,0,,0
FIRMS_44E548CC,11.65214,78.03033,0.83,304.86,60.0,2026-08-01T20:04:00Z,VIIRS,,0,,0,0,0,0,0,0,0,0,0,,0,,0,,0,,0,,0,,0
FIRMS_A7DB516B,11.80772,77.92508,1.05,305.82,60.0,2026-08-01T20:04:00Z,VIIRS,,0,,0,0,0,0,0,0,0,0,0,,0,,0,,0,,0,,0,,0
FIRMS_A2BF944F,11.81063,77.9237,1.56,307.7,60.0,2026-08-01T20:04:00Z,VIIRS,,0,,0,0,0,0,0,0,0,0,0,,0,,0,,0,,0,,0,,0
FIRMS_909DACA0,17.13722,77.17518,0.65,302.76,60.0,2026-08-01T20:04:00Z,VIIRS,,0,,0,0,0,0,0,0,0,0,0,,0,,0,,0,,0,,0,,0
FIRMS_28C38C40,8.82639,78.08728,22.26,349.32,60.0,2026-08-01T20:06:00Z,VIIRS,,0,,0,0,0,0,0,0,0,0,0,,0,,0,,0,,0,,0,,0
FIRMS_234E32EC,11.17522,79.08694,2.63,307.05,60.0,2026-08-01T20:06:00Z,VIIRS,3300.015682310749,1,oil_well,0,0,1,0,0,0,0,0,0,,0,,0,3300.015682310749,1,,0,,0,,0
FIRMS_EEC11F23,11.18186,79.0993,2.34,306.32,60.0,2026-08-01T20:06:00Z,VIIRS,4763.368672495811,1,oil_well,0,0,1,0,0,0,0,0,0,,0,,0,4763.368672495811,1,,0,,0,,0
FIRMS_424E1046,20.90794,71.4593,0.99,300.98,60.0,2026-08-01T21:44:00Z,VIIRS,1468.8933035616196,1,power_plant,0,0,1,0,0,0,0,0,0,1468.8933035616196,1,,0,,0,,0,,0,,0
FIRMS_8E4199F4,20.96841,85.17646,9.11,336.43,60.0,2026-08-02T07:14:00Z,VIIRS,,0,,0,0,0,0,0,0,0,0,0,,0,,0,,0,,0,,0,,0
FIRMS_F28911AF,25.85723,93.33242,6.84,340.14,60.0,2026-08-02T07:16:00Z,VIIRS,,0,,0,0,0,0,0,0,0,0,0,,0,,0,,0,,0,,0,,0
FIRMS_416236BC,25.87871,93.3072,4.96,334.7,60.0,2026-08-02T07:16:00Z,VIIRS,,0,,0,0,0,0,0,0,0,0,0,,0,,0,,0,,0,,0,,0
FIRMS_FB7AF19B,26.01458,93.35497,2.52,333.87,60.0,2026-08-02T07:16:00Z,VIIRS,,0,,0,0,0,0,0,0,0,0,0,,0,,0,,0,,0,,0,,0
FIRMS_AB50C3CC,26.0261,93.54562,3.09,334.11,60.0,2026-08-02T07:16:00Z,VIIRS,,0,,0,0,0,0,0,0,0,0,0,,0,,0,,0,,0,,0,,0
FIRMS_F0DDC09F,9.02032,77.84805,2.17,333.75,60.0,2026-08-02T08:52:00Z,VIIRS,,0,,0,0,0,0,0,0,0,0,0,,0,,0,,0,,0,,0,,0
FIRMS_8B54717D,12.33321,79.90759,2.98,338.17,60.0,2026-08-02T08:52:00Z,VIIRS,,0,,0,0,0,0,0,0,0,0,0,,0,,0,,0,,0,,0,,0
FIRMS_0335A967,13.93082,77.46706,2.72,332.72,60.0,2026-08-02T08:52:00Z,VIIRS,2416.4739625528846,1,solar_plant,0,0,2,0,0,0,0,0,0,,0,,0,,0,,0,,0,2416.4739625528846,1
FIRMS_5602B680,22.87305,88.21144,2.5,304.86,60.0,2026-08-02T19:42:00Z,VIIRS,,0,,0,0,0,0,0,0,0,0,0,,0,,0,,0,,0,,0,,0
FIRMS_35C88CF6,23.61413,86.78986,1.13,302.09,60.0,2026-08-02T19:42:00Z,VIIRS,,0,,0,0,0,0,0,0,0,0,0,,0,,0,,0,,0,,0,,0
FIRMS_2F6B0A89,23.66153,86.91164,0.33,296.16,60.0,2026-08-02T19:42:00Z,VIIRS,777.4332945266041,1,oil_well,0,4,58,0,0,4,0,0,0,,0,,0,777.4332945266041,1,,0,,0,,0
FIRMS_4B1FE86B,23.6746,86.08565,1.51,303.86,60.0,2026-08-02T19:42:00Z,VIIRS,,0,,0,0,0,0,0,0,0,0,0,,0,,0,,0,,0,,0,,0
FIRMS_89072D8A,23.67882,86.08623,3.33,312.7,60.0,2026-08-02T19:42:00Z,VIIRS,,0,,0,0,0,0,0,0,0,0,0,,0,,0,,0,,0,,0,,0
FIRMS_33E857BE,23.68204,86.09521,1.86,305.92,60.0,2026-08-02T19:42:00Z,VIIRS,,0,,0,0,0,0,0,0,0,0,0,,0,,0,,0,,0,,0,,0
FIRMS_1BB1809C,23.68833,87.11887,1.46,299.4,60.0,2026-08-02T19:42:00Z,VIIRS,,0,,0,0,0,0,0,0,0,0,0,,0,,0,,0,,0,,0,,0
FIRMS_8C77428A,23.69229,87.11947,2.46,299.81,60.0,2026-08-02T19:42:00Z,VIIRS,,0,,0,0,0,0,0,0,0,0,0,,0,,0,,0,,0,,0,,0
FIRMS_B9CADE48,23.69368,87.10851,1.93,301.55,60.0,2026-08-02T19:42:00Z,VIIRS,,0,,0,0,0,0,0,0,0,0,0,,0,,0,,0,,0,,0,,0
FIRMS_B6BDBF4A,23.69447,87.12154,0.72,300.48,60.0,2026-08-02T19:42:00Z,VIIRS,4749.46381620402,1,oil_well,0,0,1,0,0,0,0,0,0,,0,,0,4749.46381620402,1,,0,,0,,0
FIRMS_E64C7094,23.70696,86.43157,0.76,300.02,60.0,2026-08-02T19:42:00Z,VIIRS,,0,,0,0,0,0,0,0,0,0,0,,0,,0,,0,,0,,0,,0
FIRMS_07F95C13,23.71281,86.45299,1.48,312.23,60.0,2026-08-02T19:42:00Z,VIIRS,,0,,0,0,0,0,0,0,0,0,0,,0,,0,,0,,0,,0,,0
FIRMS_A132CECB,23.71329,86.44895,1.48,305.82,60.0,2026-08-02T19:42:00Z,VIIRS,,0,,0,0,0,0,0,0,0,0,0,,0,,0,,0,,0,,0,,0
FIRMS_0F7BD488,23.71837,86.44152,1.62,305.79,60.0,2026-08-02T19:42:00Z,VIIRS,,0,,0,0,0,0,0,0,0,0,0,,0,,0,,0,,0,,0,,0
FIRMS_D81D731E,23.72077,86.42135,0.66,298.98,60.0,2026-08-02T19:42:00Z,VIIRS,,0,,0,0,0,0,0,0,0,0,0,,0,,0,,0,,0,,0,,0
FIRMS_30DEDE2F,23.72297,86.4381,0.81,302.79,60.0,2026-08-02T19:42:00Z,VIIRS,,0,,0,0,0,0,0,0,0,0,0,,0,,0,,0,,0,,0,,0
FIRMS_CE3B07B3,23.73582,86.43589,1.57,307.08,60.0,2026-08-02T19:42:00Z,VIIRS,,0,,0,0,0,0,0,0,0,0,0,,0,,0,,0,,0,,0,,0
FIRMS_C30C1326,23.73631,86.43188,2.93,318.3,60.0,2026-08-02T19:42:00Z,VIIRS,,0,,0,0,0,0,0,0,0,0,0,,0,,0,,0,,0,,0,,0
FIRMS_24F152AF,23.75063,86.41763,1.84,312.47,60.0,2026-08-02T19:42:00Z,VIIRS,,0,,0,0,0,0,0,0,0,0,0,,0,,0,,0,,0,,0,,0
FIRMS_156604B4,23.75622,86.40613,0.87,307.32,60.0,2026-08-02T19:42:00Z,VIIRS,,0,,0,0,0,0,0,0,0,0,0,,0,,0,,0,,0,,0,,0
FIRMS_FA36F53A,23.76085,86.40268,1.97,303.96,60.0,2026-08-02T19:42:00Z,VIIRS,,0,,0,0,0,0,0,0,0,0,0,,0,,0,,0,,0,,0,,0
FIRMS_00EAFE74,23.76448,86.40738,1.38,308.19,60.0,2026-08-02T19:42:00Z,VIIRS,,0,,0,0,0,0,0,0,0,0,0,,0,,0,,0,,0,,0,,0
FIRMS_79D2737C,23.76498,86.40328,2.45,321.81,60.0,2026-08-02T19:42:00Z,VIIRS,,0,,0,0,0,0,0,0,0,0,0,,0,,0,,0,,0,,0,,0
FIRMS_D31F0D77,23.76912,86.40388,2.45,315.91,60.0,2026-08-02T19:42:00Z,VIIRS,,0,,0,0,0,0,0,0,0,0,0,,0,,0,,0,,0,,0,,0
FIRMS_B3CC85A0,23.77303,86.19574,1.34,304.68,60.0,2026-08-02T19:42:00Z,VIIRS,,0,,0,0,0,0,0,0,0,0,0,,0,,0,,0,,0,,0,,0
FIRMS_04E23094,23.77356,86.36737,0.98,304.42,60.0,2026-08-02T19:42:00Z,VIIRS,,0,,0,0,0,0,0,0,0,0,0,,0,,0,,0,,0,,0,,0
FIRMS_E3BD7239,23.77406,86.36327,2.37,319.81,60.0,2026-08-02T19:42:00Z,VIIRS,,0,,0,0,0,0,0,0,0,0,0,,0,,0,,0,,0,,0,,0
FIRMS_0F52833A,23.77522,86.38833,1.78,305.6,60.0,2026-08-02T19:42:00Z,VIIRS,,0,,0,0,0,0,0,0,0,0,0,,0,,0,,0,,0,,0,,0
FIRMS_50E70B97,23.77571,86.38428,1.78,304.85,60.0,2026-08-02T19:42:00Z,VIIRS,,0,,0,0,0,0,0,0,0,0,0,,0,,0,,0,,0,,0,,0
FIRMS_24D4C2F3,23.77886,86.39299,1.97,307.33,60.0,2026-08-02T19:42:00Z,VIIRS,,0,,0,0,0,0,0,0,0,0,0,,0,,0,,0,,0,,0,,0
FIRMS_C576026B,23.77936,86.38896,1.78,329.28,60.0,2026-08-02T19:42:00Z,VIIRS,,0,,0,0,0,0,0,0,0,0,0,,0,,0,,0,,0,,0,,0
FIRMS_71FE3D19,23.7799,86.20953,1.94,314.74,60.0,2026-08-02T19:42:00Z,VIIRS,,0,,0,0,0,0,0,0,0,0,0,,0,,0,,0,,0,,0,,0
FIRMS_24D31C31,23.78135,86.37264,1.29,306.03,60.0,2026-08-02T19:42:00Z,VIIRS,,0,,0,0,0,0,0,0,0,0,0,,0,,0,,0,,0,,0,,0
FIRMS_35E02D4F,23.79365,86.35276,1.21,308.29,60.0,2026-08-02T19:42:00Z,VIIRS,,0,,0,0,0,0,0,0,0,0,0,,0,,0,,0,,0,,0,,0
FIRMS_19AD1FD7,23.79628,86.3541,1.43,312.33,60.0,2026-08-02T19:42:00Z,VIIRS,,0,,0,0,0,0,0,0,0,0,0,,0,,0,,0,,0,,0,,0
FIRMS_4EA60808,23.79679,86.34998,3.47,321.22,60.0,2026-08-02T19:42:00Z,VIIRS,,0,,0,0,0,0,0,0,0,0,0,,0,,0,,0,,0,,0,,0
FIRMS_640A9214,23.79779,86.35337,1.21,305.54,60.0,2026-08-02T19:42:00Z,VIIRS,,0,,0,0,0,0,0,0,0,0,0,,0,,0,,0,,0,,0,,0
FIRMS_A2C62E43,23.79827,86.34924,3.51,325.36,60.0,2026-08-02T19:42:00Z,VIIRS,,0,,0,0,0,0,0,0,0,0,0,,0,,0,,0,,0,,0,,0
FIRMS_590E2C81,23.80063,86.3289,1.57,307.74,60.0,2026-08-02T19:42:00Z,VIIRS,,0,,0,0,0,0,0,0,0,0,0,,0,,0,,0,,0,,0,,0
FIRMS_073051C5,23.80343,86.33026,3.48,327.85,60.0,2026-08-02T19:42:00Z,VIIRS,,0,,0,0,0,0,0,0,0,0,0,,0,,0,,0,,0,,0,,0
FIRMS_D3E4F65C,23.80479,86.32948,3.03,324.81,60.0,2026-08-02T19:42:00Z,VIIRS,,0,,0,0,0,0,0,0,0,0,0,,0,,0,,0,,0,,0,,0
FIRMS_E718F405,23.82626,84.92207,1.64,296.97,60.0,2026-08-02T19:42:00Z,VIIRS,4890.723287346265,1,oil_well,0,0,1,0,0,0,0,0,0,,0,,0,4890.723287346265,1,,0,,0,,0
FIRMS_D4731C46,17.46558,80.65414,0.71,306.05,60.0,2026-08-02T19:45:00Z,VIIRS,,0,,0,0,0,0,0,0,0,0,0,,0,,0,,0,,0,,0,,0
FIRMS_74FCB9FD,19.09864,82.16866,1.35,302.78,60.0,2026-08-02T19:45:00Z,VIIRS,,0,,0,0,0,0,0,0,0,0,0,,0,,0,,0,,0,,0,,0
FIRMS_19E9FA34,19.09899,82.16546,1.22,306.23,60.0,2026-08-02T19:45:00Z,VIIRS,,0,,0,0,0,0,0,0,0,0,0,,0,,0,,0,,0,,0,,0
FIRMS_FB0A12D7,20.75994,85.29595,1.03,305.51,60.0,2026-08-02T19:45:00Z,VIIRS,,0,,0,0,0,0,0,0,0,0,0,,0,,0,,0,,0,,0,,0
FIRMS_49806C15,20.76046,85.29165,1.03,306.03,60.0,2026-08-02T19:45:00Z,VIIRS,,0,,0,0,0,0,0,0,0,0,0,,0,,0,,0,,0,,0,,0
FIRMS_BFDAEB66,20.78596,85.26057,1.76,314.14,60.0,2026-08-02T19:45:00Z,VIIRS,,0,,0,0,0,0,0,0,0,0,0,,0,,0,,0,,0,,0,,0
FIRMS_AD8A3992,20.79554,85.25333,4.16,323.82,60.0,2026-08-02T19:45:00Z,VIIRS,,0,,0,0,0,0,0,0,0,0,0,,0,,0,,0,,0,,0,,0
FIRMS_C02E2762,20.80839,85.255,1.4,307.23,60.0,2026-08-02T19:45:00Z,VIIRS,,0,,0,0,0,0,0,0,0,0,0,,0,,0,,0,,0,,0,,0
FIRMS_D1F5AA3C,20.95151,86.04935,1.85,317.0,60.0,2026-08-02T19:45:00Z,VIIRS,,0,,0,0,0,0,0,0,0,0,0,,0,,0,,0,,0,,0,,0
FIRMS_77F9E595,20.95197,86.04553,1.85,314.46,60.0,2026-08-02T19:45:00Z,VIIRS,,0,,0,0,0,0,0,0,0,0,0,,0,,0,,0,,0,,0,,0
FIRMS_962B2537,20.96047,85.18936,0.78,303.66,60.0,2026-08-02T19:45:00Z,VIIRS,,0,,0,0,0,0,0,0,0,0,0,,0,,0,,0,,0,,0,,0
FIRMS_488B3F08,20.96097,85.18511,0.78,303.9,60.0,2026-08-02T19:45:00Z,VIIRS,,0,,0,0,0,0,0,0,0,0,0,,0,,0,,0,,0,,0,,0
FIRMS_077264A4,20.96251,85.17209,1.23,310.06,60.0,2026-08-02T19:45:00Z,VIIRS,,0,,0,0,0,0,0,0,0,0,0,,0,,0,,0,,0,,0,,0
FIRMS_D5762C5A,20.96303,85.16774,1.23,308.17,60.0,2026-08-02T19:45:00Z,VIIRS,,0,,0,0,0,0,0,0,0,0,0,,0,,0,,0,,0,,0,,0
FIRMS_10884C5B,20.96354,85.16335,2.28,307.99,60.0,2026-08-02T19:45:00Z,VIIRS,,0,,0,0,0,0,0,0,0,0,0,,0,,0,,0,,0,,0,,0
FIRMS_AEDDF8B5,20.96477,85.18999,0.78,307.17,60.0,2026-08-02T19:45:00Z,VIIRS,,0,,0,0,0,0,0,0,0,0,0,,0,,0,,0,,0,,0,,0
FIRMS_5888E90A,20.96528,85.1857,0.78,301.31,60.0,2026-08-02T19:45:00Z,VIIRS,,0,,0,0,0,0,0,0,0,0,0,,0,,0,,0,,0,,0,,0
FIRMS_E408E031,20.96579,85.18137,1.31,302.44,60.0,2026-08-02T19:45:00Z,VIIRS,,0,,0,0,0,0,0,0,0,0,0,,0,,0,,0,,0,,0,,0
FIRMS_C2E3BC7A,20.96631,85.17702,1.31,300.99,60.0,2026-08-02T19:45:00Z,VIIRS,,0,,0,0,0,0,0,0,0,0,0,,0,,0,,0,,0,,0,,0
FIRMS_79914CFF,20.96683,85.17267,1.23,307.88,60.0,2026-08-02T19:45:00Z,VIIRS,,0,,0,0,0,0,0,0,0,0,0,,0,,0,,0,,0,,0,,0
FIRMS_475329FC,20.96734,85.16828,1.23,310.75,60.0,2026-08-02T19:45:00Z,VIIRS,,0,,0,0,0,0,0,0,0,0,0,,0,,0,,0,,0,,0,,0
FIRMS_976DA52E,20.96753,86.02036,0.77,304.92,60.0,2026-08-02T19:45:00Z,VIIRS,,0,,0,0,0,0,0,0,0,0,0,,0,,0,,0,,0,,0,,0
FIRMS_FF246722,20.96889,85.15518,1.09,300.54,60.0,2026-08-02T19:45:00Z,VIIRS,,0,,0,0,0,0,0,0,0,0,0,,0,,0,,0,,0,,0,,0
FIRMS_B13BF761,20.97062,85.17761,2.46,318.44,60.0,2026-08-02T19:45:00Z,VIIRS,,0,,0,0,0,0,0,0,0,0,0,,0,,0,,0,,0,,0,,0
FIRMS_B090CEA3,20.97114,85.17324,1.07,304.52,60.0,2026-08-02T19:45:00Z,VIIRS,,0,,0,0,0,0,0,0,0,0,0,,0,,0,,0,,0,,0,,0
FIRMS_27E49578,20.97161,86.02093,0.77,304.6,60.0,2026-08-02T19:45:00Z,VIIRS,,0,,0,0,0,0,0,0,0,0,0,,0,,0,,0,,0,,0,,0
FIRMS_223DB68A,20.97545,85.1738,1.07,302.12,60.0,2026-08-02T19:45:00Z,VIIRS,,0,,0,0,0,0,0,0,0,0,0,,0,,0,,0,,0,,0,,0
FIRMS_97DDA495,20.97579,85.13397,1.38,300.2,60.0,2026-08-02T19:45:00Z,VIIRS,,0,,0,0,0,0,0,0,0,0,0,,0,,0,,0,,0,,0,,0
FIRMS_1398EB98,20.97597,85.16943,1.07,303.66,60.0,2026-08-02T19:45:00Z,VIIRS,,0,,0,0,0,0,0,0,0,0,0,,0,,0,,0,,0,,0,,0
FIRMS_4DA1B041,21.00018,86.02511,0.98,306.52,60.0,2026-08-02T19:45:00Z,VIIRS,,0,,0,0,0,0,0,0,0,0,0,,0,,0,,0,,0,,0,,0
FIRMS_899F38D6,15.17672,77.09852,2.62,300.82,60.0,2026-08-02T19:47:00Z,VIIRS,,0,,0,0,0,0,0,0,0,0,0,,0,,0,,0,,0,,0,,0
FIRMS_64A5D2EE,29.45936,76.88863,1.68,301.32,60.0,2026-08-02T21:23:00Z,VIIRS,2215.420137623905,1,oil_refinery,0,0,1,0,0,0,0,0,0,,0,2215.420137623905,1,,0,,0,,0,,0
FIRMS_C996ACC2,29.47635,76.85744,4.23,313.34,60.0,2026-08-02T21:23:00Z,VIIRS,1666.9351956911719,1,oil_refinery,0,0,1,0,0,0,0,0,0,,0,1666.9351956911719,1,,0,,0,,0,,0
FIRMS_C0E9A82C,24.93391,74.63229,0.9,300.31,60.0,2026-08-02T21:25:00Z,VIIRS,,0,,0,0,0,0,0,0,0,0,0,,0,,0,,0,,0,,0,,0
FIRMS_A7402877,29.12459,75.77742,1.38,305.13,60.0,2026-08-04T20:44:00Z,VIIRS,,0,,0,0,0,0,0,0,0,0,0,,0,,0,,0,,0,,0,,0
FIRMS_2D0A339E,20.91014,71.45751,0.51,296.94,60.0,2026-08-04T20:46:00Z,VIIRS,1773.8270966852137,1,power_plant,0,0,1,0,0,0,0,0,0,1773.8270966852137,1,,0,,0,,0,,0,,0
FIRMS_36535160,24.76383,74.6097,1.25,310.94,60.0,2026-08-04T20:46:00Z,VIIRS,,0,,0,0,0,0,0,0,0,0,0,,0,,0,,0,,0,,0,,0
FIRMS_4F530F80,24.9348,74.63297,0.78,303.67,60.0,2026-08-04T20:46:00Z,VIIRS,,0,,0,0,0,0,0,0,0,0,0,,0,,0,,0,,0,,0,,0
FIRMS_AAAA0774,17.95609,80.79395,0.69,298.78,60.0,2026-08-04T20:49:00Z,VIIRS,,0,,0,0,0,0,0,0,0,0,0,,0,,0,,0,,0,,0,,0
FIRMS_D742C318,9.11885,77.59209,11.22,351.96,60.0,2026-08-05T07:56:00Z,VIIRS,,0,,0,0,0,0,0,0,0,0,0,,0,,0,,0,,0,,0,,0
FIRMS_869D3AC2,9.47616,78.53864,4.1,335.0,60.0,2026-08-05T07:56:00Z,VIIRS,,0,,0,0,0,0,0,0,0,0,0,,0,,0,,0,,0,,0,,0
FIRMS_03ABA493,9.49282,78.58743,2.54,338.87,60.0,2026-08-05T07:56:00Z,VIIRS,,0,,0,0,0,0,0,0,0,0,0,,0,,0,,0,,0,,0,,0
FIRMS_5CCD6711,9.56233,77.6048,3.81,340.82,60.0,2026-08-05T07:56:00Z,VIIRS,,0,,0,0,0,0,0,0,0,0,0,,0,,0,,0,,0,,0,,0
FIRMS_4305DF34,9.62131,78.80132,12.57,347.9,60.0,2026-08-05T07:56:00Z,VIIRS,,0,,0,0,0,0,0,0,0,0,0,,0,,0,,0,,0,,0,,0
FIRMS_7DFA41C8,9.62481,78.86961,3.43,338.14,60.0,2026-08-05T07:56:00Z,VIIRS,438.0135822335056,1,oil_well,1,1,1,0,0,1,0,0,0,,0,,0,438.0135822335056,1,,0,,0,,0
FIRMS_2EAC27DE,9.7414,78.95979,1.9,331.18,60.0,2026-08-05T07:56:00Z,VIIRS,,0,,0,0,0,0,0,0,0,0,0,,0,,0,,0,,0,,0,,0
FIRMS_16D26EC3,9.76804,78.0972,2.63,337.65,60.0,2026-08-05T07:56:00Z,VIIRS,,0,,0,0,0,0,0,0,0,0,0,,0,,0,,0,,0,,0,,0
FIRMS_FF6F5E6E,9.87739,78.25546,4.92,330.53,60.0,2026-08-05T07:56:00Z,VIIRS,,0,,0,0,0,0,0,0,0,0,0,,0,,0,,0,,0,,0,,0
FIRMS_6DFA68C6,9.88149,78.25475,5.39,333.28,60.0,2026-08-05T07:56:00Z,VIIRS,,0,,0,0,0,0,0,0,0,0,0,,0,,0,,0,,0,,0,,0
FIRMS_7A27F5F9,9.96715,78.24461,4.27,347.06,60.0,2026-08-05T07:56:00Z,VIIRS,,0,,0,0,0,0,0,0,0,0,0,,0,,0,,0,,0,,0,,0
FIRMS_6DC76A0E,10.0521,77.96274,3.78,331.0,60.0,2026-08-05T07:56:00Z,VIIRS,,0,,0,0,0,0,0,0,0,0,0,,0,,0,,0,,0,,0,,0
FIRMS_3C29FB8C,10.10864,78.09402,3.84,341.61,60.0,2026-08-05T07:56:00Z,VIIRS,,0,,0,0,0,0,0,0,0,0,0,,0,,0,,0,,0,,0,,0
FIRMS_D9A99FDD,10.21352,77.844,4.9,333.73,60.0,2026-08-05T07:56:00Z,VIIRS,,0,,0,0,0,0,0,0,0,0,0,,0,,0,,0,,0,,0,,0
FIRMS_221A0C44,15.49071,76.92935,3.58,334.81,60.0,2026-08-05T07:58:00Z,VIIRS,,0,,0,0,0,0,0,0,0,0,0,,0,,0,,0,,0,,0,,0
FIRMS_15BC9246,26.78024,72.00262,12.75,334.45,60.0,2026-08-05T08:01:00Z,VIIRS,1068.5702521978744,1,solar_plant,0,0,2,0,0,0,0,0,0,,0,,0,,0,,0,,0,1068.5702521978744,1
FIRMS_C8A9C526,27.22297,95.34383,1.02,307.44,60.0,2026-08-05T18:43:00Z,VIIRS,359.3029537373173,1,oil_well,2,2,4,0,0,2,0,0,0,,0,,0,359.3029537373173,1,,0,,0,,0
FIRMS_E2681CB0,27.45947,95.47298,2.65,303.51,60.0,2026-08-05T18:43:00Z,VIIRS,67.98100140177401,1,oil_well,5,19,83,0,0,19,0,0,0,,0,,0,67.98100140177401,1,,0,,0,,0
FIRMS_7B9C175A,27.46189,95.4748,3.71,312.22,60.0,2026-08-05T18:43:00Z,VIIRS,331.78687234086993,1,oil_well,5,19,78,0,0,19,0,0,0,,0,,0,331.78687234086993,1,,0,,0,,0
FIRMS_B1F646CC,23.16576,82.3386,1.42,295.04,60.0,2026-08-05T20:25:00Z,VIIRS,,0,,0,0,0,0,0,0,0,0,0,,0,,0,,0,,0,,0,,0
FIRMS_BB451790,24.7634,74.60711,1.12,303.9,60.0,2026-08-05T20:25:00Z,VIIRS,,0,,0,0,0,0,0,0,0,0,0,,0,,0,,0,,0,,0,,0
FIRMS_B197F2A1,25.54031,91.23436,0.49,296.04,60.0,2026-08-05T20:25:00Z,VIIRS,,0,,0,0,0,0,0,0,0,0,0,,0,,0,,0,,0,,0,,0
FIRMS_645CC718,25.77749,73.70023,1.22,304.82,60.0,2026-08-05T20:25:00Z,VIIRS,,0,,0,0,0,0,0,0,0,0,0,,0,,0,,0,,0,,0,,0
FIRMS_73599828,25.94093,72.19228,7.49,320.34,60.0,2026-08-05T20:25:00Z,VIIRS,,0,,0,0,0,0,0,0,0,0,0,,0,,0,,0,,0,,0,,0
FIRMS_11D841F3,25.94124,72.18885,12.04,367.0,90.0,2026-08-05T20:25:00Z,VIIRS,,0,,0,0,0,0,0,0,0,0,0,,0,,0,,0,,0,,0,,0
FIRMS_E1B1A80E,25.94155,72.18542,12.04,314.83,60.0,2026-08-05T20:25:00Z,VIIRS,,0,,0,0,0,0,0,0,0,0,0,,0,,0,,0,,0,,0,,0
FIRMS_A09FDBE2,25.94612,72.1929,1.39,305.82,60.0,2026-08-05T20:25:00Z,VIIRS,,0,,0,0,0,0,0,0,0,0,0,,0,,0,,0,,0,,0,,0
FIRMS_54666571,25.94643,72.18946,1.02,316.77,60.0,2026-08-05T20:25:00Z,VIIRS,,0,,0,0,0,0,0,0,0,0,0,,0,,0,,0,,0,,0,,0
FIRMS_8B77CCA5,25.94674,72.18602,1.02,304.69,60.0,2026-08-05T20:25:00Z,VIIRS,,0,,0,0,0,0,0,0,0,0,0,,0,,0,,0,,0,,0,,0
FIRMS_9C70FBB0,27.32435,95.27443,1.35,303.53,60.0,2026-08-05T20:25:00Z,VIIRS,248.0624235386427,1,oil_well,6,15,173,0,0,15,0,0,0,,0,,0,248.0624235386427,1,,0,,0,,0
FIRMS_522CB82D,27.37853,95.08959,1.0,304.54,60.0,2026-08-05T20:25:00Z,VIIRS,3.4789176142706952,1,oil_well,6,23,85,0,0,23,0,0,0,3499.5432754780595,1,,0,3.4789176142706952,1,,0,,0,,0
FIRMS_DFE2049E,17.0624,76.98035,0.68,303.77,60.0,2026-08-05T20:27:00Z,VIIRS,,0,,0,0,0,0,0,0,0,0,0,,0,,0,,0,,0,,0,,0
FIRMS_F6BAE9B9,17.14041,77.1832,0.5,297.32,60.0,2026-08-05T20:27:00Z,VIIRS,,0,,0,0,0,0,0,0,0,0,0,,0,,0,,0,,0,,0,,0
FIRMS_2C97101A,21.17995,81.38754,3.08,314.91,60.0,2026-08-05T20:27:00Z,VIIRS,,0,,0,0,0,0,0,0,0,0,0,,0,,0,,0,,0,,0,,0
FIRMS_021E3CB6,21.18328,81.38815,3.08,341.74,60.0,2026-08-05T20:27:00Z,VIIRS,4887.218033158583,1,power_plant,0,0,1,0,0,0,0,0,0,4887.218033158583,1,,0,,0,,0,,0,,0
FIRMS_DB3E1310,22.31735,82.56773,1.29,297.2,60.0,2026-08-05T20:27:00Z,VIIRS,4906.395665990891,1,power_plant,0,0,1,0,0,0,0,0,0,4906.395665990891,1,,0,,0,,0,,0,,0
FIRMS_36960E21,22.31869,82.55992,1.6,309.2,60.0,2026-08-05T20:27:00Z,VIIRS,4288.834720502921,1,power_plant,0,0,1,0,0,0,0,0,0,4288.834720502921,1,,0,,0,,0,,0,,0
FIRMS_C4CE004E,22.3214,82.56449,1.35,300.88,60.0,2026-08-05T20:27:00Z,VIIRS,4847.107847245312,1,power_plant,0,0,1,0,0,0,0,0,0,4847.107847245312,1,,0,,0,,0,,0,,0
FIRMS_2214ABF2,9.89198,78.10873,0.85,310.02,60.0,2026-08-05T20:29:00Z,VIIRS,,0,,0,0,0,0,0,0,0,0,0,,0,,0,,0,,0,,0,,0
FIRMS_113A0B3F,11.18289,79.10062,0.72,301.17,60.0,2026-08-05T20:29:00Z,VIIRS,4946.69442796485,1,oil_well,0,0,1,0,0,0,0,0,0,,0,,0,4946.69442796485,1,,0,,0,,0
FIRMS_28ABF1BB,11.77638,78.05933,2.18,315.9,60.0,2026-08-05T20:29:00Z,VIIRS,,0,,0,0,0,0,0,0,0,0,0,,0,,0,,0,,0,,0,,0
FIRMS_331CE3B5,12.60402,77.88007,0.7,300.19,60.0,2026-08-05T20:29:00Z,VIIRS,,0,,0,0,0,0,0,0,0,0,0,,0,,0,,0,,0,,0,,0
FIRMS_08030B3B,14.24024,76.98493,0.42,300.74,60.0,2026-08-05T20:29:00Z,VIIRS,,0,,0,0,0,0,0,0,0,0,0,,0,,0,,0,,0,,0,,0
FIRMS_E02BF2CE,14.29144,77.75444,0.59,308.0,60.0,2026-08-05T20:29:00Z,VIIRS,,0,,0,0,0,0,0,0,0,0,0,,0,,0,,0,,0,,0,,0
FIRMS_5E3DF271,14.29199,77.75083,0.67,302.26,60.0,2026-08-05T20:29:00Z,VIIRS,,0,,0,0,0,0,0,0,0,0,0,,0,,0,,0,,0,,0,,0
FIRMS_48D2D1CF,15.02261,78.01593,0.46,298.12,60.0,2026-08-05T20:29:00Z,VIIRS,,0,,0,0,0,0,0,0,0,0,0,,0,,0,,0,,0,,0,,0
FIRMS_050A3699,15.16628,76.67182,0.73,301.27,60.0,2026-08-05T20:29:00Z,VIIRS,,0,,0,0,0,0,0,0,0,0,0,,0,,0,,0,,0,,0,,0
FIRMS_7CE55ECD,15.17377,76.69308,1.07,311.01,60.0,2026-08-05T20:29:00Z,VIIRS,3564.594471911871,1,power_plant,0,0,3,0,0,0,0,0,0,3564.594471911871,1,,0,,0,,0,,0,,0
FIRMS_12A3CCF0,15.17558,76.6571,2.48,330.04,60.0,2026-08-05T20:29:00Z,VIIRS,,0,,0,0,0,0,0,0,0,0,0,,0,,0,,0,,0,,0,,0
FIRMS_94D6FDFC,15.17612,76.67731,1.75,304.33,60.0,2026-08-05T20:29:00Z,VIIRS,4909.739360710319,1,power_plant,0,0,3,0,0,0,0,0,0,4909.739360710319,1,,0,,0,,0,,0,,0
FIRMS_F2A4807D,15.17617,76.65316,2.48,304.09,60.0,2026-08-05T20:29:00Z,VIIRS,,0,,0,0,0,0,0,0,0,0,0,,0,,0,,0,,0,,0,,0
FIRMS_19B809BE,15.18018,76.67391,2.31,303.23,60.0,2026-08-05T20:29:00Z,VIIRS,,0,,0,0,0,0,0,0,0,0,0,,0,,0,,0,,0,,0,,0
FIRMS_EF5895CD,15.18135,76.66604,5.17,335.98,60.0,2026-08-05T20:29:00Z,VIIRS,,0,,0,0,0,0,0,0,0,0,0,,0,,0,,0,,0,,0,,0
FIRMS_BB94E13A,15.33476,76.28623,1.11,306.4,60.0,2026-08-05T20:29:00Z,VIIRS,,0,,0,0,0,0,0,0,0,0,0,,0,,0,,0,,0,,0,,0
FIRMS_85311F6E,8.86704,78.12225,2.03,306.96,60.0,2026-08-05T20:32:00Z,VIIRS,,0,,0,0,0,0,0,0,0,0,0,,0,,0,,0,,0,,0,,0
FIRMS_CB183ED7,9.46912,78.57309,0.87,305.76,60.0,2026-08-05T20:32:00Z,VIIRS,,0,,0,0,0,0,0,0,0,0,0,,0,,0,,0,,0,,0,,0
FIRMS_D2041BA7,9.47245,78.57364,0.8,305.05,60.0,2026-08-05T20:32:00Z,VIIRS,,0,,0,0,0,0,0,0,0,0,0,,0,,0,,0,,0,,0,,0
FIRMS_3568A85A,27.69931,96.24134,3.33,335.86,60.0,2026-08-06T05:59:00Z,VIIRS,,0,,0,0,0,0,0,0,0,0,0,,0,,0,,0,,0,,0,,0
FIRMS_7B5C64B9,21.24483,79.22414,0.56,299.94,60.0,2026-08-06T20:08:00Z,VIIRS,,0,,0,0,0,0,0,0,0,0,0,,0,,0,,0,,0,,0,,0
FIRMS_B6EF1BB1,22.0551,85.4648,1.0,302.09,60.0,2026-08-06T20:08:00Z,VIIRS,,0,,0,0,0,0,0,0,0,0,0,,0,,0,,0,,0,,0,,0
FIRMS_4B654B0A,22.21637,84.86812,0.92,295.01,60.0,2026-08-06T20:08:00Z,VIIRS,,0,,0,0,0,0,0,0,0,0,0,,0,,0,,0,,0,,0,,0
FIRMS_DDAA6AC3,22.36406,87.0181,1.19,305.66,60.0,2026-08-06T20:08:00Z,VIIRS,,0,,0,0,0,0,0,0,0,0,0,,0,,0,,0,,0,,0,,0
FIRMS_E029B06D,22.36742,87.01875,1.19,308.89,60.0,2026-08-06T20:08:00Z,VIIRS,,0,,0,0,0,0,0,0,0,0,0,,0,,0,,0,,0,,0,,0
FIRMS_E936D94B,23.61129,87.14533,2.72,306.73,60.0,2026-08-06T20:08:00Z,VIIRS,,0,,0,0,0,0,0,0,0,0,0,,0,,0,,0,,0,,0,,0
FIRMS_EC41A860,23.61498,86.79118,2.43,310.4,60.0,2026-08-06T20:08:00Z,VIIRS,,0,,0,0,0,0,0,0,0,0,0,,0,,0,,0,,0,,0,,0
FIRMS_E6C2BFC1,23.61562,86.78735,2.08,304.7,60.0,2026-08-06T20:08:00Z,VIIRS,,0,,0,0,0,0,0,0,0,0,0,,0,,0,,0,,0,,0,,0
FIRMS_3E28D28C,23.77308,86.19608,2.31,314.75,60.0,2026-08-06T20:08:00Z,VIIRS,,0,,0,0,0,0,0,0,0,0,0,,0,,0,,0,,0,,0,,0
FIRMS_C9CBE763,23.77788,86.20856,1.73,303.27,60.0,2026-08-06T20:08:00Z,VIIRS,,0,,0,0,0,0,0,0,0,0,0,,0,,0,,0,,0,,0,,0
FIRMS_7961CE63,23.77868,86.3903,2.92,303.41,60.0,2026-08-06T20:08:00Z,VIIRS,,0,,0,0,0,0,0,0,0,0,0,,0,,0,,0,,0,,0,,0
FIRMS_6B34C5B5,23.78112,86.37527,2.52,305.55,60.0,2026-08-06T20:08:00Z,VIIRS,,0,,0,0,0,0,0,0,0,0,0,,0,,0,,0,,0,,0,,0
FIRMS_6DB4D9C1,23.78118,86.20918,1.64,306.17,60.0,2026-08-06T20:08:00Z,VIIRS,,0,,0,0,0,0,0,0,0,0,0,,0,,0,,0,,0,,0,,0
FIRMS_BE208D88,23.79362,86.2345,1.82,308.3,60.0,2026-08-06T20:08:00Z,VIIRS,,0,,0,0,0,0,0,0,0,0,0,,0,,0,,0,,0,,0,,0
FIRMS_B38C7B26,25.03371,87.36905,3.41,316.86,60.0,2026-08-06T20:08:00Z,VIIRS,,0,,0,0,0,0,0,0,0,0,0,,0,,0,,0,,0,,0,,0
FIRMS_C7D6132D,25.03714,87.38972,2.13,307.8,60.0,2026-08-06T20:08:00Z,VIIRS,,0,,0,0,0,0,0,0,0,0,0,,0,,0,,0,,0,,0,,0
FIRMS_F508969D,25.4376,86.06772,1.96,310.53,60.0,2026-08-06T20:08:00Z,VIIRS,1289.9740447225984,1,oil_refinery,0,0,1,0,0,0,0,0,0,,0,1289.9740447225984,1,,0,,0,,0,,0
FIRMS_2999635C,25.94364,72.19364,2.7,327.35,60.0,2026-08-06T21:48:00Z,VIIRS,,0,,0,0,0,0,0,0,0,0,0,,0,,0,,0,,0,,0,,0
FIRMS_9FBF9048,24.11555,86.86207,1.11,303.43,60.0,2026-08-07T19:47:00Z,VIIRS,,0,,0,0,0,0,0,0,0,0,0,,0,,0,,0,,0,,0,,0
FIRMS_F12020B9,24.11618,86.85732,1.11,305.24,60.0,2026-08-07T19:47:00Z,VIIRS,,0,,0,0,0,0,0,0,0,0,0,,0,,0,,0,,0,,0,,0
FIRMS_499E1A62,25.03565,87.36957,1.86,306.65,60.0,2026-08-07T19:47:00Z,VIIRS,,0,,0,0,0,0,0,0,0,0,0,,0,,0,,0,,0,,0,,0
FIRMS_268FBDD8,25.43726,86.06737,1.08,310.9,60.0,2026-08-07T19:47:00Z,VIIRS,1241.2610057277939,1,oil_refinery,0,0,1,0,0,0,0,0,0,,0,1241.2610057277939,1,,0,,0,,0,,0
FIRMS_1F96133A,26.64386,79.47507,2.77,295.42,60.0,2026-08-07T19:47:00Z,VIIRS,,0,,0,0,0,0,0,0,0,0,0,,0,,0,,0,,0,,0,,0
FIRMS_7C58430D,23.6634,84.99857,1.32,303.84,60.0,2026-08-07T19:49:00Z,VIIRS,,0,,0,0,0,0,0,0,0,0,0,,0,,0,,0,,0,,0,,0
FIRMS_1584BB8B,23.66748,84.99914,1.32,300.96,60.0,2026-08-07T19:49:00Z,VIIRS,,0,,0,0,0,0,0,0,0,0,0,,0,,0,,0,,0,,0,,0
FIRMS_524C0AE6,23.66795,86.93554,2.06,298.17,60.0,2026-08-07T19:49:00Z,VIIRS,1905.1520457800373,1,oil_well,0,0,69,0,0,0,0,0,0,,0,,0,1905.1520457800373,1,,0,,0,,0
FIRMS_E8379FA2,23.67205,84.99582,1.86,300.43,60.0,2026-08-07T19:49:00Z,VIIRS,,0,,0,0,0,0,0,0,0,0,0,,0,,0,,0,,0,,0,,0
FIRMS_E35A765A,23.67646,86.39635,2.02,306.18,60.0,2026-08-07T19:49:00Z,VIIRS,2263.2658593881297,1,oil_well,0,0,2,0,0,0,0,0,0,,0,,0,2263.2658593881297,1,,0,,0,,0
FIRMS_2D56B37B,23.68022,86.39696,2.02,309.59,60.0,2026-08-07T19:49:00Z,VIIRS,2624.958566489451,1,oil_well,0,0,5,0,0,0,0,0,0,,0,,0,2624.958566489451,1,,0,,0,,0
FIRMS_CE500E64,23.68087,86.39198,3.06,302.45,60.0,2026-08-07T19:49:00Z,VIIRS,2418.2670647361438,1,oil_well,0,0,11,0,0,0,0,0,0,,0,,0,2418.2670647361438,1,,0,,0,,0
FIRMS_7A6B1470,23.68398,86.39757,2.63,306.33,60.0,2026-08-07T19:49:00Z,VIIRS,3002.6245172226995,1,oil_well,0,0,5,0,0,0,0,0,0,,0,,0,3002.6245172226995,1,,0,,0,,0
FIRMS_A9A591A1,23.68464,86.39258,1.83,321.46,60.0,2026-08-07T19:49:00Z,VIIRS,2823.8718667518474,1,oil_well,0,0,12,0,0,0,0,0,0,,0,,0,2823.8718667518474,1,,0,,0,,0
FIRMS_9EC5C567,23.6884,86.39319,1.83,301.71,60.0,2026-08-07T19:49:00Z,VIIRS,2746.6388704409105,1,oil_well,0,0,12,0,0,0,0,0,0,,0,,0,2746.6388704409105,1,,0,,0,,0
FIRMS_904C40DF,23.68906,86.38818,1.83,303.34,60.0,2026-08-07T19:49:00Z,VIIRS,2289.668895117235,1,oil_well,0,0,13,0,0,0,0,0,0,,0,,0,2289.668895117235,1,,0,,0,,0
FIRMS_A2297C05,23.69792,85.28923,1.32,300.5,60.0,2026-08-07T19:49:00Z,VIIRS,1986.5641022797613,1,oil_well,0,0,7,0,0,0,0,0,0,,0,,0,1986.5641022797613,1,,0,,0,,0
FIRMS_05539EB9,23.72468,86.44123,1.72,304.22,60.0,2026-08-07T19:49:00Z,VIIRS,,0,,0,0,0,0,0,0,0,0,0,,0,,0,,0,,0,,0,,0
FIRMS_E5B056EA,23.73722,86.43314,6.64,329.09,60.0,2026-08-07T19:49:00Z,VIIRS,,0,,0,0,0,0,0,0,0,0,0,,0,,0,,0,,0,,0,,0
FIRMS_D79410F8,23.73785,86.4282,2.55,306.48,60.0,2026-08-07T19:49:00Z,VIIRS,,0,,0,0,0,0,0,0,0,0,0,,0,,0,,0,,0,,0,,0
FIRMS_4BAAB74F,23.74098,86.43374,1.96,302.97,60.0,2026-08-07T19:49:00Z,VIIRS,,0,,0,0,0,0,0,0,0,0,0,,0,,0,,0,,0,,0,,0
FIRMS_AFE57CDB,23.75105,86.41519,3.62,307.74,60.0,2026-08-07T19:49:00Z,VIIRS,,0,,0,0,0,0,0,0,0,0,0,,0,,0,,0,,0,,0,,0
FIRMS_5FF221C8,23.76051,86.40147,3.28,320.14,60.0,2026-08-07T19:49:00Z,VIIRS,,0,,0,0,0,0,0,0,0,0,0,,0,,0,,0,,0,,0,,0
FIRMS_0C94581B,23.76362,86.40708,2.78,304.9,60.0,2026-08-07T19:49:00Z,VIIRS,,0,,0,0,0,0,0,0,0,0,0,,0,,0,,0,,0,,0,,0
FIRMS_F58E6FFA,23.76427,86.40208,3.28,313.91,60.0,2026-08-07T19:49:00Z,VIIRS,,0,,0,0,0,0,0,0,0,0,0,,0,,0,,0,,0,,0,,0
FIRMS_37AD2160,23.76556,86.39212,2.54,306.89,60.0,2026-08-07T19:49:00Z,VIIRS,,0,,0,0,0,0,0,0,0,0,0,,0,,0,,0,,0,,0,,0
FIRMS_B724E5BB,23.76739,86.40766,2.25,303.61,60.0,2026-08-07T19:49:00Z,VIIRS,,0,,0,0,0,0,0,0,0,0,0,,0,,0,,0,,0,,0,,0
FIRMS_48E3D692,23.76804,86.40265,5.76,326.74,60.0,2026-08-07T19:49:00Z,VIIRS,,0,,0,0,0,0,0,0,0,0,0,,0,,0,,0,,0,,0,,0
FIRMS_1E965AFB,27.46227,95.47478,1.22,297.33,60.0,2026-08-07T19:49:00Z,VIIRS,339.7407605031956,1,oil_well,5,20,78,0,0,20,0,0,0,,0,,0,339.7407605031956,1,,0,,0,,0
FIRMS_D7A0FDBF,23.76534,86.40513,6.4,331.15,60.0,2026-08-08T07:01:00Z,VIIRS,,0,,0,0,0,0,0,0,0,0,0,,0,,0,,0,,0,,0,,0
FIRMS_85E0C208,9.75537,77.6293,10.98,367.0,90.0,2026-08-08T08:39:00Z,VIIRS,,0,,0,0,0,0,0,0,0,0,0,,0,,0,,0,,0,,0,,0
FIRMS_446DE94F,9.77946,77.68204,2.63,333.54,60.0,2026-08-08T08:39:00Z,VIIRS,,0,,0,0,0,0,0,0,0,0,0,,0,,0,,0,,0,,0,,0
FIRMS_BA6DD7E6,22.60662,70.24954,2.24,331.84,60.0,2026-08-08T08:43:00Z,VIIRS,,0,,0,0,0,0,0,0,0,0,0,,0,,0,,0,,0,,0,,0
FIRMS_D7A28D94,24.32291,72.46162,4.09,332.77,60.0,2026-08-08T08:43:00Z,VIIRS,,0,,0,0,0,0,0,0,0,0,0,,0,,0,,0,,0,,0,,0
FIRMS_CD654EFF,23.5617,87.08315,4.17,310.49,60.0,2026-08-08T19:30:00Z,VIIRS,,0,,0,0,0,0,0,0,0,0,0,,0,,0,,0,,0,,0,,0
FIRMS_4B8BE974,23.56486,87.08422,2.6,305.78,60.0,2026-08-08T19:30:00Z,VIIRS,,0,,0,0,0,0,0,0,0,0,0,,0,,0,,0,,0,,0,,0
FIRMS_671B4061,23.75794,86.39742,0.97,301.47,60.0,2026-08-08T19:30:00Z,VIIRS,,0,,0,0,0,0,0,0,0,0,0,,0,,0,,0,,0,,0,,0
FIRMS_88EAF758,23.75988,86.39985,0.91,304.81,60.0,2026-08-08T19:30:00Z,VIIRS,,0,,0,0,0,0,0,0,0,0,0,,0,,0,,0,,0,,0,,0
FIRMS_92F647B1,23.76022,86.39659,1.08,304.41,60.0,2026-08-08T19:30:00Z,VIIRS,,0,,0,0,0,0,0,0,0,0,0,,0,,0,,0,,0,,0,,0
FIRMS_C30128E0,23.76302,86.39813,0.97,306.55,60.0,2026-08-08T19:30:00Z,VIIRS,,0,,0,0,0,0,0,0,0,0,0,,0,,0,,0,,0,,0,,0
FIRMS_22980A81,23.76778,86.40202,0.29,301.64,60.0,2026-08-08T19:30:00Z,VIIRS,,0,,0,0,0,0,0,0,0,0,0,,0,,0,,0,,0,,0,,0
FIRMS_8B5C7680,23.7681,86.39877,0.92,303.31,60.0,2026-08-08T19:30:00Z,VIIRS,,0,,0,0,0,0,0,0,0,0,0,,0,,0,,0,,0,,0,,0
FIRMS_4CD8851A,23.77151,86.3633,1.41,304.89,60.0,2026-08-08T19:30:00Z,VIIRS,,0,,0,0,0,0,0,0,0,0,0,,0,,0,,0,,0,,0,,0
FIRMS_4710FA0E,23.77661,86.36392,1.41,319.54,60.0,2026-08-08T19:30:00Z,VIIRS,,0,,0,0,0,0,0,0,0,0,0,,0,,0,,0,,0,,0,,0
FIRMS_FE947256,23.77692,86.36066,2.79,303.77,60.0,2026-08-08T19:30:00Z,VIIRS,,0,,0,0,0,0,0,0,0,0,0,,0,,0,,0,,0,,0,,0
FIRMS_1F3834E0,23.77917,86.39056,1.43,311.63,60.0,2026-08-08T19:30:00Z,VIIRS,,0,,0,0,0,0,0,0,0,0,0,,0,,0,,0,,0,,0,,0
FIRMS_31054B97,23.77949,86.38737,3.29,321.08,60.0,2026-08-08T19:30:00Z,VIIRS,,0,,0,0,0,0,0,0,0,0,0,,0,,0,,0,,0,,0,,0
FIRMS_DA443753,23.78107,86.37106,0.81,303.3,60.0,2026-08-08T19:30:00Z,VIIRS,,0,,0,0,0,0,0,0,0,0,0,,0,,0,,0,,0,,0,,0
FIRMS_BBE296FF,23.79314,86.35291,0.87,303.24,60.0,2026-08-08T19:30:00Z,VIIRS,,0,,0,0,0,0,0,0,0,0,0,,0,,0,,0,,0,,0,,0
FIRMS_60DEF21A,23.79824,86.35355,0.87,306.5,60.0,2026-08-08T19:30:00Z,VIIRS,,0,,0,0,0,0,0,0,0,0,0,,0,,0,,0,,0,,0,,0
FIRMS_1267EF22,23.79856,86.35028,1.95,327.19,60.0,2026-08-08T19:30:00Z,VIIRS,,0,,0,0,0,0,0,0,0,0,0,,0,,0,,0,,0,,0,,0
FIRMS_24E0B8C6,23.79887,86.34701,1.95,303.72,60.0,2026-08-08T19:30:00Z,VIIRS,,0,,0,0,0,0,0,0,0,0,0,,0,,0,,0,,0,,0,,0
FIRMS_FB4A2EF1,23.80587,86.32827,1.03,309.0,60.0,2026-08-08T19:30:00Z,VIIRS,,0,,0,0,0,0,0,0,0,0,0,,0,,0,,0,,0,,0,,0
FIRMS_CD003298,20.78619,85.2653,0.68,300.75,60.0,2026-08-08T19:32:00Z,VIIRS,,0,,0,0,0,0,0,0,0,0,0,,0,,0,,0,,0,,0,,0
FIRMS_03BE02E8,20.78667,85.26571,0.61,302.89,60.0,2026-08-08T19:32:00Z,VIIRS,,0,,0,0,0,0,0,0,0,0,0,,0,,0,,0,,0,,0,,0
FIRMS_A7B7D229,20.78687,85.25846,1.2,308.31,60.0,2026-08-08T19:32:00Z,VIIRS,,0,,0,0,0,0,0,0,0,0,0,,0,,0,,0,,0,,0,,0
FIRMS_A73C2F60,20.78739,85.2589,1.2,310.55,60.0,2026-08-08T19:32:00Z,VIIRS,,0,,0,0,0,0,0,0,0,0,0,,0,,0,,0,,0,,0,,0
FIRMS_A005A762,20.80865,85.25416,1.39,305.48,60.0,2026-08-08T19:32:00Z,VIIRS,,0,,0,0,0,0,0,0,0,0,0,,0,,0,,0,,0,,0,,0
FIRMS_2522482F,20.9495,86.05014,2.05,302.74,60.0,2026-08-08T19:32:00Z,VIIRS,,0,,0,0,0,0,0,0,0,0,0,,0,,0,,0,,0,,0,,0
FIRMS_A258FE3C,20.95013,86.04408,2.05,306.58,60.0,2026-08-08T19:32:00Z,VIIRS,,0,,0,0,0,0,0,0,0,0,0,,0,,0,,0,,0,,0,,0
FIRMS_13987A39,20.9638,85.18809,1.05,307.75,60.0,2026-08-08T19:32:00Z,VIIRS,,0,,0,0,0,0,0,0,0,0,0,,0,,0,,0,,0,,0,,0
FIRMS_EAB4427A,20.96416,85.18463,0.65,302.01,60.0,2026-08-08T19:32:00Z,VIIRS,,0,,0,0,0,0,0,0,0,0,0,,0,,0,,0,,0,,0,,0
FIRMS_5D905DF1,20.96451,85.18114,0.65,301.1,60.0,2026-08-08T19:32:00Z,VIIRS,,0,,0,0,0,0,0,0,0,0,0,,0,,0,,0,,0,,0,,0
FIRMS_B273CEFF,20.96523,85.17413,0.74,306.67,60.0,2026-08-08T19:32:00Z,VIIRS,,0,,0,0,0,0,0,0,0,0,0,,0,,0,,0,,0,,0,,0
FIRMS_F819FDF3,20.96631,85.1635,1.02,301.58,60.0,2026-08-08T19:32:00Z,VIIRS,,0,,0,0,0,0,0,0,0,0,0,,0,,0,,0,,0,,0,,0
FIRMS_4673D675,20.97019,85.17823,0.74,302.29,60.0,2026-08-08T19:32:00Z,VIIRS,,0,,0,0,0,0,0,0,0,0,0,,0,,0,,0,,0,,0,,0
FIRMS_83627F2E,20.97055,85.1747,0.74,306.8,60.0,2026-08-08T19:32:00Z,VIIRS,,0,,0,0,0,0,0,0,0,0,0,,0,,0,,0,,0,,0,,0
FIRMS_D138020A,20.97623,85.17174,0.86,302.12,60.0,2026-08-08T19:32:00Z,VIIRS,,0,,0,0,0,0,0,0,0,0,0,,0,,0,,0,,0,,0,,0
FIRMS_D5A8FE5B,20.98516,85.13718,1.21,301.48,60.0,2026-08-08T19:32:00Z,VIIRS,,0,,0,0,0,0,0,0,0,0,0,,0,,0,,0,,0,,0,,0
FIRMS_8D0844E4,21.07961,85.03843,1.56,302.21,60.0,2026-08-08T19:32:00Z,VIIRS,4145.789152639243,1,power_plant,0,0,2,0,0,0,0,0,0,4145.789152639243,1,,0,,0,,0,,0,,0
FIRMS_6E29A85F,26.64085,79.47772,0.85,304.21,60.0,2026-08-08T21:10:00Z,VIIRS,,0,,0,0,0,0,0,0,0,0,0,,0,,0,,0,,0,,0,,0
FIRMS_C6EA18C9,26.6441,79.47943,1.11,302.9,60.0,2026-08-08T21:10:00Z,VIIRS,,0,,0,0,0,0,0,0,0,0,0,,0,,0,,0,,0,,0,,0
FIRMS_13321819,27.08046,73.81846,3.01,306.16,60.0,2026-08-08T21:10:00Z,VIIRS,,0,,0,0,0,0,0,0,0,0,0,,0,,0,,0,,0,,0,,0
FIRMS_46C83C44,27.2877,73.83897,1.52,306.61,60.0,2026-08-08T21:10:00Z,VIIRS,,0,,0,0,0,0,0,0,0,0,0,,0,,0,,0,,0,,0,,0
FIRMS_8D038CDC,27.66929,76.13332,1.49,305.1,60.0,2026-08-08T21:10:00Z,VIIRS,,0,,0,0,0,0,0,0,0,0,0,,0,,0,,0,,0,,0,,0
FIRMS_B08E3F74,18.9562,73.94472,1.22,306.32,60.0,2026-08-08T21:12:00Z,VIIRS,,0,,0,0,0,0,0,0,0,0,0,,0,,0,,0,,0,,0,,0
FIRMS_1CBD1695,20.90929,71.46087,2.48,308.1,60.0,2026-08-08T21:12:00Z,VIIRS,1476.4005103657698,1,power_plant,0,0,1,0,0,0,0,0,0,1476.4005103657698,1,,0,,0,,0,,0,,0
FIRMS_5EC00F55,22.93194,69.69582,1.91,309.33,60.0,2026-08-08T21:12:00Z,VIIRS,,0,,0,0,0,0,0,0,0,0,0,,0,,0,,0,,0,,0,,0
FIRMS_C1B5E697,22.93406,69.70388,1.88,308.32,60.0,2026-08-08T21:12:00Z,VIIRS,,0,,0,0,0,0,0,0,0,0,0,,0,,0,,0,,0,,0,,0
FIRMS_99A183A5,22.93524,69.69643,1.91,319.89,60.0,2026-08-08T21:12:00Z,VIIRS,,0,,0,0,0,0,0,0,0,0,0,,0,,0,,0,,0,,0,,0
FIRMS_F242B707,23.26628,70.25836,1.92,317.52,60.0,2026-08-08T21:12:00Z,VIIRS,,0,,0,0,0,0,0,0,0,0,0,,0,,0,,0,,0,,0,,0
FIRMS_5CB3D517,23.49982,68.57675,1.69,307.53,60.0,2026-08-08T21:12:00Z,VIIRS,,0,,0,0,0,0,0,0,0,0,0,,0,,0,,0,,0,,0,,0
FIRMS_619A7CD3,9.75953,77.62386,0.89,309.37,60.0,2026-08-08T21:14:00Z,VIIRS,,0,,0,0,0,0,0,0,0,0,0,,0,,0,,0,,0,,0,,0
FIRMS_C958350A,14.93187,78.341,0.4,300.72,60.0,2026-08-08T21:14:00Z,VIIRS,,0,,0,0,0,0,0,0,0,0,0,,0,,0,,0,,0,,0,,0
FIRMS_2F2FEBD0,15.1377,76.70893,0.29,295.3,60.0,2026-08-08T21:14:00Z,VIIRS,,0,,0,0,0,0,0,0,0,0,0,,0,,0,,0,,0,,0,,0
FIRMS_2D2FC069,15.17642,76.65977,0.77,295.23,60.0,2026-08-08T21:14:00Z,VIIRS,,0,,0,0,0,0,0,0,0,0,0,,0,,0,,0,,0,,0,,0
FIRMS_EDE76693,15.17704,76.6567,0.77,307.58,60.0,2026-08-08T21:14:00Z,VIIRS,,0,,0,0,0,0,0,0,0,0,0,,0,,0,,0,,0,,0,,0
FIRMS_1C9D04AB,15.17765,76.65363,1.77,315.04,60.0,2026-08-08T21:14:00Z,VIIRS,,0,,0,0,0,0,0,0,0,0,0,,0,,0,,0,,0,,0,,0
FIRMS_1917D3C2,15.17838,76.67624,1.0,301.88,60.0,2026-08-08T21:14:00Z,VIIRS,4926.138956300974,1,power_plant,0,0,3,0,0,0,0,0,0,4926.138956300974,1,,0,,0,,0,,0,,0
FIRMS_C7172FBA,15.18023,76.66703,0.53,301.02,60.0,2026-08-08T21:14:00Z,VIIRS,,0,,0,0,0,0,0,0,0,0,0,,0,,0,,0,,0,,0,,0
FIRMS_F7F684C5,15.18526,76.66817,0.53,296.14,60.0,2026-08-08T21:14:00Z,VIIRS,,0,,0,0,0,0,0,0,0,0,0,,0,,0,,0,,0,,0,,0
FIRMS_F2752458,15.33485,76.28472,0.68,298.31,60.0,2026-08-08T21:14:00Z,VIIRS,,0,,0,0,0,0,0,0,0,0,0,,0,,0,,0,,0,,0,,0
FIRMS_56CE61B2,16.6483,74.31618,0.58,296.42,60.0,2026-08-08T21:14:00Z,VIIRS,,0,,0,0,0,0,0,0,0,0,0,,0,,0,,0,,0,,0,,0
FIRMS_D9384C9E,27.95665,95.6004,9.26,329.31,30.0,2026-08-09T06:44:00Z,VIIRS,,0,,0,0,0,0,0,0,0,0,0,,0,,0,,0,,0,,0,,0
FIRMS_19A4E7A0,8.89835,78.04342,1.95,335.75,60.0,2026-08-09T08:20:00Z,VIIRS,,0,,0,0,0,0,0,0,0,0,0,,0,,0,,0,,0,,0,,0
FIRMS_941B9D19,8.90778,77.70798,1.5,331.91,60.0,2026-08-09T08:20:00Z,VIIRS,,0,,0,0,0,0,0,0,0,0,0,,0,,0,,0,,0,,0,,0
FIRMS_971CAB33,9.23388,78.68824,2.14,333.0,60.0,2026-08-09T08:20:00Z,VIIRS,4474.223018850897,1,oil_well,0,0,1,0,0,0,0,0,0,,0,,0,4474.223018850897,1,,0,,0,,0
FIRMS_680FE848,9.23726,78.68773,2.14,340.37,60.0,2026-08-09T08:20:00Z,VIIRS,4551.979186347105,1,oil_well,0,0,1,0,0,0,0,0,0,,0,,0,4551.979186347105,1,,0,,0,,0
FIRMS_B3DBD94A,9.25581,78.76631,2.38,338.32,60.0,2026-08-09T08:20:00Z,VIIRS,2070.624413320308,1,oil_well,0,0,5,0,0,0,0,0,0,,0,,0,2070.624413320308,1,,0,,0,,0
FIRMS_DF4C99EB,9.25919,78.76579,1.43,331.52,60.0,2026-08-09T08:20:00Z,VIIRS,1856.860376262625,1,oil_well,0,0,6,0,0,0,0,0,0,,0,,0,1856.860376262625,1,,0,,0,,0
FIRMS_E6040070,9.27793,79.12687,6.85,335.7,60.0,2026-08-09T08:20:00Z,VIIRS,14.825522312991351,1,oil_well,1,1,1,0,0,1,0,0,0,,0,,0,14.825522312991351,1,,0,,0,,0
FIRMS_20F41399,9.30707,78.76228,1.64,334.15,60.0,2026-08-09T08:20:00Z,VIIRS,1753.712587345381,1,oil_well,0,0,2,0,0,0,0,0,0,,0,,0,1753.712587345381,1,,0,,0,,0
FIRMS_2D2279C3,9.40249,77.86951,8.77,344.04,60.0,2026-08-09T08:20:00Z,VIIRS,,0,,0,0,0,0,0,0,0,0,0,,0,,0,,0,,0,,0,,0
FIRMS_89CEDEE8,9.50695,78.22846,7.49,338.61,60.0,2026-08-09T08:20:00Z,VIIRS,,0,,0,0,0,0,0,0,0,0,0,,0,,0,,0,,0,,0,,0
FIRMS_04626EB1,9.55556,77.81236,12.87,341.93,60.0,2026-08-09T08:20:00Z,VIIRS,,0,,0,0,0,0,0,0,0,0,0,,0,,0,,0,,0,,0,,0
FIRMS_D0DFA516,9.65162,78.06435,3.22,337.75,60.0,2026-08-09T08:20:00Z,VIIRS,,0,,0,0,0,0,0,0,0,0,0,,0,,0,,0,,0,,0,,0
FIRMS_47CED587,9.80894,78.38943,2.49,336.39,60.0,2026-08-09T08:20:00Z,VIIRS,,0,,0,0,0,0,0,0,0,0,0,,0,,0,,0,,0,,0,,0
FIRMS_F76E0BA7,9.83043,78.55554,1.93,330.15,60.0,2026-08-09T08:20:00Z,VIIRS,4416.208317712463,1,ethanol_plant,0,0,1,0,0,0,0,0,0,,0,,0,,0,4416.208317712463,1,,0,,0
FIRMS_D20B6D64,9.88524,78.29355,19.84,335.89,60.0,2026-08-09T08:20:00Z,VIIRS,,0,,0,0,0,0,0,0,0,0,0,,0,,0,,0,,0,,0,,0
FIRMS_773055DC,9.88578,78.29712,19.84,347.52,60.0,2026-08-09T08:20:00Z,VIIRS,,0,,0,0,0,0,0,0,0,0,0,,0,,0,,0,,0,,0,,0
FIRMS_4D266828,10.70734,79.56654,16.49,347.98,60.0,2026-08-09T08:20:00Z,VIIRS,1164.1858791583995,1,oil_well,0,0,23,0,0,0,0,0,0,,0,,0,1164.1858791583995,1,,0,,0,,0
FIRMS_2154F6D1,10.8716,79.0443,10.47,352.09,60.0,2026-08-09T08:20:00Z,VIIRS,,0,,0,0,0,0,0,0,0,0,0,,0,,0,,0,,0,,0,,0
FIRMS_CF4D28FA,10.9494,78.43846,2.47,338.87,60.0,2026-08-09T08:20:00Z,VIIRS,,0,,0,0,0,0,0,0,0,0,0,,0,,0,,0,,0,,0,,0
FIRMS_CC4A71EC,10.96547,78.87568,4.12,336.29,60.0,2026-08-09T08:20:00Z,VIIRS,,0,,0,0,0,0,0,0,0,0,0,,0,,0,,0,,0,,0,,0
FIRMS_5FEBD724,11.19703,78.23231,5.29,336.41,60.0,2026-08-09T08:22:00Z,VIIRS,,0,,0,0,0,0,0,0,0,0,0,,0,,0,,0,,0,,0,,0
FIRMS_40522E8C,12.07076,79.81661,4.54,338.9,60.0,2026-08-09T08:22:00Z,VIIRS,,0,,0,0,0,0,0,0,0,0,0,,0,,0,,0,,0,,0,,0
FIRMS_DF098CBF,12.71801,77.46906,8.87,339.87,60.0,2026-08-09T08:22:00Z,VIIRS,,0,,0,0,0,0,0,0,0,0,0,,0,,0,,0,,0,,0,,0
FIRMS_7176A4D1,13.35524,76.1264,2.36,334.62,60.0,2026-08-09T08:22:00Z,VIIRS,,0,,0,0,0,0,0,0,0,0,0,,0,,0,,0,,0,,0,,0
FIRMS_B29DED2C,13.35856,76.12586,2.36,335.1,60.0,2026-08-09T08:22:00Z,VIIRS,,0,,0,0,0,0,0,0,0,0,0,,0,,0,,0,,0,,0,,0
FIRMS_E79979F5,14.49981,79.59328,3.06,337.67,60.0,2026-08-09T08:22:00Z,VIIRS,,0,,0,0,0,0,0,0,0,0,0,,0,,0,,0,,0,,0,,0
FIRMS_3E4460B9,15.05902,77.04708,5.81,337.61,60.0,2026-08-09T08:22:00Z,VIIRS,,0,,0,0,0,0,0,0,0,0,0,,0,,0,,0,,0,,0,,0
FIRMS_D94DD275,15.11534,76.20264,4.95,343.73,60.0,2026-08-09T08:22:00Z,VIIRS,,0,,0,0,0,0,0,0,0,0,0,,0,,0,,0,,0,,0,,0
FIRMS_A8DBFB2C,15.26647,79.7698,2.71,336.78,60.0,2026-08-09T08:22:00Z,VIIRS,,0,,0,0,0,0,0,0,0,0,0,,0,,0,,0,,0,,0,,0
FIRMS_BFA3C083,15.57389,79.7675,3.73,335.75,60.0,2026-08-09T08:22:00Z,VIIRS,,0,,0,0,0,0,0,0,0,0,0,,0,,0,,0,,0,,0,,0
FIRMS_5421E2F0,15.58949,79.25832,6.62,343.05,60.0,2026-08-09T08:22:00Z,VIIRS,,0,,0,0,0,0,0,0,0,0,0,,0,,0,,0,,0,,0,,0
FIRMS_5A262212,15.6994,76.64658,4.95,338.0,60.0,2026-08-09T08:22:00Z,VIIRS,,0,,0,0,0,0,0,0,0,0,0,,0,,0,,0,,0,,0,,0
FIRMS_30964D76,15.86068,76.55389,2.28,333.95,60.0,2026-08-09T08:22:00Z,VIIRS,,0,,0,0,0,0,0,0,0,0,0,,0,,0,,0,,0,,0,,0
FIRMS_0F48D95D,15.86401,76.55335,2.28,341.33,60.0,2026-08-09T08:22:00Z,VIIRS,,0,,0,0,0,0,0,0,0,0,0,,0,,0,,0,,0,,0,,0
FIRMS_EB3DEE49,15.86455,76.55697,2.28,336.54,60.0,2026-08-09T08:22:00Z,VIIRS,,0,,0,0,0,0,0,0,0,0,0,,0,,0,,0,,0,,0,,0
FIRMS_EE9B6FAD,15.94282,77.87696,4.61,333.12,60.0,2026-08-09T08:22:00Z,VIIRS,,0,,0,0,0,0,0,0,0,0,0,,0,,0,,0,,0,,0,,0
FIRMS_4E21E2C2,16.28229,77.94062,1.82,332.97,60.0,2026-08-09T08:22:00Z,VIIRS,3128.609254498275,1,ethanol_plant,0,0,1,0,0,0,0,0,0,,0,,0,,0,3128.609254498275,1,,0,,0
FIRMS_623FBBEE,16.87387,76.99135,1.83,331.58,60.0,2026-08-09T08:22:00Z,VIIRS,,0,,0,0,0,0,0,0,0,0,0,,0,,0,,0,,0,,0,,0
FIRMS_31F171FD,16.87724,76.99081,3.0,333.41,60.0,2026-08-09T08:22:00Z,VIIRS,,0,,0,0,0,0,0,0,0,0,0,,0,,0,,0,,0,,0,,0
FIRMS_36F113A1,16.93182,80.82512,1.84,334.89,60.0,2026-08-09T08:22:00Z,VIIRS,,0,,0,0,0,0,0,0,0,0,0,,0,,0,,0,,0,,0,,0
FIRMS_D5B831FD,21.74523,83.8415,10.2,357.33,30.0,2026-08-09T08:24:00Z,VIIRS,,0,,0,0,0,0,0,0,0,0,0,,0,,0,,0,,0,,0,,0
FIRMS_0B1CFED4,21.74558,83.84499,13.51,348.88,60.0,2026-08-09T08:24:00Z,VIIRS,,0,,0,0,0,0,0,0,0,0,0,,0,,0,,0,,0,,0,,0
FIRMS_0C0167E8,22.36211,87.01589,2.38,305.84,60.0,2026-08-09T19:13:00Z,VIIRS,,0,,0,0,0,0,0,0,0,0,0,,0,,0,,0,,0,,0,,0
FIRMS_450BBBF3,22.36279,87.01665,2.89,310.07,60.0,2026-08-09T19:13:00Z,VIIRS,,0,,0,0,0,0,0,0,0,0,0,,0,,0,,0,,0,,0,,0
FIRMS_0F65DD5B,22.36856,87.01659,1.6,301.8,60.0,2026-08-09T19:13:00Z,VIIRS,,0,,0,0,0,0,0,0,0,0,0,,0,,0,,0,,0,,0,,0
FIRMS_BEC45DDA,22.78946,86.20515,3.0,299.41,60.0,2026-08-09T19:13:00Z,VIIRS,,0,,0,0,0,0,0,0,0,0,0,,0,,0,,0,,0,,0,,0
FIRMS_7E202396,23.56024,87.23846,4.18,307.75,60.0,2026-08-09T19:13:00Z,VIIRS,609.6847028045834,1,oil_well,0,1,8,0,0,1,0,0,0,4116.889696604741,1,,0,609.6847028045834,1,,0,,0,,0
FIRMS_4212A21D,23.60814,85.67458,2.14,301.04,60.0,2026-08-09T19:13:00Z,VIIRS,,0,,0,0,0,0,0,0,0,0,0,,0,,0,,0,,0,,0,,0
FIRMS_6D03321D,23.61382,86.79093,1.0,301.45,60.0,2026-08-09T19:13:00Z,VIIRS,,0,,0,0,0,0,0,0,0,0,0,,0,,0,,0,,0,,0,,0
FIRMS_DDAED3AF,23.6142,86.78581,1.0,300.2,60.0,2026-08-09T19:13:00Z,VIIRS,,0,,0,0,0,0,0,0,0,0,0,,0,,0,,0,,0,,0,,0
FIRMS_10151E4E,23.64419,85.44029,2.76,303.65,60.0,2026-08-09T19:13:00Z,VIIRS,,0,,0,0,0,0,0,0,0,0,0,,0,,0,,0,,0,,0,,0
FIRMS_48ADE1C9,23.65178,85.43373,2.09,303.24,60.0,2026-08-09T19:13:00Z,VIIRS,,0,,0,0,0,0,0,0,0,0,0,,0,,0,,0,,0,,0,,0
FIRMS_048B7892,23.67829,86.09538,1.68,303.21,60.0,2026-08-09T19:13:00Z,VIIRS,,0,,0,0,0,0,0,0,0,0,0,,0,,0,,0,,0,,0,,0
FIRMS_77FF79AB,23.679,86.08202,4.5,310.64,60.0,2026-08-09T19:13:00Z,VIIRS,,0,,0,0,0,0,0,0,0,0,0,,0,,0,,0,,0,,0,,0
FIRMS_373898B1,23.67917,86.08173,5.35,308.47,60.0,2026-08-09T19:13:00Z,VIIRS,,0,,0,0,0,0,0,0,0,0,0,,0,,0,,0,,0,,0,,0
FIRMS_2AF9C27A,23.69268,87.12355,3.42,302.44,60.0,2026-08-09T19:13:00Z,VIIRS,4775.927379233066,1,oil_well,0,0,1,0,0,0,0,0,0,,0,,0,4775.927379233066,1,,0,,0,,0
FIRMS_2656C2E4,23.72358,86.43977,3.39,304.84,60.0,2026-08-09T19:13:00Z,VIIRS,,0,,0,0,0,0,0,0,0,0,0,,0,,0,,0,,0,,0,,0
FIRMS_72822FBF,23.72545,86.43877,2.72,303.96,60.0,2026-08-09T19:13:00Z,VIIRS,,0,,0,0,0,0,0,0,0,0,0,,0,,0,,0,,0,,0,,0
FIRMS_89D3BB69,23.73755,86.43457,2.18,301.63,60.0,2026-08-09T19:13:00Z,VIIRS,,0,,0,0,0,0,0,0,0,0,0,,0,,0,,0,,0,,0,,0
FIRMS_6E36672E,23.77515,86.38584,5.89,302.55,60.0,2026-08-09T19:13:00Z,VIIRS,,0,,0,0,0,0,0,0,0,0,0,,0,,0,,0,,0,,0,,0
FIRMS_29B26150,23.7766,86.36593,3.79,303.26,60.0,2026-08-09T19:13:00Z,VIIRS,,0,,0,0,0,0,0,0,0,0,0,,0,,0,,0,,0,,0,,0
FIRMS_0769DA31,23.77668,86.38493,4.09,303.03,60.0,2026-08-09T19:13:00Z,VIIRS,,0,,0,0,0,0,0,0,0,0,0,,0,,0,,0,,0,,0,,0
FIRMS_F3FC151B,28.37205,77.22668,0.97,305.23,60.0,2026-08-09T20:51:00Z,VIIRS,,0,,0,0,0,0,0,0,0,0,0,,0,,0,,0,,0,,0,,0
FIRMS_4FC14BA4,28.74297,76.93353,0.94,308.59,60.0,2026-08-09T20:51:00Z,VIIRS,,0,,0,0,0,0,0,0,0,0,0,,0,,0,,0,,0,,0,,0
FIRMS_E8B1DBF0,29.47577,76.85696,0.61,307.79,60.0,2026-08-09T20:51:00Z,VIIRS,1709.2247198097832,1,oil_refinery,0,0,1,0,0,0,0,0,0,,0,1709.2247198097832,1,,0,,0,,0,,0
FIRMS_B7E4EA80,34.15973,77.6091,0.61,303.4,60.0,2026-08-09T20:51:00Z,VIIRS,,0,,0,0,0,0,0,0,0,0,0,,0,,0,,0,,0,,0,,0
FIRMS_069C62CF,15.02215,78.01655,1.21,309.3,60.0,2026-08-09T20:53:00Z,VIIRS,,0,,0,0,0,0,0,0,0,0,0,,0,,0,,0,,0,,0,,0
FIRMS_FB2C3428,15.17016,76.66847,1.7,305.37,60.0,2026-08-09T20:53:00Z,VIIRS,,0,,0,0,0,0,0,0,0,0,0,,0,,0,,0,,0,,0,,0
FIRMS_F0B6FBEB,15.17357,76.69316,0.94,307.58,60.0,2026-08-09T20:53:00Z,VIIRS,3571.319654775189,1,power_plant,0,0,3,0,0,0,0,0,0,3571.319654775189,1,,0,,0,,0,,0,,0
FIRMS_09BE6538,15.17477,77.1009,0.93,304.35,60.0,2026-08-09T20:53:00Z,VIIRS,,0,,0,0,0,0,0,0,0,0,0,,0,,0,,0,,0,,0,,0
FIRMS_32C83F8A,15.17551,76.65991,1.92,309.43,60.0,2026-08-09T20:53:00Z,VIIRS,,0,,0,0,0,0,0,0,0,0,0,,0,,0,,0,,0,,0,,0
FIRMS_2FDCF282,15.176,76.67924,2.26,303.56,60.0,2026-08-09T20:53:00Z,VIIRS,4724.8153916071,1,power_plant,0,0,3,0,0,0,0,0,0,4724.8153916071,1,,0,,0,,0,,0,,0
FIRMS_B5F9698C,15.17632,76.65526,1.92,316.1,60.0,2026-08-09T20:53:00Z,VIIRS,,0,,0,0,0,0,0,0,0,0,0,,0,,0,,0,,0,,0,,0
FIRMS_F075AFDE,15.17859,77.10164,0.93,303.55,60.0,2026-08-09T20:53:00Z,VIIRS,,0,,0,0,0,0,0,0,0,0,0,,0,,0,,0,,0,,0,,0
FIRMS_340BB556,15.18005,76.65598,1.25,305.06,60.0,2026-08-09T20:53:00Z,VIIRS,,0,,0,0,0,0,0,0,0,0,0,,0,,0,,0,,0,,0,,0
FIRMS_733B283E,15.18752,76.65742,1.82,305.57,60.0,2026-08-09T20:53:00Z,VIIRS,,0,,0,0,0,0,0,0,0,0,0,,0,,0,,0,,0,,0,,0
FIRMS_84853AE8,15.22696,76.76333,1.96,317.11,60.0,2026-08-09T20:53:00Z,VIIRS,,0,,0,0,0,0,0,0,0,0,0,,0,,0,,0,,0,,0,,0
FIRMS_E52FB5B9,15.33284,76.24754,0.67,304.58,60.0,2026-08-09T20:53:00Z,VIIRS,,0,,0,0,0,0,0,0,0,0,0,,0,,0,,0,,0,,0,,0
FIRMS_253E4A69,15.33398,76.28428,0.61,301.8,60.0,2026-08-09T20:53:00Z,VIIRS,,0,,0,0,0,0,0,0,0,0,0,,0,,0,,0,,0,,0,,0
FIRMS_E982BAAA,15.3384,76.28057,1.24,319.07,60.0,2026-08-09T20:53:00Z,VIIRS,,0,,0,0,0,0,0,0,0,0,0,,0,,0,,0,,0,,0,,0
FIRMS_B518F2DA,20.79585,85.25479,4.58,322.38,60.0,2026-08-09T20:53:00Z,VIIRS,,0,,0,0,0,0,0,0,0,0,0,,0,,0,,0,,0,,0,,0
FIRMS_AE4D1238,20.96531,85.17321,1.68,303.02,60.0,2026-08-09T20:53:00Z,VIIRS,,0,,0,0,0,0,0,0,0,0,0,,0,,0,,0,,0,,0,,0
FIRMS_ED025526,20.96626,85.16904,1.68,306.44,60.0,2026-08-09T20:53:00Z,VIIRS,,0,,0,0,0,0,0,0,0,0,0,,0,,0,,0,,0,,0,,0
FIRMS_8D823A50,20.9672,85.16487,3.57,305.74,60.0,2026-08-09T20:53:00Z,VIIRS,,0,,0,0,0,0,0,0,0,0,0,,0,,0,,0,,0,,0,,0
FIRMS_FB4E6893,20.97097,85.17477,1.68,306.12,60.0,2026-08-09T20:53:00Z,VIIRS,,0,,0,0,0,0,0,0,0,0,0,,0,,0,,0,,0,,0,,0
FIRMS_5EEDC140,20.97757,85.17213,1.67,306.64,60.0,2026-08-09T20:53:00Z,VIIRS,,0,,0,0,0,0,0,0,0,0,0,,0,,0,,0,,0,,0,,0
FIRMS_0DDA3CB0,20.97851,85.16796,2.42,303.53,60.0,2026-08-09T20:53:00Z,VIIRS,,0,,0,0,0,0,0,0,0,0,0,,0,,0,,0,,0,,0,,0
FIRMS_8941E2AA,20.97952,85.13689,2.03,304.81,60.0,2026-08-09T20:53:00Z,VIIRS,,0,,0,0,0,0,0,0,0,0,0,,0,,0,,0,,0,,0,,0
FIRMS_B7F8114C,20.98047,85.13264,2.63,309.35,60.0,2026-08-09T20:53:00Z,VIIRS,,0,,0,0,0,0,0,0,0,0,0,,0,,0,,0,,0,,0,,0
FIRMS_AAB9F051,20.98613,85.13412,1.25,307.17,60.0,2026-08-09T20:53:00Z,VIIRS,,0,,0,0,0,0,0,0,0,0,0,,0,,0,,0,,0,,0,,0
FIRMS_CFEB02ED,21.05272,72.85251,0.73,305.92,60.0,2026-08-09T20:53:00Z,VIIRS,4000.560087338572,1,oil_well,0,0,1,0,0,0,0,0,0,,0,,0,4000.560087338572,1,,0,,0,,0
FIRMS_C7CDAF72,21.05607,72.85309,0.73,308.76,60.0,2026-08-09T20:53:00Z,VIIRS,4046.12701745782,1,oil_well,0,0,2,0,0,0,0,0,0,,0,,0,4046.12701745782,1,,0,,0,,0
FIRMS_5C4DAD41,21.18384,81.38453,2.28,308.14,60.0,2026-08-09T20:53:00Z,VIIRS,,0,,0,0,0,0,0,0,0,0,0,,0,,0,,0,,0,,0,,0
FIRMS_C8BB104F,21.29874,81.60884,1.09,301.03,60.0,2026-08-09T20:53:00Z,VIIRS,,0,,0,0,0,0,0,0,0,0,0,,0,,0,,0,,0,,0,,0
FIRMS_1539DD23,21.36524,81.67861,1.74,305.57,60.0,2026-08-09T20:53:00Z,VIIRS,,0,,0,0,0,0,0,0,0,0,0,,0,,0,,0,,0,,0,,0
FIRMS_CD385FF3,21.57567,82.02277,1.36,305.27,60.0,2026-08-09T20:53:00Z,VIIRS,,0,,0,0,0,0,0,0,0,0,0,,0,,0,,0,,0,,0,,0
FIRMS_B3B757A1,21.57739,82.02422,0.74,303.84,60.0,2026-08-09T20:53:00Z,VIIRS,,0,,0,0,0,0,0,0,0,0,0,,0,,0,,0,,0,,0,,0
FIRMS_C933E969,21.69786,84.03272,0.95,300.38,60.0,2026-08-09T20:53:00Z,VIIRS,,0,,0,0,0,0,0,0,0,0,0,,0,,0,,0,,0,,0,,0
FIRMS_B2439C42,21.73952,83.84424,2.16,301.74,60.0,2026-08-09T20:53:00Z,VIIRS,,0,,0,0,0,0,0,0,0,0,0,,0,,0,,0,,0,,0,,0
FIRMS_FB5D8AEC,21.73995,83.84397,2.07,303.18,60.0,2026-08-09T20:53:00Z,VIIRS,,0,,0,0,0,0,0,0,0,0,0,,0,,0,,0,,0,,0,,0
FIRMS_E36AAC6D,21.74026,83.84083,4.43,303.89,60.0,2026-08-09T20:53:00Z,VIIRS,,0,,0,0,0,0,0,0,0,0,0,,0,,0,,0,,0,,0,,0
FIRMS_4EF11D55,21.7407,83.84058,4.53,308.79,60.0,2026-08-09T20:53:00Z,VIIRS,,0,,0,0,0,0,0,0,0,0,0,,0,,0,,0,,0,,0,,0
FIRMS_6ED836DB,21.74466,83.84566,2.16,304.79,60.0,2026-08-09T20:53:00Z,VIIRS,,0,,0,0,0,0,0,0,0,0,0,,0,,0,,0,,0,,0,,0
FIRMS_AC5CE1CC,21.74508,83.84539,2.07,304.62,60.0,2026-08-09T20:53:00Z,VIIRS,,0,,0,0,0,0,0,0,0,0,0,,0,,0,,0,,0,,0,,0
FIRMS_341ADB99,21.7454,83.84225,4.43,367.0,90.0,2026-08-09T20:53:00Z,VIIRS,,0,,0,0,0,0,0,0,0,0,0,,0,,0,,0,,0,,0,,0
FIRMS_21D147BD,21.74584,83.84196,4.53,367.0,90.0,2026-08-09T20:53:00Z,VIIRS,,0,,0,0,0,0,0,0,0,0,0,,0,,0,,0,,0,,0,,0
FIRMS_8245858B,21.74613,83.83881,4.43,302.67,60.0,2026-08-09T20:53:00Z,VIIRS,,0,,0,0,0,0,0,0,0,0,0,,0,,0,,0,,0,,0,,0
FIRMS_E29F480A,21.7466,83.83854,4.53,303.08,60.0,2026-08-09T20:53:00Z,VIIRS,,0,,0,0,0,0,0,0,0,0,0,,0,,0,,0,,0,,0,,0
FIRMS_A164AB06,21.75098,83.84337,1.57,321.57,60.0,2026-08-09T20:53:00Z,VIIRS,,0,,0,0,0,0,0,0,0,0,0,,0,,0,,0,,0,,0,,0
FIRMS_35C6E314,21.75174,83.83995,1.57,301.66,60.0,2026-08-09T20:53:00Z,VIIRS,,0,,0,0,0,0,0,0,0,0,0,,0,,0,,0,,0,,0,,0
FIRMS_6CE9235A,21.75475,84.02496,1.14,311.48,60.0,2026-08-09T20:53:00Z,VIIRS,,0,,0,0,0,0,0,0,0,0,0,,0,,0,,0,,0,,0,,0
FIRMS_79C3592E,21.7555,84.02152,1.14,304.3,60.0,2026-08-09T20:53:00Z,VIIRS,,0,,0,0,0,0,0,0,0,0,0,,0,,0,,0,,0,,0,,0
FIRMS_2C3A1F17,21.75613,83.84473,1.57,331.1,60.0,2026-08-09T20:53:00Z,VIIRS,,0,,0,0,0,0,0,0,0,0,0,,0,,0,,0,,0,,0,,0
FIRMS_BDA69B11,21.75689,83.84132,1.57,306.24,60.0,2026-08-09T20:53:00Z,VIIRS,,0,,0,0,0,0,0,0,0,0,0,,0,,0,,0,,0,,0,,0
FIRMS_7D44C822,21.76073,84.02281,1.14,305.64,60.0,2026-08-09T20:53:00Z,VIIRS,,0,,0,0,0,0,0,0,0,0,0,,0,,0,,0,,0,,0,,0
FIRMS_AD31EA9E,21.76148,84.01937,1.97,309.95,60.0,2026-08-09T20:53:00Z,VIIRS,,0,,0,0,0,0,0,0,0,0,0,,0,,0,,0,,0,,0,,0
FIRMS_9995BE02,21.76204,83.84266,0.74,302.22,60.0,2026-08-09T20:53:00Z,VIIRS,,0,,0,0,0,0,0,0,0,0,0,,0,,0,,0,,0,,0,,0
FIRMS_CC7BAE64,21.76645,83.84737,0.74,304.54,60.0,2026-08-09T20:53:00Z,VIIRS,,0,,0,0,0,0,0,0,0,0,0,,0,,0,,0,,0,,0,,0
FIRMS_681A7392,21.7667,84.02068,1.45,311.13,60.0,2026-08-09T20:53:00Z,VIIRS,,0,,0,0,0,0,0,0,0,0,0,,0,,0,,0,,0,,0,,0
FIRMS_9FAEAF19,21.76745,84.01727,1.45,308.2,60.0,2026-08-09T20:53:00Z,VIIRS,,0,,0,0,0,0,0,0,0,0,0,,0,,0,,0,,0,,0,,0
FIRMS_59EFF525,21.77686,83.8248,2.22,317.02,60.0,2026-08-09T20:53:00Z,VIIRS,,0,,0,0,0,0,0,0,0,0,0,,0,,0,,0,,0,,0,,0
FIRMS_3D833B16,21.80161,82.04208,1.46,298.97,60.0,2026-08-09T20:53:00Z,VIIRS,,0,,0,0,0,0,0,0,0,0,0,,0,,0,,0,,0,,0,,0
FIRMS_D5F1717A,21.85959,83.96744,0.85,305.11,60.0,2026-08-09T20:53:00Z,VIIRS,,0,,0,0,0,0,0,0,0,0,0,,0,,0,,0,,0,,0,,0
FIRMS_6CF7951F,21.9223,83.35155,1.99,327.47,60.0,2026-08-09T20:53:00Z,VIIRS,,0,,0,0,0,0,0,0,0,0,0,,0,,0,,0,,0,,0,,0
FIRMS_3400C2F2,21.92297,83.34842,1.99,305.39,60.0,2026-08-09T20:53:00Z,VIIRS,,0,,0,0,0,0,0,0,0,0,0,,0,,0,,0,,0,,0,,0
FIRMS_B5E34738,21.92497,83.3391,2.53,319.32,60.0,2026-08-09T20:53:00Z,VIIRS,,0,,0,0,0,0,0,0,0,0,0,,0,,0,,0,,0,,0,,0
FIRMS_57BA8172,21.96346,83.77216,0.98,306.88,60.0,2026-08-09T20:53:00Z,VIIRS,,0,,0,0,0,0,0,0,0,0,0,,0,,0,,0,,0,,0,,0
FIRMS_705C7130,21.96713,83.77322,0.96,306.19,60.0,2026-08-09T20:53:00Z,VIIRS,,0,,0,0,0,0,0,0,0,0,0,,0,,0,,0,,0,,0,,0
FIRMS_F3BE02F0,21.98326,83.23328,1.54,308.46,60.0,2026-08-09T20:53:00Z,VIIRS,150.1528733098165,1,power_plant,1,1,2,1,0,0,0,0,0,150.1528733098165,1,,0,,0,,0,,0,,0
FIRMS_EE992FE0,21.98404,83.23331,0.63,313.26,60.0,2026-08-09T20:53:00Z,VIIRS,65.92657037892417,1,power_plant,1,1,2,1,0,0,0,0,0,65.92657037892417,1,,0,,0,,0,,0,,0
FIRMS_4C875D05,22.01604,83.75397,0.71,302.39,60.0,2026-08-09T20:53:00Z,VIIRS,,0,,0,0,0,0,0,0,0,0,0,,0,,0,,0,,0,,0,,0
FIRMS_E13F535D,22.03315,83.36578,0.93,309.35,60.0,2026-08-09T20:53:00Z,VIIRS,,0,,0,0,0,0,0,0,0,0,0,,0,,0,,0,,0,,0,,0
FIRMS_DECF673D,22.03383,83.36263,0.93,302.33,60.0,2026-08-09T20:53:00Z,VIIRS,,0,,0,0,0,0,0,0,0,0,0,,0,,0,,0,,0,,0,,0
FIRMS_97C1EA6E,22.03518,83.35629,1.37,303.07,60.0,2026-08-09T20:53:00Z,VIIRS,,0,,0,0,0,0,0,0,0,0,0,,0,,0,,0,,0,,0,,0
FIRMS_9D2A4272,22.03585,83.35313,0.9,302.69,60.0,2026-08-09T20:53:00Z,VIIRS,,0,,0,0,0,0,0,0,0,0,0,,0,,0,,0,,0,,0,,0
FIRMS_F1E23508,22.03652,83.35001,0.9,309.81,60.0,2026-08-09T20:53:00Z,VIIRS,,0,,0,0,0,0,0,0,0,0,0,,0,,0,,0,,0,,0,,0
FIRMS_BB555F3B,22.04084,83.35434,0.62,305.59,60.0,2026-08-09T20:53:00Z,VIIRS,,0,,0,0,0,0,0,0,0,0,0,,0,,0,,0,,0,,0,,0
FIRMS_CB7A3A23,22.04151,83.35121,0.62,306.0,60.0,2026-08-09T20:53:00Z,VIIRS,,0,,0,0,0,0,0,0,0,0,0,,0,,0,,0,,0,,0,,0
FIRMS_B1A7B3CA,22.06459,83.70384,0.62,299.4,60.0,2026-08-09T20:53:00Z,VIIRS,,0,,0,0,0,0,0,0,0,0,0,,0,,0,,0,,0,,0,,0
FIRMS_6180DCF1,22.33633,69.86706,0.94,296.59,60.0,2026-08-09T20:53:00Z,VIIRS,1932.701061559612,1,oil_refinery,0,0,2,0,0,0,0,0,0,,0,1932.701061559612,1,,0,,0,,0,,0
FIRMS_42BDDD7B,22.41452,69.03976,2.56,305.86,60.0,2026-08-09T20:53:00Z,VIIRS,4917.0066759789615,1,solar_plant,0,0,1,0,0,0,0,0,0,,0,,0,,0,,0,,0,4917.0066759789615,1
FIRMS_4A763409,22.57261,85.8962,2.37,315.67,60.0,2026-08-09T20:53:00Z,VIIRS,,0,,0,0,0,0,0,0,0,0,0,,0,,0,,0,,0,,0,,0
FIRMS_A1145C79,22.57268,85.89642,2.38,315.22,60.0,2026-08-09T20:53:00Z,VIIRS,,0,,0,0,0,0,0,0,0,0,0,,0,,0,,0,,0,,0,,0
FIRMS_9AC23E42,22.93463,69.69802,1.61,308.32,60.0,2026-08-09T20:53:00Z,VIIRS,,0,,0,0,0,0,0,0,0,0,0,,0,,0,,0,,0,,0,,0
FIRMS_A48EABA8,23.26503,70.2586,0.45,300.98,60.0,2026-08-09T20:53:00Z,VIIRS,,0,,0,0,0,0,0,0,0,0,0,,0,,0,,0,,0,,0,,0
FIRMS_E07D0E97,23.31598,70.48666,1.34,304.72,60.0,2026-08-09T20:53:00Z,VIIRS,,0,,0,0,0,0,0,0,0,0,0,,0,,0,,0,,0,,0,,0
FIRMS_78E2AE7C,23.55688,87.24264,3.94,319.62,60.0,2026-08-09T20:53:00Z,VIIRS,1116.9623955931986,1,oil_well,0,0,7,0,0,0,0,0,0,4677.442206064896,1,,0,1116.9623955931986,1,,0,,0,,0
FIRMS_4057399A,23.55756,87.23849,6.46,331.11,60.0,2026-08-09T20:53:00Z,VIIRS,903.6254178494439,1,oil_well,0,1,7,0,0,1,0,0,0,4285.870479298492,1,,0,903.6254178494439,1,,0,,0,,0
FIRMS_9D12FC48,23.5581,87.23757,3.94,320.15,60.0,2026-08-09T20:53:00Z,VIIRS,834.8153442513509,1,oil_well,0,1,7,0,0,1,0,0,0,4174.674569309331,1,,0,834.8153442513509,1,,0,,0,,0
FIRMS_DD5B67DA,23.5636,87.24025,3.77,311.73,60.0,2026-08-09T20:53:00Z,VIIRS,382.221925389045,1,oil_well,1,1,8,0,0,1,0,0,0,4092.649035929577,1,,0,382.221925389045,1,,0,,0,,0
FIRMS_2A58149F,23.68279,85.36151,1.0,303.63,60.0,2026-08-09T20:53:00Z,VIIRS,4626.935529809014,1,oil_well,0,0,2,0,0,0,0,0,0,,0,,0,4626.935529809014,1,,0,,0,,0
FIRMS_A55B784B,23.69139,85.37067,1.02,301.7,60.0,2026-08-09T20:53:00Z,VIIRS,,0,,0,0,0,0,0,0,0,0,0,,0,,0,,0,,0,,0,,0
FIRMS_AC8CFA20,23.69188,85.37228,0.75,300.95,60.0,2026-08-09T20:53:00Z,VIIRS,,0,,0,0,0,0,0,0,0,0,0,,0,,0,,0,,0,,0,,0
FIRMS_64F9C027,23.69277,85.36834,0.75,301.77,60.0,2026-08-09T20:53:00Z,VIIRS,,0,,0,0,0,0,0,0,0,0,0,,0,,0,,0,,0,,0,,0
FIRMS_6990C2D4,23.69682,85.37211,2.51,312.73,60.0,2026-08-09T20:53:00Z,VIIRS,,0,,0,0,0,0,0,0,0,0,0,,0,,0,,0,,0,,0,,0
FIRMS_A799B117,23.6982,85.36979,0.75,304.83,60.0,2026-08-09T20:53:00Z,VIIRS,,0,,0,0,0,0,0,0,0,0,0,,0,,0,,0,,0,,0,,0
FIRMS_90F178B7,23.70715,86.07474,1.54,309.27,60.0,2026-08-09T20:53:00Z,VIIRS,,0,,0,0,0,0,0,0,0,0,0,,0,,0,,0,,0,,0,,0
FIRMS_AA7799BF,23.78459,85.56609,1.71,303.32,60.0,2026-08-09T20:53:00Z,VIIRS,2407.6587897793565,1,oil_well,0,0,2,0,0,0,0,0,0,,0,,0,2407.6587897793565,1,,0,,0,,0
FIRMS_49E885A6,23.78739,85.55407,1.76,304.64,60.0,2026-08-09T20:53:00Z,VIIRS,2110.2182272161863,1,oil_well,0,0,3,0,0,0,0,0,0,,0,,0,2110.2182272161863,1,,0,,0,,0
FIRMS_3163B410,23.82163,84.57192,1.68,296.02,60.0,2026-08-09T20:53:00Z,VIIRS,,0,,0,0,0,0,0,0,0,0,0,,0,,0,,0,,0,,0,,0
FIRMS_B2D3D209,24.17704,82.64884,1.95,304.12,60.0,2026-08-09T20:53:00Z,VIIRS,,0,,0,0,0,0,0,0,0,0,0,,0,,0,,0,,0,,0,,0
FIRMS_886A2040,24.17747,82.65152,1.92,309.63,60.0,2026-08-09T20:53:00Z,VIIRS,,0,,0,0,0,0,0,0,0,0,0,,0,,0,,0,,0,,0,,0
FIRMS_CCF23D4F,24.18504,82.65644,1.5,305.11,60.0,2026-08-09T20:53:00Z,VIIRS,,0,,0,0,0,0,0,0,0,0,0,,0,,0,,0,,0,,0,,0
FIRMS_CAC40A09,25.94221,72.19034,0.98,297.05,60.0,2026-08-09T20:53:00Z,VIIRS,,0,,0,0,0,0,0,0,0,0,0,,0,,0,,0,,0,,0,,0
FIRMS_4A8B5DDF,9.71063,77.60217,3.01,307.3,60.0,2026-08-09T20:55:00Z,VIIRS,,0,,0,0,0,0,0,0,0,0,0,,0,,0,,0,,0,,0,,0
FIRMS_AA0088F6,9.71142,77.59763,3.01,326.39,60.0,2026-08-09T20:55:00Z,VIIRS,,0,,0,0,0,0,0,0,0,0,0,,0,,0,,0,,0,,0,,0
FIRMS_25BDA4C0,9.71238,77.60028,5.68,342.1,60.0,2026-08-09T20:55:00Z,VIIRS,,0,,0,0,0,0,0,0,0,0,0,,0,,0,,0,,0,,0,,0
FIRMS_5EDC7738,9.7151,77.60211,3.01,318.67,60.0,2026-08-09T20:55:00Z,VIIRS,,0,,0,0,0,0,0,0,0,0,0,,0,,0,,0,,0,,0,,0
FIRMS_8BF253F9,9.71592,77.59735,3.01,333.99,60.0,2026-08-09T20:55:00Z,VIIRS,,0,,0,0,0,0,0,0,0,0,0,,0,,0,,0,,0,,0,,0
FIRMS_127C830C,9.71691,77.59991,5.68,322.27,60.0,2026-08-09T20:55:00Z,VIIRS,,0,,0,0,0,0,0,0,0,0,0,,0,,0,,0,,0,,0,,0
FIRMS_31AB5795,9.71963,77.60168,0.83,307.9,60.0,2026-08-09T20:55:00Z,VIIRS,,0,,0,0,0,0,0,0,0,0,0,,0,,0,,0,,0,,0,,0
FIRMS_FAC7D6CD,9.71971,77.60912,1.92,316.36,60.0,2026-08-09T20:55:00Z,VIIRS,,0,,0,0,0,0,0,0,0,0,0,,0,,0,,0,,0,,0,,0
FIRMS_7BA44489,9.72057,77.60439,1.92,325.17,60.0,2026-08-09T20:55:00Z,VIIRS,,0,,0,0,0,0,0,0,0,0,0,,0,,0,,0,,0,,0,,0
FIRMS_29C7FF6B,9.72244,77.61123,3.78,314.72,60.0,2026-08-09T20:55:00Z,VIIRS,,0,,0,0,0,0,0,0,0,0,0,,0,,0,,0,,0,,0,,0
FIRMS_35F6E007,9.72325,77.60651,3.78,334.47,60.0,2026-08-09T20:55:00Z,VIIRS,,0,,0,0,0,0,0,0,0,0,0,,0,,0,,0,,0,,0,,0
FIRMS_A7FAD6E2,9.72415,77.60929,1.92,319.58,60.0,2026-08-09T20:55:00Z,VIIRS,,0,,0,0,0,0,0,0,0,0,0,,0,,0,,0,,0,,0,,0
FIRMS_E7556310,9.725,77.60458,1.92,302.41,60.0,2026-08-09T20:55:00Z,VIIRS,,0,,0,0,0,0,0,0,0,0,0,,0,,0,,0,,0,,0,,0
FIRMS_B556D9DE,10.41551,77.10945,2.55,320.29,60.0,2026-08-09T20:55:00Z,VIIRS,,0,,0,0,0,0,0,0,0,0,0,,0,,0,,0,,0,,0,,0
FIRMS_F2F05AB6,18.68412,73.03049,1.37,310.97,60.0,2026-08-09T20:55:00Z,VIIRS,,0,,0,0,0,0,0,0,0,0,0,,0,,0,,0,,0,,0,,0
FIRMS_C055E777,18.68744,73.03105,1.37,310.64,60.0,2026-08-09T20:55:00Z,VIIRS,,0,,0,0,0,0,0,0,0,0,0,,0,,0,,0,,0,,0,,0
FIRMS_728C2828,18.95695,73.94106,0.43,304.84,60.0,2026-08-09T20:55:00Z,VIIRS,,0,,0,0,0,0,0,0,0,0,0,,0,,0,,0,,0,,0,,0
FIRMS_C7E0123B,20.86897,70.56341,1.22,304.13,60.0,2026-08-09T20:55:00Z,VIIRS,,0,,0,0,0,0,0,0,0,0,0,,0,,0,,0,,0,,0,,0
FIRMS_B73B8589,8.66499,77.87334,6.53,340.85,60.0,2026-08-10T08:01:00Z,VIIRS,,0,,0,0,0,0,0,0,0,0,0,,0,,0,,0,,0,,0,,0
FIRMS_A545D169,8.74038,77.72398,2.94,332.77,60.0,2026-08-10T08:01:00Z,VIIRS,,0,,0,0,0,0,0,0,0,0,0,,0,,0,,0,,0,,0,,0
FIRMS_5702674E,9.11507,77.54341,5.08,346.35,60.0,2026-08-10T08:01:00Z,VIIRS,,0,,0,0,0,0,0,0,0,0,0,,0,,0,,0,,0,,0,,0
FIRMS_D51BDA42,9.42565,78.80767,8.7,336.8,30.0,2026-08-10T08:01:00Z,VIIRS,2782.8516381842637,1,oil_well,0,0,1,0,0,0,0,0,0,,0,,0,2782.8516381842637,1,,0,,0,,0
FIRMS_E1B275EA,9.53488,78.5205,2.49,330.49,30.0,2026-08-10T08:01:00Z,VIIRS,,0,,0,0,0,0,0,0,0,0,0,,0,,0,,0,,0,,0,,0
FIRMS_A488626D,9.65751,78.09645,4.57,338.99,60.0,2026-08-10T08:01:00Z,VIIRS,,0,,0,0,0,0,0,0,0,0,0,,0,,0,,0,,0,,0,,0
FIRMS_D7796F27,9.65848,78.09887,5.64,336.36,60.0,2026-08-10T08:01:00Z,VIIRS,,0,,0,0,0,0,0,0,0,0,0,,0,,0,,0,,0,,0,,0
FIRMS_BF7FC740,9.67706,77.40768,27.78,353.93,60.0,2026-08-10T08:01:00Z,VIIRS,,0,,0,0,0,0,0,0,0,0,0,,0,,0,,0,,0,,0,,0
FIRMS_E2304C10,9.70958,77.59943,6.59,339.29,60.0,2026-08-10T08:01:00Z,VIIRS,,0,,0,0,0,0,0,0,0,0,0,,0,,0,,0,,0,,0,,0
FIRMS_EE15ED07,9.90223,78.1714,2.8,335.02,60.0,2026-08-10T08:01:00Z,VIIRS,,0,,0,0,0,0,0,0,0,0,0,,0,,0,,0,,0,,0,,0
FIRMS_30BF2B90,10.007,78.03323,19.23,355.73,60.0,2026-08-10T08:01:00Z,VIIRS,3755.6947353370365,1,power_plant,0,0,1,0,0,0,0,0,0,3755.6947353370365,1,,0,,0,,0,,0,,0
FIRMS_32DEA610,10.40051,79.41708,8.13,346.89,60.0,2026-08-10T08:01:00Z,VIIRS,2208.445892793809,1,oil_well,0,0,1,0,0,0,0,0,0,,0,,0,2208.445892793809,1,,0,,0,,0
FIRMS_27E7A083,11.73288,79.25768,6.56,339.42,60.0,2026-08-10T08:01:00Z,VIIRS,,0,,0,0,0,0,0,0,0,0,0,,0,,0,,0,,0,,0,,0
FIRMS_7D3F3BBD,12.09698,79.78356,8.28,346.95,60.0,2026-08-10T08:01:00Z,VIIRS,,0,,0,0,0,0,0,0,0,0,0,,0,,0,,0,,0,,0,,0
FIRMS_BE0DABB5,12.56739,76.95238,6.39,341.37,60.0,2026-08-10T08:01:00Z,VIIRS,,0,,0,0,0,0,0,0,0,0,0,,0,,0,,0,,0,,0,,0
FIRMS_279E676E,13.99028,79.82359,9.45,345.75,60.0,2026-08-10T08:01:00Z,VIIRS,,0,,0,0,0,0,0,0,0,0,0,,0,,0,,0,,0,,0,,0
FIRMS_9BC5066C,14.25999,80.11745,7.87,337.94,30.0,2026-08-10T08:01:00Z,VIIRS,,0,,0,0,0,0,0,0,0,0,0,,0,,0,,0,,0,,0,,0
FIRMS_3BDC85C1,14.41773,77.48374,4.22,336.38,30.0,2026-08-10T08:03:00Z,VIIRS,,0,,0,0,0,0,0,0,0,0,0,,0,,0,,0,,0,,0,,0
FIRMS_D922AFC9,14.61157,79.57929,3.22,331.31,30.0,2026-08-10T08:03:00Z,VIIRS,,0,,0,0,0,0,0,0,0,0,0,,0,,0,,0,,0,,0,,0
FIRMS_33737461,14.78313,77.36995,5.15,333.51,30.0,2026-08-10T08:03:00Z,VIIRS,,0,,0,0,0,0,0,0,0,0,0,,0,,0,,0,,0,,0,,0
FIRMS_BF70919B,15.17701,79.4042,3.8,335.91,30.0,2026-08-10T08:03:00Z,VIIRS,,0,,0,0,0,0,0,0,0,0,0,,0,,0,,0,,0,,0,,0
FIRMS_95C72768,15.29744,79.91622,6.41,336.62,30.0,2026-08-10T08:03:00Z,VIIRS,,0,,0,0,0,0,0,0,0,0,0,,0,,0,,0,,0,,0,,0
FIRMS_800CFE02,15.31481,79.78688,7.27,339.73,30.0,2026-08-10T08:03:00Z,VIIRS,,0,,0,0,0,0,0,0,0,0,0,,0,,0,,0,,0,,0,,0
FIRMS_C4655589,15.66939,80.24091,26.37,340.92,60.0,2026-08-10T08:03:00Z,VIIRS,,0,,0,0,0,0,0,0,0,0,0,,0,,0,,0,,0,,0,,0
FIRMS_D12E4437,15.73965,76.86564,6.36,333.53,60.0,2026-08-10T08:03:00Z,VIIRS,,0,,0,0,0,0,0,0,0,0,0,,0,,0,,0,,0,,0,,0
FIRMS_6A47E8D5,16.6777,79.28349,3.93,334.32,30.0,2026-08-10T08:03:00Z,VIIRS,1499.6092029475296,1,power_plant,0,0,2,0,0,0,0,0,0,1499.6092029475296,1,,0,,0,,0,,0,,0
FIRMS_5355B762,17.95901,80.79624,2.82,331.58,60.0,2026-08-10T08:03:00Z,VIIRS,,0,,0,0,0,0,0,0,0,0,0,,0,,0,,0,,0,,0,,0
FIRMS_F6CB2A2F,19.81181,79.30586,1.52,333.62,60.0,2026-08-10T08:03:00Z,VIIRS,,0,,0,0,0,0,0,0,0,0,0,,0,,0,,0,,0,,0,,0
FIRMS_42DE5ABC,26.77199,94.50657,3.63,307.07,60.0,2026-08-10T18:51:00Z,VIIRS,191.8632532330101,1,oil_well,2,2,7,0,0,2,0,0,0,,0,,0,191.8632532330101,1,,0,,0,,0
FIRMS_F6E0D41E,27.22299,95.34394,1.19,307.29,60.0,2026-08-10T18:51:00Z,VIIRS,353.6680606065077,1,oil_well,2,2,4,0,0,2,0,0,0,,0,,0,353.6680606065077,1,,0,,0,,0
FIRMS_20200A33,27.22307,95.34376,0.8,308.54,60.0,2026-08-10T18:51:00Z,VIIRS,372.1716543565187,1,oil_well,2,2,4,0,0,2,0,0,0,,0,,0,372.1716543565187,1,,0,,0,,0
FIRMS_8347A727,27.31815,95.26571,1.48,306.66,60.0,2026-08-10T18:51:00Z,VIIRS,90.07404052985581,1,oil_well,3,12,154,0,0,12,0,0,0,,0,,0,90.07404052985581,1,,0,,0,,0
FIRMS_DEA7A1DA,27.46151,95.47781,2.14,305.79,60.0,2026-08-10T18:51:00Z,VIIRS,355.7969639498895,1,oil_well,4,15,73,0,0,15,0,0,0,,0,,0,355.7969639498895,1,,0,,0,,0
FIRMS_562B4CD8,23.67876,86.3997,1.54,302.17,60.0,2026-08-10T20:32:00Z,VIIRS,2683.196869175421,1,oil_well,0,0,2,0,0,0,0,0,0,,0,,0,2683.196869175421,1,,0,,0,,0
FIRMS_A961F4F5,23.6797,86.39513,1.54,304.13,60.0,2026-08-10T20:32:00Z,VIIRS,2468.9756830583406,1,oil_well,0,0,8,0,0,0,0,0,0,,0,,0,2468.9756830583406,1,,0,,0,,0
FIRMS_AAEBE479,23.71038,86.44572,0.96,303.13,60.0,2026-08-10T20:32:00Z,VIIRS,,0,,0,0,0,0,0,0,0,0,0,,0,,0,,0,,0,,0,,0
FIRMS_0FAA5BFD,23.73582,86.4325,1.47,307.8,60.0,2026-08-10T20:32:00Z,VIIRS,,0,,0,0,0,0,0,0,0,0,0,,0,,0,,0,,0,,0,,0
FIRMS_103EEB64,23.73635,86.43119,1.6,309.38,60.0,2026-08-10T20:32:00Z,VIIRS,,0,,0,0,0,0,0,0,0,0,0,,0,,0,,0,,0,,0,,0
FIRMS_3BE8DD4C,23.74017,86.43353,1.47,305.53,60.0,2026-08-10T20:32:00Z,VIIRS,,0,,0,0,0,0,0,0,0,0,0,,0,,0,,0,,0,,0,,0
FIRMS_28B2B098,23.74069,86.43222,1.6,303.33,60.0,2026-08-10T20:32:00Z,VIIRS,,0,,0,0,0,0,0,0,0,0,0,,0,,0,,0,,0,,0,,0
FIRMS_E46D1625,23.74609,85.50594,0.92,304.91,60.0,2026-08-10T20:32:00Z,VIIRS,1837.1770482191118,1,oil_well,0,0,4,0,0,0,0,0,0,,0,,0,1837.1770482191118,1,,0,,0,,0
FIRMS_2F5903E3,23.75457,85.85389,2.36,308.66,60.0,2026-08-10T20:32:00Z,VIIRS,2092.473773676013,1,oil_well,0,0,12,0,0,0,0,0,0,4052.810103361283,1,,0,2092.473773676013,1,,0,,0,,0
FIRMS_52DF4D3D,23.75578,85.85191,5.25,315.07,60.0,2026-08-10T20:32:00Z,VIIRS,1901.2495824838682,1,oil_well,0,0,12,0,0,0,0,0,0,4246.282276823601,1,,0,1901.2495824838682,1,,0,,0,,0
FIRMS_4EA9853E,23.75876,85.85487,2.36,306.85,60.0,2026-08-10T20:32:00Z,VIIRS,1710.1723877252562,1,oil_well,0,0,13,0,0,0,0,0,0,3879.802520055865,1,,0,1710.1723877252562,1,,0,,0,,0
FIRMS_AA492DA6,23.76469,86.40427,1.8,304.0,60.0,2026-08-10T20:32:00Z,VIIRS,,0,,0,0,0,0,0,0,0,0,0,,0,,0,,0,,0,,0,,0
FIRMS_40CEF225,23.78002,85.57363,2.75,308.17,60.0,2026-08-10T20:32:00Z,VIIRS,2717.99691797001,1,oil_well,0,0,1,0,0,0,0,0,0,,0,,0,2717.99691797001,1,,0,,0,,0
FIRMS_E565E66E,23.78163,85.56542,1.44,310.99,60.0,2026-08-10T20:32:00Z,VIIRS,2128.2481422219157,1,oil_well,0,0,3,0,0,0,0,0,0,,0,,0,2128.2481422219157,1,,0,,0,,0
FIRMS_E7EE4F90,23.78816,85.55405,1.27,308.19,60.0,2026-08-10T20:32:00Z,VIIRS,2193.764272868041,1,oil_well,0,0,3,0,0,0,0,0,0,,0,,0,2193.764272868041,1,,0,,0,,0
FIRMS_72EFE5CF,23.82257,85.49671,1.94,308.19,60.0,2026-08-10T20:32:00Z,VIIRS,,0,,0,0,0,0,0,0,0,0,0,,0,,0,,0,,0,,0,,0
FIRMS_21B86732,23.82469,85.49886,2.63,307.93,60.0,2026-08-10T20:32:00Z,VIIRS,,0,,0,0,0,0,0,0,0,0,0,,0,,0,,0,,0,,0,,0
FIRMS_DA52C774,18.71598,79.53969,1.6,307.68,60.0,2026-08-10T20:34:00Z,VIIRS,,0,,0,0,0,0,0,0,0,0,0,,0,,0,,0,,0,,0,,0
FIRMS_9048EC04,18.71994,79.53657,1.69,309.87,60.0,2026-08-10T20:34:00Z,VIIRS,,0,,0,0,0,0,0,0,0,0,0,,0,,0,,0,,0,,0,,0
FIRMS_6738FB59,19.96435,79.33541,1.08,308.94,60.0,2026-08-10T20:34:00Z,VIIRS,,0,,0,0,0,0,0,0,0,0,0,,0,,0,,0,,0,,0,,0
FIRMS_DD2D2F8D,20.86225,84.98945,3.24,303.1,60.0,2026-08-10T20:34:00Z,VIIRS,,0,,0,0,0,0,0,0,0,0,0,,0,,0,,0,,0,,0,,0
FIRMS_BDDAF3F5,20.86358,84.98724,2.21,310.48,60.0,2026-08-10T20:34:00Z,VIIRS,,0,,0,0,0,0,0,0,0,0,0,,0,,0,,0,,0,,0,,0
FIRMS_61D1BC46,20.86561,84.9946,2.57,308.58,60.0,2026-08-10T20:34:00Z,VIIRS,,0,,0,0,0,0,0,0,0,0,0,,0,,0,,0,,0,,0,,0
FIRMS_8CE73A19,20.86698,84.99238,2.35,305.69,60.0,2026-08-10T20:34:00Z,VIIRS,,0,,0,0,0,0,0,0,0,0,0,,0,,0,,0,,0,,0,,0
FIRMS_F2C6D69E,22.79259,86.1953,2.71,306.0,60.0,2026-08-10T20:34:00Z,VIIRS,,0,,0,0,0,0,0,0,0,0,0,,0,,0,,0,,0,,0,,0
FIRMS_C10E3CFF,22.79967,86.0918,2.5,312.26,60.0,2026-08-10T20:34:00Z,VIIRS,,0,,0,0,0,0,0,0,0,0,0,,0,,0,,0,,0,,0,,0
FIRMS_925717A3,22.87322,86.06417,1.81,311.97,60.0,2026-08-10T20:34:00Z,VIIRS,3642.2290206777616,1,power_plant,0,0,1,0,0,0,0,0,0,3642.2290206777616,1,,0,,0,,0,,0,,0
FIRMS_315EE21C,23.69358,85.36925,1.3,320.89,60.0,2026-08-10T20:34:00Z,VIIRS,,0,,0,0,0,0,0,0,0,0,0,,0,,0,,0,,0,,0,,0
FIRMS_E9539F0A,23.69617,85.29114,1.31,313.71,60.0,2026-08-10T20:34:00Z,VIIRS,1854.6642627451029,1,oil_well,0,0,7,0,0,0,0,0,0,,0,,0,1854.6642627451029,1,,0,,0,,0
FIRMS_5C95F748,23.69766,85.37018,1.3,304.92,60.0,2026-08-10T20:34:00Z,VIIRS,,0,,0,0,0,0,0,0,0,0,0,,0,,0,,0,,0,,0,,0
FIRMS_12ED4F6C,23.71813,85.00859,0.65,304.69,60.0,2026-08-10T20:34:00Z,VIIRS,,0,,0,0,0,0,0,0,0,0,0,,0,,0,,0,,0,,0,,0
FIRMS_22FDEED4,23.72211,85.0095,0.65,304.33,60.0,2026-08-10T20:34:00Z,VIIRS,,0,,0,0,0,0,0,0,0,0,0,,0,,0,,0,,0,,0,,0
FIRMS_301271F4,23.73483,85.00838,0.8,303.67,60.0,2026-08-10T20:34:00Z,VIIRS,,0,,0,0,0,0,0,0,0,0,0,,0,,0,,0,,0,,0,,0
FIRMS_C4F050C8,23.73657,85.02082,1.07,306.38,60.0,2026-08-10T20:34:00Z,VIIRS,,0,,0,0,0,0,0,0,0,0,0,,0,,0,,0,,0,,0,,0
FIRMS_68A7E3FE,23.73882,85.00931,1.47,304.21,60.0,2026-08-10T20:34:00Z,VIIRS,,0,,0,0,0,0,0,0,0,0,0,,0,,0,,0,,0,,0,,0
FIRMS_3E4A5014,8.69899,78.05886,1.16,316.48,60.0,2026-08-10T20:38:00Z,VIIRS,,0,,0,0,0,0,0,0,0,0,0,,0,,0,,0,,0,,0,,0
FIRMS_BF477585,9.20653,77.49845,1.56,310.68,60.0,2026-08-10T20:38:00Z,VIIRS,,0,,0,0,0,0,0,0,0,0,0,,0,,0,,0,,0,,0,,0
FIRMS_8E55B65E,9.28078,77.39169,2.94,329.87,60.0,2026-08-10T20:38:00Z,VIIRS,,0,,0,0,0,0,0,0,0,0,0,,0,,0,,0,,0,,0,,0
FIRMS_F0B78CCC,9.52627,77.44958,3.14,320.1,60.0,2026-08-10T20:38:00Z,VIIRS,,0,,0,0,0,0,0,0,0,0,0,,0,,0,,0,,0,,0,,0
FIRMS_23D5F20D,9.52684,77.44609,3.14,315.95,60.0,2026-08-10T20:38:00Z,VIIRS,,0,,0,0,0,0,0,0,0,0,0,,0,,0,,0,,0,,0,,0
FIRMS_BED777C7,9.52966,77.44995,3.14,337.96,60.0,2026-08-10T20:38:00Z,VIIRS,,0,,0,0,0,0,0,0,0,0,0,,0,,0,,0,,0,,0,,0
FIRMS_49870B57,9.53022,77.44653,3.14,342.64,60.0,2026-08-10T20:38:00Z,VIIRS,,0,,0,0,0,0,0,0,0,0,0,,0,,0,,0,,0,,0,,0
FIRMS_13AEFE54,9.70315,77.58917,6.37,344.88,60.0,2026-08-10T20:38:00Z,VIIRS,,0,,0,0,0,0,0,0,0,0,0,,0,,0,,0,,0,,0,,0
FIRMS_2C1CFB4B,9.70653,77.58966,1.61,309.63,60.0,2026-08-10T20:38:00Z,VIIRS,,0,,0,0,0,0,0,0,0,0,0,,0,,0,,0,,0,,0,,0
FIRMS_44115ADF,9.71671,77.59083,1.08,305.73,60.0,2026-08-10T20:38:00Z,VIIRS,,0,,0,0,0,0,0,0,0,0,0,,0,,0,,0,,0,,0,,0
FIRMS_106DC75E,9.72326,77.61427,0.32,303.75,60.0,2026-08-10T20:38:00Z,VIIRS,,0,,0,0,0,0,0,0,0,0,0,,0,,0,,0,,0,,0,,0
FIRMS_1F09C546,9.89699,77.68813,2.01,321.31,60.0,2026-08-10T20:38:00Z,VIIRS,,0,,0,0,0,0,0,0,0,0,0,,0,,0,,0,,0,,0,,0
FIRMS_1DF0999C,9.90036,77.68868,2.83,330.49,60.0,2026-08-10T20:38:00Z,VIIRS,,0,,0,0,0,0,0,0,0,0,0,,0,,0,,0,,0,,0,,0
FIRMS_8A2E5F7A,28.06321,95.35553,4.22,327.28,60.0,2026-08-11T06:08:00Z,VIIRS,,0,,0,0,0,0,0,0,0,0,0,,0,,0,,0,,0,,0,,0
FIRMS_EA262B10,9.16179,77.91492,3.53,341.92,60.0,2026-08-11T07:41:00Z,VIIRS,,0,,0,0,0,0,0,0,0,0,0,,0,,0,,0,,0,,0,,0
FIRMS_B0B9FDC5,10.83465,78.6193,11.21,340.31,60.0,2026-08-11T07:44:00Z,VIIRS,,0,,0,0,0,0,0,0,0,0,0,,0,,0,,0,,0,,0,,0
FIRMS_4184DF73,10.93295,78.50113,2.47,335.0,60.0,2026-08-11T07:44:00Z,VIIRS,,0,,0,0,0,0,0,0,0,0,0,,0,,0,,0,,0,,0,,0
FIRMS_AA4FC6C0,10.93614,78.50137,7.51,334.18,60.0,2026-08-11T07:44:00Z,VIIRS,,0,,0,0,0,0,0,0,0,0,0,,0,,0,,0,,0,,0,,0
FIRMS_2812059B,11.65238,79.1266,9.66,341.69,60.0,2026-08-11T07:44:00Z,VIIRS,,0,,0,0,0,0,0,0,0,0,0,,0,,0,,0,,0,,0,,0
FIRMS_F56714C7,12.29835,78.21772,3.83,331.88,60.0,2026-08-11T07:44:00Z,VIIRS,,0,,0,0,0,0,0,0,0,0,0,,0,,0,,0,,0,,0,,0
FIRMS_1F28E0A0,13.35804,80.23712,4.38,330.27,60.0,2026-08-11T07:44:00Z,VIIRS,,0,,0,0,0,0,0,0,0,0,0,,0,,0,,0,,0,,0,,0
FIRMS_F59AC766,13.36924,80.1537,1.87,333.26,60.0,2026-08-11T07:44:00Z,VIIRS,,0,,0,0,0,0,0,0,0,0,0,,0,,0,,0,,0,,0,,0
FIRMS_992AD31D,13.46839,79.86543,5.22,330.21,60.0,2026-08-11T07:44:00Z,VIIRS,,0,,0,0,0,0,0,0,0,0,0,,0,,0,,0,,0,,0,,0
FIRMS_FF2EA96E,14.20572,76.8857,2.48,333.73,60.0,2026-08-11T07:44:00Z,VIIRS,,0,,0,0,0,0,0,0,0,0,0,,0,,0,,0,,0,,0,,0
FIRMS_3CD4FAFB,14.28755,77.5889,8.36,332.14,60.0,2026-08-11T07:44:00Z,VIIRS,,0,,0,0,0,0,0,0,0,0,0,,0,,0,,0,,0,,0,,0
FIRMS_15A59FE7,14.65185,79.52352,4.74,335.67,60.0,2026-08-11T07:44:00Z,VIIRS,,0,,0,0,0,0,0,0,0,0,0,,0,,0,,0,,0,,0,,0
FIRMS_4F41EFCA,14.72405,79.54469,2.55,336.35,60.0,2026-08-11T07:44:00Z,VIIRS,,0,,0,0,0,0,0,0,0,0,0,,0,,0,,0,,0,,0,,0
FIRMS_7C614929,14.79489,79.71674,2.24,341.48,60.0,2026-08-11T07:44:00Z,VIIRS,,0,,0,0,0,0,0,0,0,0,0,,0,,0,,0,,0,,0,,0
FIRMS_980334E4,14.85612,76.95194,3.81,333.96,60.0,2026-08-11T07:44:00Z,VIIRS,,0,,0,0,0,0,0,0,0,0,0,,0,,0,,0,,0,,0,,0
FIRMS_45BBADB0,14.8567,76.95497,3.81,347.51,60.0,2026-08-11T07:44:00Z,VIIRS,,0,,0,0,0,0,0,0,0,0,0,,0,,0,,0,,0,,0,,0
FIRMS_78FF4A31,14.8896,79.33846,3.12,330.6,60.0,2026-08-11T07:44:00Z,VIIRS,,0,,0,0,0,0,0,0,0,0,0,,0,,0,,0,,0,,0,,0
FIRMS_2A054117,14.92106,76.83829,3.24,333.55,60.0,2026-08-11T07:44:00Z,VIIRS,,0,,0,0,0,0,0,0,0,0,0,,0,,0,,0,,0,,0,,0
FIRMS_50958CE6,15.28784,78.3216,5.03,333.38,60.0,2026-08-11T07:44:00Z,VIIRS,,0,,0,0,0,0,0,0,0,0,0,,0,,0,,0,,0,,0,,0
FIRMS_70E9B1A2,15.50542,79.54381,1.58,333.42,60.0,2026-08-11T07:44:00Z,VIIRS,,0,,0,0,0,0,0,0,0,0,0,,0,,0,,0,,0,,0,,0
FIRMS_A8645C2D,15.56061,79.96441,3.18,331.98,60.0,2026-08-11T07:44:00Z,VIIRS,,0,,0,0,0,0,0,0,0,0,0,,0,,0,,0,,0,,0,,0
FIRMS_962DB47F,15.61035,79.47829,2.44,333.92,60.0,2026-08-11T07:44:00Z,VIIRS,,0,,0,0,0,0,0,0,0,0,0,,0,,0,,0,,0,,0,,0
FIRMS_1D65D7AF,15.74237,79.7478,13.35,367.0,90.0,2026-08-11T07:44:00Z,VIIRS,,0,,0,0,0,0,0,0,0,0,0,,0,,0,,0,,0,,0,,0
FIRMS_98F3009B,15.76487,79.08978,4.03,335.82,60.0,2026-08-11T07:44:00Z,VIIRS,,0,,0,0,0,0,0,0,0,0,0,,0,,0,,0,,0,,0,,0
FIRMS_B5208E6F,15.82722,80.0759,3.41,337.76,60.0,2026-08-11T07:44:00Z,VIIRS,,0,,0,0,0,0,0,0,0,0,0,,0,,0,,0,,0,,0,,0
FIRMS_82D4F49B,16.18703,79.21886,5.58,341.68,60.0,2026-08-11T07:44:00Z,VIIRS,,0,,0,0,0,0,0,0,0,0,0,,0,,0,,0,,0,,0,,0
FIRMS_0D388E1F,16.1912,79.21764,3.79,333.73,60.0,2026-08-11T07:44:00Z,VIIRS,,0,,0,0,0,0,0,0,0,0,0,,0,,0,,0,,0,,0,,0
FIRMS_326B0FFD,16.19199,79.22189,3.79,337.02,60.0,2026-08-11T07:44:00Z,VIIRS,,0,,0,0,0,0,0,0,0,0,0,,0,,0,,0,,0,,0,,0
FIRMS_6625254A,16.58509,80.65373,9.49,351.25,60.0,2026-08-11T07:44:00Z,VIIRS,,0,,0,0,0,0,0,0,0,0,0,,0,,0,,0,,0,,0,,0
FIRMS_2491F7EE,17.03344,80.86896,3.2,330.45,60.0,2026-08-11T07:44:00Z,VIIRS,,0,,0,0,0,0,0,0,0,0,0,,0,,0,,0,,0,,0,,0
FIRMS_4A412055,17.07935,79.29828,4.78,343.28,60.0,2026-08-11T07:44:00Z,VIIRS,,0,,0,0,0,0,0,0,0,0,0,,0,,0,,0,,0,,0,,0
FIRMS_3E1148B4,17.14975,80.77999,6.13,336.15,60.0,2026-08-11T07:44:00Z,VIIRS,,0,,0,0,0,0,0,0,0,0,0,,0,,0,,0,,0,,0,,0
FIRMS_B9F707B6,23.67603,86.39613,5.3,332.7,60.0,2026-08-11T07:46:00Z,VIIRS,2212.872568126301,1,oil_well,0,0,2,0,0,0,0,0,0,,0,,0,2212.872568126301,1,,0,,0,,0
FIRMS_312C2C32,23.67661,86.40046,5.3,339.43,60.0,2026-08-11T07:46:00Z,VIIRS,2574.543025673779,1,oil_well,0,0,2,0,0,0,0,0,0,,0,,0,2574.543025673779,1,,0,,0,,0
FIRMS_6F6E60BF,23.68312,86.39497,8.3,337.76,60.0,2026-08-11T07:46:00Z,VIIRS,2782.5845618250446,1,oil_well,0,0,9,0,0,0,0,0,0,,0,,0,2782.5845618250446,1,,0,,0,,0
FIRMS_D1251CE2,23.68666,86.39442,5.02,331.94,60.0,2026-08-11T07:46:00Z,VIIRS,2958.755927958277,1,oil_well,0,0,12,0,0,0,0,0,0,,0,,0,2958.755927958277,1,,0,,0,,0
FIRMS_D243C070,23.70852,86.44854,5.08,331.98,60.0,2026-08-11T07:46:00Z,VIIRS,,0,,0,0,0,0,0,0,0,0,0,,0,,0,,0,,0,,0,,0
FIRMS_3EF76267,23.71266,86.45232,8.07,345.01,60.0,2026-08-11T07:46:00Z,VIIRS,,0,,0,0,0,0,0,0,0,0,0,,0,,0,,0,,0,,0,,0
FIRMS_D58C8E6C,23.73802,86.43224,4.86,335.93,60.0,2026-08-11T07:46:00Z,VIIRS,,0,,0,0,0,0,0,0,0,0,0,,0,,0,,0,,0,,0,,0
FIRMS_0827AF4A,23.73859,86.43661,4.86,336.81,60.0,2026-08-11T07:46:00Z,VIIRS,,0,,0,0,0,0,0,0,0,0,0,,0,,0,,0,,0,,0,,0
FIRMS_F51974B2,23.75939,86.4022,3.56,334.36,60.0,2026-08-11T07:46:00Z,VIIRS,,0,,0,0,0,0,0,0,0,0,0,,0,,0,,0,,0,,0,,0
FIRMS_7960D0B6,23.76351,86.40594,3.56,335.54,60.0,2026-08-11T07:46:00Z,VIIRS,,0,,0,0,0,0,0,0,0,0,0,,0,,0,,0,,0,,0,,0
FIRMS_E7606EBF,23.7795,86.39009,4.26,336.13,60.0,2026-08-11T07:46:00Z,VIIRS,,0,,0,0,0,0,0,0,0,0,0,,0,,0,,0,,0,,0,,0
FIRMS_6182B202,23.79607,86.3521,5.15,334.26,60.0,2026-08-11T07:46:00Z,VIIRS,,0,,0,0,0,0,0,0,0,0,0,,0,,0,,0,,0,,0,,0
FIRMS_D95CAB24,23.82317,85.4987,6.34,331.16,30.0,2026-08-11T07:46:00Z,VIIRS,,0,,0,0,0,0,0,0,0,0,0,,0,,0,,0,,0,,0,,0
FIRMS_89785AC0,23.82334,84.57131,2.24,337.01,60.0,2026-08-11T07:46:00Z,VIIRS,,0,,0,0,0,0,0,0,0,0,0,,0,,0,,0,,0,,0,,0
FIRMS_6B2BD04D,23.8239,84.57516,8.57,338.45,60.0,2026-08-11T07:46:00Z,VIIRS,,0,,0,0,0,0,0,0,0,0,0,,0,,0,,0,,0,,0,,0
FIRMS_CB503FB0,26.85012,90.44472,4.4,330.6,60.0,2026-08-11T07:48:00Z,VIIRS,,0,,0,0,0,0,0,0,0,0,0,,0,,0,,0,,0,,0,,0
FIRMS_DB5C274C,27.24553,88.29237,3.14,340.22,60.0,2026-08-11T07:48:00Z,VIIRS,2462.265539924712,1,power_plant,0,0,1,0,0,0,0,0,0,2462.265539924712,1,,0,,0,,0,,0,,0
FIRMS_F8A899D1,21.80074,85.56535,0.48,300.14,60.0,2026-08-11T20:14:00Z,VIIRS,,0,,0,0,0,0,0,0,0,0,0,,0,,0,,0,,0,,0,,0
FIRMS_C34D2F03,21.80238,82.03889,1.02,309.42,60.0,2026-08-11T20:14:00Z,VIIRS,,0,,0,0,0,0,0,0,0,0,0,,0,,0,,0,,0,,0,,0
FIRMS_6F5A6331,21.9254,85.22261,2.73,321.36,60.0,2026-08-11T20:14:00Z,VIIRS,,0,,0,0,0,0,0,0,0,0,0,,0,,0,,0,,0,,0,,0
FIRMS_939AAF08,21.92939,85.21943,1.54,299.69,60.0,2026-08-11T20:14:00Z,VIIRS,,0,,0,0,0,0,0,0,0,0,0,,0,,0,,0,,0,,0,,0
FIRMS_3A9483EC,21.96887,85.31376,0.61,299.0,60.0,2026-08-11T20:14:00Z,VIIRS,,0,,0,0,0,0,0,0,0,0,0,,0,,0,,0,,0,,0,,0
FIRMS_7DFBE5E8,22.20957,84.86221,1.66,304.71,60.0,2026-08-11T20:14:00Z,VIIRS,,0,,0,0,0,0,0,0,0,0,0,,0,,0,,0,,0,,0,,0
FIRMS_04610F3F,22.21289,84.86283,1.5,304.32,60.0,2026-08-11T20:14:00Z,VIIRS,,0,,0,0,0,0,0,0,0,0,0,,0,,0,,0,,0,,0,,0
FIRMS_0434352E,22.24713,87.38735,1.82,319.68,60.0,2026-08-11T20:14:00Z,VIIRS,,0,,0,0,0,0,0,0,0,0,0,,0,,0,,0,,0,,0,,0
FIRMS_6E6C636B,22.36411,87.30314,2.22,311.38,60.0,2026-08-11T20:14:00Z,VIIRS,,0,,0,0,0,0,0,0,0,0,0,,0,,0,,0,,0,,0,,0
FIRMS_014309AD,22.36491,87.29871,2.22,313.98,60.0,2026-08-11T20:14:00Z,VIIRS,,0,,0,0,0,0,0,0,0,0,0,,0,,0,,0,,0,,0,,0
FIRMS_ED399C49,22.36769,87.30388,2.22,313.1,60.0,2026-08-11T20:14:00Z,VIIRS,,0,,0,0,0,0,0,0,0,0,0,,0,,0,,0,,0,,0,,0
FIRMS_21404C82,22.38987,85.77188,0.82,300.14,60.0,2026-08-11T20:14:00Z,VIIRS,,0,,0,0,0,0,0,0,0,0,0,,0,,0,,0,,0,,0,,0
FIRMS_4F0EE180,22.78914,86.20744,0.62,300.76,60.0,2026-08-11T20:14:00Z,VIIRS,,0,,0,0,0,0,0,0,0,0,0,,0,,0,,0,,0,,0,,0
FIRMS_9DBD4E40,22.79121,86.19544,3.88,334.83,60.0,2026-08-11T20:14:00Z,VIIRS,,0,,0,0,0,0,0,0,0,0,0,,0,,0,,0,,0,,0,,0
FIRMS_59D50898,22.79186,86.21217,0.62,300.15,60.0,2026-08-11T20:14:00Z,VIIRS,,0,,0,0,0,0,0,0,0,0,0,,0,,0,,0,,0,,0,,0
FIRMS_97161B5D,22.79393,86.20012,1.06,299.38,60.0,2026-08-11T20:14:00Z,VIIRS,,0,,0,0,0,0,0,0,0,0,0,,0,,0,,0,,0,,0,,0
FIRMS_2950EC80,22.79597,86.20885,0.59,300.74,60.0,2026-08-11T20:14:00Z,VIIRS,,0,,0,0,0,0,0,0,0,0,0,,0,,0,,0,,0,,0,,0
FIRMS_E3BC6358,22.79735,86.20081,1.21,302.57,60.0,2026-08-11T20:14:00Z,VIIRS,,0,,0,0,0,0,0,0,0,0,0,,0,,0,,0,,0,,0,,0
FIRMS_04C3EA34,22.79881,86.0896,1.04,305.07,60.0,2026-08-11T20:14:00Z,VIIRS,,0,,0,0,0,0,0,0,0,0,0,,0,,0,,0,,0,,0,,0
FIRMS_6FA693C1,22.80221,86.09029,1.55,314.38,60.0,2026-08-11T20:14:00Z,VIIRS,,0,,0,0,0,0,0,0,0,0,0,,0,,0,,0,,0,,0,,0
FIRMS_339F3796,22.8097,86.08765,0.98,306.51,60.0,2026-08-11T20:14:00Z,VIIRS,4919.734271971842,1,power_plant,0,0,1,0,0,0,0,0,0,4919.734271971842,1,,0,,0,,0,,0,,0
FIRMS_E520AC4A,22.81718,86.085,0.52,303.35,60.0,2026-08-11T20:14:00Z,VIIRS,4147.806941113978,1,power_plant,0,0,1,0,0,0,0,0,0,4147.806941113978,1,,0,,0,,0,,0,,0
FIRMS_57B045F9,22.81786,86.03994,0.5,299.89,60.0,2026-08-11T20:14:00Z,VIIRS,3042.0049787078497,1,power_plant,0,0,1,0,0,0,0,0,0,3042.0049787078497,1,,0,,0,,0,,0,,0
FIRMS_B885F391,22.87343,86.06207,1.32,310.08,60.0,2026-08-11T20:14:00Z,VIIRS,3612.47341790161,1,power_plant,0,0,1,0,0,0,0,0,0,3612.47341790161,1,,0,,0,,0,,0,,0
FIRMS_0E9C696C,23.48925,87.36892,2.63,304.39,60.0,2026-08-11T20:14:00Z,VIIRS,3229.9433219477582,1,oil_well,0,0,13,0,0,0,0,0,0,,0,,0,3229.9433219477582,1,,0,,0,,0
FIRMS_E93ABA25,23.64553,85.43775,1.34,308.94,60.0,2026-08-11T20:14:00Z,VIIRS,,0,,0,0,0,0,0,0,0,0,0,,0,,0,,0,,0,,0,,0
FIRMS_08893DA8,23.64823,85.44222,1.1,304.68,60.0,2026-08-11T20:14:00Z,VIIRS,,0,,0,0,0,0,0,0,0,0,0,,0,,0,,0,,0,,0,,0
FIRMS_DA9D91B3,23.64886,85.43839,1.34,329.68,60.0,2026-08-11T20:14:00Z,VIIRS,,0,,0,0,0,0,0,0,0,0,0,,0,,0,,0,,0,,0,,0
FIRMS_AB2F733B,23.6495,85.43458,1.34,305.0,60.0,2026-08-11T20:14:00Z,VIIRS,,0,,0,0,0,0,0,0,0,0,0,,0,,0,,0,,0,,0,,0
FIRMS_90170B9F,23.66853,86.09152,0.88,305.9,60.0,2026-08-11T20:14:00Z,VIIRS,,0,,0,0,0,0,0,0,0,0,0,,0,,0,,0,,0,,0,,0
FIRMS_447E40AC,23.67521,86.40223,1.61,303.92,60.0,2026-08-11T20:14:00Z,VIIRS,2618.83092012854,1,oil_well,0,0,2,0,0,0,0,0,0,,0,,0,2618.83092012854,1,,0,,0,,0
FIRMS_5E4BAF5F,23.6759,86.3982,1.2,309.38,60.0,2026-08-11T20:14:00Z,VIIRS,2350.9394779151976,1,oil_well,0,0,2,0,0,0,0,0,0,,0,,0,2350.9394779151976,1,,0,,0,,0
FIRMS_5C6EF711,23.67595,86.08894,1.19,305.32,60.0,2026-08-11T20:14:00Z,VIIRS,,0,,0,0,0,0,0,0,0,0,0,,0,,0,,0,,0,,0,,0
FIRMS_2C318512,23.67658,86.39417,1.2,300.57,60.0,2026-08-11T20:14:00Z,VIIRS,2130.8408342216976,1,oil_well,0,0,7,0,0,0,0,0,0,,0,,0,2130.8408342216976,1,,0,,0,,0
FIRMS_366B4DC5,23.67662,86.08499,2.78,323.01,60.0,2026-08-11T20:14:00Z,VIIRS,,0,,0,0,0,0,0,0,0,0,0,,0,,0,,0,,0,,0,,0
FIRMS_6DA13DFF,23.67889,86.39733,0.83,301.55,60.0,2026-08-11T20:14:00Z,VIIRS,2532.6214728420755,1,oil_well,0,0,2,0,0,0,0,0,0,,0,,0,2532.6214728420755,1,,0,,0,,0
FIRMS_8B54749B,23.68136,86.0982,1.22,302.28,60.0,2026-08-11T20:14:00Z,VIIRS,,0,,0,0,0,0,0,0,0,0,0,,0,,0,,0,,0,,0,,0
FIRMS_E03B9E0F,23.68203,86.09425,3.39,324.49,60.0,2026-08-11T20:14:00Z,VIIRS,,0,,0,0,0,0,0,0,0,0,0,,0,,0,,0,,0,,0,,0
FIRMS_E09FFD1F,23.68299,86.394,0.83,304.58,60.0,2026-08-11T20:14:00Z,VIIRS,2722.111885071733,1,oil_well,0,0,11,0,0,0,0,0,0,,0,,0,2722.111885071733,1,,0,,0,,0
FIRMS_AE4FFB2D,23.68405,86.08242,3.23,327.32,60.0,2026-08-11T20:14:00Z,VIIRS,,0,,0,0,0,0,0,0,0,0,0,,0,,0,,0,,0,,0,,0
FIRMS_CD5BE0DB,23.70293,86.07401,6.82,307.24,60.0,2026-08-11T20:14:00Z,VIIRS,,0,,0,0,0,0,0,0,0,0,0,,0,,0,,0,,0,,0,,0
FIRMS_722BE1FC,23.7036,86.07006,6.82,312.66,60.0,2026-08-11T20:14:00Z,VIIRS,,0,,0,0,0,0,0,0,0,0,0,,0,,0,,0,,0,,0,,0
FIRMS_1F9B221E,23.7063,86.07467,6.82,310.76,60.0,2026-08-11T20:14:00Z,VIIRS,,0,,0,0,0,0,0,0,0,0,0,,0,,0,,0,,0,,0,,0
FIRMS_47336685,23.70697,86.07074,6.82,330.69,60.0,2026-08-11T20:14:00Z,VIIRS,,0,,0,0,0,0,0,0,0,0,0,,0,,0,,0,,0,,0,,0
FIRMS_E83A009C,23.74338,85.50407,0.53,303.06,60.0,2026-08-11T20:14:00Z,VIIRS,1964.8879892117002,1,oil_well,0,0,4,0,0,0,0,0,0,,0,,0,1964.8879892117002,1,,0,,0,,0
FIRMS_D14982E1,23.75401,85.85337,1.87,315.37,60.0,2026-08-11T20:14:00Z,VIIRS,2133.50061056405,1,oil_well,0,0,12,0,0,0,0,0,0,4110.667545620551,1,,0,2133.50061056405,1,,0,,0,,0
FIRMS_66F096CA,23.75737,85.85403,1.87,315.63,60.0,2026-08-11T20:14:00Z,VIIRS,1809.8941598726306,1,oil_well,0,0,13,0,0,0,0,0,0,4027.1413515173435,1,,0,1809.8941598726306,1,,0,,0,,0
FIRMS_EFA7FF8C,23.7731,86.19726,2.38,315.9,60.0,2026-08-11T20:14:00Z,VIIRS,,0,,0,0,0,0,0,0,0,0,0,,0,,0,,0,,0,,0,,0
FIRMS_48119EE3,23.77445,86.20985,1.13,308.54,60.0,2026-08-11T20:14:00Z,VIIRS,,0,,0,0,0,0,0,0,0,0,0,,0,,0,,0,,0,,0,,0
FIRMS_8A6EDF45,23.77784,86.21052,1.13,307.26,60.0,2026-08-11T20:14:00Z,VIIRS,,0,,0,0,0,0,0,0,0,0,0,,0,,0,,0,,0,,0,,0
FIRMS_19B01BA2,23.77852,86.20654,1.13,308.56,60.0,2026-08-11T20:14:00Z,VIIRS,,0,,0,0,0,0,0,0,0,0,0,,0,,0,,0,,0,,0,,0
FIRMS_2EC7E0E9,23.77981,85.57465,2.52,309.27,60.0,2026-08-11T20:14:00Z,VIIRS,2800.3290572856718,1,oil_well,0,0,1,0,0,0,0,0,0,,0,,0,2800.3290572856718,1,,0,,0,,0
FIRMS_D7B770E2,23.78109,85.56696,1.35,310.23,60.0,2026-08-11T20:14:00Z,VIIRS,2209.3585005258587,1,oil_well,0,0,2,0,0,0,0,0,0,,0,,0,2209.3585005258587,1,,0,,0,,0
FIRMS_BB48A1A8,23.78123,86.21118,3.42,326.79,60.0,2026-08-11T20:14:00Z,VIIRS,,0,,0,0,0,0,0,0,0,0,0,,0,,0,,0,,0,,0,,0
FIRMS_08B83E30,23.78698,85.55224,1.93,318.72,60.0,2026-08-11T20:14:00Z,VIIRS,2035.5013879288454,1,oil_well,0,0,3,0,0,0,0,0,0,,0,,0,2035.5013879288454,1,,0,,0,,0
FIRMS_18064317,23.79478,86.2345,1.58,306.62,60.0,2026-08-11T20:14:00Z,VIIRS,,0,,0,0,0,0,0,0,0,0,0,,0,,0,,0,,0,,0,,0
FIRMS_14A15B18,23.8033,86.32986,1.34,309.99,60.0,2026-08-11T20:14:00Z,VIIRS,,0,,0,0,0,0,0,0,0,0,0,,0,,0,,0,,0,,0,,0
FIRMS_9C3E67E3,23.82094,84.57207,1.47,306.88,60.0,2026-08-11T20:14:00Z,VIIRS,,0,,0,0,0,0,0,0,0,0,0,,0,,0,,0,,0,,0,,0
FIRMS_44771B63,23.82424,84.57269,1.47,322.48,60.0,2026-08-11T20:14:00Z,VIIRS,,0,,0,0,0,0,0,0,0,0,0,,0,,0,,0,,0,,0,,0
FIRMS_E162C132,23.82754,84.57332,0.88,306.58,60.0,2026-08-11T20:14:00Z,VIIRS,,0,,0,0,0,0,0,0,0,0,0,,0,,0,,0,,0,,0,,0
FIRMS_981FBBC7,24.11535,86.86154,2.08,313.02,60.0,2026-08-11T20:14:00Z,VIIRS,,0,,0,0,0,0,0,0,0,0,0,,0,,0,,0,,0,,0,,0
FIRMS_997B6012,24.11607,86.85741,2.08,307.05,60.0,2026-08-11T20:14:00Z,VIIRS,,0,,0,0,0,0,0,0,0,0,0,,0,,0,,0,,0,,0,,0
FIRMS_649FFF56,24.1188,86.86226,3.12,307.85,60.0,2026-08-11T20:14:00Z,VIIRS,,0,,0,0,0,0,0,0,0,0,0,,0,,0,,0,,0,,0,,0
FIRMS_A74305CD,24.3549,93.26946,0.72,304.35,60.0,2026-08-11T20:14:00Z,VIIRS,,0,,0,0,0,0,0,0,0,0,0,,0,,0,,0,,0,,0,,0
FIRMS_CBBF4EDC,25.03476,87.37252,0.98,307.52,60.0,2026-08-11T20:14:00Z,VIIRS,,0,,0,0,0,0,0,0,0,0,0,,0,,0,,0,,0,,0,,0
FIRMS_DBF4BAB8,25.03586,87.38855,1.34,313.95,60.0,2026-08-11T20:14:00Z,VIIRS,,0,,0,0,0,0,0,0,0,0,0,,0,,0,,0,,0,,0,,0
FIRMS_0C169F37,25.54239,91.23597,1.11,308.27,60.0,2026-08-11T20:14:00Z,VIIRS,,0,,0,0,0,0,0,0,0,0,0,,0,,0,,0,,0,,0,,0
FIRMS_0B248F27,26.75969,83.19914,2.97,312.73,60.0,2026-08-11T20:14:00Z,VIIRS,3148.689559639081,1,ethanol_plant,0,0,1,0,0,0,0,0,0,,0,,0,,0,3148.689559639081,1,,0,,0
FIRMS_56A57A2F,28.34927,77.25589,3.29,306.44,60.0,2026-08-11T20:14:00Z,VIIRS,,0,,0,0,0,0,0,0,0,0,0,,0,,0,,0,,0,,0,,0
FIRMS_C526365F,28.6487,77.58789,5.8,307.21,60.0,2026-08-11T20:14:00Z,VIIRS,,0,,0,0,0,0,0,0,0,0,0,,0,,0,,0,,0,,0,,0
FIRMS_A9CB47E9,28.65111,77.58927,6.51,306.15,60.0,2026-08-11T20:14:00Z,VIIRS,,0,,0,0,0,0,0,0,0,0,0,,0,,0,,0,,0,,0,,0
FIRMS_61169943,9.52184,77.45166,0.75,305.29,60.0,2026-08-11T20:17:00Z,VIIRS,,0,,0,0,0,0,0,0,0,0,0,,0,,0,,0,,0,,0,,0
FIRMS_01DB3D89,9.53687,77.45146,3.07,318.31,60.0,2026-08-11T20:17:00Z,VIIRS,,0,,0,0,0,0,0,0,0,0,0,,0,,0,,0,,0,,0,,0
FIRMS_46A8A537,10.61676,77.42188,0.72,305.01,60.0,2026-08-11T20:17:00Z,VIIRS,,0,,0,0,0,0,0,0,0,0,0,,0,,0,,0,,0,,0,,0
FIRMS_641EC8DC,10.93105,77.06483,1.31,305.29,60.0,2026-08-11T20:17:00Z,VIIRS,,0,,0,0,0,0,0,0,0,0,0,,0,,0,,0,,0,,0,,0
FIRMS_245F9B6B,15.02405,78.01597,1.89,311.37,60.0,2026-08-11T20:17:00Z,VIIRS,,0,,0,0,0,0,0,0,0,0,0,,0,,0,,0,,0,,0,,0
FIRMS_38B80C64,15.17621,77.1011,1.22,309.63,60.0,2026-08-11T20:17:00Z,VIIRS,,0,,0,0,0,0,0,0,0,0,0,,0,,0,,0,,0,,0,,0
FIRMS_196B7E8D,17.02991,81.78046,0.7,305.16,60.0,2026-08-11T20:17:00Z,VIIRS,,0,,0,0,0,0,0,0,0,0,0,,0,,0,,0,,0,,0,,0
FIRMS_0C3592EB,17.46195,80.6544,1.61,308.67,60.0,2026-08-11T20:17:00Z,VIIRS,,0,,0,0,0,0,0,0,0,0,0,,0,,0,,0,,0,,0,,0
FIRMS_8AF30467,17.95707,80.7972,2.07,311.76,60.0,2026-08-11T20:17:00Z,VIIRS,,0,,0,0,0,0,0,0,0,0,0,,0,,0,,0,,0,,0,,0
FIRMS_2925CB6E,17.95764,80.79329,2.07,312.94,60.0,2026-08-11T20:17:00Z,VIIRS,,0,,0,0,0,0,0,0,0,0,0,,0,,0,,0,,0,,0,,0
FIRMS_4D110F82,21.24532,81.77042,0.82,304.8,60.0,2026-08-11T20:17:00Z,VIIRS,,0,,0,0,0,0,0,0,0,0,0,,0,,0,,0,,0,,0,,0
FIRMS_065CBE74,21.30995,81.5898,1.06,296.74,60.0,2026-08-11T20:17:00Z,VIIRS,,0,,0,0,0,0,0,0,0,0,0,,0,,0,,0,,0,,0,,0
FIRMS_3BD58144,12.74482,77.6194,0.42,297.44,60.0,2026-08-11T20:19:00Z,VIIRS,,0,,0,0,0,0,0,0,0,0,0,,0,,0,,0,,0,,0,,0
FIRMS_ADD5642A,13.39368,80.10179,1.0,304.89,60.0,2026-08-11T20:19:00Z,VIIRS,,0,,0,0,0,0,0,0,0,0,0,,0,,0,,0,,0,,0,,0
FIRMS_94B527E3,13.8981,76.56383,0.73,304.39,60.0,2026-08-11T20:19:00Z,VIIRS,,0,,0,0,0,0,0,0,0,0,0,,0,,0,,0,,0,,0,,0
FIRMS_B555F9D7,21.74449,83.84071,5.0,331.0,60.0,2026-08-12T07:29:00Z,VIIRS,,0,,0,0,0,0,0,0,0,0,0,,0,,0,,0,,0,,0,,0
FIRMS_13089BBD,21.74932,83.8451,2.72,334.46,60.0,2026-08-12T07:29:00Z,VIIRS,,0,,0,0,0,0,0,0,0,0,0,,0,,0,,0,,0,,0,,0
FIRMS_89BE0E82,23.16594,82.33984,3.73,329.58,60.0,2026-08-12T07:29:00Z,VIIRS,,0,,0,0,0,0,0,0,0,0,0,,0,,0,,0,,0,,0,,0
FIRMS_67604672,23.66504,87.15353,6.77,337.81,30.0,2026-08-12T07:29:00Z,VIIRS,,0,,0,0,0,0,0,0,0,0,0,,0,,0,,0,,0,,0,,0
FIRMS_402DC744,26.32264,87.24606,2.36,332.6,60.0,2026-08-12T07:29:00Z,VIIRS,,0,,0,0,0,0,0,0,0,0,0,,0,,0,,0,,0,,0,,0
FIRMS_2308BBC0,8.72599,77.55264,4.2,335.39,60.0,2026-08-12T09:05:00Z,VIIRS,,0,,0,0,0,0,0,0,0,0,0,,0,,0,,0,,0,,0,,0
FIRMS_80DF3A05,8.72601,77.55209,5.69,336.48,60.0,2026-08-12T09:05:00Z,VIIRS,,0,,0,0,0,0,0,0,0,0,0,,0,,0,,0,,0,,0,,0
FIRMS_0283175E,8.89707,77.86404,7.0,335.18,60.0,2026-08-12T09:05:00Z,VIIRS,,0,,0,0,0,0,0,0,0,0,0,,0,,0,,0,,0,,0,,0
FIRMS_D118826D,8.9007,77.85759,7.56,353.63,60.0,2026-08-12T09:05:00Z,VIIRS,,0,,0,0,0,0,0,0,0,0,0,,0,,0,,0,,0,,0,,0
FIRMS_7CC4ECCF,8.90267,77.85844,8.51,353.95,60.0,2026-08-12T09:05:00Z,VIIRS,,0,,0,0,0,0,0,0,0,0,0,,0,,0,,0,,0,,0,,0
FIRMS_A8B650C9,9.03714,77.75275,3.41,343.0,60.0,2026-08-12T09:05:00Z,VIIRS,,0,,0,0,0,0,0,0,0,0,0,,0,,0,,0,,0,,0,,0
FIRMS_12F81DE1,9.07997,77.74262,1.53,336.58,60.0,2026-08-12T09:05:00Z,VIIRS,,0,,0,0,0,0,0,0,0,0,0,,0,,0,,0,,0,,0,,0
FIRMS_9D7ACBE9,9.08511,77.74313,3.19,336.57,60.0,2026-08-12T09:05:00Z,VIIRS,,0,,0,0,0,0,0,0,0,0,0,,0,,0,,0,,0,,0,,0
FIRMS_BD760010,9.39539,78.73707,4.63,344.08,60.0,2026-08-12T09:05:00Z,VIIRS,,0,,0,0,0,0,0,0,0,0,0,,0,,0,,0,,0,,0,,0
FIRMS_635ADA67,9.39776,78.73965,12.13,354.56,60.0,2026-08-12T09:05:00Z,VIIRS,,0,,0,0,0,0,0,0,0,0,0,,0,,0,,0,,0,,0,,0
FIRMS_FD9D95AB,9.40201,78.73626,4.63,338.73,60.0,2026-08-12T09:05:00Z,VIIRS,,0,,0,0,0,0,0,0,0,0,0,,0,,0,,0,,0,,0,,0
FIRMS_D7E35F35,26.64153,79.47498,1.03,306.13,60.0,2026-08-12T19:53:00Z,VIIRS,,0,,0,0,0,0,0,0,0,0,0,,0,,0,,0,,0,,0,,0
FIRMS_05BBAB47,27.60436,95.40337,3.89,306.69,60.0,2026-08-12T19:53:00Z,VIIRS,5.340565085952373,1,oil_well,3,8,24,0,0,8,0,0,0,,0,,0,5.340565085952373,1,,0,,0,,0
FIRMS_ED943EFA,21.2409,79.22372,0.42,299.56,60.0,2026-08-12T19:55:00Z,VIIRS,,0,,0,0,0,0,0,0,0,0,0,,0,,0,,0,,0,,0,,0
FIRMS_3B828002,21.24105,79.22495,0.63,300.81,60.0,2026-08-12T19:55:00Z,VIIRS,,0,,0,0,0,0,0,0,0,0,0,,0,,0,,0,,0,,0,,0
FIRMS_75D9AC75,21.24658,79.22227,0.52,299.72,60.0,2026-08-12T19:55:00Z,VIIRS,,0,,0,0,0,0,0,0,0,0,0,,0,,0,,0,,0,,0,,0
FIRMS_ACEB7F89,21.24792,79.20891,0.56,303.12,60.0,2026-08-12T19:55:00Z,VIIRS,,0,,0,0,0,0,0,0,0,0,0,,0,,0,,0,,0,,0,,0
FIRMS_018BB466,21.33618,78.96775,1.17,312.5,60.0,2026-08-12T19:55:00Z,VIIRS,,0,,0,0,0,0,0,0,0,0,0,,0,,0,,0,,0,,0,,0
FIRMS_4E3168A8,21.37776,81.68217,1.87,305.45,60.0,2026-08-12T19:55:00Z,VIIRS,,0,,0,0,0,0,0,0,0,0,0,,0,,0,,0,,0,,0,,0
FIRMS_59F7D16D,21.92072,83.35049,1.14,306.51,60.0,2026-08-12T19:55:00Z,VIIRS,,0,,0,0,0,0,0,0,0,0,0,,0,,0,,0,,0,,0,,0
FIRMS_52784497,22.00658,82.66907,1.29,298.55,60.0,2026-08-12T19:55:00Z,VIIRS,,0,,0,0,0,0,0,0,0,0,0,,0,,0,,0,,0,,0,,0
FIRMS_E01684C0,22.0304,83.36609,0.61,295.62,60.0,2026-08-12T19:55:00Z,VIIRS,,0,,0,0,0,0,0,0,0,0,0,,0,,0,,0,,0,,0,,0
FIRMS_33AF4BF6,22.35942,82.30392,0.97,302.34,60.0,2026-08-12T19:55:00Z,VIIRS,,0,,0,0,0,0,0,0,0,0,0,,0,,0,,0,,0,,0,,0
FIRMS_BD561AC5,24.16736,82.62198,0.77,297.19,60.0,2026-08-12T19:55:00Z,VIIRS,,0,,0,0,0,0,0,0,0,0,0,,0,,0,,0,,0,,0,,0
FIRMS_5A148BE1,24.20536,82.71243,2.57,303.22,60.0,2026-08-12T19:55:00Z,VIIRS,,0,,0,0,0,0,0,0,0,0,0,,0,,0,,0,,0,,0,,0
FIRMS_56592A47,25.03583,87.3895,3.04,312.2,60.0,2026-08-12T19:55:00Z,VIIRS,,0,,0,0,0,0,0,0,0,0,0,,0,,0,,0,,0,,0,,0
FIRMS_A5C2CE54,10.92167,78.51196,1.22,310.24,60.0,2026-08-12T20:00:00Z,VIIRS,,0,,0,0,0,0,0,0,0,0,0,,0,,0,,0,,0,,0,,0
FIRMS_331E6A9F,10.94375,76.38715,0.45,297.97,60.0,2026-08-12T20:00:00Z,VIIRS,,0,,0,0,0,0,0,0,0,0,0,,0,,0,,0,,0,,0,,0
FIRMS_14082D0D,10.94384,76.3857,0.58,301.34,60.0,2026-08-12T20:00:00Z,VIIRS,,0,,0,0,0,0,0,0,0,0,0,,0,,0,,0,,0,,0,,0
FIRMS_79B83AAF,26.64242,79.48309,2.67,313.16,60.0,2026-08-12T21:33:00Z,VIIRS,4791.853612428016,1,power_plant,0,0,1,0,0,0,0,0,0,4791.853612428016,1,,0,,0,,0,,0,,0
FIRMS_B002BADB,26.64256,79.48462,2.46,310.31,60.0,2026-08-12T21:33:00Z,VIIRS,4653.88376955062,1,power_plant,0,0,1,0,0,0,0,0,0,4653.88376955062,1,,0,,0,,0,,0,,0
FIRMS_D0D0D26C,31.25882,76.92647,0.61,304.8,60.0,2026-08-12T21:33:00Z,VIIRS,,0,,0,0,0,0,0,0,0,0,0,,0,,0,,0,,0,,0,,0
FIRMS_9F076E84,23.73618,86.43395,4.16,332.8,60.0,2026-08-13T07:07:00Z,VIIRS,,0,,0,0,0,0,0,0,0,0,0,,0,,0,,0,,0,,0,,0
FIRMS_B4DE60ED,23.73811,86.43422,5.16,333.43,60.0,2026-08-13T07:07:00Z,VIIRS,,0,,0,0,0,0,0,0,0,0,0,,0,,0,,0,,0,,0,,0
FIRMS_6D5A2BF9,23.77803,86.38847,3.67,329.59,60.0,2026-08-13T07:07:00Z,VIIRS,,0,,0,0,0,0,0,0,0,0,0,,0,,0,,0,,0,,0,,0
FIRMS_630E775A,23.80264,86.33192,4.15,330.43,60.0,2026-08-13T07:07:00Z,VIIRS,,0,,0,0,0,0,0,0,0,0,0,,0,,0,,0,,0,,0,,0
FIRMS_A5034050,27.75595,96.12046,8.28,342.54,60.0,2026-08-13T07:09:00Z,VIIRS,,0,,0,0,0,0,0,0,0,0,0,,0,,0,,0,,0,,0,,0
FIRMS_365E4351,27.95328,94.17912,4.81,333.1,60.0,2026-08-13T07:09:00Z,VIIRS,,0,,0,0,0,0,0,0,0,0,0,,0,,0,,0,,0,,0,,0
FIRMS_D9F522DC,28.2101,95.63686,2.9,331.73,60.0,2026-08-13T07:09:00Z,VIIRS,,0,,0,0,0,0,0,0,0,0,0,,0,,0,,0,,0,,0,,0
FIRMS_8724D8D3,8.76691,77.69192,2.92,337.11,60.0,2026-08-13T08:45:00Z,VIIRS,,0,,0,0,0,0,0,0,0,0,0,,0,,0,,0,,0,,0,,0
FIRMS_06D34251,9.47122,78.82121,4.56,336.94,60.0,2026-08-13T08:45:00Z,VIIRS,2503.9020224072055,1,oil_well,0,0,2,0,0,0,0,0,0,,0,,0,2503.9020224072055,1,,0,,0,,0
FIRMS_288A74DB,9.67933,78.15241,7.88,343.29,60.0,2026-08-13T08:45:00Z,VIIRS,,0,,0,0,0,0,0,0,0,0,0,,0,,0,,0,,0,,0,,0
FIRMS_4DD2D352,10.16619,78.93098,5.27,335.29,60.0,2026-08-13T08:45:00Z,VIIRS,,0,,0,0,0,0,0,0,0,0,0,,0,,0,,0,,0,,0,,0
FIRMS_E47D9E77,10.77735,79.65633,5.45,351.27,60.0,2026-08-13T08:45:00Z,VIIRS,623.9914584504711,1,oil_well,0,2,70,0,0,2,0,0,0,,0,,0,623.9914584504711,1,,0,,0,,0
FIRMS_5943EC90,11.04338,78.72183,2.94,330.37,60.0,2026-08-13T08:45:00Z,VIIRS,,0,,0,0,0,0,0,0,0,0,0,,0,,0,,0,,0,,0,,0
FIRMS_490D1E05,11.54044,79.12389,2.58,339.14,60.0,2026-08-13T08:45:00Z,VIIRS,,0,,0,0,0,0,0,0,0,0,0,,0,,0,,0,,0,,0,,0
FIRMS_76D6BB82,23.73823,86.43073,2.09,298.21,60.0,2026-08-13T19:36:00Z,VIIRS,,0,,0,0,0,0,0,0,0,0,0,,0,,0,,0,,0,,0,,0
FIRMS_F3427064,23.74908,86.41685,2.09,296.97,60.0,2026-08-13T19:36:00Z,VIIRS,,0,,0,0,0,0,0,0,0,0,0,,0,,0,,0,,0,,0,,0
FIRMS_55FE7A65,23.75298,86.41855,2.36,298.67,60.0,2026-08-13T19:36:00Z,VIIRS,,0,,0,0,0,0,0,0,0,0,0,,0,,0,,0,,0,,0,,0
FIRMS_C41063C8,23.75365,86.41747,1.44,297.17,60.0,2026-08-13T19:36:00Z,VIIRS,,0,,0,0,0,0,0,0,0,0,0,,0,,0,,0,,0,,0,,0
FIRMS_19CFA2EC,25.94058,72.19393,2.2,304.94,60.0,2026-08-13T21:16:00Z,VIIRS,,0,,0,0,0,0,0,0,0,0,0,,0,,0,,0,,0,,0,,0
FIRMS_E2063F60,24.66126,74.63389,0.71,296.63,60.0,2026-08-13T21:18:00Z,VIIRS,,0,,0,0,0,0,0,0,0,0,0,,0,,0,,0,,0,,0,,0
FIRMS_696C3A8D,12.98518,74.85353,0.59,303.49,60.0,2026-08-13T21:21:00Z,VIIRS,,0,,0,0,0,0,0,0,0,0,0,,0,,0,,0,,0,,0,,0
FIRMS_9037BD41,8.69729,77.84816,1.51,337.29,60.0,2026-08-14T08:26:00Z,VIIRS,,0,,0,0,0,0,0,0,0,0,0,,0,,0,,0,,0,,0,,0
FIRMS_B2BB2020,8.76233,77.79604,2.81,339.05,60.0,2026-08-14T08:26:00Z,VIIRS,,0,,0,0,0,0,0,0,0,0,0,,0,,0,,0,,0,,0,,0
FIRMS_0F7E5520,9.41698,77.81709,14.1,344.56,60.0,2026-08-14T08:26:00Z,VIIRS,,0,,0,0,0,0,0,0,0,0,0,,0,,0,,0,,0,,0,,0
FIRMS_45CD4A80,9.49049,78.61933,6.35,342.11,60.0,2026-08-14T08:26:00Z,VIIRS,,0,,0,0,0,0,0,0,0,0,0,,0,,0,,0,,0,,0,,0
FIRMS_968B7A36,9.57608,78.31172,4.92,335.35,60.0,2026-08-14T08:26:00Z,VIIRS,,0,,0,0,0,0,0,0,0,0,0,,0,,0,,0,,0,,0,,0
FIRMS_6DF0235A,9.57666,78.31569,5.44,336.05,60.0,2026-08-14T08:26:00Z,VIIRS,,0,,0,0,0,0,0,0,0,0,0,,0,,0,,0,,0,,0,,0
FIRMS_05BF274D,9.94017,78.72459,3.47,338.41,60.0,2026-08-14T08:28:00Z,VIIRS,,0,,0,0,0,0,0,0,0,0,0,,0,,0,,0,,0,,0,,0
FIRMS_09692860,9.94318,78.71989,3.47,337.56,60.0,2026-08-14T08:28:00Z,VIIRS,,0,,0,0,0,0,0,0,0,0,0,,0,,0,,0,,0,,0,,0
FIRMS_820E2835,9.94619,78.71519,4.78,344.65,60.0,2026-08-14T08:28:00Z,VIIRS,,0,,0,0,0,0,0,0,0,0,0,,0,,0,,0,,0,,0,,0
FIRMS_7433697C,10.15349,78.50438,3.96,335.53,60.0,2026-08-14T08:28:00Z,VIIRS,,0,,0,0,0,0,0,0,0,0,0,,0,,0,,0,,0,,0,,0
FIRMS_69A74F30,10.16352,78.93459,3.95,335.38,60.0,2026-08-14T08:28:00Z,VIIRS,,0,,0,0,0,0,0,0,0,0,0,,0,,0,,0,,0,,0,,0
FIRMS_9FDE0300,10.6441,79.07843,5.06,342.53,60.0,2026-08-14T08:28:00Z,VIIRS,4035.2865505356253,1,oil_well,0,0,1,0,0,0,0,0,0,,0,,0,4035.2865505356253,1,,0,,0,,0
FIRMS_CEDA1407,10.79085,77.71056,0.61,334.83,60.0,2026-08-14T08:28:00Z,VIIRS,,0,,0,0,0,0,0,0,0,0,0,,0,,0,,0,,0,,0,,0
FIRMS_35579941,11.10117,78.03844,1.67,330.35,60.0,2026-08-14T08:28:00Z,VIIRS,,0,,0,0,0,0,0,0,0,0,0,,0,,0,,0,,0,,0,,0
FIRMS_EE70CDCA,12.34427,76.94675,2.02,332.13,60.0,2026-08-14T08:28:00Z,VIIRS,,0,,0,0,0,0,0,0,0,0,0,,0,,0,,0,,0,,0,,0
FIRMS_706F8403,12.92848,80.18225,3.63,340.81,60.0,2026-08-14T08:28:00Z,VIIRS,,0,,0,0,0,0,0,0,0,0,0,,0,,0,,0,,0,,0,,0
FIRMS_9C3B6F47,13.13813,79.96019,4.8,341.06,60.0,2026-08-14T08:28:00Z,VIIRS,,0,,0,0,0,0,0,0,0,0,0,,0,,0,,0,,0,,0,,0
FIRMS_2AE0E6E6,13.85388,78.33376,2.34,336.45,60.0,2026-08-14T08:28:00Z,VIIRS,,0,,0,0,0,0,0,0,0,0,0,,0,,0,,0,,0,,0,,0
FIRMS_5649CBF2,14.31833,77.41064,2.89,335.06,60.0,2026-08-14T08:28:00Z,VIIRS,,0,,0,0,0,0,0,0,0,0,0,,0,,0,,0,,0,,0,,0
FIRMS_9C4F49EC,14.3213,77.40604,3.25,340.06,60.0,2026-08-14T08:28:00Z,VIIRS,,0,,0,0,0,0,0,0,0,0,0,,0,,0,,0,,0,,0,,0
FIRMS_C06EA6E8,14.32188,77.41011,2.89,340.84,60.0,2026-08-14T08:28:00Z,VIIRS,,0,,0,0,0,0,0,0,0,0,0,,0,,0,,0,,0,,0,,0
FIRMS_0294D33C,14.32246,77.41421,2.89,338.61,60.0,2026-08-14T08:28:00Z,VIIRS,,0,,0,0,0,0,0,0,0,0,0,,0,,0,,0,,0,,0,,0
FIRMS_1D3FEDFE,14.32542,77.40958,3.04,341.0,60.0,2026-08-14T08:28:00Z,VIIRS,,0,,0,0,0,0,0,0,0,0,0,,0,,0,,0,,0,,0,,0
FIRMS_16ADEBB7,14.326,77.41369,3.04,338.16,60.0,2026-08-14T08:28:00Z,VIIRS,,0,,0,0,0,0,0,0,0,0,0,,0,,0,,0,,0,,0,,0
FIRMS_BEFAED10,14.32896,77.40906,3.04,346.67,60.0,2026-08-14T08:28:00Z,VIIRS,,0,,0,0,0,0,0,0,0,0,0,,0,,0,,0,,0,,0,,0
FIRMS_EF170D11,14.33192,77.40444,2.83,336.96,60.0,2026-08-14T08:28:00Z,VIIRS,,0,,0,0,0,0,0,0,0,0,0,,0,,0,,0,,0,,0,,0
FIRMS_AD4CEABC,14.33251,77.40853,7.7,353.07,60.0,2026-08-14T08:28:00Z,VIIRS,,0,,0,0,0,0,0,0,0,0,0,,0,,0,,0,,0,,0,,0
FIRMS_73397E9F,14.88612,77.45694,4.17,334.57,60.0,2026-08-14T08:28:00Z,VIIRS,,0,,0,0,0,0,0,0,0,0,0,,0,,0,,0,,0,,0,,0
FIRMS_5CA1B058,15.16369,76.38303,3.96,334.16,60.0,2026-08-14T08:28:00Z,VIIRS,,0,,0,0,0,0,0,0,0,0,0,,0,,0,,0,,0,,0,,0
FIRMS_2311BEE1,15.17222,76.66235,4.86,343.64,60.0,2026-08-14T08:28:00Z,VIIRS,,0,,0,0,0,0,0,0,0,0,0,,0,,0,,0,,0,,0,,0
FIRMS_1DC3E864,15.17322,76.69418,3.3,335.93,60.0,2026-08-14T08:28:00Z,VIIRS,3509.8325116645015,1,power_plant,0,0,3,0,0,0,0,0,0,3509.8325116645015,1,,0,,0,,0,,0,,0
FIRMS_4F7807A1,15.61406,78.3792,12.98,336.76,60.0,2026-08-14T08:28:00Z,VIIRS,,0,,0,0,0,0,0,0,0,0,0,,0,,0,,0,,0,,0,,0
FIRMS_92C63172,15.67526,78.37572,5.6,332.72,60.0,2026-08-14T08:28:00Z,VIIRS,,0,,0,0,0,0,0,0,0,0,0,,0,,0,,0,,0,,0,,0
FIRMS_965BE059,15.68431,80.11327,3.22,340.56,60.0,2026-08-14T08:28:00Z,VIIRS,,0,,0,0,0,0,0,0,0,0,0,,0,,0,,0,,0,,0,,0
FIRMS_11025CDA,15.74877,80.01529,3.47,346.84,60.0,2026-08-14T08:28:00Z,VIIRS,,0,,0,0,0,0,0,0,0,0,0,,0,,0,,0,,0,,0,,0
FIRMS_9D4AB7C0,15.84728,80.08014,2.4,334.29,60.0,2026-08-14T08:28:00Z,VIIRS,,0,,0,0,0,0,0,0,0,0,0,,0,,0,,0,,0,,0,,0
FIRMS_6A2C4BBB,18.68664,73.04058,8.31,336.58,60.0,2026-08-14T08:30:00Z,VIIRS,,0,,0,0,0,0,0,0,0,0,0,,0,,0,,0,,0,,0,,0
FIRMS_5125DD67,27.03289,94.89212,5.03,314.82,60.0,2026-08-14T19:17:00Z,VIIRS,224.11931179563783,1,oil_well,16,30,384,0,0,30,0,0,0,1484.1636051241517,1,,0,224.11931179563783,1,,0,,0,,0
FIRMS_7979A3F9,27.32576,95.27875,4.34,311.81,60.0,2026-08-14T19:17:00Z,VIIRS,254.43663910268054,1,oil_well,5,19,190,0,0,19,0,0,0,,0,,0,254.43663910268054,1,,0,,0,,0
FIRMS_71A66E2C,22.9329,69.70402,0.96,302.22,60.0,2026-08-14T20:57:00Z,VIIRS,,0,,0,0,0,0,0,0,0,0,0,,0,,0,,0,,0,,0,,0
FIRMS_7C70D08C,23.31558,70.4867,1.06,303.46,60.0,2026-08-14T20:57:00Z,VIIRS,,0,,0,0,0,0,0,0,0,0,0,,0,,0,,0,,0,,0,,0
FIRMS_F37590B1,25.94164,72.19266,1.49,321.57,60.0,2026-08-14T20:57:00Z,VIIRS,,0,,0,0,0,0,0,0,0,0,0,,0,,0,,0,,0,,0,,0
FIRMS_193E56A1,25.94279,72.19247,1.72,324.59,60.0,2026-08-14T20:57:00Z,VIIRS,,0,,0,0,0,0,0,0,0,0,0,,0,,0,,0,,0,,0,,0
FIRMS_1D8BC0A1,26.60479,73.68352,1.07,306.63,60.0,2026-08-14T20:57:00Z,VIIRS,,0,,0,0,0,0,0,0,0,0,0,,0,,0,,0,,0,,0,,0
FIRMS_3A179C33,26.87478,73.51643,0.84,304.98,60.0,2026-08-14T20:57:00Z,VIIRS,,0,,0,0,0,0,0,0,0,0,0,,0,,0,,0,,0,,0,,0
FIRMS_CBCF8B2B,26.87868,73.51321,0.84,305.24,60.0,2026-08-14T20:57:00Z,VIIRS,,0,,0,0,0,0,0,0,0,0,0,,0,,0,,0,,0,,0,,0
FIRMS_C13752E7,22.3395,69.85548,1.98,304.65,60.0,2026-08-14T20:59:00Z,VIIRS,2192.480119620588,1,oil_refinery,0,0,2,0,0,0,0,0,0,,0,2192.480119620588,1,,0,,0,,0,,0
FIRMS_0E8C71AA,13.74471,76.84552,0.8,299.46,60.0,2026-08-14T21:01:00Z,VIIRS,,0,,0,0,0,0,0,0,0,0,0,,0,,0,,0,,0,,0,,0
FIRMS_DEE994BA,15.17404,76.69186,0.7,298.99,60.0,2026-08-14T21:01:00Z,VIIRS,3651.9890277068193,1,power_plant,0,0,3,0,0,0,0,0,0,3651.9890277068193,1,,0,,0,,0,,0,,0
FIRMS_651E5C2D,15.18089,76.67749,2.41,298.56,60.0,2026-08-14T21:01:00Z,VIIRS,4711.388619383491,1,power_plant,0,0,3,0,0,0,0,0,0,4711.388619383491,1,,0,,0,,0,,0,,0
FIRMS_D4C3DFB7,15.18296,76.66602,2.09,307.58,60.0,2026-08-14T21:01:00Z,VIIRS,,0,,0,0,0,0,0,0,0,0,0,,0,,0,,0,,0,,0,,0
FIRMS_74755B7B,15.22681,76.76525,0.8,301.71,60.0,2026-08-14T21:01:00Z,VIIRS,,0,,0,0,0,0,0,0,0,0,0,,0,,0,,0,,0,,0,,0
FIRMS_EFB71952,15.22752,76.76139,0.8,300.97,60.0,2026-08-14T21:01:00Z,VIIRS,,0,,0,0,0,0,0,0,0,0,0,,0,,0,,0,,0,,0,,0
FIRMS_2D3DB905,27.60563,95.40367,1.91,328.54,60.0,2026-08-15T06:31:00Z,VIIRS,125.83961980669015,1,oil_well,3,8,24,0,0,8,0,0,0,,0,,0,125.83961980669015,1,,0,,0,,0
FIRMS_FE6F7E13,11.4172,79.66978,2.76,336.37,60.0,2026-08-15T08:07:00Z,VIIRS,1482.6669030041614,1,oil_well,0,0,3,0,0,0,0,0,0,,0,,0,1482.6669030041614,1,,0,,0,,0
FIRMS_5C6A0B86,12.37895,76.98724,3.01,330.87,60.0,2026-08-15T08:07:00Z,VIIRS,,0,,0,0,0,0,0,0,0,0,0,,0,,0,,0,,0,,0,,0
FIRMS_C9F39494,14.05112,79.77888,7.99,347.47,60.0,2026-08-15T08:09:00Z,VIIRS,,0,,0,0,0,0,0,0,0,0,0,,0,,0,,0,,0,,0,,0
FIRMS_0FFBBE6D,14.47548,79.97254,4.62,338.98,60.0,2026-08-15T08:09:00Z,VIIRS,,0,,0,0,0,0,0,0,0,0,0,,0,,0,,0,,0,,0,,0
FIRMS_67099572,14.47881,79.97202,3.59,335.54,60.0,2026-08-15T08:09:00Z,VIIRS,,0,,0,0,0,0,0,0,0,0,0,,0,,0,,0,,0,,0,,0
FIRMS_43635378,14.66645,79.53525,2.34,334.11,60.0,2026-08-15T08:09:00Z,VIIRS,,0,,0,0,0,0,0,0,0,0,0,,0,,0,,0,,0,,0,,0
FIRMS_149EAD3F,15.10484,76.8101,6.87,338.38,60.0,2026-08-15T08:09:00Z,VIIRS,,0,,0,0,0,0,0,0,0,0,0,,0,,0,,0,,0,,0,,0
FIRMS_9D3DFF6B,15.30614,78.18951,4.07,335.73,60.0,2026-08-15T08:09:00Z,VIIRS,,0,,0,0,0,0,0,0,0,0,0,,0,,0,,0,,0,,0,,0
FIRMS_8F22876C,17.53543,79.50681,4.85,333.28,60.0,2026-08-15T08:09:00Z,VIIRS,,0,,0,0,0,0,0,0,0,0,0,,0,,0,,0,,0,,0,,0
FIRMS_4E34163E,18.66053,79.14503,10.47,331.03,60.0,2026-08-15T08:09:00Z,VIIRS,,0,,0,0,0,0,0,0,0,0,0,,0,,0,,0,,0,,0,,0
FIRMS_FF7B6C40,22.36821,87.30191,3.8,330.19,60.0,2026-08-15T08:11:00Z,VIIRS,,0,,0,0,0,0,0,0,0,0,0,,0,,0,,0,,0,,0,,0
FIRMS_98C003B9,23.16633,82.3391,1.77,297.19,60.0,2026-08-15T20:40:00Z,VIIRS,,0,,0,0,0,0,0,0,0,0,0,,0,,0,,0,,0,,0,,0
FIRMS_9672AE19,25.942,72.1899,1.12,307.92,60.0,2026-08-15T20:40:00Z,VIIRS,,0,,0,0,0,0,0,0,0,0,0,,0,,0,,0,,0,,0,,0
FIRMS_A639186D,12.23028,79.20409,0.65,303.61,60.0,2026-08-15T20:42:00Z,VIIRS,,0,,0,0,0,0,0,0,0,0,0,,0,,0,,0,,0,,0,,0
FIRMS_08F86F6D,12.28915,78.93369,0.9,299.95,60.0,2026-08-15T20:42:00Z,VIIRS,,0,,0,0,0,0,0,0,0,0,0,,0,,0,,0,,0,,0,,0
FIRMS_7D44D547,12.29187,78.93195,0.84,300.29,60.0,2026-08-15T20:42:00Z,VIIRS,,0,,0,0,0,0,0,0,0,0,0,,0,,0,,0,,0,,0,,0
FIRMS_3A921D6D,13.15892,80.28419,11.5,338.12,60.0,2026-08-15T20:42:00Z,VIIRS,1614.1067621854934,1,oil_refinery,0,0,1,0,0,0,0,0,0,,0,1614.1067621854934,1,,0,,0,,0,,0
FIRMS_E90DBEDF,13.16287,80.28493,5.01,313.34,60.0,2026-08-15T20:42:00Z,VIIRS,1663.3385729662277,1,oil_refinery,0,0,1,0,0,0,0,0,0,,0,1663.3385729662277,1,,0,,0,,0,,0
FIRMS_30E6463C,13.60553,76.79213,0.41,301.13,60.0,2026-08-15T20:42:00Z,VIIRS,,0,,0,0,0,0,0,0,0,0,0,,0,,0,,0,,0,,0,,0
FIRMS_0FAD914B,14.37725,79.89831,1.09,304.74,60.0,2026-08-15T20:42:00Z,VIIRS,,0,,0,0,0,0,0,0,0,0,0,,0,,0,,0,,0,,0,,0
FIRMS_87F57568,15.02144,78.01479,0.92,310.19,60.0,2026-08-15T20:42:00Z,VIIRS,,0,,0,0,0,0,0,0,0,0,0,,0,,0,,0,,0,,0,,0
FIRMS_582329E7,15.02488,78.01537,0.92,305.29,60.0,2026-08-15T20:42:00Z,VIIRS,,0,,0,0,0,0,0,0,0,0,0,,0,,0,,0,,0,,0,,0
FIRMS_0129A5A3,15.17622,77.09935,1.14,300.72,60.0,2026-08-15T20:42:00Z,VIIRS,,0,,0,0,0,0,0,0,0,0,0,,0,,0,,0,,0,,0,,0
FIRMS_EAE68490,15.17897,77.10359,0.75,302.38,60.0,2026-08-15T20:42:00Z,VIIRS,,0,,0,0,0,0,0,0,0,0,0,,0,,0,,0,,0,,0,,0
FIRMS_7BEF87AF,15.33481,76.28645,0.97,305.36,60.0,2026-08-15T20:42:00Z,VIIRS,,0,,0,0,0,0,0,0,0,0,0,,0,,0,,0,,0,,0,,0
FIRMS_C62DCC5C,18.68268,73.04128,3.45,305.74,60.0,2026-08-15T20:42:00Z,VIIRS,,0,,0,0,0,0,0,0,0,0,0,,0,,0,,0,,0,,0,,0
FIRMS_20DAF4B4,18.68394,73.03215,4.49,310.27,60.0,2026-08-15T20:42:00Z,VIIRS,,0,,0,0,0,0,0,0,0,0,0,,0,,0,,0,,0,,0,,0
FIRMS_C7BCC3C7,18.69004,73.0424,4.35,308.29,60.0,2026-08-15T20:42:00Z,VIIRS,,0,,0,0,0,0,0,0,0,0,0,,0,,0,,0,,0,,0,,0
FIRMS_F3C39BE6,9.33741,78.60825,1.12,304.15,60.0,2026-08-15T20:44:00Z,VIIRS,,0,,0,0,0,0,0,0,0,0,0,,0,,0,,0,,0,,0,,0
FIRMS_F295935B,10.61674,77.42191,0.44,296.05,60.0,2026-08-15T20:44:00Z,VIIRS,,0,,0,0,0,0,0,0,0,0,0,,0,,0,,0,,0,,0,,0
FIRMS_741E78B1,10.62393,79.12068,1.55,300.22,60.0,2026-08-15T20:44:00Z,VIIRS,,0,,0,0,0,0,0,0,0,0,0,,0,,0,,0,,0,,0,,0
FIRMS_2EC914F7,10.62608,79.11906,1.41,310.41,60.0,2026-08-15T20:44:00Z,VIIRS,,0,,0,0,0,0,0,0,0,0,0,,0,,0,,0,,0,,0,,0
FIRMS_F23E8889,10.92917,77.06458,0.54,302.5,60.0,2026-08-15T20:44:00Z,VIIRS,,0,,0,0,0,0,0,0,0,0,0,,0,,0,,0,,0,,0,,0
FIRMS_5905E118,11.21336,77.89606,0.91,304.47,60.0,2026-08-15T20:44:00Z,VIIRS,4735.845364595886,1,power_plant,0,0,1,0,0,0,0,0,0,4735.845364595886,1,,0,,0,,0,,0,,0
FIRMS_4E51B02D,11.80888,77.9234,1.75,309.59,60.0,2026-08-15T20:44:00Z,VIIRS,,0,,0,0,0,0,0,0,0,0,0,,0,,0,,0,,0,,0,,0
FIRMS_F47DEFBD,11.8096,77.92503,0.81,308.4,60.0,2026-08-15T20:44:00Z,VIIRS,,0,,0,0,0,0,0,0,0,0,0,,0,,0,,0,,0,,0,,0
FIRMS_E022C034,11.81028,77.92094,0.81,296.33,60.0,2026-08-15T20:44:00Z,VIIRS,,0,,0,0,0,0,0,0,0,0,0,,0,,0,,0,,0,,0,,0
FIRMS_6295363E,11.8396,78.97262,0.92,306.04,60.0,2026-08-15T20:44:00Z,VIIRS,,0,,0,0,0,0,0,0,0,0,0,,0,,0,,0,,0,,0,,0
FIRMS_EB4D6BC9,12.09803,78.35358,0.7,295.31,60.0,2026-08-15T20:44:00Z,VIIRS,,0,,0,0,0,0,0,0,0,0,0,,0,,0,,0,,0,,0,,0
FIRMS_539FE9F7,8.76996,78.10783,2.39,335.8,60.0,2026-08-16T07:50:00Z,VIIRS,,0,,0,0,0,0,0,0,0,0,0,,0,,0,,0,,0,,0,,0
FIRMS_9AF00767,9.45774,77.60921,5.97,339.95,60.0,2026-08-16T07:50:00Z,VIIRS,,0,,0,0,0,0,0,0,0,0,0,,0,,0,,0,,0,,0,,0
FIRMS_7A5FD772,9.45867,77.61446,5.97,342.14,60.0,2026-08-16T07:50:00Z,VIIRS,,0,,0,0,0,0,0,0,0,0,0,,0,,0,,0,,0,,0,,0
FIRMS_6E4002A9,9.85071,77.88331,1.3,332.78,60.0,2026-08-16T07:50:00Z,VIIRS,,0,,0,0,0,0,0,0,0,0,0,,0,,0,,0,,0,,0,,0
FIRMS_ACFB6593,9.85307,77.88065,1.64,335.86,60.0,2026-08-16T07:50:00Z,VIIRS,,0,,0,0,0,0,0,0,0,0,0,,0,,0,,0,,0,,0,,0
FIRMS_23F64515,10.20671,78.83601,3.96,333.99,60.0,2026-08-16T07:50:00Z,VIIRS,,0,,0,0,0,0,0,0,0,0,0,,0,,0,,0,,0,,0,,0
FIRMS_B9CCF22F,10.53129,79.73779,2.77,332.24,60.0,2026-08-16T07:50:00Z,VIIRS,4778.696925561371,1,oil_well,0,0,1,0,0,0,0,0,0,,0,,0,4778.696925561371,1,,0,,0,,0
FIRMS_FA273337,10.8337,79.31152,4.59,342.14,60.0,2026-08-16T07:50:00Z,VIIRS,901.8535524992094,1,oil_well,0,1,10,0,0,1,0,0,0,,0,,0,901.8535524992094,1,,0,,0,,0
FIRMS_2329A7E8,10.85651,79.07156,6.22,335.25,60.0,2026-08-16T07:50:00Z,VIIRS,,0,,0,0,0,0,0,0,0,0,0,,0,,0,,0,,0,,0,,0
FIRMS_C55CFDAF,10.92125,78.4465,3.75,333.11,60.0,2026-08-16T07:50:00Z,VIIRS,,0,,0,0,0,0,0,0,0,0,0,,0,,0,,0,,0,,0,,0
FIRMS_FD1144AD,10.95975,78.94122,2.66,336.56,60.0,2026-08-16T07:50:00Z,VIIRS,,0,,0,0,0,0,0,0,0,0,0,,0,,0,,0,,0,,0,,0
FIRMS_34BA7CCF,11.08317,79.47999,4.53,338.97,60.0,2026-08-16T07:50:00Z,VIIRS,1069.9465232282341,1,oil_well,0,0,8,0,0,0,0,0,0,,0,,0,1069.9465232282341,1,,0,,0,,0
FIRMS_6E647C85,11.40386,79.70392,2.19,332.63,60.0,2026-08-16T07:50:00Z,VIIRS,3291.4932186628234,1,oil_well,0,0,2,0,0,0,0,0,0,,0,,0,3291.4932186628234,1,,0,,0,,0
FIRMS_95BC6636,11.46932,79.35802,2.64,332.09,60.0,2026-08-16T07:50:00Z,VIIRS,,0,,0,0,0,0,0,0,0,0,0,,0,,0,,0,,0,,0,,0
FIRMS_919C1CAF,11.92912,79.67993,4.37,340.8,60.0,2026-08-16T07:50:00Z,VIIRS,,0,,0,0,0,0,0,0,0,0,0,,0,,0,,0,,0,,0,,0
FIRMS_F4296FB4,11.94788,79.04879,4.56,336.96,60.0,2026-08-16T07:50:00Z,VIIRS,,0,,0,0,0,0,0,0,0,0,0,,0,,0,,0,,0,,0,,0
FIRMS_52CDA3F5,12.03929,79.50043,3.09,339.7,60.0,2026-08-16T07:50:00Z,VIIRS,,0,,0,0,0,0,0,0,0,0,0,,0,,0,,0,,0,,0,,0
FIRMS_2FDE507B,12.21654,79.85169,3.2,337.97,60.0,2026-08-16T07:50:00Z,VIIRS,,0,,0,0,0,0,0,0,0,0,0,,0,,0,,0,,0,,0,,0
FIRMS_667EEE03,12.32878,78.75077,15.33,349.65,60.0,2026-08-16T07:50:00Z,VIIRS,,0,,0,0,0,0,0,0,0,0,0,,0,,0,,0,,0,,0,,0
FIRMS_71D6EC97,12.3682,78.99841,6.01,335.85,60.0,2026-08-16T07:50:00Z,VIIRS,,0,,0,0,0,0,0,0,0,0,0,,0,,0,,0,,0,,0,,0
FIRMS_174E0C18,12.43197,79.43339,3.07,339.44,60.0,2026-08-16T07:50:00Z,VIIRS,,0,,0,0,0,0,0,0,0,0,0,,0,,0,,0,,0,,0,,0
FIRMS_2A397986,12.61864,80.07019,3.24,331.42,30.0,2026-08-16T07:50:00Z,VIIRS,,0,,0,0,0,0,0,0,0,0,0,,0,,0,,0,,0,,0,,0
FIRMS_ECE7D44D,14.06632,77.34638,2.69,337.35,60.0,2026-08-16T07:50:00Z,VIIRS,,0,,0,0,0,0,0,0,0,0,0,,0,,0,,0,,0,,0,,0
FIRMS_E3846AB4,14.56593,77.56482,4.13,341.41,60.0,2026-08-16T07:50:00Z,VIIRS,,0,,0,0,0,0,0,0,0,0,0,,0,,0,,0,,0,,0,,0
FIRMS_B818598C,14.56621,77.56371,6.17,345.18,60.0,2026-08-16T07:50:00Z,VIIRS,,0,,0,0,0,0,0,0,0,0,0,,0,,0,,0,,0,,0,,0
FIRMS_8E614DFE,14.64689,79.2653,3.94,333.62,60.0,2026-08-16T07:50:00Z,VIIRS,,0,,0,0,0,0,0,0,0,0,0,,0,,0,,0,,0,,0,,0
FIRMS_C0CB15E3,16.85509,79.1368,4.27,330.97,60.0,2026-08-16T07:52:00Z,VIIRS,,0,,0,0,0,0,0,0,0,0,0,,0,,0,,0,,0,,0,,0
FIRMS_95F9F88D,22.36782,87.30247,2.37,330.84,60.0,2026-08-16T07:52:00Z,VIIRS,,0,,0,0,0,0,0,0,0,0,0,,0,,0,,0,,0,,0,,0
FIRMS_A091700D,22.37709,87.27881,5.71,332.37,60.0,2026-08-16T07:52:00Z,VIIRS,,0,,0,0,0,0,0,0,0,0,0,,0,,0,,0,,0,,0,,0
FIRMS_39BED4D6,23.71242,86.45026,2.04,332.31,60.0,2026-08-16T07:52:00Z,VIIRS,,0,,0,0,0,0,0,0,0,0,0,,0,,0,,0,,0,,0,,0
FIRMS_55DE3ABB,23.80482,86.32938,6.81,336.19,60.0,2026-08-16T07:52:00Z,VIIRS,,0,,0,0,0,0,0,0,0,0,0,,0,,0,,0,,0,,0,,0
FIRMS_EE871A49,27.32376,71.15984,2.66,339.18,60.0,2026-08-16T07:54:00Z,VIIRS,,0,,0,0,0,0,0,0,0,0,0,,0,,0,,0,,0,,0,,0
FIRMS_571F0B9E,27.4415,70.79316,2.1,337.65,60.0,2026-08-16T07:54:00Z,VIIRS,,0,,0,0,0,0,0,0,0,0,0,,0,,0,,0,,0,,0,,0
FIRMS_21B283D6,30.65555,74.16005,3.35,336.41,60.0,2026-08-16T07:56:00Z,VIIRS,,0,,0,0,0,0,0,0,0,0,0,,0,,0,,0,,0,,0,,0
FIRMS_807AF764,27.30517,95.31655,4.12,299.58,60.0,2026-08-16T18:38:00Z,VIIRS,234.2358571187178,1,oil_well,2,10,151,0,0,10,0,0,0,,0,,0,234.2358571187178,1,,0,,0,,0
FIRMS_7F314EA4,23.48163,87.36025,3.31,311.77,60.0,2026-08-16T20:19:00Z,VIIRS,4442.340556421618,1,oil_well,0,0,7,0,0,0,0,0,0,,0,,0,4442.340556421618,1,,0,,0,,0
FIRMS_8C26CDC2,23.63231,86.29353,0.74,300.99,60.0,2026-08-16T20:19:00Z,VIIRS,,0,,0,0,0,0,0,0,0,0,0,,0,,0,,0,,0,,0,,0
FIRMS_CBA1AE6F,23.64809,85.43964,2.02,318.07,60.0,2026-08-16T20:19:00Z,VIIRS,,0,,0,0,0,0,0,0,0,0,0,,0,,0,,0,,0,,0,,0
FIRMS_F6E3C9AE,23.64884,85.43541,1.39,304.07,60.0,2026-08-16T20:19:00Z,VIIRS,,0,,0,0,0,0,0,0,0,0,0,,0,,0,,0,,0,,0,,0
FIRMS_C52D0C7D,23.67724,86.0871,1.11,300.84,60.0,2026-08-16T20:19:00Z,VIIRS,,0,,0,0,0,0,0,0,0,0,0,,0,,0,,0,,0,,0,,0
FIRMS_B25940E3,23.68001,86.09234,0.87,303.11,60.0,2026-08-16T20:19:00Z,VIIRS,,0,,0,0,0,0,0,0,0,0,0,,0,,0,,0,,0,,0,,0
FIRMS_67C7E740,23.68162,86.0834,0.92,299.64,60.0,2026-08-16T20:19:00Z,VIIRS,,0,,0,0,0,0,0,0,0,0,0,,0,,0,,0,,0,,0,,0
FIRMS_F02B5573,23.68358,86.09312,0.87,304.62,60.0,2026-08-16T20:19:00Z,VIIRS,,0,,0,0,0,0,0,0,0,0,0,,0,,0,,0,,0,,0,,0
FIRMS_9D5C767E,23.68976,87.09792,1.13,297.24,60.0,2026-08-16T20:19:00Z,VIIRS,,0,,0,0,0,0,0,0,0,0,0,,0,,0,,0,,0,,0,,0
FIRMS_E120382D,23.69622,85.37119,1.19,303.45,60.0,2026-08-16T20:19:00Z,VIIRS,,0,,0,0,0,0,0,0,0,0,0,,0,,0,,0,,0,,0,,0
FIRMS_3585CC43,23.69631,85.28904,0.64,300.29,60.0,2026-08-16T20:19:00Z,VIIRS,1807.8321168335597,1,oil_well,0,0,8,0,0,0,0,0,0,,0,,0,1807.8321168335597,1,,0,,0,,0
FIRMS_D1E8BC68,23.71088,85.28767,0.41,300.01,60.0,2026-08-16T20:19:00Z,VIIRS,3389.860169186397,1,oil_well,0,0,5,0,0,0,0,0,0,,0,,0,3389.860169186397,1,,0,,0,,0
FIRMS_84FF1040,23.72058,85.00829,0.44,302.03,60.0,2026-08-16T20:19:00Z,VIIRS,,0,,0,0,0,0,0,0,0,0,0,,0,,0,,0,,0,,0,,0
FIRMS_35CB052A,23.73841,85.00768,0.87,303.12,60.0,2026-08-16T20:19:00Z,VIIRS,,0,,0,0,0,0,0,0,0,0,0,,0,,0,,0,,0,,0,,0
FIRMS_046334F2,23.74492,85.50591,0.43,299.47,60.0,2026-08-16T20:19:00Z,VIIRS,1934.1263671745346,1,oil_well,0,0,4,0,0,0,0,0,0,,0,,0,1934.1263671745346,1,,0,,0,,0
FIRMS_ECB93A07,23.75624,85.8518,2.37,310.63,60.0,2026-08-16T20:19:00Z,VIIRS,1849.0103263816225,1,oil_well,0,0,12,0,0,0,0,0,0,4255.737272958334,1,,0,1849.0103263816225,1,,0,,0,,0
FIRMS_6628F34E,23.75901,85.8569,1.26,305.05,60.0,2026-08-16T20:19:00Z,VIIRS,1796.8223723152037,1,oil_well,0,0,13,0,0,0,0,0,0,3725.258870526763,1,,0,1796.8223723152037,1,,0,,0,,0
FIRMS_D850F43B,23.77923,86.20941,1.72,309.51,60.0,2026-08-16T20:19:00Z,VIIRS,,0,,0,0,0,0,0,0,0,0,0,,0,,0,,0,,0,,0,,0
FIRMS_4B53345D,23.78065,86.34676,1.23,295.08,60.0,2026-08-16T20:19:00Z,VIIRS,,0,,0,0,0,0,0,0,0,0,0,,0,,0,,0,,0,,0,,0
FIRMS_18A8999C,23.78283,86.21016,0.51,296.19,60.0,2026-08-16T20:19:00Z,VIIRS,,0,,0,0,0,0,0,0,0,0,0,,0,,0,,0,,0,,0,,0
FIRMS_D686FDC0,23.78699,85.55426,0.73,304.07,60.0,2026-08-16T20:19:00Z,VIIRS,2070.724162218406,1,oil_well,0,0,3,0,0,0,0,0,0,,0,,0,2070.724162218406,1,,0,,0,,0
FIRMS_43D12D23,23.79429,86.3544,0.52,296.66,60.0,2026-08-16T20:19:00Z,VIIRS,,0,,0,0,0,0,0,0,0,0,0,,0,,0,,0,,0,,0,,0
FIRMS_96C22B2C,23.79461,86.35178,1.21,296.15,60.0,2026-08-16T20:19:00Z,VIIRS,,0,,0,0,0,0,0,0,0,0,0,,0,,0,,0,,0,,0,,0
FIRMS_78B6A9D3,23.82256,85.49575,1.43,302.8,60.0,2026-08-16T20:19:00Z,VIIRS,,0,,0,0,0,0,0,0,0,0,0,,0,,0,,0,,0,,0,,0
FIRMS_89305A1D,23.82388,84.57319,1.28,307.11,60.0,2026-08-16T20:19:00Z,VIIRS,,0,,0,0,0,0,0,0,0,0,0,,0,,0,,0,,0,,0,,0
FIRMS_45B713A8,25.03796,87.39037,0.3,295.34,60.0,2026-08-16T20:19:00Z,VIIRS,,0,,0,0,0,0,0,0,0,0,0,,0,,0,,0,,0,,0,,0
FIRMS_0B6A68BB,27.32653,95.27569,1.01,303.59,60.0,2026-08-16T20:19:00Z,VIIRS,58.379274008851276,1,oil_well,6,19,182,0,0,19,0,0,0,,0,,0,58.379274008851276,1,,0,,0,,0
FIRMS_BD98C735,16.13906,78.94816,1.16,306.38,60.0,2026-08-16T20:21:00Z,VIIRS,,0,,0,0,0,0,0,0,0,0,0,,0,,0,,0,,0,,0,,0
FIRMS_C8BFD13B,16.48338,79.32732,2.43,301.16,60.0,2026-08-16T20:21:00Z,VIIRS,,0,,0,0,0,0,0,0,0,0,0,,0,,0,,0,,0,,0,,0
FIRMS_306EF38A,16.80935,79.91482,2.22,306.66,60.0,2026-08-16T20:21:00Z,VIIRS,,0,,0,0,0,0,0,0,0,0,0,,0,,0,,0,,0,,0,,0
FIRMS_405405B9,17.06268,76.97933,1.23,304.44,60.0,2026-08-16T20:21:00Z,VIIRS,,0,,0,0,0,0,0,0,0,0,0,,0,,0,,0,,0,,0,,0
FIRMS_DB375BC1,10.35551,77.15921,0.65,298.6,60.0,2026-08-16T20:23:00Z,VIIRS,,0,,0,0,0,0,0,0,0,0,0,,0,,0,,0,,0,,0,,0
FIRMS_5D72BA70,10.35654,77.1524,0.97,312.75,60.0,2026-08-16T20:23:00Z,VIIRS,,0,,0,0,0,0,0,0,0,0,0,,0,,0,,0,,0,,0,,0
FIRMS_A6C6C5D0,10.35705,77.14909,0.97,300.2,60.0,2026-08-16T20:23:00Z,VIIRS,,0,,0,0,0,0,0,0,0,0,0,,0,,0,,0,,0,,0,,0
FIRMS_D6E29F98,10.36002,77.15292,0.97,305.9,60.0,2026-08-16T20:23:00Z,VIIRS,,0,,0,0,0,0,0,0,0,0,0,,0,,0,,0,,0,,0,,0
FIRMS_B4462ABC,10.36054,77.14954,0.97,307.66,60.0,2026-08-16T20:23:00Z,VIIRS,,0,,0,0,0,0,0,0,0,0,0,,0,,0,,0,,0,,0,,0
FIRMS_5CD81846,11.00697,78.65388,0.34,301.05,60.0,2026-08-16T20:23:00Z,VIIRS,,0,,0,0,0,0,0,0,0,0,0,,0,,0,,0,,0,,0,,0
FIRMS_FDE85508,11.17648,79.08794,0.41,299.38,60.0,2026-08-16T20:23:00Z,VIIRS,3477.4942730210564,1,oil_well,0,0,1,0,0,0,0,0,0,,0,,0,3477.4942730210564,1,,0,,0,,0
FIRMS_5C4B6012,11.81462,77.91779,1.68,306.86,60.0,2026-08-16T20:23:00Z,VIIRS,,0,,0,0,0,0,0,0,0,0,0,,0,,0,,0,,0,,0,,0
FIRMS_043322F5,15.16656,76.67412,0.52,295.92,60.0,2026-08-16T20:23:00Z,VIIRS,,0,,0,0,0,0,0,0,0,0,0,,0,,0,,0,,0,,0,,0
FIRMS_1998C36C,15.17421,77.10181,0.59,298.95,60.0,2026-08-16T20:23:00Z,VIIRS,,0,,0,0,0,0,0,0,0,0,0,,0,,0,,0,,0,,0,,0
FIRMS_AE962F94,15.17668,76.65643,2.73,313.84,60.0,2026-08-16T20:23:00Z,VIIRS,,0,,0,0,0,0,0,0,0,0,0,,0,,0,,0,,0,,0,,0
FIRMS_B3EDFDBE,15.17785,76.67564,1.32,304.74,60.0,2026-08-16T20:23:00Z,VIIRS,,0,,0,0,0,0,0,0,0,0,0,,0,,0,,0,,0,,0,,0
FIRMS_8B9DA126,15.17787,77.10235,0.59,298.51,60.0,2026-08-16T20:23:00Z,VIIRS,,0,,0,0,0,0,0,0,0,0,0,,0,,0,,0,,0,,0,,0
FIRMS_C9AD6153,15.1829,76.66685,1.96,316.76,60.0,2026-08-16T20:23:00Z,VIIRS,,0,,0,0,0,0,0,0,0,0,0,,0,,0,,0,,0,,0,,0
FIRMS_7C20EFA2,15.22664,76.76346,0.82,300.09,60.0,2026-08-16T20:23:00Z,VIIRS,,0,,0,0,0,0,0,0,0,0,0,,0,,0,,0,,0,,0,,0
FIRMS_31629D52,15.65948,73.98701,1.31,305.13,60.0,2026-08-16T20:23:00Z,VIIRS,,0,,0,0,0,0,0,0,0,0,0,,0,,0,,0,,0,,0,,0
FIRMS_24B7F7D3,9.42494,77.81399,5.99,332.66,60.0,2026-08-17T07:29:00Z,VIIRS,,0,,0,0,0,0,0,0,0,0,0,,0,,0,,0,,0,,0,,0
FIRMS_5DD7ADC7,9.75891,78.5976,6.91,337.94,60.0,2026-08-17T07:29:00Z,VIIRS,,0,,0,0,0,0,0,0,0,0,0,,0,,0,,0,,0,,0,,0
FIRMS_7A6C85D6,9.75952,78.60124,8.81,343.8,60.0,2026-08-17T07:29:00Z,VIIRS,,0,,0,0,0,0,0,0,0,0,0,,0,,0,,0,,0,,0,,0
FIRMS_B99F33E0,29.80713,73.34641,2.66,332.94,60.0,2026-08-17T07:35:00Z,VIIRS,,0,,0,0,0,0,0,0,0,0,0,,0,,0,,0,,0,,0,,0
FIRMS_2C600204,9.88751,77.86655,7.76,338.98,60.0,2026-08-17T09:09:00Z,VIIRS,,0,,0,0,0,0,0,0,0,0,0,,0,,0,,0,,0,,0,,0
FIRMS_7CA4046A,9.88916,77.87049,3.89,337.09,60.0,2026-08-17T09:09:00Z,VIIRS,,0,,0,0,0,0,0,0,0,0,0,,0,,0,,0,,0,,0,,0
FIRMS_B535AF54,23.50516,69.26018,3.6,330.24,60.0,2026-08-17T09:15:00Z,VIIRS,,0,,0,0,0,0,0,0,0,0,0,,0,,0,,0,,0,,0,,0
FIRMS_97D6EFFF,23.50567,69.26427,3.46,330.78,60.0,2026-08-17T09:15:00Z,VIIRS,,0,,0,0,0,0,0,0,0,0,0,,0,,0,,0,,0,,0,,0
FIRMS_3690F38B,8.67061,77.99346,1.29,308.12,60.0,2026-08-17T20:06:00Z,VIIRS,,0,,0,0,0,0,0,0,0,0,0,,0,,0,,0,,0,,0,,0
FIRMS_7AACB0EA,10.35866,77.14888,0.99,302.98,60.0,2026-08-17T20:06:00Z,VIIRS,,0,,0,0,0,0,0,0,0,0,0,,0,,0,,0,,0,,0,,0
FIRMS_D51A640C,10.36136,77.14999,1.65,309.71,60.0,2026-08-17T20:06:00Z,VIIRS,,0,,0,0,0,0,0,0,0,0,0,,0,,0,,0,,0,,0,,0
FIRMS_21683854,10.36181,77.14661,1.65,304.57,60.0,2026-08-17T20:06:00Z,VIIRS,,0,,0,0,0,0,0,0,0,0,0,,0,,0,,0,,0,,0,,0
FIRMS_5BFB0BC0,10.36333,77.14931,0.99,310.09,60.0,2026-08-17T20:06:00Z,VIIRS,,0,,0,0,0,0,0,0,0,0,0,,0,,0,,0,,0,,0,,0
FIRMS_D37F1584,10.91686,78.14649,1.49,306.58,60.0,2026-08-17T20:06:00Z,VIIRS,,0,,0,0,0,0,0,0,0,0,0,,0,,0,,0,,0,,0,,0
FIRMS_ED18BF7E,10.92123,78.14713,1.49,310.07,60.0,2026-08-17T20:06:00Z,VIIRS,,0,,0,0,0,0,0,0,0,0,0,,0,,0,,0,,0,,0,,0
FIRMS_C3EA768E,8.61775,77.96022,1.25,334.7,60.0,2026-08-18T08:52:00Z,VIIRS,,0,,0,0,0,0,0,0,0,0,0,,0,,0,,0,,0,,0,,0
FIRMS_A8A40AF4,8.88123,77.79373,2.78,331.3,60.0,2026-08-18T08:52:00Z,VIIRS,,0,,0,0,0,0,0,0,0,0,0,,0,,0,,0,,0,,0,,0
FIRMS_6FBAC68F,8.9135,77.99487,2.98,340.4,60.0,2026-08-18T08:52:00Z,VIIRS,,0,,0,0,0,0,0,0,0,0,0,,0,,0,,0,,0,,0,,0
FIRMS_5FEB2CE0,8.91391,77.99789,4.37,341.03,60.0,2026-08-18T08:52:00Z,VIIRS,,0,,0,0,0,0,0,0,0,0,0,,0,,0,,0,,0,,0,,0
FIRMS_3F762A36,8.92865,77.50169,9.79,342.66,60.0,2026-08-18T08:52:00Z,VIIRS,,0,,0,0,0,0,0,0,0,0,0,,0,,0,,0,,0,,0,,0
FIRMS_39F72C39,8.92939,77.50723,13.39,341.8,60.0,2026-08-18T08:52:00Z,VIIRS,,0,,0,0,0,0,0,0,0,0,0,,0,,0,,0,,0,,0,,0
FIRMS_92BE224A,8.96803,78.03201,6.52,342.35,60.0,2026-08-18T08:52:00Z,VIIRS,,0,,0,0,0,0,0,0,0,0,0,,0,,0,,0,,0,,0,,0
FIRMS_9C6DA8DD,8.99168,77.85832,0.67,335.44,60.0,2026-08-18T08:52:00Z,VIIRS,,0,,0,0,0,0,0,0,0,0,0,,0,,0,,0,,0,,0,,0
FIRMS_A3A0D751,9.02396,78.0217,5.37,339.33,60.0,2026-08-18T08:52:00Z,VIIRS,,0,,0,0,0,0,0,0,0,0,0,,0,,0,,0,,0,,0,,0
FIRMS_828851D0,9.08152,78.16898,0.54,337.52,60.0,2026-08-18T08:52:00Z,VIIRS,,0,,0,0,0,0,0,0,0,0,0,,0,,0,,0,,0,,0,,0
FIRMS_EF3AAA40,9.31592,77.47726,13.56,344.24,60.0,2026-08-18T08:52:00Z,VIIRS,,0,,0,0,0,0,0,0,0,0,0,,0,,0,,0,,0,,0,,0
FIRMS_19D45994,9.31616,78.82542,2.23,347.61,60.0,2026-08-18T08:52:00Z,VIIRS,1997.7485869220006,1,oil_well,0,0,16,0,0,0,0,0,0,,0,,0,1997.7485869220006,1,,0,,0,,0
FIRMS_C37A6086,9.31747,77.48039,13.78,343.13,60.0,2026-08-18T08:52:00Z,VIIRS,,0,,0,0,0,0,0,0,0,0,0,,0,,0,,0,,0,,0,,0
FIRMS_300E4413,9.32526,77.54498,2.5,331.97,60.0,2026-08-18T08:52:00Z,VIIRS,,0,,0,0,0,0,0,0,0,0,0,,0,,0,,0,,0,,0,,0
FIRMS_FE2968CC,9.32631,77.54832,3.32,337.57,60.0,2026-08-18T08:52:00Z,VIIRS,,0,,0,0,0,0,0,0,0,0,0,,0,,0,,0,,0,,0,,0
FIRMS_C2AF2B67,9.3803,77.76629,7.4,347.32,60.0,2026-08-18T08:52:00Z,VIIRS,,0,,0,0,0,0,0,0,0,0,0,,0,,0,,0,,0,,0,,0
FIRMS_F72C3AED,9.57292,78.26406,1.93,340.68,60.0,2026-08-18T08:52:00Z,VIIRS,,0,,0,0,0,0,0,0,0,0,0,,0,,0,,0,,0,,0,,0
FIRMS_425D63D0,9.97656,77.62728,2.57,344.36,60.0,2026-08-18T08:52:00Z,VIIRS,,0,,0,0,0,0,0,0,0,0,0,,0,,0,,0,,0,,0,,0
FIRMS_3C3DBB7B,9.97747,77.62643,1.96,333.17,60.0,2026-08-18T08:52:00Z,VIIRS,,0,,0,0,0,0,0,0,0,0,0,,0,,0,,0,,0,,0,,0
FIRMS_569043E7,9.98813,77.85934,1.89,333.85,60.0,2026-08-18T08:52:00Z,VIIRS,,0,,0,0,0,0,0,0,0,0,0,,0,,0,,0,,0,,0,,0
FIRMS_48B72C38,10.01453,77.60332,3.89,335.04,60.0,2026-08-18T08:52:00Z,VIIRS,,0,,0,0,0,0,0,0,0,0,0,,0,,0,,0,,0,,0,,0
FIRMS_5D1C67EB,10.02321,79.23365,2.57,330.52,60.0,2026-08-18T08:52:00Z,VIIRS,,0,,0,0,0,0,0,0,0,0,0,,0,,0,,0,,0,,0,,0
FIRMS_C31709DF,10.08387,77.69878,2.46,342.31,60.0,2026-08-18T08:52:00Z,VIIRS,,0,,0,0,0,0,0,0,0,0,0,,0,,0,,0,,0,,0,,0
FIRMS_3399084B,10.08427,77.70177,5.9,367.0,90.0,2026-08-18T08:52:00Z,VIIRS,,0,,0,0,0,0,0,0,0,0,0,,0,,0,,0,,0,,0,,0
FIRMS_7D5E7C6F,10.08683,77.69904,4.08,354.14,60.0,2026-08-18T08:52:00Z,VIIRS,,0,,0,0,0,0,0,0,0,0,0,,0,,0,,0,,0,,0,,0
FIRMS_4077CE41,10.08721,77.70203,4.08,347.07,60.0,2026-08-18T08:52:00Z,VIIRS,,0,,0,0,0,0,0,0,0,0,0,,0,,0,,0,,0,,0,,0
FIRMS_1A0CAF19,10.58747,78.2113,2.74,332.8,60.0,2026-08-18T08:52:00Z,VIIRS,,0,,0,0,0,0,0,0,0,0,0,,0,,0,,0,,0,,0,,0
FIRMS_3307378C,10.90674,78.5377,2.85,342.06,60.0,2026-08-18T08:52:00Z,VIIRS,,0,,0,0,0,0,0,0,0,0,0,,0,,0,,0,,0,,0,,0
FIRMS_36806913,11.14147,78.58251,5.09,367.0,90.0,2026-08-18T08:52:00Z,VIIRS,,0,,0,0,0,0,0,0,0,0,0,,0,,0,,0,,0,,0,,0
FIRMS_1EC3E087,11.14221,78.58167,9.24,367.0,90.0,2026-08-18T08:52:00Z,VIIRS,,0,,0,0,0,0,0,0,0,0,0,,0,,0,,0,,0,,0,,0
FIRMS_94BAEAD1,11.14694,78.58183,5.09,334.73,60.0,2026-08-18T08:52:00Z,VIIRS,,0,,0,0,0,0,0,0,0,0,0,,0,,0,,0,,0,,0,,0
FIRMS_688A4797,11.66187,78.67394,25.85,353.32,60.0,2026-08-18T08:52:00Z,VIIRS,,0,,0,0,0,0,0,0,0,0,0,,0,,0,,0,,0,,0,,0
FIRMS_7A2183DA,11.66242,78.67835,25.85,367.0,90.0,2026-08-18T08:52:00Z,VIIRS,,0,,0,0,0,0,0,0,0,0,0,,0,,0,,0,,0,,0,,0
FIRMS_F6480CB7,11.66789,78.67705,25.85,356.8,30.0,2026-08-18T08:52:00Z,VIIRS,,0,,0,0,0,0,0,0,0,0,0,,0,,0,,0,,0,,0,,0
FIRMS_58334B10,11.70585,78.76863,3.09,334.85,60.0,2026-08-18T08:52:00Z,VIIRS,,0,,0,0,0,0,0,0,0,0,0,,0,,0,,0,,0,,0,,0
FIRMS_EFACE607,11.70775,78.76962,5.77,340.29,60.0,2026-08-18T08:52:00Z,VIIRS,,0,,0,0,0,0,0,0,0,0,0,,0,,0,,0,,0,,0,,0
FIRMS_FE63B74C,11.72489,78.6914,9.96,350.81,60.0,2026-08-18T08:52:00Z,VIIRS,,0,,0,0,0,0,0,0,0,0,0,,0,,0,,0,,0,,0,,0
FIRMS_7ED9CA66,13.98488,77.39144,0.93,332.67,60.0,2026-08-18T08:54:00Z,VIIRS,,0,,0,0,0,0,0,0,0,0,0,,0,,0,,0,,0,,0,,0
FIRMS_FEC0A4A9,14.07884,77.73779,4.91,334.27,60.0,2026-08-18T08:54:00Z,VIIRS,,0,,0,0,0,0,0,0,0,0,0,,0,,0,,0,,0,,0,,0
FIRMS_50D694B0,14.46839,78.25809,4.39,336.52,60.0,2026-08-18T08:54:00Z,VIIRS,2233.118083350565,1,solar_plant,0,0,1,0,0,0,0,0,0,,0,,0,,0,,0,,0,2233.118083350565,1
FIRMS_EE5338C9,14.46883,78.26192,5.25,338.86,60.0,2026-08-18T08:54:00Z,VIIRS,2645.2886103336755,1,solar_plant,0,0,1,0,0,0,0,0,0,,0,,0,,0,,0,,0,2645.2886103336755,1
FIRMS_8F59BF07,14.474,78.25748,4.46,335.97,60.0,2026-08-18T08:54:00Z,VIIRS,2405.881638552339,1,solar_plant,0,0,1,0,0,0,0,0,0,,0,,0,,0,,0,,0,2405.881638552339,1
FIRMS_A3CCF632,22.03904,69.47427,3.92,337.49,60.0,2026-08-18T08:56:00Z,VIIRS,,0,,0,0,0,0,0,0,0,0,0,,0,,0,,0,,0,,0,,0
FIRMS_6747CA49,27.00237,82.48734,2.13,295.81,60.0,2026-08-18T19:42:00Z,VIIRS,,0,,0,0,0,0,0,0,0,0,0,,0,,0,,0,,0,,0,,0
FIRMS_CE99A5FC,27.22178,95.34567,1.41,308.29,60.0,2026-08-18T19:42:00Z,VIIRS,145.24703516833037,1,oil_well,2,2,4,0,0,2,0,0,0,,0,,0,145.24703516833037,1,,0,,0,,0
FIRMS_DE5407BD,27.31664,95.26646,1.42,308.57,60.0,2026-08-18T19:42:00Z,VIIRS,207.3380270395389,1,oil_well,3,14,154,0,0,14,0,0,0,,0,,0,207.3380270395389,1,,0,,0,,0
FIRMS_8B7E1360,27.32538,95.27692,1.59,311.7,60.0,2026-08-18T19:42:00Z,VIIRS,218.71206439409394,1,oil_well,5,18,185,0,0,18,0,0,0,,0,,0,218.71206439409394,1,,0,,0,,0
FIRMS_CD0BC9F0,27.37571,95.08824,1.65,308.04,60.0,2026-08-18T19:42:00Z,VIIRS,338.0511195164865,1,oil_well,4,18,84,0,0,18,0,0,0,3816.8365154724206,1,,0,338.0511195164865,1,,0,,0,,0
FIRMS_0539A6FD,27.46271,95.47729,1.18,305.07,60.0,2026-08-18T19:42:00Z,VIIRS,468.1985298908229,1,oil_well,3,14,71,0,0,14,0,0,0,,0,,0,468.1985298908229,1,,0,,0,,0
FIRMS_2AA6E22E,27.46869,95.42249,1.03,306.92,60.0,2026-08-18T19:42:00Z,VIIRS,827.9831484843797,1,oil_well,0,4,96,0,0,4,0,0,0,,0,,0,827.9831484843797,1,,0,,0,,0
FIRMS_951F4D01,27.53036,77.65813,2.76,311.81,60.0,2026-08-18T19:42:00Z,VIIRS,4491.591991686137,1,oil_refinery,0,0,1,0,0,0,0,0,0,,0,4491.591991686137,1,,0,,0,,0,,0
FIRMS_57024CF5,27.5312,77.66014,2.9,312.08,60.0,2026-08-18T19:42:00Z,VIIRS,4516.873018940162,1,oil_refinery,0,0,1,0,0,0,0,0,0,,0,4516.873018940162,1,,0,,0,,0,,0
FIRMS_09E28535,10.48666,79.32134,1.88,317.51,60.0,2026-08-18T19:47:00Z,VIIRS,,0,,0,0,0,0,0,0,0,0,0,,0,,0,,0,,0,,0,,0
FIRMS_CA98448D,10.48713,79.31767,2.41,311.88,60.0,2026-08-18T19:47:00Z,VIIRS,,0,,0,0,0,0,0,0,0,0,0,,0,,0,,0,,0,,0,,0
FIRMS_98A82782,9.31313,77.44205,1.7,313.02,60.0,2026-08-18T19:49:00Z,VIIRS,,0,,0,0,0,0,0,0,0,0,0,,0,,0,,0,,0,,0,,0
FIRMS_0FE7AFF6,26.25886,74.09746,0.44,302.57,60.0,2026-08-18T21:25:00Z,VIIRS,,0,,0,0,0,0,0,0,0,0,0,,0,,0,,0,,0,,0,,0
FIRMS_F7659F9B,20.95116,86.04971,4.92,330.14,60.0,2026-08-19T06:57:00Z,VIIRS,,0,,0,0,0,0,0,0,0,0,0,,0,,0,,0,,0,,0,,0
FIRMS_5CB4CABA,8.60867,77.97512,4.86,338.07,60.0,2026-08-19T08:35:00Z,VIIRS,,0,,0,0,0,0,0,0,0,0,0,,0,,0,,0,,0,,0,,0
FIRMS_499D7A06,8.63544,78.02991,3.21,333.63,60.0,2026-08-19T08:35:00Z,VIIRS,,0,,0,0,0,0,0,0,0,0,0,,0,,0,,0,,0,,0,,0
FIRMS_4E50512F,8.64296,77.89849,8.57,349.3,60.0,2026-08-19T08:35:00Z,VIIRS,,0,,0,0,0,0,0,0,0,0,0,,0,,0,,0,,0,,0,,0
FIRMS_D121839F,8.64359,77.90287,12.23,342.47,60.0,2026-08-19T08:35:00Z,VIIRS,,0,,0,0,0,0,0,0,0,0,0,,0,,0,,0,,0,,0,,0
FIRMS_ECEC5513,8.71568,77.94273,5.73,351.14,60.0,2026-08-19T08:35:00Z,VIIRS,,0,,0,0,0,0,0,0,0,0,0,,0,,0,,0,,0,,0,,0
FIRMS_3D6402A9,8.71631,77.94712,10.01,343.37,60.0,2026-08-19T08:35:00Z,VIIRS,,0,,0,0,0,0,0,0,0,0,0,,0,,0,,0,,0,,0,,0
FIRMS_D67E33A8,8.71938,77.94218,5.73,345.04,60.0,2026-08-19T08:35:00Z,VIIRS,,0,,0,0,0,0,0,0,0,0,0,,0,,0,,0,,0,,0,,0
FIRMS_8316C05A,8.74087,77.59978,5.47,336.15,60.0,2026-08-19T08:35:00Z,VIIRS,,0,,0,0,0,0,0,0,0,0,0,,0,,0,,0,,0,,0,,0
FIRMS_336EDE93,8.83535,77.7394,3.06,337.15,60.0,2026-08-19T08:35:00Z,VIIRS,,0,,0,0,0,0,0,0,0,0,0,,0,,0,,0,,0,,0,,0
FIRMS_4AA7E00B,8.89859,77.86332,9.44,350.18,60.0,2026-08-19T08:35:00Z,VIIRS,,0,,0,0,0,0,0,0,0,0,0,,0,,0,,0,,0,,0,,0
FIRMS_08AE4734,8.89924,77.86769,7.97,340.38,60.0,2026-08-19T08:35:00Z,VIIRS,,0,,0,0,0,0,0,0,0,0,0,,0,,0,,0,,0,,0,,0
FIRMS_16E534F0,8.8998,77.85522,7.59,341.75,60.0,2026-08-19T08:35:00Z,VIIRS,,0,,0,0,0,0,0,0,0,0,0,,0,,0,,0,,0,,0,,0
FIRMS_401D9B55,8.90038,77.80621,8.58,349.37,60.0,2026-08-19T08:35:00Z,VIIRS,,0,,0,0,0,0,0,0,0,0,0,,0,,0,,0,,0,,0,,0
FIRMS_27F30DFF,8.90042,77.8596,6.75,351.01,60.0,2026-08-19T08:35:00Z,VIIRS,,0,,0,0,0,0,0,0,0,0,0,,0,,0,,0,,0,,0,,0
FIRMS_D86684E6,8.90104,77.86399,6.75,348.91,60.0,2026-08-19T08:35:00Z,VIIRS,,0,,0,0,0,0,0,0,0,0,0,,0,,0,,0,,0,,0,,0
FIRMS_BDE3BD67,8.9035,77.85469,15.94,348.35,60.0,2026-08-19T08:35:00Z,VIIRS,,0,,0,0,0,0,0,0,0,0,0,,0,,0,,0,,0,,0,,0
FIRMS_A31BE3FA,8.90407,77.80566,7.93,349.6,60.0,2026-08-19T08:35:00Z,VIIRS,,0,,0,0,0,0,0,0,0,0,0,,0,,0,,0,,0,,0,,0
FIRMS_09AB0808,8.90412,77.85908,9.84,356.97,30.0,2026-08-19T08:35:00Z,VIIRS,,0,,0,0,0,0,0,0,0,0,0,,0,,0,,0,,0,,0,,0
FIRMS_D9CA4C75,8.90469,77.81,7.93,354.05,60.0,2026-08-19T08:35:00Z,VIIRS,,0,,0,0,0,0,0,0,0,0,0,,0,,0,,0,,0,,0,,0
FIRMS_F1083713,8.90474,77.86346,9.84,341.44,60.0,2026-08-19T08:35:00Z,VIIRS,,0,,0,0,0,0,0,0,0,0,0,,0,,0,,0,,0,,0,,0
FIRMS_6F5D66CE,8.90883,77.7077,2.39,336.15,60.0,2026-08-19T08:35:00Z,VIIRS,,0,,0,0,0,0,0,0,0,0,0,,0,,0,,0,,0,,0,,0
FIRMS_056CD03A,8.91504,78.00077,11.0,342.35,60.0,2026-08-19T08:35:00Z,VIIRS,,0,,0,0,0,0,0,0,0,0,0,,0,,0,,0,,0,,0,,0
FIRMS_F92694C1,8.97893,77.73409,6.63,343.11,60.0,2026-08-19T08:35:00Z,VIIRS,4342.81383010363,1,wind_farm,0,0,1,0,0,0,0,0,0,,0,,0,,0,,0,4342.81383010363,1,,0
FIRMS_B1D88435,9.03106,77.75757,9.32,345.88,60.0,2026-08-19T08:35:00Z,VIIRS,,0,,0,0,0,0,0,0,0,0,0,,0,,0,,0,,0,,0,,0
FIRMS_1D43D106,9.03169,77.76192,11.65,344.0,60.0,2026-08-19T08:35:00Z,VIIRS,,0,,0,0,0,0,0,0,0,0,0,,0,,0,,0,,0,,0,,0
FIRMS_2CBB95FF,9.03474,77.75704,11.46,350.59,60.0,2026-08-19T08:35:00Z,VIIRS,,0,,0,0,0,0,0,0,0,0,0,,0,,0,,0,,0,,0,,0
FIRMS_969C0ED9,9.03537,77.76139,9.87,345.75,60.0,2026-08-19T08:35:00Z,VIIRS,,0,,0,0,0,0,0,0,0,0,0,,0,,0,,0,,0,,0,,0
FIRMS_76832A14,9.13059,77.62038,2.56,339.34,60.0,2026-08-19T08:35:00Z,VIIRS,,0,,0,0,0,0,0,0,0,0,0,,0,,0,,0,,0,,0,,0
FIRMS_64A4E5EA,9.36352,78.6637,4.18,341.86,60.0,2026-08-19T08:35:00Z,VIIRS,,0,,0,0,0,0,0,0,0,0,0,,0,,0,,0,,0,,0,,0
FIRMS_DF05259B,9.38257,78.68613,6.44,338.68,60.0,2026-08-19T08:35:00Z,VIIRS,,0,,0,0,0,0,0,0,0,0,0,,0,,0,,0,,0,,0,,0
FIRMS_8AA8D310,9.45543,78.69313,5.02,337.51,60.0,2026-08-19T08:35:00Z,VIIRS,3848.5068056668256,1,oil_well,0,0,1,0,0,0,0,0,0,,0,,0,3848.5068056668256,1,,0,,0,,0
FIRMS_9E5191D1,9.51772,78.22963,2.82,337.42,60.0,2026-08-19T08:35:00Z,VIIRS,,0,,0,0,0,0,0,0,0,0,0,,0,,0,,0,,0,,0,,0
FIRMS_7FB2DE5D,9.52153,78.22908,2.82,341.77,60.0,2026-08-19T08:35:00Z,VIIRS,,0,,0,0,0,0,0,0,0,0,0,,0,,0,,0,,0,,0,,0
FIRMS_E45DD02F,9.52219,78.23375,2.82,336.27,60.0,2026-08-19T08:35:00Z,VIIRS,,0,,0,0,0,0,0,0,0,0,0,,0,,0,,0,,0,,0,,0
FIRMS_B72812CC,9.52467,78.22387,5.7,342.78,60.0,2026-08-19T08:35:00Z,VIIRS,,0,,0,0,0,0,0,0,0,0,0,,0,,0,,0,,0,,0,,0
FIRMS_842EF447,9.57684,78.31702,10.51,340.72,60.0,2026-08-19T08:35:00Z,VIIRS,,0,,0,0,0,0,0,0,0,0,0,,0,,0,,0,,0,,0,,0
FIRMS_3F986FBE,10.03752,78.66753,2.84,330.97,60.0,2026-08-19T08:35:00Z,VIIRS,,0,,0,0,0,0,0,0,0,0,0,,0,,0,,0,,0,,0,,0
FIRMS_3D9EF2C5,10.75007,78.63698,9.85,339.53,60.0,2026-08-19T08:35:00Z,VIIRS,,0,,0,0,0,0,0,0,0,0,0,,0,,0,,0,,0,,0,,0
FIRMS_DA0EA25C,10.93714,78.49078,8.01,341.28,60.0,2026-08-19T08:35:00Z,VIIRS,,0,,0,0,0,0,0,0,0,0,0,,0,,0,,0,,0,,0,,0
FIRMS_AFB5297D,10.95679,78.40086,6.15,335.84,60.0,2026-08-19T08:35:00Z,VIIRS,,0,,0,0,0,0,0,0,0,0,0,,0,,0,,0,,0,,0,,0
FIRMS_E27ECB3E,11.14616,76.89647,4.96,336.2,60.0,2026-08-19T08:35:00Z,VIIRS,,0,,0,0,0,0,0,0,0,0,0,,0,,0,,0,,0,,0,,0
FIRMS_C60B865C,11.14976,76.89596,4.96,331.53,60.0,2026-08-19T08:35:00Z,VIIRS,,0,,0,0,0,0,0,0,0,0,0,,0,,0,,0,,0,,0,,0
FIRMS_7A7A59B9,15.17723,76.65598,6.24,337.58,60.0,2026-08-19T08:35:00Z,VIIRS,,0,,0,0,0,0,0,0,0,0,0,,0,,0,,0,,0,,0,,0
FIRMS_754B7243,18.67997,73.0383,3.89,335.52,60.0,2026-08-19T08:35:00Z,VIIRS,,0,,0,0,0,0,0,0,0,0,0,,0,,0,,0,,0,,0,,0
FIRMS_30062A08,26.3985,71.93286,4.5,338.78,60.0,2026-08-19T08:37:00Z,VIIRS,,0,,0,0,0,0,0,0,0,0,0,,0,,0,,0,,0,,0,,0
FIRMS_9238F32D,29.90848,74.94983,3.03,333.01,60.0,2026-08-19T08:39:00Z,VIIRS,1390.1774509356885,1,oil_refinery,0,0,1,0,0,0,0,0,0,,0,1390.1774509356885,1,,0,,0,,0,,0
FIRMS_904D6CDF,27.22185,95.34703,3.23,307.97,60.0,2026-08-19T19:21:00Z,VIIRS,151.8263363549481,1,oil_well,2,2,5,0,0,2,0,0,0,4927.164136293306,1,,0,151.8263363549481,1,,0,,0,,0
FIRMS_6C17290B,27.32527,95.27496,2.05,309.52,60.0,2026-08-19T19:21:00Z,VIIRS,137.46742167517343,1,oil_well,3,16,180,0,0,16,0,0,0,,0,,0,137.46742167517343,1,,0,,0,,0
FIRMS_FE9E68BA,20.94607,86.04922,1.2,305.35,60.0,2026-08-19T19:23:00Z,VIIRS,,0,,0,0,0,0,0,0,0,0,0,,0,,0,,0,,0,,0,,0
FIRMS_628784D2,20.95163,86.04997,1.2,306.94,60.0,2026-08-19T19:23:00Z,VIIRS,,0,,0,0,0,0,0,0,0,0,0,,0,,0,,0,,0,,0,,0
FIRMS_A4DEC1C0,20.95201,86.04612,3.94,322.73,60.0,2026-08-19T19:23:00Z,VIIRS,,0,,0,0,0,0,0,0,0,0,0,,0,,0,,0,,0,,0,,0
FIRMS_2AE1748D,20.96893,85.17625,1.5,315.76,60.0,2026-08-19T19:23:00Z,VIIRS,,0,,0,0,0,0,0,0,0,0,0,,0,,0,,0,,0,,0,,0
FIRMS_980F382C,20.97523,85.17226,1.5,303.35,60.0,2026-08-19T19:23:00Z,VIIRS,,0,,0,0,0,0,0,0,0,0,0,,0,,0,,0,,0,,0,,0
FIRMS_7AECE413,20.99886,86.01447,0.94,307.0,60.0,2026-08-19T19:23:00Z,VIIRS,,0,,0,0,0,0,0,0,0,0,0,,0,,0,,0,,0,,0,,0
FIRMS_F482A01E,20.99923,86.01053,1.12,307.18,60.0,2026-08-19T19:23:00Z,VIIRS,,0,,0,0,0,0,0,0,0,0,0,,0,,0,,0,,0,,0,,0
FIRMS_05F8FBB4,21.00053,86.01202,1.62,309.94,60.0,2026-08-19T19:23:00Z,VIIRS,,0,,0,0,0,0,0,0,0,0,0,,0,,0,,0,,0,,0,,0
FIRMS_EE83F7FD,21.07631,85.046,1.01,304.51,60.0,2026-08-19T19:23:00Z,VIIRS,3678.1946859788495,1,power_plant,0,0,2,0,0,0,0,0,0,3678.1946859788495,1,,0,,0,,0,,0,,0
FIRMS_E6BF57DA,21.07718,85.03671,2.6,307.33,60.0,2026-08-19T19:23:00Z,VIIRS,4430.650021888538,1,power_plant,0,0,2,0,0,0,0,0,0,4430.650021888538,1,,0,,0,,0,,0,,0
FIRMS_60289D00,22.36426,87.01864,1.23,317.31,60.0,2026-08-19T19:23:00Z,VIIRS,,0,,0,0,0,0,0,0,0,0,0,,0,,0,,0,,0,,0,,0
FIRMS_4D35FA26,22.57185,85.89693,1.56,310.32,60.0,2026-08-19T19:23:00Z,VIIRS,,0,,0,0,0,0,0,0,0,0,0,,0,,0,,0,,0,,0,,0
FIRMS_3D9F0CE9,22.58936,85.90438,1.15,305.62,60.0,2026-08-19T19:23:00Z,VIIRS,,0,,0,0,0,0,0,0,0,0,0,,0,,0,,0,,0,,0,,0
FIRMS_9B757F15,22.61078,85.91381,0.49,303.74,60.0,2026-08-19T19:23:00Z,VIIRS,,0,,0,0,0,0,0,0,0,0,0,,0,,0,,0,,0,,0,,0
FIRMS_EF6BFE6F,22.79074,86.20767,1.58,307.3,60.0,2026-08-19T19:23:00Z,VIIRS,,0,,0,0,0,0,0,0,0,0,0,,0,,0,,0,,0,,0,,0
FIRMS_44121C7C,23.56008,87.08398,0.72,298.21,60.0,2026-08-19T19:23:00Z,VIIRS,,0,,0,0,0,0,0,0,0,0,0,,0,,0,,0,,0,,0,,0
FIRMS_1D380787,23.56234,87.08282,1.05,301.66,60.0,2026-08-19T19:23:00Z,VIIRS,,0,,0,0,0,0,0,0,0,0,0,,0,,0,,0,,0,,0,,0
FIRMS_19AE368A,23.68837,87.1004,1.21,302.69,60.0,2026-08-19T19:23:00Z,VIIRS,,0,,0,0,0,0,0,0,0,0,0,,0,,0,,0,,0,,0,,0
FIRMS_EA7842D0,23.68871,87.09673,1.73,302.28,60.0,2026-08-19T19:23:00Z,VIIRS,,0,,0,0,0,0,0,0,0,0,0,,0,,0,,0,,0,,0,,0
FIRMS_EC1801FD,23.69172,87.12292,2.18,310.51,60.0,2026-08-19T19:23:00Z,VIIRS,4899.762966171762,1,oil_well,0,0,1,0,0,0,0,0,0,,0,,0,4899.762966171762,1,,0,,0,,0
FIRMS_6FE2DA5F,23.69341,87.10468,1.21,302.52,60.0,2026-08-19T19:23:00Z,VIIRS,,0,,0,0,0,0,0,0,0,0,0,,0,,0,,0,,0,,0,,0
FIRMS_FDA28A04,23.69443,87.0937,1.73,307.52,60.0,2026-08-19T19:23:00Z,VIIRS,,0,,0,0,0,0,0,0,0,0,0,,0,,0,,0,,0,,0,,0
FIRMS_49644C93,25.54247,91.23459,1.51,305.72,60.0,2026-08-19T19:23:00Z,VIIRS,,0,,0,0,0,0,0,0,0,0,0,,0,,0,,0,,0,,0,,0
FIRMS_285F5DB5,20.80461,85.25742,1.98,307.64,60.0,2026-08-19T19:25:00Z,VIIRS,,0,,0,0,0,0,0,0,0,0,0,,0,,0,,0,,0,,0,,0
FIRMS_08CD6E66,20.96412,85.1883,2.18,308.22,60.0,2026-08-19T19:25:00Z,VIIRS,,0,,0,0,0,0,0,0,0,0,0,,0,,0,,0,,0,,0,,0
FIRMS_774FEB59,20.96539,85.175,2.73,308.01,60.0,2026-08-19T19:25:00Z,VIIRS,,0,,0,0,0,0,0,0,0,0,0,,0,,0,,0,,0,,0,,0
FIRMS_23D696EB,20.96581,85.17046,3.26,312.59,60.0,2026-08-19T19:25:00Z,VIIRS,,0,,0,0,0,0,0,0,0,0,0,,0,,0,,0,,0,,0,,0
FIRMS_CF21D376,20.97085,85.18008,1.2,306.86,60.0,2026-08-19T19:25:00Z,VIIRS,,0,,0,0,0,0,0,0,0,0,0,,0,,0,,0,,0,,0,,0
FIRMS_621AA399,20.97128,85.17556,1.2,307.44,60.0,2026-08-19T19:25:00Z,VIIRS,,0,,0,0,0,0,0,0,0,0,0,,0,,0,,0,,0,,0,,0
FIRMS_8D197585,31.24975,76.93059,0.32,298.28,60.0,2026-08-19T21:01:00Z,VIIRS,,0,,0,0,0,0,0,0,0,0,0,,0,,0,,0,,0,,0,,0
FIRMS_8191D8F6,31.25838,76.92349,0.41,296.85,60.0,2026-08-19T21:01:00Z,VIIRS,,0,,0,0,0,0,0,0,0,0,0,,0,,0,,0,,0,,0,,0
FIRMS_4DB0E3DE,20.96749,86.01265,6.1,320.45,60.0,2026-08-19T21:04:00Z,VIIRS,,0,,0,0,0,0,0,0,0,0,0,,0,,0,,0,,0,,0,,0
FIRMS_DEC611DC,20.99709,86.02748,1.34,304.22,60.0,2026-08-19T21:04:00Z,VIIRS,,0,,0,0,0,0,0,0,0,0,0,,0,,0,,0,,0,,0,,0
FIRMS_C8463A99,21.00072,86.03053,0.67,302.51,60.0,2026-08-19T21:04:00Z,VIIRS,,0,,0,0,0,0,0,0,0,0,0,,0,,0,,0,,0,,0,,0
FIRMS_C101D70C,22.78883,86.20107,3.62,300.7,60.0,2026-08-19T21:04:00Z,VIIRS,,0,,0,0,0,0,0,0,0,0,0,,0,,0,,0,,0,,0,,0
FIRMS_2BE7D5B2,22.80233,86.09171,2.03,302.09,60.0,2026-08-19T21:04:00Z,VIIRS,,0,,0,0,0,0,0,0,0,0,0,,0,,0,,0,,0,,0,,0
FIRMS_C29CEDCE,22.87391,86.06372,1.74,304.33,60.0,2026-08-19T21:04:00Z,VIIRS,3704.090869147337,1,power_plant,0,0,1,0,0,0,0,0,0,3704.090869147337,1,,0,,0,,0,,0,,0
FIRMS_152D6E77,22.87589,86.06185,1.9,306.21,60.0,2026-08-19T21:04:00Z,VIIRS,3875.6334698934384,1,power_plant,0,0,1,0,0,0,0,0,0,3875.6334698934384,1,,0,,0,,0,,0,,0
FIRMS_3DBD8E44,23.68032,86.39847,3.34,297.79,60.0,2026-08-19T21:04:00Z,VIIRS,2729.116921303599,1,oil_well,0,0,2,0,0,0,0,0,0,,0,,0,2729.116921303599,1,,0,,0,,0
FIRMS_B40EB26B,23.68212,86.39163,2.84,300.13,60.0,2026-08-19T21:04:00Z,VIIRS,2528.5607624268214,1,oil_well,0,0,12,0,0,0,0,0,0,,0,,0,2528.5607624268214,1,,0,,0,,0
FIRMS_4C42B628,23.69582,87.09637,2.39,297.9,60.0,2026-08-19T21:04:00Z,VIIRS,,0,,0,0,0,0,0,0,0,0,0,,0,,0,,0,,0,,0,,0
FIRMS_5B583D4D,23.69837,87.09444,2.73,296.23,60.0,2026-08-19T21:04:00Z,VIIRS,,0,,0,0,0,0,0,0,0,0,0,,0,,0,,0,,0,,0,,0
FIRMS_A73B4FE0,23.76052,86.40015,4.7,302.24,60.0,2026-08-19T21:04:00Z,VIIRS,,0,,0,0,0,0,0,0,0,0,0,,0,,0,,0,,0,,0,,0
FIRMS_C172569D,24.14009,82.70357,0.72,300.69,60.0,2026-08-19T21:04:00Z,VIIRS,4103.9790927648055,1,power_plant,0,0,1,0,0,0,0,0,0,4103.9790927648055,1,,0,,0,,0,,0,,0
FIRMS_57B44DF5,25.94172,72.19282,1.78,315.34,60.0,2026-08-19T21:04:00Z,VIIRS,,0,,0,0,0,0,0,0,0,0,0,,0,,0,,0,,0,,0,,0
FIRMS_D16B2F68,26.25635,74.09737,0.62,308.4,60.0,2026-08-19T21:04:00Z,VIIRS,,0,,0,0,0,0,0,0,0,0,0,,0,,0,,0,,0,,0,,0
FIRMS_DB605EE9,26.87381,73.5167,2.95,308.59,60.0,2026-08-19T21:04:00Z,VIIRS,,0,,0,0,0,0,0,0,0,0,0,,0,,0,,0,,0,,0,,0
FIRMS_8130C966,26.87778,73.51348,1.56,301.9,60.0,2026-08-19T21:04:00Z,VIIRS,,0,,0,0,0,0,0,0,0,0,0,,0,,0,,0,,0,,0,,0
FIRMS_4C282D83,29.12563,75.77744,2.07,307.57,60.0,2026-08-19T21:04:00Z,VIIRS,,0,,0,0,0,0,0,0,0,0,0,,0,,0,,0,,0,,0,,0
FIRMS_3D39DC2C,17.98492,80.8302,1.37,303.98,60.0,2026-08-19T21:06:00Z,VIIRS,,0,,0,0,0,0,0,0,0,0,0,,0,,0,,0,,0,,0,,0
FIRMS_85C5EB64,18.68423,73.03175,0.77,301.89,60.0,2026-08-19T21:06:00Z,VIIRS,,0,,0,0,0,0,0,0,0,0,0,,0,,0,,0,,0,,0,,0
FIRMS_F7B6ED12,20.75702,85.29877,2.06,301.57,60.0,2026-08-19T21:06:00Z,VIIRS,,0,,0,0,0,0,0,0,0,0,0,,0,,0,,0,,0,,0,,0
FIRMS_2154D741,20.75727,85.29929,1.49,303.61,60.0,2026-08-19T21:06:00Z,VIIRS,,0,,0,0,0,0,0,0,0,0,0,,0,,0,,0,,0,,0,,0
FIRMS_C102D6E8,20.75867,85.29228,2.06,302.97,60.0,2026-08-19T21:06:00Z,VIIRS,,0,,0,0,0,0,0,0,0,0,0,,0,,0,,0,,0,,0,,0
FIRMS_E45AAD7D,20.75887,85.29279,2.83,305.28,60.0,2026-08-19T21:06:00Z,VIIRS,,0,,0,0,0,0,0,0,0,0,0,,0,,0,,0,,0,,0,,0
FIRMS_7BE0A989,20.78761,85.26431,2.28,302.5,60.0,2026-08-19T21:06:00Z,VIIRS,,0,,0,0,0,0,0,0,0,0,0,,0,,0,,0,,0,,0,,0
FIRMS_5181A742,20.79777,85.25298,4.38,306.61,60.0,2026-08-19T21:06:00Z,VIIRS,,0,,0,0,0,0,0,0,0,0,0,,0,,0,,0,,0,,0,,0
FIRMS_C2B73C84,20.79788,85.25243,2.83,305.54,60.0,2026-08-19T21:06:00Z,VIIRS,,0,,0,0,0,0,0,0,0,0,0,,0,,0,,0,,0,,0,,0
FIRMS_D0987E58,20.86326,84.99146,2.29,298.26,60.0,2026-08-19T21:06:00Z,VIIRS,,0,,0,0,0,0,0,0,0,0,0,,0,,0,,0,,0,,0,,0
FIRMS_182D5F85,20.95084,86.04825,2.2,304.82,60.0,2026-08-19T21:06:00Z,VIIRS,,0,,0,0,0,0,0,0,0,0,0,,0,,0,,0,,0,,0,,0
FIRMS_5537C1F8,20.96339,85.16812,2.94,305.31,60.0,2026-08-19T21:06:00Z,VIIRS,,0,,0,0,0,0,0,0,0,0,0,,0,,0,,0,,0,,0,,0
FIRMS_BE0951A4,20.96512,85.19021,2.37,306.9,60.0,2026-08-19T21:06:00Z,VIIRS,,0,,0,0,0,0,0,0,0,0,0,,0,,0,,0,,0,,0,,0
FIRMS_A2B53523,20.96682,85.18336,2.37,311.96,60.0,2026-08-19T21:06:00Z,VIIRS,,0,,0,0,0,0,0,0,0,0,0,,0,,0,,0,,0,,0,,0
FIRMS_9CB4C30C,20.96847,85.17673,3.04,310.25,60.0,2026-08-19T21:06:00Z,VIIRS,,0,,0,0,0,0,0,0,0,0,0,,0,,0,,0,,0,,0,,0
FIRMS_ADFC1B40,20.9701,85.17019,3.04,319.84,60.0,2026-08-19T21:06:00Z,VIIRS,,0,,0,0,0,0,0,0,0,0,0,,0,,0,,0,,0,,0,,0
FIRMS_830B0A6A,20.9768,85.17226,3.04,305.85,60.0,2026-08-19T21:06:00Z,VIIRS,,0,,0,0,0,0,0,0,0,0,0,,0,,0,,0,,0,,0,,0
FIRMS_FD503067,20.97829,85.13718,1.89,300.87,60.0,2026-08-19T21:06:00Z,VIIRS,,0,,0,0,0,0,0,0,0,0,0,,0,,0,,0,,0,,0,,0
FIRMS_E1B9AB9E,20.97995,85.13054,1.89,305.17,60.0,2026-08-19T21:06:00Z,VIIRS,,0,,0,0,0,0,0,0,0,0,0,,0,,0,,0,,0,,0,,0
FIRMS_A4BAEA56,21.07434,85.03826,1.92,296.86,60.0,2026-08-19T21:06:00Z,VIIRS,4458.2590908412585,1,power_plant,0,0,2,0,0,0,0,0,0,4458.2590908412585,1,,0,,0,,0,,0,,0
FIRMS_26AE27AA,21.081,85.04028,1.92,296.85,60.0,2026-08-19T21:06:00Z,VIIRS,3904.8161048063557,1,power_plant,0,0,2,0,0,0,0,0,0,3904.8161048063557,1,,0,,0,,0,,0,,0
FIRMS_77DD678F,8.73686,77.60081,7.27,337.37,60.0,2026-08-19T21:08:00Z,VIIRS,,0,,0,0,0,0,0,0,0,0,0,,0,,0,,0,,0,,0,,0
FIRMS_67303678,8.73753,77.59727,7.6,329.03,60.0,2026-08-19T21:08:00Z,VIIRS,,0,,0,0,0,0,0,0,0,0,0,,0,,0,,0,,0,,0,,0
FIRMS_8D1D241F,8.74163,77.60539,9.46,307.47,60.0,2026-08-19T21:08:00Z,VIIRS,,0,,0,0,0,0,0,0,0,0,0,,0,,0,,0,,0,,0,,0
FIRMS_7DC088AC,8.7423,77.60185,9.46,355.88,60.0,2026-08-19T21:08:00Z,VIIRS,,0,,0,0,0,0,0,0,0,0,0,,0,,0,,0,,0,,0,,0
FIRMS_14C87201,8.74296,77.59831,21.46,367.0,90.0,2026-08-19T21:08:00Z,VIIRS,,0,,0,0,0,0,0,0,0,0,0,,0,,0,,0,,0,,0,,0
FIRMS_D57B959D,15.65748,73.98986,1.1,303.04,60.0,2026-08-19T21:08:00Z,VIIRS,,0,,0,0,0,0,0,0,0,0,0,,0,,0,,0,,0,,0,,0
FIRMS_C973BE43,15.65996,73.98722,1.46,298.88,60.0,2026-08-19T21:08:00Z,VIIRS,,0,,0,0,0,0,0,0,0,0,0,,0,,0,,0,,0,,0,,0
FIRMS_84F7743B,8.92556,77.96257,8.49,348.38,60.0,2026-08-20T08:13:00Z,VIIRS,,0,,0,0,0,0,0,0,0,0,0,,0,,0,,0,,0,,0,,0
FIRMS_7DDEA071,10.20464,78.83772,11.72,339.24,60.0,2026-08-20T08:13:00Z,VIIRS,,0,,0,0,0,0,0,0,0,0,0,,0,,0,,0,,0,,0,,0
FIRMS_FF3234F5,10.57315,79.49966,2.25,330.82,60.0,2026-08-20T08:13:00Z,VIIRS,452.83875900139293,1,oil_well,1,1,35,0,0,1,0,0,0,,0,,0,452.83875900139293,1,,0,,0,,0
FIRMS_65037320,12.54274,79.87836,4.92,347.01,60.0,2026-08-20T08:16:00Z,VIIRS,,0,,0,0,0,0,0,0,0,0,0,,0,,0,,0,,0,,0,,0
FIRMS_A462AE5E,12.66698,79.70408,1.45,331.27,60.0,2026-08-20T08:16:00Z,VIIRS,,0,,0,0,0,0,0,0,0,0,0,,0,,0,,0,,0,,0,,0
FIRMS_9A234084,12.89302,78.87909,1.83,331.01,60.0,2026-08-20T08:16:00Z,VIIRS,,0,,0,0,0,0,0,0,0,0,0,,0,,0,,0,,0,,0,,0
FIRMS_6A0DE1B7,13.04383,79.59259,2.46,335.61,60.0,2026-08-20T08:16:00Z,VIIRS,,0,,0,0,0,0,0,0,0,0,0,,0,,0,,0,,0,,0,,0
FIRMS_799BD626,13.07203,79.95014,3.38,330.69,60.0,2026-08-20T08:16:00Z,VIIRS,,0,,0,0,0,0,0,0,0,0,0,,0,,0,,0,,0,,0,,0
FIRMS_25AB2D9A,13.34752,79.09665,1.8,337.78,60.0,2026-08-20T08:16:00Z,VIIRS,,0,,0,0,0,0,0,0,0,0,0,,0,,0,,0,,0,,0,,0
FIRMS_FDBC8B47,13.40582,80.21592,6.25,334.97,60.0,2026-08-20T08:16:00Z,VIIRS,,0,,0,0,0,0,0,0,0,0,0,,0,,0,,0,,0,,0,,0
FIRMS_8158AE07,13.66444,79.61813,6.06,341.5,60.0,2026-08-20T08:16:00Z,VIIRS,,0,,0,0,0,0,0,0,0,0,0,,0,,0,,0,,0,,0,,0
FIRMS_7C8D5394,14.28543,79.97816,2.41,338.42,60.0,2026-08-20T08:16:00Z,VIIRS,,0,,0,0,0,0,0,0,0,0,0,,0,,0,,0,,0,,0,,0
FIRMS_BBF679D0,14.34493,79.72159,5.86,345.53,60.0,2026-08-20T08:16:00Z,VIIRS,,0,,0,0,0,0,0,0,0,0,0,,0,,0,,0,,0,,0,,0
FIRMS_0B578B27,15.16424,76.3814,5.53,338.7,60.0,2026-08-20T08:16:00Z,VIIRS,,0,,0,0,0,0,0,0,0,0,0,,0,,0,,0,,0,,0,,0
FIRMS_F8574FD6,15.1676,76.38084,5.97,330.62,30.0,2026-08-20T08:16:00Z,VIIRS,,0,,0,0,0,0,0,0,0,0,0,,0,,0,,0,,0,,0,,0
FIRMS_78635507,15.1724,76.69444,2.38,335.7,60.0,2026-08-20T08:16:00Z,VIIRS,3547.0498357730025,1,power_plant,0,0,3,0,0,0,0,0,0,3547.0498357730025,1,,0,,0,,0,,0,,0
FIRMS_5BD8095E,15.26779,78.92377,3.8,336.08,60.0,2026-08-20T08:16:00Z,VIIRS,,0,,0,0,0,0,0,0,0,0,0,,0,,0,,0,,0,,0,,0
FIRMS_575891F7,15.58879,75.15228,5.86,332.36,30.0,2026-08-20T08:16:00Z,VIIRS,,0,,0,0,0,0,0,0,0,0,0,,0,,0,,0,,0,,0,,0
FIRMS_3AD8F9B5,16.07496,79.11341,3.87,341.12,60.0,2026-08-20T08:16:00Z,VIIRS,,0,,0,0,0,0,0,0,0,0,0,,0,,0,,0,,0,,0,,0
FIRMS_72B89C3E,16.07655,79.14837,1.46,330.86,60.0,2026-08-20T08:16:00Z,VIIRS,,0,,0,0,0,0,0,0,0,0,0,,0,,0,,0,,0,,0,,0
FIRMS_E555F805,17.29004,82.58302,1.58,331.27,60.0,2026-08-20T08:16:00Z,VIIRS,,0,,0,0,0,0,0,0,0,0,0,,0,,0,,0,,0,,0,,0
FIRMS_E071244A,17.50684,82.94902,3.79,342.7,60.0,2026-08-20T08:16:00Z,VIIRS,1377.0112716873816,1,ethanol_plant,0,0,1,0,0,0,0,0,0,,0,,0,,0,1377.0112716873816,1,,0,,0
FIRMS_47AD9F90,17.50736,82.95307,3.79,335.65,60.0,2026-08-20T08:16:00Z,VIIRS,1050.6481744024236,1,ethanol_plant,0,0,1,0,0,0,0,0,0,,0,,0,,0,1050.6481744024236,1,,0,,0
FIRMS_538C768A,17.51158,82.95251,6.78,348.49,60.0,2026-08-20T08:16:00Z,VIIRS,760.9666275326019,1,ethanol_plant,0,1,1,0,0,0,1,0,0,,0,,0,,0,760.9666275326019,1,,0,,0
FIRMS_B6FF2589,17.54337,83.00231,3.18,335.63,60.0,2026-08-20T08:16:00Z,VIIRS,,0,,0,0,0,0,0,0,0,0,0,,0,,0,,0,,0,,0,,0
FIRMS_21EAF96A,17.77165,79.02434,2.96,336.41,60.0,2026-08-20T08:16:00Z,VIIRS,,0,,0,0,0,0,0,0,0,0,0,,0,,0,,0,,0,,0,,0
FIRMS_87199180,17.79435,83.16505,6.14,341.11,60.0,2026-08-20T08:16:00Z,VIIRS,,0,,0,0,0,0,0,0,0,0,0,,0,,0,,0,,0,,0,,0
FIRMS_4D9C4EE0,17.95594,80.79374,6.47,337.11,60.0,2026-08-20T08:16:00Z,VIIRS,,0,,0,0,0,0,0,0,0,0,0,,0,,0,,0,,0,,0,,0
FIRMS_AEFBEDB4,20.95271,86.0482,4.49,329.15,60.0,2026-08-20T08:18:00Z,VIIRS,,0,,0,0,0,0,0,0,0,0,0,,0,,0,,0,,0,,0,,0
FIRMS_CD9570E1,20.96745,86.01298,7.71,349.96,60.0,2026-08-20T08:18:00Z,VIIRS,,0,,0,0,0,0,0,0,0,0,0,,0,,0,,0,,0,,0,,0
FIRMS_99465ECC,24.80284,71.78471,4.64,338.32,60.0,2026-08-20T08:20:00Z,VIIRS,,0,,0,0,0,0,0,0,0,0,0,,0,,0,,0,,0,,0,,0
FIRMS_26DB2D30,30.43244,73.96255,4.15,334.16,60.0,2026-08-20T08:20:00Z,VIIRS,,0,,0,0,0,0,0,0,0,0,0,,0,,0,,0,,0,,0,,0
FIRMS_35C4D0E6,22.36236,87.01414,2.1,296.48,60.0,2026-08-20T19:06:00Z,VIIRS,,0,,0,0,0,0,0,0,0,0,0,,0,,0,,0,,0,,0,,0
FIRMS_845F1AA7,22.36499,87.0154,2.08,298.17,60.0,2026-08-20T19:06:00Z,VIIRS,,0,,0,0,0,0,0,0,0,0,0,,0,,0,,0,,0,,0,,0
FIRMS_AB6BC823,23.69259,87.12586,0.75,295.1,60.0,2026-08-20T19:06:00Z,VIIRS,4645.799828441443,1,oil_well,0,0,1,0,0,0,0,0,0,,0,,0,4645.799828441443,1,,0,,0,,0
FIRMS_348C282E,23.69308,87.11836,0.75,299.47,60.0,2026-08-20T19:06:00Z,VIIRS,,0,,0,0,0,0,0,0,0,0,0,,0,,0,,0,,0,,0,,0
FIRMS_C5D71F68,23.69355,87.111,0.98,298.67,60.0,2026-08-20T19:06:00Z,VIIRS,,0,,0,0,0,0,0,0,0,0,0,,0,,0,,0,,0,,0,,0
FIRMS_81A670E5,23.69403,87.10361,0.98,297.31,60.0,2026-08-20T19:06:00Z,VIIRS,,0,,0,0,0,0,0,0,0,0,0,,0,,0,,0,,0,,0,,0
FIRMS_F88DF2B2,23.69451,87.0962,2.15,296.66,60.0,2026-08-20T19:06:00Z,VIIRS,,0,,0,0,0,0,0,0,0,0,0,,0,,0,,0,,0,,0,,0
FIRMS_D0C3A7A0,23.69583,87.12293,1.59,298.65,60.0,2026-08-20T19:06:00Z,VIIRS,4542.547707293168,1,oil_well,0,0,1,0,0,0,0,0,0,,0,,0,4542.547707293168,1,,0,,0,,0
FIRMS_5CF818E1,23.69627,87.11548,0.63,295.82,60.0,2026-08-20T19:06:00Z,VIIRS,,0,,0,0,0,0,0,0,0,0,0,,0,,0,,0,,0,,0,,0
FIRMS_3F0E57A3,23.69671,87.10807,0.63,296.93,60.0,2026-08-20T19:06:00Z,VIIRS,,0,,0,0,0,0,0,0,0,0,0,,0,,0,,0,,0,,0,,0
FIRMS_291BDB8D,23.69758,87.09327,1.38,298.4,60.0,2026-08-20T19:06:00Z,VIIRS,,0,,0,0,0,0,0,0,0,0,0,,0,,0,,0,,0,,0,,0
FIRMS_0648A463,28.27534,77.18294,0.74,302.62,60.0,2026-08-20T20:44:00Z,VIIRS,,0,,0,0,0,0,0,0,0,0,0,,0,,0,,0,,0,,0,,0
FIRMS_2A214729,28.77214,76.70122,2.28,310.21,60.0,2026-08-20T20:44:00Z,VIIRS,,0,,0,0,0,0,0,0,0,0,0,,0,,0,,0,,0,,0,,0
FIRMS_48DDD63A,29.45876,76.86543,3.34,316.16,60.0,2026-08-20T20:44:00Z,VIIRS,2022.2106456395788,1,oil_refinery,0,0,1,0,0,0,0,0,0,,0,2022.2106456395788,1,,0,,0,,0,,0
FIRMS_C937C4B0,29.91072,74.94928,2.62,307.57,60.0,2026-08-20T20:44:00Z,VIIRS,1193.664635115089,1,oil_refinery,0,0,1,0,0,0,0,0,0,,0,1193.664635115089,1,,0,,0,,0,,0
FIRMS_5E2CF4A5,31.2492,76.92705,0.66,304.76,60.0,2026-08-20T20:44:00Z,VIIRS,,0,,0,0,0,0,0,0,0,0,0,,0,,0,,0,,0,,0,,0
FIRMS_CE8DD34A,31.25985,76.92484,0.5,302.16,60.0,2026-08-20T20:44:00Z,VIIRS,,0,,0,0,0,0,0,0,0,0,0,,0,,0,,0,,0,,0,,0
FIRMS_D3ECFB1B,14.60754,79.6615,2.56,308.19,60.0,2026-08-20T20:46:00Z,VIIRS,,0,,0,0,0,0,0,0,0,0,0,,0,,0,,0,,0,,0,,0
FIRMS_419AE139,15.02354,78.01447,1.4,308.12,60.0,2026-08-20T20:46:00Z,VIIRS,,0,,0,0,0,0,0,0,0,0,0,,0,,0,,0,,0,,0,,0
FIRMS_2FBDA37A,15.13803,76.70839,0.85,304.91,60.0,2026-08-20T20:46:00Z,VIIRS,,0,,0,0,0,0,0,0,0,0,0,,0,,0,,0,,0,,0,,0
FIRMS_17774420,15.14843,76.71026,0.81,304.65,60.0,2026-08-20T20:46:00Z,VIIRS,,0,,0,0,0,0,0,0,0,0,0,,0,,0,,0,,0,,0,,0
FIRMS_082955CB,15.16689,76.67173,1.09,305.06,60.0,2026-08-20T20:46:00Z,VIIRS,,0,,0,0,0,0,0,0,0,0,0,,0,,0,,0,,0,,0,,0
FIRMS_E6DFE945,15.16817,76.38058,1.14,304.25,60.0,2026-08-20T20:46:00Z,VIIRS,,0,,0,0,0,0,0,0,0,0,0,,0,,0,,0,,0,,0,,0
FIRMS_F9F52EE0,15.16889,76.67329,0.89,306.37,60.0,2026-08-20T20:46:00Z,VIIRS,,0,,0,0,0,0,0,0,0,0,0,,0,,0,,0,,0,,0,,0
FIRMS_6022F0CB,15.17304,76.65667,1.74,307.97,60.0,2026-08-20T20:46:00Z,VIIRS,,0,,0,0,0,0,0,0,0,0,0,,0,,0,,0,,0,,0,,0
FIRMS_D76A96F1,15.17371,76.65274,1.05,304.58,60.0,2026-08-20T20:46:00Z,VIIRS,,0,,0,0,0,0,0,0,0,0,0,,0,,0,,0,,0,,0,,0
FIRMS_E4B4027D,15.17391,76.69331,2.81,323.79,60.0,2026-08-20T20:46:00Z,VIIRS,3535.527483279631,1,power_plant,0,0,3,0,0,0,0,0,0,3535.527483279631,1,,0,,0,,0,,0,,0
FIRMS_BB3BF073,15.17649,76.6573,4.52,333.4,60.0,2026-08-20T20:46:00Z,VIIRS,,0,,0,0,0,0,0,0,0,0,0,,0,,0,,0,,0,,0,,0
FIRMS_64E0CDC3,15.17659,76.6776,1.7,305.91,60.0,2026-08-20T20:46:00Z,VIIRS,4860.954961486138,1,power_plant,0,0,3,0,0,0,0,0,0,4860.954961486138,1,,0,,0,,0,,0,,0
FIRMS_49F33072,15.17717,76.65337,2.8,323.16,60.0,2026-08-20T20:46:00Z,VIIRS,,0,,0,0,0,0,0,0,0,0,0,,0,,0,,0,,0,,0,,0
FIRMS_5F2792CA,15.18207,76.66643,3.01,323.44,60.0,2026-08-20T20:46:00Z,VIIRS,,0,,0,0,0,0,0,0,0,0,0,,0,,0,,0,,0,,0,,0
FIRMS_7A12AE50,15.22626,76.76389,0.82,304.55,60.0,2026-08-20T20:46:00Z,VIIRS,,0,,0,0,0,0,0,0,0,0,0,,0,,0,,0,,0,,0,,0
FIRMS_32677D5E,15.3343,76.28691,1.13,312.86,60.0,2026-08-20T20:46:00Z,VIIRS,,0,,0,0,0,0,0,0,0,0,0,,0,,0,,0,,0,,0,,0
FIRMS_13D09D91,16.20556,75.20766,0.67,303.43,60.0,2026-08-20T20:46:00Z,VIIRS,,0,,0,0,0,0,0,0,0,0,0,,0,,0,,0,,0,,0,,0
FIRMS_4A268789,20.96533,86.01462,1.93,308.0,60.0,2026-08-20T20:46:00Z,VIIRS,,0,,0,0,0,0,0,0,0,0,0,,0,,0,,0,,0,,0,,0
FIRMS_7F24FA51,20.96588,86.01382,1.91,318.18,60.0,2026-08-20T20:46:00Z,VIIRS,,0,,0,0,0,0,0,0,0,0,0,,0,,0,,0,,0,,0,,0
FIRMS_7BE88FAC,20.96618,86.01083,1.93,309.48,60.0,2026-08-20T20:46:00Z,VIIRS,,0,,0,0,0,0,0,0,0,0,0,,0,,0,,0,,0,,0,,0
FIRMS_B4535F57,20.96671,86.01003,1.91,302.63,60.0,2026-08-20T20:46:00Z,VIIRS,,0,,0,0,0,0,0,0,0,0,0,,0,,0,,0,,0,,0,,0
FIRMS_DC90C8B9,20.96791,86.00322,2.6,300.73,60.0,2026-08-20T20:46:00Z,VIIRS,,0,,0,0,0,0,0,0,0,0,0,,0,,0,,0,,0,,0,,0
FIRMS_F02CCBF4,22.08609,83.11594,2.44,316.03,60.0,2026-08-20T20:46:00Z,VIIRS,,0,,0,0,0,0,0,0,0,0,0,,0,,0,,0,,0,,0,,0
FIRMS_F4AD8124,22.78398,86.20503,0.97,301.39,60.0,2026-08-20T20:46:00Z,VIIRS,,0,,0,0,0,0,0,0,0,0,0,,0,,0,,0,,0,,0,,0
FIRMS_128227A1,22.78599,86.20644,0.78,305.61,60.0,2026-08-20T20:46:00Z,VIIRS,,0,,0,0,0,0,0,0,0,0,0,,0,,0,,0,,0,,0,,0
FIRMS_BF494C7A,22.78678,86.20286,0.78,301.24,60.0,2026-08-20T20:46:00Z,VIIRS,,0,,0,0,0,0,0,0,0,0,0,,0,,0,,0,,0,,0,,0
FIRMS_725AF67A,22.78835,86.19575,0.55,298.96,60.0,2026-08-20T20:46:00Z,VIIRS,,0,,0,0,0,0,0,0,0,0,0,,0,,0,,0,,0,,0,,0
FIRMS_F5872B8C,22.78925,86.20647,0.89,305.09,60.0,2026-08-20T20:46:00Z,VIIRS,,0,,0,0,0,0,0,0,0,0,0,,0,,0,,0,,0,,0,,0
FIRMS_F8F04F25,22.79088,86.19932,0.37,298.49,60.0,2026-08-20T20:46:00Z,VIIRS,,0,,0,0,0,0,0,0,0,0,0,,0,,0,,0,,0,,0,,0
FIRMS_1031D6B8,22.79169,86.19576,0.37,299.44,60.0,2026-08-20T20:46:00Z,VIIRS,,0,,0,0,0,0,0,0,0,0,0,,0,,0,,0,,0,,0,,0
FIRMS_D2098C20,22.79364,86.19712,0.58,297.16,60.0,2026-08-20T20:46:00Z,VIIRS,,0,,0,0,0,0,0,0,0,0,0,,0,,0,,0,,0,,0,,0
FIRMS_90EDE821,22.7945,86.20801,0.89,299.78,60.0,2026-08-20T20:46:00Z,VIIRS,,0,,0,0,0,0,0,0,0,0,0,,0,,0,,0,,0,,0,,0
FIRMS_77E1F040,22.7973,86.20584,1.63,304.34,60.0,2026-08-20T20:46:00Z,VIIRS,,0,,0,0,0,0,0,0,0,0,0,,0,,0,,0,,0,,0,,0
FIRMS_99FCFDBB,22.80075,86.08921,1.75,313.38,60.0,2026-08-20T20:46:00Z,VIIRS,,0,,0,0,0,0,0,0,0,0,0,,0,,0,,0,,0,,0,,0
FIRMS_EC7C9506,22.81689,86.08504,0.24,301.13,60.0,2026-08-20T20:46:00Z,VIIRS,4172.151508352884,1,power_plant,0,0,1,0,0,0,0,0,0,4172.151508352884,1,,0,,0,,0,,0,,0
FIRMS_1665AAAA,22.81808,86.08607,0.22,302.52,60.0,2026-08-20T20:46:00Z,VIIRS,4167.264807632432,1,power_plant,0,0,1,0,0,0,0,0,0,4167.264807632432,1,,0,,0,,0,,0,,0
FIRMS_29E4CEC9,23.51662,87.27167,0.73,303.04,60.0,2026-08-20T20:46:00Z,VIIRS,3195.148847816409,1,power_plant,0,0,1,0,0,0,0,0,0,3195.148847816409,1,,0,,0,,0,,0,,0
FIRMS_4C98D6E4,23.5566,87.23922,0.94,303.93,60.0,2026-08-20T20:46:00Z,VIIRS,1021.7153610566016,1,oil_well,0,0,7,0,0,0,0,0,0,4408.734856871972,1,,0,1021.7153610566016,1,,0,,0,,0
FIRMS_79C22844,23.5599,87.08255,1.07,308.76,60.0,2026-08-20T20:46:00Z,VIIRS,,0,,0,0,0,0,0,0,0,0,0,,0,,0,,0,,0,,0,,0
FIRMS_C292E919,23.56212,87.24074,0.94,303.44,60.0,2026-08-20T20:46:00Z,VIIRS,529.0740868894487,1,oil_well,0,1,8,0,0,1,0,0,0,4212.560936042412,1,,0,529.0740868894487,1,,0,,0,,0
FIRMS_F0FC44EE,23.56388,87.08366,1.58,310.88,60.0,2026-08-20T20:46:00Z,VIIRS,,0,,0,0,0,0,0,0,0,0,0,,0,,0,,0,,0,,0,,0
FIRMS_72582490,23.61454,86.79183,0.68,304.84,60.0,2026-08-20T20:46:00Z,VIIRS,,0,,0,0,0,0,0,0,0,0,0,,0,,0,,0,,0,,0,,0
FIRMS_615C9818,23.61549,86.78763,0.68,303.7,60.0,2026-08-20T20:46:00Z,VIIRS,,0,,0,0,0,0,0,0,0,0,0,,0,,0,,0,,0,,0,,0
FIRMS_B5E10165,23.61622,85.42603,0.49,302.01,60.0,2026-08-20T20:46:00Z,VIIRS,,0,,0,0,0,0,0,0,0,0,0,,0,,0,,0,,0,,0,,0
FIRMS_F540DE8E,23.64966,85.43914,0.69,314.37,60.0,2026-08-20T20:46:00Z,VIIRS,,0,,0,0,0,0,0,0,0,0,0,,0,,0,,0,,0,,0,,0
FIRMS_AD034F38,23.65035,85.43598,0.69,305.16,60.0,2026-08-20T20:46:00Z,VIIRS,,0,,0,0,0,0,0,0,0,0,0,,0,,0,,0,,0,,0,,0
FIRMS_9ACFDAEF,23.65573,85.50697,1.16,308.42,60.0,2026-08-20T20:46:00Z,VIIRS,,0,,0,0,0,0,0,0,0,0,0,,0,,0,,0,,0,,0,,0
FIRMS_2F829AD2,23.66165,85.55202,0.37,303.54,60.0,2026-08-20T20:46:00Z,VIIRS,,0,,0,0,0,0,0,0,0,0,0,,0,,0,,0,,0,,0,,0
FIRMS_B153C258,23.66331,87.15736,0.27,296.41,60.0,2026-08-20T20:46:00Z,VIIRS,,0,,0,0,0,0,0,0,0,0,0,,0,,0,,0,,0,,0,,0
FIRMS_ECBE2A2D,23.66421,87.1534,0.31,298.63,60.0,2026-08-20T20:46:00Z,VIIRS,,0,,0,0,0,0,0,0,0,0,0,,0,,0,,0,,0,,0,,0
FIRMS_A329B3C2,23.66743,86.9369,0.73,307.82,60.0,2026-08-20T20:46:00Z,VIIRS,1926.356626166066,1,oil_well,0,0,70,0,0,0,0,0,0,,0,,0,1926.356626166066,1,,0,,0,,0
FIRMS_715BB08C,23.66762,86.09156,0.94,306.33,60.0,2026-08-20T20:46:00Z,VIIRS,,0,,0,0,0,0,0,0,0,0,0,,0,,0,,0,,0,,0,,0
FIRMS_FEE21011,23.67428,86.08614,1.08,306.76,60.0,2026-08-20T20:46:00Z,VIIRS,,0,,0,0,0,0,0,0,0,0,0,,0,,0,,0,,0,,0,,0
FIRMS_E5FB1841,23.67467,86.40192,0.95,306.13,60.0,2026-08-20T20:46:00Z,VIIRS,2558.2291931806235,1,oil_well,0,0,2,0,0,0,0,0,0,,0,,0,2558.2291931806235,1,,0,,0,,0
FIRMS_8B73497B,23.67549,86.39829,0.95,307.45,60.0,2026-08-20T20:46:00Z,VIIRS,2326.6800725903695,1,oil_well,0,0,2,0,0,0,0,0,0,,0,,0,2326.6800725903695,1,,0,,0,,0
FIRMS_3552ECEC,23.6763,86.39473,1.46,308.25,60.0,2026-08-20T20:46:00Z,VIIRS,2141.9480230113395,1,oil_well,0,0,3,0,0,0,0,0,0,,0,,0,2141.9480230113395,1,,0,,0,,0
FIRMS_505B14C1,23.67731,86.07244,1.04,302.65,60.0,2026-08-20T20:46:00Z,VIIRS,,0,,0,0,0,0,0,0,0,0,0,,0,,0,,0,,0,,0,,0
FIRMS_8E33ABBD,23.68017,86.08412,1.56,305.76,60.0,2026-08-20T20:46:00Z,VIIRS,,0,,0,0,0,0,0,0,0,0,0,,0,,0,,0,,0,,0,,0
FIRMS_57656943,23.68076,86.39959,0.95,303.5,60.0,2026-08-20T20:46:00Z,VIIRS,2840.0528808066806,1,oil_well,0,0,2,0,0,0,0,0,0,,0,,0,2840.0528808066806,1,,0,,0,,0
FIRMS_49B7B7F6,23.68078,86.08385,1.77,307.33,60.0,2026-08-20T20:46:00Z,VIIRS,,0,,0,0,0,0,0,0,0,0,0,,0,,0,,0,,0,,0,,0
FIRMS_F0FEC2F7,23.68157,86.39599,1.46,308.75,60.0,2026-08-20T20:46:00Z,VIIRS,2690.33169117981,1,oil_well,0,0,6,0,0,0,0,0,0,,0,,0,2690.33169117981,1,,0,,0,,0
FIRMS_83A33C8C,23.68236,86.39249,1.46,312.1,60.0,2026-08-20T20:46:00Z,VIIRS,2589.876178607879,1,oil_well,0,0,12,0,0,0,0,0,0,,0,,0,2589.876178607879,1,,0,,0,,0
FIRMS_B936D942,23.68763,86.39378,1.11,308.4,60.0,2026-08-20T20:46:00Z,VIIRS,2844.0131483570694,1,oil_well,0,0,12,0,0,0,0,0,0,,0,,0,2844.0131483570694,1,,0,,0,,0
FIRMS_4F16C0A1,23.68785,87.10063,1.13,301.76,60.0,2026-08-20T20:46:00Z,VIIRS,,0,,0,0,0,0,0,0,0,0,0,,0,,0,,0,,0,,0,,0
FIRMS_66205DAD,23.68841,86.39032,1.63,305.25,60.0,2026-08-20T20:46:00Z,VIIRS,2506.344811944215,1,oil_well,0,0,12,0,0,0,0,0,0,,0,,0,2506.344811944215,1,,0,,0,,0
FIRMS_59CD00B1,23.69202,87.10435,1.24,298.55,60.0,2026-08-20T20:46:00Z,VIIRS,,0,,0,0,0,0,0,0,0,0,0,,0,,0,,0,,0,,0,,0
FIRMS_881C8226,23.69376,87.12176,1.51,305.75,60.0,2026-08-20T20:46:00Z,VIIRS,4795.322461509604,1,oil_well,0,0,1,0,0,0,0,0,0,,0,,0,4795.322461509604,1,,0,,0,,0
FIRMS_2AC58F2E,23.69603,85.37061,1.96,309.89,60.0,2026-08-20T20:46:00Z,VIIRS,,0,,0,0,0,0,0,0,0,0,0,,0,,0,,0,,0,,0,,0
FIRMS_1843527F,23.70871,86.44867,1.32,309.25,60.0,2026-08-20T20:46:00Z,VIIRS,,0,,0,0,0,0,0,0,0,0,0,,0,,0,,0,,0,,0,,0
FIRMS_D3444539,23.70951,86.44509,1.32,307.26,60.0,2026-08-20T20:46:00Z,VIIRS,,0,,0,0,0,0,0,0,0,0,0,,0,,0,,0,,0,,0,,0
FIRMS_D9A9E09A,23.71143,86.45005,1.84,318.51,60.0,2026-08-20T20:46:00Z,VIIRS,,0,,0,0,0,0,0,0,0,0,0,,0,,0,,0,,0,,0,,0
FIRMS_3F468C6C,23.71226,86.44649,1.84,316.2,60.0,2026-08-20T20:46:00Z,VIIRS,,0,,0,0,0,0,0,0,0,0,0,,0,,0,,0,,0,,0,,0
FIRMS_290B0A21,23.71398,86.45003,1.32,316.78,60.0,2026-08-20T20:46:00Z,VIIRS,,0,,0,0,0,0,0,0,0,0,0,,0,,0,,0,,0,,0,,0
FIRMS_131747D1,23.71431,86.42361,1.54,304.75,60.0,2026-08-20T20:46:00Z,VIIRS,,0,,0,0,0,0,0,0,0,0,0,,0,,0,,0,,0,,0,,0
FIRMS_9F575471,23.72326,86.4229,1.26,305.68,60.0,2026-08-20T20:46:00Z,VIIRS,,0,,0,0,0,0,0,0,0,0,0,,0,,0,,0,,0,,0,,0
FIRMS_4346B8FA,23.7374,86.4341,3.28,324.26,60.0,2026-08-20T20:46:00Z,VIIRS,,0,,0,0,0,0,0,0,0,0,0,,0,,0,,0,,0,,0,,0
FIRMS_ABC9910C,23.75525,86.40467,0.91,306.53,60.0,2026-08-20T20:46:00Z,VIIRS,,0,,0,0,0,0,0,0,0,0,0,,0,,0,,0,,0,,0,,0
FIRMS_9D2C2C99,23.76131,86.40248,1.24,322.91,60.0,2026-08-20T20:46:00Z,VIIRS,,0,,0,0,0,0,0,0,0,0,0,,0,,0,,0,,0,,0,,0
FIRMS_FCCD0ED6,23.76655,86.40386,1.24,307.05,60.0,2026-08-20T20:46:00Z,VIIRS,,0,,0,0,0,0,0,0,0,0,0,,0,,0,,0,,0,,0,,0
FIRMS_08C22B55,23.76735,86.40035,1.24,306.55,60.0,2026-08-20T20:46:00Z,VIIRS,,0,,0,0,0,0,0,0,0,0,0,,0,,0,,0,,0,,0,,0
FIRMS_3BA4A73A,23.78109,86.38872,2.9,306.48,60.0,2026-08-20T20:46:00Z,VIIRS,,0,,0,0,0,0,0,0,0,0,0,,0,,0,,0,,0,,0,,0
FIRMS_C1C25485,23.78225,85.57,1.34,302.54,60.0,2026-08-20T20:46:00Z,VIIRS,2533.8022327299714,1,oil_well,0,0,2,0,0,0,0,0,0,,0,,0,2533.8022327299714,1,,0,,0,,0
FIRMS_ECB7E9BF,23.7864,85.55096,1.48,308.04,60.0,2026-08-20T20:46:00Z,VIIRS,1960.0035649106758,1,oil_well,0,0,3,0,0,0,0,0,0,,0,,0,1960.0035649106758,1,,0,,0,,0
FIRMS_38770EF6,23.82381,85.49748,1.25,301.5,60.0,2026-08-20T20:46:00Z,VIIRS,,0,,0,0,0,0,0,0,0,0,0,,0,,0,,0,,0,,0,,0
FIRMS_984941EE,23.82423,85.49743,1.08,302.7,60.0,2026-08-20T20:46:00Z,VIIRS,,0,,0,0,0,0,0,0,0,0,0,,0,,0,,0,,0,,0,,0
FIRMS_673ADCEA,24.71524,75.95329,0.89,304.87,60.0,2026-08-20T20:46:00Z,VIIRS,,0,,0,0,0,0,0,0,0,0,0,,0,,0,,0,,0,,0,,0
FIRMS_6EC68367,25.03646,87.38701,0.72,304.58,60.0,2026-08-20T20:46:00Z,VIIRS,,0,,0,0,0,0,0,0,0,0,0,,0,,0,,0,,0,,0,,0
FIRMS_A96142EE,25.03673,87.38658,0.67,303.78,60.0,2026-08-20T20:46:00Z,VIIRS,,0,,0,0,0,0,0,0,0,0,0,,0,,0,,0,,0,,0,,0
FIRMS_27BCAA05,27.79252,75.33192,0.81,306.87,60.0,2026-08-20T20:46:00Z,VIIRS,,0,,0,0,0,0,0,0,0,0,0,,0,,0,,0,,0,,0,,0
FIRMS_D25D9535,8.73957,77.60084,2.37,314.99,60.0,2026-08-20T20:49:00Z,VIIRS,,0,,0,0,0,0,0,0,0,0,0,,0,,0,,0,,0,,0,,0
FIRMS_55219F53,12.66991,76.85605,0.73,302.15,60.0,2026-08-20T20:49:00Z,VIIRS,,0,,0,0,0,0,0,0,0,0,0,,0,,0,,0,,0,,0,,0
FIRMS_C124417F,12.68449,76.45203,0.81,306.01,60.0,2026-08-20T20:49:00Z,VIIRS,,0,,0,0,0,0,0,0,0,0,0,,0,,0,,0,,0,,0,,0
FIRMS_A65DB58C,12.98436,74.85372,0.45,300.05,60.0,2026-08-20T20:49:00Z,VIIRS,,0,,0,0,0,0,0,0,0,0,0,,0,,0,,0,,0,,0,,0
FIRMS_61A618FE,18.71585,79.53936,2.11,301.57,60.0,2026-08-20T20:49:00Z,VIIRS,,0,,0,0,0,0,0,0,0,0,0,,0,,0,,0,,0,,0,,0
FIRMS_7CCD9D2F,8.58488,77.95021,2.49,335.12,60.0,2026-08-21T07:56:00Z,VIIRS,,0,,0,0,0,0,0,0,0,0,0,,0,,0,,0,,0,,0,,0
FIRMS_A7C350A7,9.31269,78.05367,7.06,338.9,60.0,2026-08-21T07:56:00Z,VIIRS,,0,,0,0,0,0,0,0,0,0,0,,0,,0,,0,,0,,0,,0
FIRMS_94D98B8D,9.3194,78.58262,1.47,336.47,60.0,2026-08-21T07:56:00Z,VIIRS,,0,,0,0,0,0,0,0,0,0,0,,0,,0,,0,,0,,0,,0
FIRMS_7779312D,9.34518,78.81236,1.58,335.72,60.0,2026-08-21T07:56:00Z,VIIRS,2430.22514041267,1,oil_well,0,0,2,0,0,0,0,0,0,,0,,0,2430.22514041267,1,,0,,0,,0
FIRMS_12825536,9.36559,78.66248,10.37,367.0,90.0,2026-08-21T07:56:00Z,VIIRS,,0,,0,0,0,0,0,0,0,0,0,,0,,0,,0,,0,,0,,0
FIRMS_94759049,9.46089,77.93649,2.92,343.41,60.0,2026-08-21T07:56:00Z,VIIRS,,0,,0,0,0,0,0,0,0,0,0,,0,,0,,0,,0,,0,,0
FIRMS_00342D63,9.74367,77.84486,1.11,336.43,60.0,2026-08-21T07:56:00Z,VIIRS,,0,,0,0,0,0,0,0,0,0,0,,0,,0,,0,,0,,0,,0
FIRMS_3B86354B,9.74707,77.88758,1.44,336.81,60.0,2026-08-21T07:56:00Z,VIIRS,,0,,0,0,0,0,0,0,0,0,0,,0,,0,,0,,0,,0,,0
FIRMS_8BDE755A,10.04823,77.95352,5.9,349.94,60.0,2026-08-21T07:56:00Z,VIIRS,,0,,0,0,0,0,0,0,0,0,0,,0,,0,,0,,0,,0,,0
FIRMS_6EF011B5,10.05175,77.94893,7.89,344.09,60.0,2026-08-21T07:56:00Z,VIIRS,,0,,0,0,0,0,0,0,0,0,0,,0,,0,,0,,0,,0,,0
FIRMS_C5D10B18,10.05242,77.9528,5.9,337.08,60.0,2026-08-21T07:56:00Z,VIIRS,,0,,0,0,0,0,0,0,0,0,0,,0,,0,,0,,0,,0,,0
FIRMS_757BE4B8,10.06246,77.61354,3.37,338.53,60.0,2026-08-21T07:56:00Z,VIIRS,149.50102794823937,1,ethanol_plant,1,1,1,0,0,0,1,0,0,,0,,0,,0,149.50102794823937,1,,0,,0
FIRMS_AD5E4A17,10.40818,77.98702,8.58,344.36,60.0,2026-08-21T07:56:00Z,VIIRS,,0,,0,0,0,0,0,0,0,0,0,,0,,0,,0,,0,,0,,0
FIRMS_25F7B0BF,10.46239,77.96943,2.2,332.02,30.0,2026-08-21T07:56:00Z,VIIRS,,0,,0,0,0,0,0,0,0,0,0,,0,,0,,0,,0,,0,,0
FIRMS_4815237B,10.8355,78.05512,5.12,348.83,60.0,2026-08-21T07:56:00Z,VIIRS,,0,,0,0,0,0,0,0,0,0,0,,0,,0,,0,,0,,0,,0
FIRMS_2B88D50A,10.86179,78.60693,3.75,332.53,30.0,2026-08-21T07:56:00Z,VIIRS,,0,,0,0,0,0,0,0,0,0,0,,0,,0,,0,,0,,0,,0
FIRMS_51AB7579,10.86351,78.60498,3.6,334.68,60.0,2026-08-21T07:56:00Z,VIIRS,,0,,0,0,0,0,0,0,0,0,0,,0,,0,,0,,0,,0,,0
FIRMS_D3B2BFAA,10.89906,78.69358,8.39,335.4,60.0,2026-08-21T07:56:00Z,VIIRS,,0,,0,0,0,0,0,0,0,0,0,,0,,0,,0,,0,,0,,0
FIRMS_B4603985,10.90762,78.79076,4.54,339.02,60.0,2026-08-21T07:56:00Z,VIIRS,,0,,0,0,0,0,0,0,0,0,0,,0,,0,,0,,0,,0,,0
FIRMS_64A75B02,10.94861,77.29926,1.82,332.62,60.0,2026-08-21T07:56:00Z,VIIRS,,0,,0,0,0,0,0,0,0,0,0,,0,,0,,0,,0,,0,,0
FIRMS_D6149092,11.17986,76.86322,7.75,352.61,60.0,2026-08-21T07:56:00Z,VIIRS,,0,,0,0,0,0,0,0,0,0,0,,0,,0,,0,,0,,0,,0
FIRMS_9987E52D,11.25114,77.55007,1.81,335.0,60.0,2026-08-21T07:56:00Z,VIIRS,,0,,0,0,0,0,0,0,0,0,0,,0,,0,,0,,0,,0,,0
FIRMS_3B19E16A,11.3864,77.68139,3.66,337.39,60.0,2026-08-21T07:56:00Z,VIIRS,3662.560211918622,1,power_plant,0,0,1,0,0,0,0,0,0,3662.560211918622,1,,0,,0,,0,,0,,0
FIRMS_DC4FD1BD,11.52693,77.66856,1.03,331.72,60.0,2026-08-21T07:56:00Z,VIIRS,,0,,0,0,0,0,0,0,0,0,0,,0,,0,,0,,0,,0,,0
FIRMS_29303E0D,11.71186,79.12611,49.23,335.37,30.0,2026-08-21T07:56:00Z,VIIRS,,0,,0,0,0,0,0,0,0,0,0,,0,,0,,0,,0,,0,,0
FIRMS_F022CB47,11.71266,79.13078,13.01,335.7,30.0,2026-08-21T07:56:00Z,VIIRS,,0,,0,0,0,0,0,0,0,0,0,,0,,0,,0,,0,,0,,0
FIRMS_C97F4AFD,12.05267,79.61187,4.25,334.23,30.0,2026-08-21T07:56:00Z,VIIRS,,0,,0,0,0,0,0,0,0,0,0,,0,,0,,0,,0,,0,,0
FIRMS_5DD2C9DA,12.0637,76.96976,6.65,336.06,60.0,2026-08-21T07:56:00Z,VIIRS,,0,,0,0,0,0,0,0,0,0,0,,0,,0,,0,,0,,0,,0
FIRMS_7CA2D8AC,12.30416,76.82388,6.57,339.02,60.0,2026-08-21T07:56:00Z,VIIRS,,0,,0,0,0,0,0,0,0,0,0,,0,,0,,0,,0,,0,,0
FIRMS_8A9F05C0,12.35125,77.01255,5.9,340.97,60.0,2026-08-21T07:56:00Z,VIIRS,,0,,0,0,0,0,0,0,0,0,0,,0,,0,,0,,0,,0,,0
FIRMS_DBA1B662,14.52306,77.43476,4.98,336.84,60.0,2026-08-21T07:58:00Z,VIIRS,,0,,0,0,0,0,0,0,0,0,0,,0,,0,,0,,0,,0,,0
FIRMS_C47BCB86,14.60742,79.66074,24.47,347.79,60.0,2026-08-21T07:58:00Z,VIIRS,,0,,0,0,0,0,0,0,0,0,0,,0,,0,,0,,0,,0,,0
FIRMS_4B9E95D9,14.60819,79.65999,20.66,344.84,30.0,2026-08-21T07:58:00Z,VIIRS,,0,,0,0,0,0,0,0,0,0,0,,0,,0,,0,,0,,0,,0
FIRMS_4D8BE40A,15.1363,79.88412,3.42,332.13,60.0,2026-08-21T07:58:00Z,VIIRS,,0,,0,0,0,0,0,0,0,0,0,,0,,0,,0,,0,,0,,0
FIRMS_460BA1E0,15.34653,77.09008,1.89,330.63,60.0,2026-08-21T07:58:00Z,VIIRS,,0,,0,0,0,0,0,0,0,0,0,,0,,0,,0,,0,,0,,0
FIRMS_358E3BF9,16.29151,80.82072,4.54,334.45,60.0,2026-08-21T07:58:00Z,VIIRS,,0,,0,0,0,0,0,0,0,0,0,,0,,0,,0,,0,,0,,0
FIRMS_12A29567,19.48988,85.20114,3.89,328.82,60.0,2026-08-21T07:58:00Z,VIIRS,,0,,0,0,0,0,0,0,0,0,0,,0,,0,,0,,0,,0,,0
FIRMS_2D50BC01,23.66432,87.15331,2.74,330.29,60.0,2026-08-21T08:01:00Z,VIIRS,,0,,0,0,0,0,0,0,0,0,0,,0,,0,,0,,0,,0,,0
FIRMS_6E7DE8AC,23.67682,86.08707,4.24,330.7,60.0,2026-08-21T08:01:00Z,VIIRS,,0,,0,0,0,0,0,0,0,0,0,,0,,0,,0,,0,,0,,0
FIRMS_8416C7B4,23.67844,86.39668,8.2,331.72,60.0,2026-08-21T08:01:00Z,VIIRS,2451.867757774488,1,oil_well,0,0,2,0,0,0,0,0,0,,0,,0,2451.867757774488,1,,0,,0,,0
FIRMS_DA5931F2,23.68191,86.0946,7.7,349.84,60.0,2026-08-21T08:01:00Z,VIIRS,,0,,0,0,0,0,0,0,0,0,0,,0,,0,,0,,0,,0,,0
FIRMS_B9665A2C,23.68265,86.39607,5.68,334.93,60.0,2026-08-21T08:01:00Z,VIIRS,2795.5759548672777,1,oil_well,0,0,7,0,0,0,0,0,0,,0,,0,2795.5759548672777,1,,0,,0,,0
FIRMS_C33A9B01,23.68639,86.39134,5.68,330.74,60.0,2026-08-21T08:01:00Z,VIIRS,2726.535419457401,1,oil_well,0,0,12,0,0,0,0,0,0,,0,,0,2726.535419457401,1,,0,,0,,0
FIRMS_994288ED,23.70997,86.44798,7.64,334.64,60.0,2026-08-21T08:01:00Z,VIIRS,,0,,0,0,0,0,0,0,0,0,0,,0,,0,,0,,0,,0,,0
FIRMS_20B47059,23.71468,86.45161,8.89,338.05,60.0,2026-08-21T08:01:00Z,VIIRS,,0,,0,0,0,0,0,0,0,0,0,,0,,0,,0,,0,,0,,0
FIRMS_0B7635FE,23.75674,85.85435,5.93,334.01,60.0,2026-08-21T08:01:00Z,VIIRS,1887.1432154583372,1,oil_well,0,0,12,0,0,0,0,0,0,3995.0616393316677,1,,0,1887.1432154583372,1,,0,,0,,0
FIRMS_C08D0772,23.78134,86.2098,9.1,345.58,60.0,2026-08-21T08:01:00Z,VIIRS,,0,,0,0,0,0,0,0,0,0,0,,0,,0,,0,,0,,0,,0
FIRMS_4EF60DB8,27.43876,70.85847,8.02,344.68,60.0,2026-08-21T08:03:00Z,VIIRS,,0,,0,0,0,0,0,0,0,0,0,,0,,0,,0,,0,,0,,0
FIRMS_DAA3DC66,23.56004,87.24049,2.79,307.65,60.0,2026-08-21T20:25:00Z,VIIRS,703.329502478011,1,oil_well,0,1,8,0,0,1,0,0,0,4304.700099947523,1,,0,703.329502478011,1,,0,,0,,0
FIRMS_243B4E03,23.66372,87.15993,0.59,302.49,60.0,2026-08-21T20:25:00Z,VIIRS,,0,,0,0,0,0,0,0,0,0,0,,0,,0,,0,,0,,0,,0
FIRMS_EA19010E,23.6783,86.10711,0.56,305.64,60.0,2026-08-21T20:25:00Z,VIIRS,,0,,0,0,0,0,0,0,0,0,0,,0,,0,,0,,0,,0,,0
FIRMS_E40B045B,23.67846,86.08486,2.61,307.47,60.0,2026-08-21T20:25:00Z,VIIRS,,0,,0,0,0,0,0,0,0,0,0,,0,,0,,0,,0,,0,,0
FIRMS_9CDDF399,23.71933,85.00983,1.6,300.63,60.0,2026-08-21T20:25:00Z,VIIRS,,0,,0,0,0,0,0,0,0,0,0,,0,,0,,0,,0,,0,,0
FIRMS_54682667,24.18137,82.64606,0.93,307.55,60.0,2026-08-21T20:25:00Z,VIIRS,,0,,0,0,0,0,0,0,0,0,0,,0,,0,,0,,0,,0,,0
FIRMS_C894CF37,24.92917,84.14589,2.88,308.3,60.0,2026-08-21T20:25:00Z,VIIRS,,0,,0,0,0,0,0,0,0,0,0,,0,,0,,0,,0,,0,,0
FIRMS_C645F3DE,24.92936,84.14852,2.91,310.02,60.0,2026-08-21T20:25:00Z,VIIRS,,0,,0,0,0,0,0,0,0,0,0,,0,,0,,0,,0,,0,,0
FIRMS_A5F47737,28.77367,77.56798,2.57,309.15,60.0,2026-08-21T20:25:00Z,VIIRS,,0,,0,0,0,0,0,0,0,0,0,,0,,0,,0,,0,,0,,0
FIRMS_D0FD15D9,16.87195,80.02106,1.5,308.57,60.0,2026-08-21T20:27:00Z,VIIRS,,0,,0,0,0,0,0,0,0,0,0,,0,,0,,0,,0,,0,,0
FIRMS_EA0874F1,17.08458,79.32294,2.91,309.57,60.0,2026-08-21T20:27:00Z,VIIRS,,0,,0,0,0,0,0,0,0,0,0,,0,,0,,0,,0,,0,,0
FIRMS_C570E4F9,17.29117,78.40939,0.73,314.49,60.0,2026-08-21T20:27:00Z,VIIRS,,0,,0,0,0,0,0,0,0,0,0,,0,,0,,0,,0,,0,,0
FIRMS_961931DB,17.29336,78.40997,1.01,316.83,60.0,2026-08-21T20:27:00Z,VIIRS,,0,,0,0,0,0,0,0,0,0,0,,0,,0,,0,,0,,0,,0
FIRMS_FA477CA7,17.37035,77.44494,0.79,304.8,60.0,2026-08-21T20:27:00Z,VIIRS,,0,,0,0,0,0,0,0,0,0,0,,0,,0,,0,,0,,0,,0
FIRMS_9F9FFBEC,18.8016,74.25277,0.73,301.85,60.0,2026-08-21T20:27:00Z,VIIRS,,0,,0,0,0,0,0,0,0,0,0,,0,,0,,0,,0,,0,,0
FIRMS_BB04516D,22.36072,87.01704,0.73,303.37,60.0,2026-08-21T20:27:00Z,VIIRS,,0,,0,0,0,0,0,0,0,0,0,,0,,0,,0,,0,,0,,0
FIRMS_F1113F10,22.36491,87.01798,0.73,303.61,60.0,2026-08-21T20:27:00Z,VIIRS,,0,,0,0,0,0,0,0,0,0,0,,0,,0,,0,,0,,0,,0
FIRMS_4507F2F2,22.36667,87.29975,1.47,307.2,60.0,2026-08-21T20:27:00Z,VIIRS,,0,,0,0,0,0,0,0,0,0,0,,0,,0,,0,,0,,0,,0
FIRMS_77C68CDD,22.37519,87.27901,1.07,306.49,60.0,2026-08-21T20:27:00Z,VIIRS,,0,,0,0,0,0,0,0,0,0,0,,0,,0,,0,,0,,0,,0
FIRMS_7784C0B0,22.37663,87.28174,1.69,311.32,60.0,2026-08-21T20:27:00Z,VIIRS,,0,,0,0,0,0,0,0,0,0,0,,0,,0,,0,,0,,0,,0
FIRMS_7B1EC019,22.37751,87.2774,1.69,313.32,60.0,2026-08-21T20:27:00Z,VIIRS,,0,,0,0,0,0,0,0,0,0,0,,0,,0,,0,,0,,0,,0
FIRMS_4E07D8CA,22.37945,87.28,1.79,312.84,60.0,2026-08-21T20:27:00Z,VIIRS,,0,,0,0,0,0,0,0,0,0,0,,0,,0,,0,,0,,0,,0
FIRMS_88A353E9,22.78901,86.19763,0.95,300.01,60.0,2026-08-21T20:27:00Z,VIIRS,,0,,0,0,0,0,0,0,0,0,0,,0,,0,,0,,0,,0,,0
FIRMS_8EDA9F49,24.76452,74.60926,0.71,304.28,60.0,2026-08-21T20:27:00Z,VIIRS,,0,,0,0,0,0,0,0,0,0,0,,0,,0,,0,,0,,0,,0
FIRMS_B7A1EE13,10.93034,77.06337,0.63,300.84,60.0,2026-08-21T20:29:00Z,VIIRS,,0,,0,0,0,0,0,0,0,0,0,,0,,0,,0,,0,,0,,0
FIRMS_74706C7B,11.11709,77.75499,0.46,302.08,60.0,2026-08-21T20:29:00Z,VIIRS,,0,,0,0,0,0,0,0,0,0,0,,0,,0,,0,,0,,0,,0
FIRMS_7254093C,11.42601,77.51267,0.62,301.37,60.0,2026-08-21T20:29:00Z,VIIRS,,0,,0,0,0,0,0,0,0,0,0,,0,,0,,0,,0,,0,,0
FIRMS_B38CAF69,13.39369,80.10202,0.81,305.09,60.0,2026-08-21T20:29:00Z,VIIRS,,0,,0,0,0,0,0,0,0,0,0,,0,,0,,0,,0,,0,,0
FIRMS_3DDB4BA8,13.8039,78.06523,0.25,305.05,60.0,2026-08-21T20:29:00Z,VIIRS,,0,,0,0,0,0,0,0,0,0,0,,0,,0,,0,,0,,0,,0
FIRMS_38C52F01,13.89879,76.56554,0.49,296.53,60.0,2026-08-21T20:29:00Z,VIIRS,,0,,0,0,0,0,0,0,0,0,0,,0,,0,,0,,0,,0,,0
FIRMS_F71F3EB8,14.60582,78.52377,0.67,302.1,60.0,2026-08-21T20:29:00Z,VIIRS,,0,,0,0,0,0,0,0,0,0,0,,0,,0,,0,,0,,0,,0
FIRMS_167911CE,14.82645,79.31465,0.8,303.62,60.0,2026-08-21T20:29:00Z,VIIRS,,0,,0,0,0,0,0,0,0,0,0,,0,,0,,0,,0,,0,,0
FIRMS_9A71A313,15.02356,78.01485,1.27,311.86,60.0,2026-08-21T20:29:00Z,VIIRS,,0,,0,0,0,0,0,0,0,0,0,,0,,0,,0,,0,,0,,0
FIRMS_4F0D585A,15.07157,76.86326,1.66,302.8,60.0,2026-08-21T20:29:00Z,VIIRS,,0,,0,0,0,0,0,0,0,0,0,,0,,0,,0,,0,,0,,0
FIRMS_DE6418AD,15.13683,76.70946,0.69,303.89,60.0,2026-08-21T20:29:00Z,VIIRS,,0,,0,0,0,0,0,0,0,0,0,,0,,0,,0,,0,,0,,0
FIRMS_3D3A7DF9,15.16701,76.67386,1.71,317.3,60.0,2026-08-21T20:29:00Z,VIIRS,,0,,0,0,0,0,0,0,0,0,0,,0,,0,,0,,0,,0,,0
FIRMS_1B4AE66F,15.16771,76.37908,0.87,300.81,60.0,2026-08-21T20:29:00Z,VIIRS,,0,,0,0,0,0,0,0,0,0,0,,0,,0,,0,,0,,0,,0
FIRMS_D5BBC9C9,15.1716,76.69071,0.76,305.37,60.0,2026-08-21T20:29:00Z,VIIRS,3913.330907340537,1,power_plant,0,0,3,0,0,0,0,0,0,3913.330907340537,1,,0,,0,,0,,0,,0
FIRMS_BE609076,15.17327,76.69061,1.63,321.24,60.0,2026-08-21T20:29:00Z,VIIRS,3810.9025666083635,1,power_plant,0,0,3,0,0,0,0,0,0,3810.9025666083635,1,,0,,0,,0,,0,,0
FIRMS_6A0BAF5E,15.17346,76.65458,2.09,313.46,60.0,2026-08-21T20:29:00Z,VIIRS,,0,,0,0,0,0,0,0,0,0,0,,0,,0,,0,,0,,0,,0
FIRMS_A669D6E7,15.17382,76.66235,1.39,306.23,60.0,2026-08-21T20:29:00Z,VIIRS,,0,,0,0,0,0,0,0,0,0,0,,0,,0,,0,,0,,0,,0
FIRMS_FE21A4BF,15.17439,76.65839,1.69,305.16,60.0,2026-08-21T20:29:00Z,VIIRS,,0,,0,0,0,0,0,0,0,0,0,,0,,0,,0,,0,,0,,0
FIRMS_F8BB6375,15.17497,76.65443,1.69,328.13,60.0,2026-08-21T20:29:00Z,VIIRS,,0,,0,0,0,0,0,0,0,0,0,,0,,0,,0,,0,,0,,0
FIRMS_DECA4BD3,15.17623,77.10031,1.16,305.69,60.0,2026-08-21T20:29:00Z,VIIRS,,0,,0,0,0,0,0,0,0,0,0,,0,,0,,0,,0,,0,,0
FIRMS_6D25F574,15.17635,76.65906,2.09,308.83,60.0,2026-08-21T20:29:00Z,VIIRS,,0,,0,0,0,0,0,0,0,0,0,,0,,0,,0,,0,,0,,0
FIRMS_EF39ABB1,15.17694,76.65511,2.09,335.65,60.0,2026-08-21T20:29:00Z,VIIRS,,0,,0,0,0,0,0,0,0,0,0,,0,,0,,0,,0,,0,,0
FIRMS_86F58543,15.17787,76.65893,1.69,306.97,60.0,2026-08-21T20:29:00Z,VIIRS,,0,,0,0,0,0,0,0,0,0,0,,0,,0,,0,,0,,0,,0
FIRMS_85B0D1DE,15.17844,76.65497,1.69,327.64,60.0,2026-08-21T20:29:00Z,VIIRS,,0,,0,0,0,0,0,0,0,0,0,,0,,0,,0,,0,,0,,0
FIRMS_C943E7C6,15.17905,76.67529,1.16,309.64,60.0,2026-08-21T20:29:00Z,VIIRS,4998.371390745991,1,power_plant,0,0,3,0,0,0,0,0,0,4998.371390745991,1,,0,,0,,0,,0,,0
FIRMS_798B1904,15.17908,77.10468,0.81,303.34,60.0,2026-08-21T20:29:00Z,VIIRS,,0,,0,0,0,0,0,0,0,0,0,,0,,0,,0,,0,,0,,0
FIRMS_4FB5FBB7,15.17962,76.67133,1.16,304.09,60.0,2026-08-21T20:29:00Z,VIIRS,,0,,0,0,0,0,0,0,0,0,0,,0,,0,,0,,0,,0,,0
FIRMS_7104350A,15.1802,76.66738,2.11,311.52,60.0,2026-08-21T20:29:00Z,VIIRS,,0,,0,0,0,0,0,0,0,0,0,,0,,0,,0,,0,,0,,0
FIRMS_83D1E5EB,15.18368,76.66792,2.11,326.21,60.0,2026-08-21T20:29:00Z,VIIRS,,0,,0,0,0,0,0,0,0,0,0,,0,,0,,0,,0,,0,,0
FIRMS_F1C86624,15.18423,76.63964,1.51,308.44,60.0,2026-08-21T20:29:00Z,VIIRS,,0,,0,0,0,0,0,0,0,0,0,,0,,0,,0,,0,,0,,0
FIRMS_5E677E0F,15.18658,76.6724,0.71,305.96,60.0,2026-08-21T20:29:00Z,VIIRS,,0,,0,0,0,0,0,0,0,0,0,,0,,0,,0,,0,,0,,0
FIRMS_7A6C7312,15.33276,76.28716,0.96,306.84,60.0,2026-08-21T20:29:00Z,VIIRS,,0,,0,0,0,0,0,0,0,0,0,,0,,0,,0,,0,,0,,0
FIRMS_085C7EFD,15.33696,76.27781,1.07,307.42,60.0,2026-08-21T20:29:00Z,VIIRS,,0,,0,0,0,0,0,0,0,0,0,,0,,0,,0,,0,,0,,0
FIRMS_03DA14E4,15.33752,76.27949,1.38,307.45,60.0,2026-08-21T20:29:00Z,VIIRS,,0,,0,0,0,0,0,0,0,0,0,,0,,0,,0,,0,,0,,0
FIRMS_DB7B8873,8.59524,77.89958,0.29,300.64,60.0,2026-08-21T20:32:00Z,VIIRS,,0,,0,0,0,0,0,0,0,0,0,,0,,0,,0,,0,,0,,0
FIRMS_3A1C7C19,8.74044,77.60186,0.68,310.06,60.0,2026-08-21T20:32:00Z,VIIRS,,0,,0,0,0,0,0,0,0,0,0,,0,,0,,0,,0,,0,,0
FIRMS_33A2AE29,8.74099,77.59838,0.82,309.44,60.0,2026-08-21T20:32:00Z,VIIRS,,0,,0,0,0,0,0,0,0,0,0,,0,,0,,0,,0,,0,,0
FIRMS_B372B499,9.24785,77.32679,0.4,304.23,60.0,2026-08-21T20:32:00Z,VIIRS,,0,,0,0,0,0,0,0,0,0,0,,0,,0,,0,,0,,0,,0
FIRMS_FB600D95,10.04985,77.95205,0.42,302.63,60.0,2026-08-21T20:32:00Z,VIIRS,,0,,0,0,0,0,0,0,0,0,0,,0,,0,,0,,0,,0,,0
FIRMS_DE1CDB5B,10.08768,77.23882,0.84,306.06,60.0,2026-08-21T20:32:00Z,VIIRS,,0,,0,0,0,0,0,0,0,0,0,,0,,0,,0,,0,,0,,0
FIRMS_FCE48D84,10.08821,77.23543,6.59,341.68,60.0,2026-08-21T20:32:00Z,VIIRS,,0,,0,0,0,0,0,0,0,0,0,,0,,0,,0,,0,,0,,0
FIRMS_766850D0,10.09154,77.23588,1.76,332.12,60.0,2026-08-21T20:32:00Z,VIIRS,,0,,0,0,0,0,0,0,0,0,0,,0,,0,,0,,0,,0,,0
FIRMS_7BC74425,10.09488,77.23631,1.76,300.78,60.0,2026-08-21T20:32:00Z,VIIRS,,0,,0,0,0,0,0,0,0,0,0,,0,,0,,0,,0,,0,,0
FIRMS_4556AB91,10.24319,77.2169,3.49,308.07,60.0,2026-08-21T20:32:00Z,VIIRS,,0,,0,0,0,0,0,0,0,0,0,,0,,0,,0,,0,,0,,0
FIRMS_54E9F288,10.24541,77.22453,0.45,299.32,60.0,2026-08-21T20:32:00Z,VIIRS,,0,,0,0,0,0,0,0,0,0,0,,0,,0,,0,,0,,0,,0
FIRMS_B230A2DB,10.24596,77.22096,0.45,296.36,60.0,2026-08-21T20:32:00Z,VIIRS,,0,,0,0,0,0,0,0,0,0,0,,0,,0,,0,,0,,0,,0
FIRMS_2725FDF9,10.24651,77.21736,3.49,330.64,60.0,2026-08-21T20:32:00Z,VIIRS,,0,,0,0,0,0,0,0,0,0,0,,0,,0,,0,,0,,0,,0
FIRMS_12BB5B45,10.24707,77.21375,3.49,340.55,60.0,2026-08-21T20:32:00Z,VIIRS,,0,,0,0,0,0,0,0,0,0,0,,0,,0,,0,,0,,0,,0
FIRMS_3428CEAD,10.24929,77.22139,0.7,301.71,60.0,2026-08-21T20:32:00Z,VIIRS,,0,,0,0,0,0,0,0,0,0,0,,0,,0,,0,,0,,0,,0
FIRMS_7FB390B8,10.2504,77.21418,2.02,318.29,60.0,2026-08-21T20:32:00Z,VIIRS,,0,,0,0,0,0,0,0,0,0,0,,0,,0,,0,,0,,0,,0
FIRMS_3A4356CF,10.61491,77.41926,0.5,300.63,60.0,2026-08-21T20:32:00Z,VIIRS,,0,,0,0,0,0,0,0,0,0,0,,0,,0,,0,,0,,0,,0
FIRMS_E1535F86,8.38548,77.54631,5.8,332.37,60.0,2026-08-22T07:35:00Z,VIIRS,,0,,0,0,0,0,0,0,0,0,0,,0,,0,,0,,0,,0,,0
FIRMS_C3660D3C,9.29744,77.75079,1.45,330.78,60.0,2026-08-22T07:35:00Z,VIIRS,,0,,0,0,0,0,0,0,0,0,0,,0,,0,,0,,0,,0,,0
FIRMS_768CFEE0,9.29351,77.3167,7.09,334.7,60.0,2026-08-22T07:37:00Z,VIIRS,,0,,0,0,0,0,0,0,0,0,0,,0,,0,,0,,0,,0,,0
FIRMS_6FFA560F,9.29573,77.75149,1.47,333.98,60.0,2026-08-22T07:37:00Z,VIIRS,,0,,0,0,0,0,0,0,0,0,0,,0,,0,,0,,0,,0,,0
FIRMS_5FD32E66,10.75991,79.65319,2.68,336.62,60.0,2026-08-22T07:37:00Z,VIIRS,274.1948144283582,1,oil_well,1,6,77,0,0,6,0,0,0,,0,,0,274.1948144283582,1,,0,,0,,0
FIRMS_1AEF65BC,11.40803,78.71432,2.35,336.41,60.0,2026-08-22T07:37:00Z,VIIRS,,0,,0,0,0,0,0,0,0,0,0,,0,,0,,0,,0,,0,,0
FIRMS_4A28D95B,11.41039,78.7151,1.96,339.14,60.0,2026-08-22T07:37:00Z,VIIRS,,0,,0,0,0,0,0,0,0,0,0,,0,,0,,0,,0,,0,,0
FIRMS_A357F0B3,11.72656,78.68904,0.95,333.4,60.0,2026-08-22T07:37:00Z,VIIRS,,0,,0,0,0,0,0,0,0,0,0,,0,,0,,0,,0,,0,,0
FIRMS_D3803FD3,11.72925,78.6898,1.86,331.96,60.0,2026-08-22T07:37:00Z,VIIRS,,0,,0,0,0,0,0,0,0,0,0,,0,,0,,0,,0,,0,,0
FIRMS_26331741,12.23923,79.42413,2.81,332.77,60.0,2026-08-22T07:37:00Z,VIIRS,,0,,0,0,0,0,0,0,0,0,0,,0,,0,,0,,0,,0,,0
FIRMS_64C89473,15.16272,77.14871,5.69,331.26,60.0,2026-08-22T07:37:00Z,VIIRS,,0,,0,0,0,0,0,0,0,0,0,,0,,0,,0,,0,,0,,0
FIRMS_3E63D335,15.16347,77.15242,5.49,330.11,60.0,2026-08-22T07:37:00Z,VIIRS,,0,,0,0,0,0,0,0,0,0,0,,0,,0,,0,,0,,0,,0
FIRMS_F0074E24,15.20609,77.16582,6.3,330.78,60.0,2026-08-22T07:37:00Z,VIIRS,,0,,0,0,0,0,0,0,0,0,0,,0,,0,,0,,0,,0,,0
FIRMS_3A25FB8F,15.20629,77.16636,6.06,337.41,60.0,2026-08-22T07:37:00Z,VIIRS,,0,,0,0,0,0,0,0,0,0,0,,0,,0,,0,,0,,0,,0
FIRMS_CF945AAD,16.19788,78.35836,3.75,333.26,60.0,2026-08-22T07:37:00Z,VIIRS,,0,,0,0,0,0,0,0,0,0,0,,0,,0,,0,,0,,0,,0
FIRMS_66FC7EBB,16.66123,77.32803,4.72,335.42,60.0,2026-08-22T07:37:00Z,VIIRS,,0,,0,0,0,0,0,0,0,0,0,,0,,0,,0,,0,,0,,0
FIRMS_B52C5C04,21.92436,85.22442,2.33,328.0,60.0,2026-08-22T07:39:00Z,VIIRS,,0,,0,0,0,0,0,0,0,0,0,,0,,0,,0,,0,,0,,0
FIRMS_0E0BEC49,22.36426,87.3003,3.04,333.91,60.0,2026-08-22T07:39:00Z,VIIRS,,0,,0,0,0,0,0,0,0,0,0,,0,,0,,0,,0,,0,,0
FIRMS_8E16B13E,22.36824,87.3037,7.65,339.4,60.0,2026-08-22T07:39:00Z,VIIRS,,0,,0,0,0,0,0,0,0,0,0,,0,,0,,0,,0,,0,,0
FIRMS_5AAEB9C6,22.3785,87.27773,4.94,331.88,60.0,2026-08-22T07:39:00Z,VIIRS,,0,,0,0,0,0,0,0,0,0,0,,0,,0,,0,,0,,0,,0
FIRMS_DEB6F5CD,23.55723,87.24088,5.86,336.79,60.0,2026-08-22T07:39:00Z,VIIRS,1003.4419279254835,1,oil_well,0,0,7,0,0,0,0,0,0,4506.677179761258,1,,0,1003.4419279254835,1,,0,,0,,0
FIRMS_D7D94A93,23.55952,87.23223,4.78,339.73,60.0,2026-08-22T07:39:00Z,VIIRS,844.7906112775839,1,oil_well,0,1,6,0,0,1,0,0,0,3645.4111578754355,1,,0,844.7906112775839,1,,0,,0,,0
FIRMS_44BBD550,23.56066,87.24033,5.86,338.44,60.0,2026-08-22T07:39:00Z,VIIRS,635.2235594647165,1,oil_well,0,1,8,0,0,1,0,0,0,4255.476689091925,1,,0,635.2235594647165,1,,0,,0,,0
FIRMS_BB4E2BE6,23.66324,87.15393,2.97,339.39,60.0,2026-08-22T07:39:00Z,VIIRS,,0,,0,0,0,0,0,0,0,0,0,,0,,0,,0,,0,,0,,0
FIRMS_58EC29D6,23.66381,87.15797,2.97,334.21,60.0,2026-08-22T07:39:00Z,VIIRS,,0,,0,0,0,0,0,0,0,0,0,,0,,0,,0,,0,,0,,0
FIRMS_F5862F51,23.68436,86.39455,6.05,340.32,60.0,2026-08-22T07:39:00Z,VIIRS,2882.949020124176,1,oil_well,0,0,10,0,0,0,0,0,0,,0,,0,2882.949020124176,1,,0,,0,,0
FIRMS_362AE931,23.76498,86.40456,7.66,340.68,60.0,2026-08-22T07:39:00Z,VIIRS,,0,,0,0,0,0,0,0,0,0,0,,0,,0,,0,,0,,0,,0
FIRMS_4673B7B1,25.38784,86.15111,1.86,332.18,60.0,2026-08-22T07:39:00Z,VIIRS,,0,,0,0,0,0,0,0,0,0,0,,0,,0,,0,,0,,0,,0
FIRMS_E17E0690,25.98661,90.07365,2.88,330.23,60.0,2026-08-22T07:39:00Z,VIIRS,,0,,0,0,0,0,0,0,0,0,0,,0,,0,,0,,0,,0,,0
FIRMS_9BF1F867,29.45699,76.86504,13.33,346.56,60.0,2026-08-22T07:41:00Z,VIIRS,2216.2462697090273,1,oil_refinery,0,0,1,0,0,0,0,0,0,,0,2216.2462697090273,1,,0,,0,,0,,0
FIRMS_26D6D333,29.45792,76.8695,14.92,330.42,60.0,2026-08-22T07:41:00Z,VIIRS,1973.1049132833607,1,oil_refinery,0,0,1,0,0,0,0,0,0,,0,1973.1049132833607,1,,0,,0,,0,,0
FIRMS_F4417EA3,29.46026,76.85947,13.33,330.53,60.0,2026-08-22T07:41:00Z,VIIRS,2206.4453974253347,1,oil_refinery,0,0,1,0,0,0,0,0,0,,0,2206.4453974253347,1,,0,,0,,0,,0
FIRMS_C5B7B21A,29.46118,76.86392,13.33,339.97,60.0,2026-08-22T07:41:00Z,VIIRS,1861.397628517334,1,oil_refinery,0,0,1,0,0,0,0,0,0,,0,1861.397628517334,1,,0,,0,,0,,0
FIRMS_4F6FA5C8,20.86423,84.99176,1.15,305.53,60.0,2026-08-22T20:08:00Z,VIIRS,,0,,0,0,0,0,0,0,0,0,0,,0,,0,,0,,0,,0,,0
FIRMS_C7C3AE08,20.86481,84.9881,1.27,309.45,60.0,2026-08-22T20:08:00Z,VIIRS,,0,,0,0,0,0,0,0,0,0,0,,0,,0,,0,,0,,0,,0
FIRMS_0640386F,20.87026,84.99661,1.75,305.12,60.0,2026-08-22T20:08:00Z,VIIRS,,0,,0,0,0,0,0,0,0,0,0,,0,,0,,0,,0,,0,,0
FIRMS_99D673CA,20.88578,84.98428,1.23,304.65,60.0,2026-08-22T20:08:00Z,VIIRS,,0,,0,0,0,0,0,0,0,0,0,,0,,0,,0,,0,,0,,0
FIRMS_25176252,20.94061,86.0614,0.62,305.0,60.0,2026-08-22T20:08:00Z,VIIRS,,0,,0,0,0,0,0,0,0,0,0,,0,,0,,0,,0,,0,,0
FIRMS_0ECB57E6,20.95027,86.04403,1.39,300.51,60.0,2026-08-22T20:08:00Z,VIIRS,,0,,0,0,0,0,0,0,0,0,0,,0,,0,,0,,0,,0,,0
FIRMS_D4C583E0,20.96898,86.01307,2.65,319.71,60.0,2026-08-22T20:08:00Z,VIIRS,,0,,0,0,0,0,0,0,0,0,0,,0,,0,,0,,0,,0,,0
FIRMS_5B25C8D6,20.96958,86.00936,2.65,330.3,60.0,2026-08-22T20:08:00Z,VIIRS,,0,,0,0,0,0,0,0,0,0,0,,0,,0,,0,,0,,0,,0
FIRMS_2A07A2B8,20.9735,86.00627,1.39,304.37,60.0,2026-08-22T20:08:00Z,VIIRS,,0,,0,0,0,0,0,0,0,0,0,,0,,0,,0,,0,,0,,0
FIRMS_C5EE062A,21.00038,86.02657,0.51,299.94,60.0,2026-08-22T20:08:00Z,VIIRS,,0,,0,0,0,0,0,0,0,0,0,,0,,0,,0,,0,,0,,0
FIRMS_EE9D770E,22.00386,82.66874,1.93,310.8,60.0,2026-08-22T20:08:00Z,VIIRS,,0,,0,0,0,0,0,0,0,0,0,,0,,0,,0,,0,,0,,0
FIRMS_4AE97D3C,22.01341,83.75511,1.06,304.08,60.0,2026-08-22T20:08:00Z,VIIRS,,0,,0,0,0,0,0,0,0,0,0,,0,,0,,0,,0,,0,,0
FIRMS_BD4FD8CA,22.03156,83.36552,1.15,308.14,60.0,2026-08-22T20:08:00Z,VIIRS,,0,,0,0,0,0,0,0,0,0,0,,0,,0,,0,,0,,0,,0
FIRMS_75ECAF14,22.03203,83.36678,1.44,303.47,60.0,2026-08-22T20:08:00Z,VIIRS,,0,,0,0,0,0,0,0,0,0,0,,0,,0,,0,,0,,0,,0
FIRMS_2198FCFF,22.05333,85.46575,0.32,299.31,60.0,2026-08-22T20:08:00Z,VIIRS,,0,,0,0,0,0,0,0,0,0,0,,0,,0,,0,,0,,0,,0
FIRMS_0EADF6C3,22.06613,83.70398,1.05,312.11,60.0,2026-08-22T20:08:00Z,VIIRS,,0,,0,0,0,0,0,0,0,0,0,,0,,0,,0,,0,,0,,0
FIRMS_D591B5A6,22.21849,84.75478,0.71,306.41,60.0,2026-08-22T20:08:00Z,VIIRS,,0,,0,0,0,0,0,0,0,0,0,,0,,0,,0,,0,,0,,0
FIRMS_1AFD34C4,22.22124,84.75909,0.71,302.73,60.0,2026-08-22T20:08:00Z,VIIRS,,0,,0,0,0,0,0,0,0,0,0,,0,,0,,0,,0,,0,,0
FIRMS_87B07936,22.57128,85.89787,1.74,311.38,60.0,2026-08-22T20:08:00Z,VIIRS,,0,,0,0,0,0,0,0,0,0,0,,0,,0,,0,,0,,0,,0
FIRMS_E524595B,22.57247,85.89046,1.49,309.05,60.0,2026-08-22T20:08:00Z,VIIRS,,0,,0,0,0,0,0,0,0,0,0,,0,,0,,0,,0,,0,,0
FIRMS_E72C31A8,22.57577,85.89106,1.53,308.49,60.0,2026-08-22T20:08:00Z,VIIRS,,0,,0,0,0,0,0,0,0,0,0,,0,,0,,0,,0,,0,,0
FIRMS_CDD30F72,22.59049,85.90527,2.02,309.42,60.0,2026-08-22T20:08:00Z,VIIRS,,0,,0,0,0,0,0,0,0,0,0,,0,,0,,0,,0,,0,,0
FIRMS_6F054FA1,22.6097,85.91267,1.21,309.26,60.0,2026-08-22T20:08:00Z,VIIRS,,0,,0,0,0,0,0,0,0,0,0,,0,,0,,0,,0,,0,,0
FIRMS_77EB9FE3,22.78465,86.0052,0.64,304.08,60.0,2026-08-22T20:08:00Z,VIIRS,,0,,0,0,0,0,0,0,0,0,0,,0,,0,,0,,0,,0,,0
FIRMS_71A8A0AC,22.792,86.20931,1.59,306.36,60.0,2026-08-22T20:08:00Z,VIIRS,,0,,0,0,0,0,0,0,0,0,0,,0,,0,,0,,0,,0,,0
FIRMS_669F2E92,22.79591,86.2062,0.85,303.11,60.0,2026-08-22T20:08:00Z,VIIRS,,0,,0,0,0,0,0,0,0,0,0,,0,,0,,0,,0,,0,,0
FIRMS_5C9DBC51,22.79791,86.09208,1.36,316.12,60.0,2026-08-22T20:08:00Z,VIIRS,,0,,0,0,0,0,0,0,0,0,0,,0,,0,,0,,0,,0,,0
FIRMS_FF0FEAE8,22.808,86.08934,0.51,301.5,60.0,2026-08-22T20:08:00Z,VIIRS,,0,,0,0,0,0,0,0,0,0,0,,0,,0,,0,,0,,0,,0
FIRMS_2C15A1B0,22.87344,86.06319,1.49,316.43,60.0,2026-08-22T20:08:00Z,VIIRS,3639.9184363785566,1,power_plant,0,0,1,0,0,0,0,0,0,3639.9184363785566,1,,0,,0,,0,,0,,0
FIRMS_8314CD2D,23.16562,82.3415,0.63,305.08,60.0,2026-08-22T20:08:00Z,VIIRS,,0,,0,0,0,0,0,0,0,0,0,,0,,0,,0,,0,,0,,0
FIRMS_926556C5,23.60973,85.67503,0.76,308.45,60.0,2026-08-22T20:08:00Z,VIIRS,,0,,0,0,0,0,0,0,0,0,0,,0,,0,,0,,0,,0,,0
FIRMS_A2AD1D55,23.64662,85.43901,0.88,314.18,60.0,2026-08-22T20:08:00Z,VIIRS,,0,,0,0,0,0,0,0,0,0,0,,0,,0,,0,,0,,0,,0
FIRMS_92BF2B3C,23.6472,85.43526,0.88,304.38,60.0,2026-08-22T20:08:00Z,VIIRS,,0,,0,0,0,0,0,0,0,0,0,,0,,0,,0,,0,,0,,0
FIRMS_DDB2321F,23.64993,85.43962,0.53,303.86,60.0,2026-08-22T20:08:00Z,VIIRS,,0,,0,0,0,0,0,0,0,0,0,,0,,0,,0,,0,,0,,0
FIRMS_32D39CD9,23.65051,85.43587,0.53,306.44,60.0,2026-08-22T20:08:00Z,VIIRS,,0,,0,0,0,0,0,0,0,0,0,,0,,0,,0,,0,,0,,0
FIRMS_48F5188F,23.65651,85.50643,0.82,302.38,60.0,2026-08-22T20:08:00Z,VIIRS,,0,,0,0,0,0,0,0,0,0,0,,0,,0,,0,,0,,0,,0
FIRMS_EDEAEBCD,23.66223,87.1543,1.5,310.48,60.0,2026-08-22T20:08:00Z,VIIRS,,0,,0,0,0,0,0,0,0,0,0,,0,,0,,0,,0,,0,,0
FIRMS_6FDD9A69,23.6631,85.00007,0.78,307.72,60.0,2026-08-22T20:08:00Z,VIIRS,,0,,0,0,0,0,0,0,0,0,0,,0,,0,,0,,0,,0,,0
FIRMS_11149CBC,23.66493,87.15879,0.19,298.22,60.0,2026-08-22T20:08:00Z,VIIRS,,0,,0,0,0,0,0,0,0,0,0,,0,,0,,0,,0,,0,,0
FIRMS_B083BFD3,23.66556,87.15495,0.53,297.9,60.0,2026-08-22T20:08:00Z,VIIRS,,0,,0,0,0,0,0,0,0,0,0,,0,,0,,0,,0,,0,,0
FIRMS_3256F0DE,23.66699,84.99687,0.78,305.87,60.0,2026-08-22T20:08:00Z,VIIRS,,0,,0,0,0,0,0,0,0,0,0,,0,,0,,0,,0,,0,,0
FIRMS_CC975CCF,23.67349,86.40237,1.25,303.05,60.0,2026-08-22T20:08:00Z,VIIRS,2523.5340539244803,1,oil_well,0,0,2,0,0,0,0,0,0,,0,,0,2523.5340539244803,1,,0,,0,,0
FIRMS_79698621,23.6741,86.39861,1.47,304.95,60.0,2026-08-22T20:08:00Z,VIIRS,2250.8275335870685,1,oil_well,0,0,2,0,0,0,0,0,0,,0,,0,2250.8275335870685,1,,0,,0,,0
FIRMS_69918F5C,23.67462,85.32437,1.02,304.67,60.0,2026-08-22T20:08:00Z,VIIRS,2182.810425274659,1,oil_well,0,0,7,0,0,0,0,0,0,4996.25586008487,1,,0,2182.810425274659,1,,0,,0,,0
FIRMS_1F8116DF,23.67667,86.08633,0.83,308.2,60.0,2026-08-22T20:08:00Z,VIIRS,,0,,0,0,0,0,0,0,0,0,0,,0,,0,,0,,0,,0,,0
FIRMS_DD8E635C,23.6774,86.39924,1.47,318.96,60.0,2026-08-22T20:08:00Z,VIIRS,2542.8713309049594,1,oil_well,0,0,2,0,0,0,0,0,0,,0,,0,2542.8713309049594,1,,0,,0,,0
FIRMS_B91BDC4B,23.67801,86.39548,1.47,313.67,60.0,2026-08-22T20:08:00Z,VIIRS,2338.235920487795,1,oil_well,0,0,6,0,0,0,0,0,0,,0,,0,2338.235920487795,1,,0,,0,,0
FIRMS_D84DF9C4,23.68131,86.39611,1.78,312.42,60.0,2026-08-22T20:08:00Z,VIIRS,2673.108315147795,1,oil_well,0,0,6,0,0,0,0,0,0,,0,,0,2673.108315147795,1,,0,,0,,0
FIRMS_2BD9CC2E,23.68147,86.0988,0.33,300.33,60.0,2026-08-22T20:08:00Z,VIIRS,,0,,0,0,0,0,0,0,0,0,0,,0,,0,,0,,0,,0,,0
FIRMS_1A4CFE2A,23.68207,86.09506,0.33,304.46,60.0,2026-08-22T20:08:00Z,VIIRS,,0,,0,0,0,0,0,0,0,0,0,,0,,0,,0,,0,,0,,0
FIRMS_DAFDC9A5,23.68522,86.39298,2.79,318.66,60.0,2026-08-22T20:08:00Z,VIIRS,2899.3354873183553,1,oil_well,0,0,12,0,0,0,0,0,0,,0,,0,2899.3354873183553,1,,0,,0,,0
FIRMS_0BFCE4CD,23.68862,87.11987,0.15,296.46,60.0,2026-08-22T20:08:00Z,VIIRS,,0,,0,0,0,0,0,0,0,0,0,,0,,0,,0,,0,,0,,0
FIRMS_ED4E2E7C,23.69131,87.12435,0.16,295.39,60.0,2026-08-22T20:08:00Z,VIIRS,4850.624324364722,1,oil_well,0,0,1,0,0,0,0,0,0,,0,,0,4850.624324364722,1,,0,,0,,0
FIRMS_C0252FEB,23.69195,87.12051,0.48,297.67,60.0,2026-08-22T20:08:00Z,VIIRS,,0,,0,0,0,0,0,0,0,0,0,,0,,0,,0,,0,,0,,0
FIRMS_F462A9E3,23.69452,85.36971,1.49,308.97,60.0,2026-08-22T20:08:00Z,VIIRS,,0,,0,0,0,0,0,0,0,0,0,,0,,0,,0,,0,,0,,0
FIRMS_5A9B5D98,23.6964,87.09367,0.29,297.41,60.0,2026-08-22T20:08:00Z,VIIRS,,0,,0,0,0,0,0,0,0,0,0,,0,,0,,0,,0,,0,,0
FIRMS_2AF9577C,23.70707,86.44749,1.4,302.79,60.0,2026-08-22T20:08:00Z,VIIRS,,0,,0,0,0,0,0,0,0,0,0,,0,,0,,0,,0,,0,,0
FIRMS_2FB85749,23.71037,86.44811,1.4,316.07,60.0,2026-08-22T20:08:00Z,VIIRS,,0,,0,0,0,0,0,0,0,0,0,,0,,0,,0,,0,,0,,0
FIRMS_F399AA0C,23.71059,85.28751,0.8,308.75,60.0,2026-08-22T20:08:00Z,VIIRS,3356.3973198571166,1,oil_well,0,0,5,0,0,0,0,0,0,,0,,0,3356.3973198571166,1,,0,,0,,0
FIRMS_0646571D,23.71307,86.4525,1.28,314.36,60.0,2026-08-22T20:08:00Z,VIIRS,,0,,0,0,0,0,0,0,0,0,0,,0,,0,,0,,0,,0,,0
FIRMS_757A2493,23.71368,86.44874,1.28,305.31,60.0,2026-08-22T20:08:00Z,VIIRS,,0,,0,0,0,0,0,0,0,0,0,,0,,0,,0,,0,,0,,0
FIRMS_D2F84F05,23.71462,86.42181,1.19,307.49,60.0,2026-08-22T20:08:00Z,VIIRS,,0,,0,0,0,0,0,0,0,0,0,,0,,0,,0,,0,,0,,0
FIRMS_16C4AA7E,23.7182,86.44186,1.76,306.47,60.0,2026-08-22T20:08:00Z,VIIRS,,0,,0,0,0,0,0,0,0,0,0,,0,,0,,0,,0,,0,,0
FIRMS_8C4F9C93,23.71957,85.01024,0.74,308.24,60.0,2026-08-22T20:08:00Z,VIIRS,,0,,0,0,0,0,0,0,0,0,0,,0,,0,,0,,0,,0,,0
FIRMS_4BB9B2F9,23.72453,86.4237,1.02,303.85,60.0,2026-08-22T20:08:00Z,VIIRS,,0,,0,0,0,0,0,0,0,0,0,,0,,0,,0,,0,,0,,0
FIRMS_0A163F99,23.73633,86.43303,2.38,330.14,60.0,2026-08-22T20:08:00Z,VIIRS,,0,,0,0,0,0,0,0,0,0,0,,0,,0,,0,,0,,0,,0
FIRMS_7890D755,23.73694,86.42928,2.38,308.1,60.0,2026-08-22T20:08:00Z,VIIRS,,0,,0,0,0,0,0,0,0,0,0,,0,,0,,0,,0,,0,,0
FIRMS_69D67F8D,23.73948,85.00904,1.92,310.65,60.0,2026-08-22T20:08:00Z,VIIRS,,0,,0,0,0,0,0,0,0,0,0,,0,,0,,0,,0,,0,,0
FIRMS_F2FB5A5F,23.74471,85.50642,0.62,307.52,60.0,2026-08-22T20:08:00Z,VIIRS,1985.1909017577157,1,oil_well,0,0,4,0,0,0,0,0,0,,0,,0,1985.1909017577157,1,,0,,0,,0
FIRMS_64B686D9,23.75233,86.39735,0.95,305.3,60.0,2026-08-22T20:08:00Z,VIIRS,,0,,0,0,0,0,0,0,0,0,0,,0,,0,,0,,0,,0,,0
FIRMS_C4D5CA6F,23.75259,86.41676,1.47,310.5,60.0,2026-08-22T20:08:00Z,VIIRS,,0,,0,0,0,0,0,0,0,0,0,,0,,0,,0,,0,,0,,0
FIRMS_F187277E,23.75426,85.85425,1.37,314.65,60.0,2026-08-22T20:08:00Z,VIIRS,2137.695582508432,1,oil_well,0,0,12,0,0,0,0,0,0,4019.03262245899,1,,0,2137.695582508432,1,,0,,0,,0
FIRMS_A06A532A,23.75485,85.8505,1.25,304.65,60.0,2026-08-22T20:08:00Z,VIIRS,1967.611782704778,1,oil_well,0,0,12,0,0,0,0,0,0,4394.884544205926,1,,0,1967.611782704778,1,,0,,0,,0
FIRMS_60FFA449,23.75756,85.85487,1.37,312.65,60.0,2026-08-22T20:08:00Z,VIIRS,1827.9291474925828,1,oil_well,0,0,12,0,0,0,0,0,0,3941.748162198621,1,,0,1827.9291474925828,1,,0,,0,,0
FIRMS_5B5ED69A,23.75772,86.40613,1.76,307.26,60.0,2026-08-22T20:08:00Z,VIIRS,,0,,0,0,0,0,0,0,0,0,0,,0,,0,,0,,0,,0,,0
FIRMS_25A39FDA,23.75833,86.40237,1.76,321.39,60.0,2026-08-22T20:08:00Z,VIIRS,,0,,0,0,0,0,0,0,0,0,0,,0,,0,,0,,0,,0,,0
FIRMS_720BE543,23.76163,86.403,2.89,325.95,60.0,2026-08-22T20:08:00Z,VIIRS,,0,,0,0,0,0,0,0,0,0,0,,0,,0,,0,,0,,0,,0
FIRMS_5DC7435B,23.76224,86.39925,1.64,308.2,60.0,2026-08-22T20:08:00Z,VIIRS,,0,,0,0,0,0,0,0,0,0,0,,0,,0,,0,,0,,0,,0
FIRMS_B94AF127,23.76345,86.39174,2.08,307.6,60.0,2026-08-22T20:08:00Z,VIIRS,,0,,0,0,0,0,0,0,0,0,0,,0,,0,,0,,0,,0,,0
FIRMS_7B2C93EE,23.76493,86.40363,2.89,327.37,60.0,2026-08-22T20:08:00Z,VIIRS,,0,,0,0,0,0,0,0,0,0,0,,0,,0,,0,,0,,0,,0
FIRMS_B6DDE394,23.76554,86.39987,1.64,309.21,60.0,2026-08-22T20:08:00Z,VIIRS,,0,,0,0,0,0,0,0,0,0,0,,0,,0,,0,,0,,0,,0
FIRMS_0FE2BF6D,23.76823,86.40426,1.61,313.83,60.0,2026-08-22T20:08:00Z,VIIRS,,0,,0,0,0,0,0,0,0,0,0,,0,,0,,0,,0,,0,,0
FIRMS_17B3180E,23.77052,86.19984,0.57,302.18,60.0,2026-08-22T20:08:00Z,VIIRS,,0,,0,0,0,0,0,0,0,0,0,,0,,0,,0,,0,,0,,0
FIRMS_500D9CC2,23.77112,86.19609,0.57,308.73,60.0,2026-08-22T20:08:00Z,VIIRS,,0,,0,0,0,0,0,0,0,0,0,,0,,0,,0,,0,,0,,0
FIRMS_476D50CF,23.77457,86.38611,1.52,308.73,60.0,2026-08-22T20:08:00Z,VIIRS,,0,,0,0,0,0,0,0,0,0,0,,0,,0,,0,,0,,0,,0
FIRMS_44965076,23.7749,86.36295,2.66,322.61,60.0,2026-08-22T20:08:00Z,VIIRS,,0,,0,0,0,0,0,0,0,0,0,,0,,0,,0,,0,,0,,0
FIRMS_B4324E1F,23.77592,86.20858,1.6,303.47,60.0,2026-08-22T20:08:00Z,VIIRS,,0,,0,0,0,0,0,0,0,0,0,,0,,0,,0,,0,,0,,0
FIRMS_D3C7FA9D,23.77727,86.39049,1.76,314.36,60.0,2026-08-22T20:08:00Z,VIIRS,,0,,0,0,0,0,0,0,0,0,0,,0,,0,,0,,0,,0,,0
FIRMS_4B2EC11F,23.77787,86.38673,2.2,312.67,60.0,2026-08-22T20:08:00Z,VIIRS,,0,,0,0,0,0,0,0,0,0,0,,0,,0,,0,,0,,0,,0
FIRMS_4A7BA729,23.77922,86.20919,1.47,321.79,60.0,2026-08-22T20:08:00Z,VIIRS,,0,,0,0,0,0,0,0,0,0,0,,0,,0,,0,,0,,0,,0
FIRMS_2074B98E,23.7803,86.37172,1.29,308.3,60.0,2026-08-22T20:08:00Z,VIIRS,,0,,0,0,0,0,0,0,0,0,0,,0,,0,,0,,0,,0,,0
FIRMS_25F643FE,23.78057,86.39111,1.76,317.42,60.0,2026-08-22T20:08:00Z,VIIRS,,0,,0,0,0,0,0,0,0,0,0,,0,,0,,0,,0,,0,,0
FIRMS_5F559C1E,23.78062,86.34858,2.08,315.53,60.0,2026-08-22T20:08:00Z,VIIRS,,0,,0,0,0,0,0,0,0,0,0,,0,,0,,0,,0,,0,,0
FIRMS_153B4064,23.78123,85.57403,1.57,305.43,60.0,2026-08-22T20:08:00Z,VIIRS,2817.7135618689736,1,oil_well,0,0,1,0,0,0,0,0,0,,0,,0,2817.7135618689736,1,,0,,0,,0
FIRMS_1759C9D4,23.78252,86.20982,1.47,306.98,60.0,2026-08-22T20:08:00Z,VIIRS,,0,,0,0,0,0,0,0,0,0,0,,0,,0,,0,,0,,0,,0
FIRMS_8A9F1300,23.78473,85.55153,0.47,303.07,60.0,2026-08-22T20:08:00Z,VIIRS,1779.0862650543042,1,oil_well,0,0,3,0,0,0,0,0,0,,0,,0,1779.0862650543042,1,,0,,0,,0
FIRMS_6DB4AF6B,23.78514,86.3417,1.08,309.47,60.0,2026-08-22T20:08:00Z,VIIRS,,0,,0,0,0,0,0,0,0,0,0,,0,,0,,0,,0,,0,,0
FIRMS_6CE42876,23.78804,85.55214,1.26,314.76,60.0,2026-08-22T20:08:00Z,VIIRS,2151.501205347418,1,oil_well,0,0,3,0,0,0,0,0,0,,0,,0,2151.501205347418,1,,0,,0,,0
FIRMS_F926A72B,23.79383,86.35108,1.52,309.25,60.0,2026-08-22T20:08:00Z,VIIRS,,0,,0,0,0,0,0,0,0,0,0,,0,,0,,0,,0,,0,,0
FIRMS_935BF153,23.79713,86.35172,2.06,318.21,60.0,2026-08-22T20:08:00Z,VIIRS,,0,,0,0,0,0,0,0,0,0,0,,0,,0,,0,,0,,0,,0
FIRMS_BB563A85,23.80076,86.32919,2.14,313.28,60.0,2026-08-22T20:08:00Z,VIIRS,,0,,0,0,0,0,0,0,0,0,0,,0,,0,,0,,0,,0,,0
FIRMS_EA111E7B,23.80196,86.32169,3.01,327.12,60.0,2026-08-22T20:08:00Z,VIIRS,,0,,0,0,0,0,0,0,0,0,0,,0,,0,,0,,0,,0,,0
FIRMS_F22F4C1D,23.80406,86.32982,2.14,334.6,60.0,2026-08-22T20:08:00Z,VIIRS,,0,,0,0,0,0,0,0,0,0,0,,0,,0,,0,,0,,0,,0
FIRMS_E62907AD,23.80466,86.32607,2.14,305.78,60.0,2026-08-22T20:08:00Z,VIIRS,,0,,0,0,0,0,0,0,0,0,0,,0,,0,,0,,0,,0,,0
FIRMS_A469AADF,23.82228,84.57104,0.72,302.53,60.0,2026-08-22T20:08:00Z,VIIRS,,0,,0,0,0,0,0,0,0,0,0,,0,,0,,0,,0,,0,,0
FIRMS_9853BFBA,23.82564,84.57165,0.72,302.04,60.0,2026-08-22T20:08:00Z,VIIRS,,0,,0,0,0,0,0,0,0,0,0,,0,,0,,0,,0,,0,,0
FIRMS_09DD730B,23.82765,84.92325,0.43,302.42,60.0,2026-08-22T20:08:00Z,VIIRS,,0,,0,0,0,0,0,0,0,0,0,,0,,0,,0,,0,,0,,0
FIRMS_6B48D066,24.1144,86.86147,1.07,308.81,60.0,2026-08-22T20:08:00Z,VIIRS,,0,,0,0,0,0,0,0,0,0,0,,0,,0,,0,,0,,0,,0
FIRMS_0E855219,24.11502,86.85769,1.07,307.86,60.0,2026-08-22T20:08:00Z,VIIRS,,0,,0,0,0,0,0,0,0,0,0,,0,,0,,0,,0,,0,,0
FIRMS_36719CEE,24.66097,74.6322,1.35,303.48,60.0,2026-08-22T20:08:00Z,VIIRS,,0,,0,0,0,0,0,0,0,0,0,,0,,0,,0,,0,,0,,0
FIRMS_0846E546,24.71618,75.953,0.56,302.53,60.0,2026-08-22T20:08:00Z,VIIRS,,0,,0,0,0,0,0,0,0,0,0,,0,,0,,0,,0,,0,,0
FIRMS_ACFD5AAC,25.5415,91.23676,1.22,301.27,60.0,2026-08-22T20:08:00Z,VIIRS,,0,,0,0,0,0,0,0,0,0,0,,0,,0,,0,,0,,0,,0
FIRMS_3A20498F,28.34062,77.22081,0.35,299.75,60.0,2026-08-22T20:08:00Z,VIIRS,,0,,0,0,0,0,0,0,0,0,0,,0,,0,,0,,0,,0,,0
FIRMS_7F2AAB36,28.66381,77.57708,1.14,314.6,60.0,2026-08-22T20:08:00Z,VIIRS,,0,,0,0,0,0,0,0,0,0,0,,0,,0,,0,,0,,0,,0
FIRMS_4A333C3F,15.17784,76.67703,2.83,302.6,60.0,2026-08-22T20:10:00Z,VIIRS,4867.0798484441975,1,power_plant,0,0,3,0,0,0,0,0,0,4867.0798484441975,1,,0,,0,,0,,0,,0
FIRMS_6EC5D1AE,15.17907,76.67417,1.99,298.84,60.0,2026-08-22T20:10:00Z,VIIRS,,0,,0,0,0,0,0,0,0,0,0,,0,,0,,0,,0,,0,,0
FIRMS_1E4BED73,15.18033,76.66441,1.2,296.01,60.0,2026-08-22T20:10:00Z,VIIRS,,0,,0,0,0,0,0,0,0,0,0,,0,,0,,0,,0,,0,,0
FIRMS_EE94F73F,15.18365,76.66782,3.25,299.67,60.0,2026-08-22T20:10:00Z,VIIRS,,0,,0,0,0,0,0,0,0,0,0,,0,,0,,0,,0,,0,,0
FIRMS_FDEBFCDF,15.18495,76.66499,1.01,295.13,60.0,2026-08-22T20:10:00Z,VIIRS,,0,,0,0,0,0,0,0,0,0,0,,0,,0,,0,,0,,0,,0
FIRMS_EF1D10F5,17.14179,77.18325,0.97,300.35,60.0,2026-08-22T20:10:00Z,VIIRS,,0,,0,0,0,0,0,0,0,0,0,,0,,0,,0,,0,,0,,0
FIRMS_B7810835,9.63003,77.42585,0.75,299.48,60.0,2026-08-22T20:12:00Z,VIIRS,,0,,0,0,0,0,0,0,0,0,0,,0,,0,,0,,0,,0,,0
FIRMS_0BB3D4FC,10.0821,77.23841,1.95,305.95,60.0,2026-08-22T20:12:00Z,VIIRS,,0,,0,0,0,0,0,0,0,0,0,,0,,0,,0,,0,,0,,0
FIRMS_33CC7B27,10.08541,77.24478,1.5,316.57,60.0,2026-08-22T20:12:00Z,VIIRS,,0,,0,0,0,0,0,0,0,0,0,,0,,0,,0,,0,,0,,0
FIRMS_96B9B7A7,10.2395,77.21495,1.38,306.04,60.0,2026-08-22T20:12:00Z,VIIRS,,0,,0,0,0,0,0,0,0,0,0,,0,,0,,0,,0,,0,,0
FIRMS_656D588B,10.61528,77.4217,0.7,309.99,60.0,2026-08-22T20:12:00Z,VIIRS,,0,,0,0,0,0,0,0,0,0,0,,0,,0,,0,,0,,0,,0
FIRMS_0EEAC77B,10.68565,77.50634,1.55,316.98,60.0,2026-08-22T20:12:00Z,VIIRS,,0,,0,0,0,0,0,0,0,0,0,,0,,0,,0,,0,,0,,0
FIRMS_D2C8F809,10.92703,77.06378,0.53,300.75,60.0,2026-08-22T20:12:00Z,VIIRS,,0,,0,0,0,0,0,0,0,0,0,,0,,0,,0,,0,,0,,0
FIRMS_48919709,10.93126,77.0644,0.62,306.28,60.0,2026-08-22T20:12:00Z,VIIRS,,0,,0,0,0,0,0,0,0,0,0,,0,,0,,0,,0,,0,,0
FIRMS_123805B8,11.81559,77.91829,1.22,302.45,60.0,2026-08-22T20:12:00Z,VIIRS,,0,,0,0,0,0,0,0,0,0,0,,0,,0,,0,,0,,0,,0
FIRMS_4EF5999B,24.66165,74.63514,1.61,301.51,60.0,2026-08-22T21:48:00Z,VIIRS,,0,,0,0,0,0,0,0,0,0,0,,0,,0,,0,,0,,0,,0
FIRMS_C5E30195,26.25974,74.09682,0.87,301.85,60.0,2026-08-22T21:48:00Z,VIIRS,,0,,0,0,0,0,0,0,0,0,0,,0,,0,,0,,0,,0,,0
FIRMS_505E811E,23.67774,86.39987,6.81,333.05,30.0,2026-08-23T07:22:00Z,VIIRS,2615.223156879695,1,oil_well,0,0,2,0,0,0,0,0,0,,0,,0,2615.223156879695,1,,0,,0,,0
FIRMS_A44AD941,23.68413,86.3939,6.14,334.02,30.0,2026-08-23T07:22:00Z,VIIRS,2829.938778066976,1,oil_well,0,0,11,0,0,0,0,0,0,,0,,0,2829.938778066976,1,,0,,0,,0
FIRMS_95888F5B,23.71326,86.45322,7.52,334.56,30.0,2026-08-23T07:22:00Z,VIIRS,,0,,0,0,0,0,0,0,0,0,0,,0,,0,,0,,0,,0,,0
FIRMS_CD32D817,23.76439,86.40546,9.11,337.61,30.0,2026-08-23T07:22:00Z,VIIRS,,0,,0,0,0,0,0,0,0,0,0,,0,,0,,0,,0,,0,,0
FIRMS_DDDD9A66,25.70774,93.52971,3.21,330.99,60.0,2026-08-23T07:22:00Z,VIIRS,,0,,0,0,0,0,0,0,0,0,0,,0,,0,,0,,0,,0,,0
FIRMS_EA90AC54,29.45837,76.8635,4.4,335.25,60.0,2026-08-23T07:24:00Z,VIIRS,2148.362947099548,1,oil_refinery,0,0,1,0,0,0,0,0,0,,0,2148.362947099548,1,,0,,0,,0,,0
FIRMS_4D1B7D59,8.60119,77.89647,3.94,336.19,60.0,2026-08-23T08:58:00Z,VIIRS,,0,,0,0,0,0,0,0,0,0,0,,0,,0,,0,,0,,0,,0
FIRMS_D2D6CD30,9.11287,77.61896,1.9,331.28,60.0,2026-08-23T08:58:00Z,VIIRS,,0,,0,0,0,0,0,0,0,0,0,,0,,0,,0,,0,,0,,0
FIRMS_5F284AC3,9.30156,77.52041,2.15,337.02,60.0,2026-08-23T08:58:00Z,VIIRS,,0,,0,0,0,0,0,0,0,0,0,,0,,0,,0,,0,,0,,0
FIRMS_08A29123,9.33903,77.85733,3.16,333.04,60.0,2026-08-23T08:58:00Z,VIIRS,,0,,0,0,0,0,0,0,0,0,0,,0,,0,,0,,0,,0,,0
FIRMS_BCBEBFF1,9.40167,78.73985,4.17,338.39,60.0,2026-08-23T08:58:00Z,VIIRS,,0,,0,0,0,0,0,0,0,0,0,,0,,0,,0,,0,,0,,0
FIRMS_51196AA6,9.75798,77.86183,4.86,333.4,60.0,2026-08-23T08:58:00Z,VIIRS,,0,,0,0,0,0,0,0,0,0,0,,0,,0,,0,,0,,0,,0
FIRMS_0098B602,29.45605,76.86481,4.86,326.44,60.0,2026-08-23T19:47:00Z,VIIRS,2320.637786700872,1,oil_refinery,0,0,1,0,0,0,0,0,0,,0,2320.637786700872,1,,0,,0,,0,,0
FIRMS_ADF95C26,29.45934,76.86684,3.52,311.09,60.0,2026-08-23T19:47:00Z,VIIRS,1906.673354981675,1,oil_refinery,0,0,1,0,0,0,0,0,0,,0,1906.673354981675,1,,0,,0,,0,,0
FIRMS_B0E284D0,29.45968,76.85906,2.79,307.01,60.0,2026-08-23T19:47:00Z,VIIRS,2281.067961674127,1,oil_refinery,0,0,1,0,0,0,0,0,0,,0,2281.067961674127,1,,0,,0,,0,,0
FIRMS_B8BF4446,22.24415,87.38719,2.84,316.48,60.0,2026-08-23T19:49:00Z,VIIRS,,0,,0,0,0,0,0,0,0,0,0,,0,,0,,0,,0,,0,,0
FIRMS_3911E2D8,22.35846,87.28915,3.44,315.8,60.0,2026-08-23T19:49:00Z,VIIRS,,0,,0,0,0,0,0,0,0,0,0,,0,,0,,0,,0,,0,,0
FIRMS_50EBCA94,22.36347,87.01639,1.1,307.08,60.0,2026-08-23T19:49:00Z,VIIRS,,0,,0,0,0,0,0,0,0,0,0,,0,,0,,0,,0,,0,,0
FIRMS_71BEB8E5,22.36435,87.29896,3.59,320.25,60.0,2026-08-23T19:49:00Z,VIIRS,,0,,0,0,0,0,0,0,0,0,0,,0,,0,,0,,0,,0,,0
FIRMS_A2137E4E,22.36707,87.01698,1.1,305.19,60.0,2026-08-23T19:49:00Z,VIIRS,,0,,0,0,0,0,0,0,0,0,0,,0,,0,,0,,0,,0,,0
FIRMS_AC2853BE,22.37646,87.2821,3.46,311.21,60.0,2026-08-23T19:49:00Z,VIIRS,,0,,0,0,0,0,0,0,0,0,0,,0,,0,,0,,0,,0,,0
FIRMS_4A18D420,22.37705,87.27776,3.46,331.69,60.0,2026-08-23T19:49:00Z,VIIRS,,0,,0,0,0,0,0,0,0,0,0,,0,,0,,0,,0,,0,,0
FIRMS_455A6A6B,22.37808,87.27902,6.18,335.54,60.0,2026-08-23T19:49:00Z,VIIRS,,0,,0,0,0,0,0,0,0,0,0,,0,,0,,0,,0,,0,,0
FIRMS_62E1E5F6,22.37884,87.29135,1.24,304.28,60.0,2026-08-23T19:49:00Z,VIIRS,,0,,0,0,0,0,0,0,0,0,0,,0,,0,,0,,0,,0,,0
FIRMS_01AE4F70,22.37943,87.28702,1.24,304.16,60.0,2026-08-23T19:49:00Z,VIIRS,,0,,0,0,0,0,0,0,0,0,0,,0,,0,,0,,0,,0,,0
FIRMS_A57A863A,22.38041,87.28827,2.54,307.22,60.0,2026-08-23T19:49:00Z,VIIRS,,0,,0,0,0,0,0,0,0,0,0,,0,,0,,0,,0,,0,,0
FIRMS_658D7D2E,23.67103,86.11588,1.63,308.29,60.0,2026-08-23T19:49:00Z,VIIRS,,0,,0,0,0,0,0,0,0,0,0,,0,,0,,0,,0,,0,,0
FIRMS_34B78A5B,23.675,86.08497,0.74,311.06,60.0,2026-08-23T19:49:00Z,VIIRS,,0,,0,0,0,0,0,0,0,0,0,,0,,0,,0,,0,,0,,0
FIRMS_A7AFE3F2,23.67588,86.40126,1.83,314.16,60.0,2026-08-23T19:49:00Z,VIIRS,2585.197374629959,1,oil_well,0,0,2,0,0,0,0,0,0,,0,,0,2585.197374629959,1,,0,,0,,0
FIRMS_4D9AEAC3,23.67651,86.3963,1.83,313.29,60.0,2026-08-23T19:49:00Z,VIIRS,2263.966291158001,1,oil_well,0,0,2,0,0,0,0,0,0,,0,,0,2263.966291158001,1,,0,,0,,0
FIRMS_80D2FCA6,23.67659,86.3998,3.66,319.75,60.0,2026-08-23T19:49:00Z,VIIRS,2522.762390339988,1,oil_well,0,0,2,0,0,0,0,0,0,,0,,0,2522.762390339988,1,,0,,0,,0
FIRMS_5D1C02FA,23.67725,86.39486,1.95,309.09,60.0,2026-08-23T19:49:00Z,VIIRS,2232.7656813942917,1,oil_well,0,0,7,0,0,0,0,0,0,,0,,0,2232.7656813942917,1,,0,,0,,0
FIRMS_8DAECFFE,23.68028,86.39692,1.83,310.89,60.0,2026-08-23T19:49:00Z,VIIRS,2627.828150744932,1,oil_well,0,0,5,0,0,0,0,0,0,,0,,0,2627.828150744932,1,,0,,0,,0
FIRMS_3BC7A6E9,23.68102,86.39546,1.95,308.42,60.0,2026-08-23T19:49:00Z,VIIRS,2609.5638034525346,1,oil_well,0,0,8,0,0,0,0,0,0,,0,,0,2609.5638034525346,1,,0,,0,,0
FIRMS_B6A97DB4,23.68469,86.39252,4.18,319.99,60.0,2026-08-23T19:49:00Z,VIIRS,2826.506864277182,1,oil_well,0,0,12,0,0,0,0,0,0,,0,,0,2826.506864277182,1,,0,,0,,0
FIRMS_0E2EF50E,23.68479,86.39607,1.98,308.93,60.0,2026-08-23T19:49:00Z,VIIRS,2999.394835551409,1,oil_well,0,0,7,0,0,0,0,0,0,,0,,0,2999.394835551409,1,,0,,0,,0
FIRMS_C5A505F0,23.68546,86.39105,1.98,315.22,60.0,2026-08-23T19:49:00Z,VIIRS,2770.8430925952844,1,oil_well,0,0,12,0,0,0,0,0,0,,0,,0,2770.8430925952844,1,,0,,0,,0
FIRMS_5B4587D8,23.68946,87.10056,1.4,303.81,60.0,2026-08-23T19:49:00Z,VIIRS,,0,,0,0,0,0,0,0,0,0,0,,0,,0,,0,,0,,0,,0
FIRMS_1AE234F3,23.69184,87.11031,2.47,304.34,60.0,2026-08-23T19:49:00Z,VIIRS,,0,,0,0,0,0,0,0,0,0,0,,0,,0,,0,,0,,0,,0
FIRMS_6CE3A6B2,23.69225,87.10797,3.18,302.31,60.0,2026-08-23T19:49:00Z,VIIRS,,0,,0,0,0,0,0,0,0,0,0,,0,,0,,0,,0,,0,,0
FIRMS_89DC4058,23.69247,87.10574,1.4,304.11,60.0,2026-08-23T19:49:00Z,VIIRS,,0,,0,0,0,0,0,0,0,0,0,,0,,0,,0,,0,,0,,0
FIRMS_4DAECF3B,23.6977,87.09478,2.05,303.2,60.0,2026-08-23T19:49:00Z,VIIRS,,0,,0,0,0,0,0,0,0,0,0,,0,,0,,0,,0,,0,,0
FIRMS_78597679,23.70849,86.44699,1.32,306.06,60.0,2026-08-23T19:49:00Z,VIIRS,,0,,0,0,0,0,0,0,0,0,0,,0,,0,,0,,0,,0,,0
FIRMS_55BD0331,23.71161,86.45256,2.32,316.85,60.0,2026-08-23T19:49:00Z,VIIRS,,0,,0,0,0,0,0,0,0,0,0,,0,,0,,0,,0,,0,,0
FIRMS_0A2B4560,23.71226,86.44759,1.32,304.5,60.0,2026-08-23T19:49:00Z,VIIRS,,0,,0,0,0,0,0,0,0,0,0,,0,,0,,0,,0,,0,,0
FIRMS_29067AF8,23.71483,86.4277,1.37,303.14,60.0,2026-08-23T19:49:00Z,VIIRS,,0,,0,0,0,0,0,0,0,0,0,,0,,0,,0,,0,,0,,0
FIRMS_A61271FC,23.71547,86.42276,1.37,309.67,60.0,2026-08-23T19:49:00Z,VIIRS,,0,,0,0,0,0,0,0,0,0,0,,0,,0,,0,,0,,0,,0
FIRMS_AC6F5699,23.71666,86.44323,2.41,307.55,60.0,2026-08-23T19:49:00Z,VIIRS,,0,,0,0,0,0,0,0,0,0,0,,0,,0,,0,,0,,0,,0
FIRMS_6DC84B81,23.71924,86.42335,0.68,302.48,60.0,2026-08-23T19:49:00Z,VIIRS,,0,,0,0,0,0,0,0,0,0,0,,0,,0,,0,,0,,0,,0
FIRMS_FAF988D1,23.72301,86.42394,0.68,302.85,60.0,2026-08-23T19:49:00Z,VIIRS,,0,,0,0,0,0,0,0,0,0,0,,0,,0,,0,,0,,0,,0
FIRMS_4AB8329E,23.72365,86.41901,1.4,304.57,60.0,2026-08-23T19:49:00Z,VIIRS,,0,,0,0,0,0,0,0,0,0,0,,0,,0,,0,,0,,0,,0
FIRMS_4D886169,23.72484,86.43946,1.33,305.83,60.0,2026-08-23T19:49:00Z,VIIRS,,0,,0,0,0,0,0,0,0,0,0,,0,,0,,0,,0,,0,,0
FIRMS_121E57BE,23.73679,86.43628,0.7,301.72,60.0,2026-08-23T19:49:00Z,VIIRS,,0,,0,0,0,0,0,0,0,0,0,,0,,0,,0,,0,,0,,0
FIRMS_0DF7F9AE,23.73744,86.43132,3.36,315.58,60.0,2026-08-23T19:49:00Z,VIIRS,,0,,0,0,0,0,0,0,0,0,0,,0,,0,,0,,0,,0,,0
FIRMS_FAA64A5B,23.7507,86.41822,3.23,311.61,60.0,2026-08-23T19:49:00Z,VIIRS,,0,,0,0,0,0,0,0,0,0,0,,0,,0,,0,,0,,0,,0
FIRMS_DB1CA91A,23.76086,86.39946,3.24,312.32,60.0,2026-08-23T19:49:00Z,VIIRS,,0,,0,0,0,0,0,0,0,0,0,,0,,0,,0,,0,,0,,0
FIRMS_9A921DB8,23.76398,86.40508,3.24,320.1,60.0,2026-08-23T19:49:00Z,VIIRS,,0,,0,0,0,0,0,0,0,0,0,,0,,0,,0,,0,,0,,0
FIRMS_0D851FE0,23.77302,86.36568,2.7,319.44,60.0,2026-08-23T19:49:00Z,VIIRS,,0,,0,0,0,0,0,0,0,0,0,,0,,0,,0,,0,,0,,0
FIRMS_B3E7CA38,23.77368,86.36065,2.7,305.88,60.0,2026-08-23T19:49:00Z,VIIRS,,0,,0,0,0,0,0,0,0,0,0,,0,,0,,0,,0,,0,,0
FIRMS_26A3F011,23.77992,86.37187,2.64,307.54,60.0,2026-08-23T19:49:00Z,VIIRS,,0,,0,0,0,0,0,0,0,0,0,,0,,0,,0,,0,,0,,0
FIRMS_A1AC8C5D,23.79316,86.35529,3.48,302.79,60.0,2026-08-23T19:49:00Z,VIIRS,,0,,0,0,0,0,0,0,0,0,0,,0,,0,,0,,0,,0,,0
FIRMS_26C22A2A,23.79394,86.35359,3.37,310.56,60.0,2026-08-23T19:49:00Z,VIIRS,,0,,0,0,0,0,0,0,0,0,0,,0,,0,,0,,0,,0,,0
FIRMS_2805ACEC,24.11497,86.86179,1.2,315.04,60.0,2026-08-23T19:49:00Z,VIIRS,,0,,0,0,0,0,0,0,0,0,0,,0,,0,,0,,0,,0,,0
FIRMS_A0BC3DED,24.11867,86.86238,1.2,304.73,60.0,2026-08-23T19:49:00Z,VIIRS,,0,,0,0,0,0,0,0,0,0,0,,0,,0,,0,,0,,0,,0
FIRMS_D2CE208D,25.03607,87.38985,0.78,300.94,60.0,2026-08-23T19:49:00Z,VIIRS,,0,,0,0,0,0,0,0,0,0,0,,0,,0,,0,,0,,0,,0
FIRMS_124B6224,11.1382,77.34947,0.63,295.69,60.0,2026-08-23T19:51:00Z,VIIRS,,0,,0,0,0,0,0,0,0,0,0,,0,,0,,0,,0,,0,,0
FIRMS_5D5CC320,10.07071,77.25803,1.65,298.24,60.0,2026-08-23T19:53:00Z,VIIRS,,0,,0,0,0,0,0,0,0,0,0,,0,,0,,0,,0,,0,,0
FIRMS_70397DD3,10.0711,77.255,1.65,318.01,60.0,2026-08-23T19:53:00Z,VIIRS,,0,,0,0,0,0,0,0,0,0,0,,0,,0,,0,,0,,0,,0
FIRMS_D3C39C46,10.07149,77.25207,2.47,301.66,60.0,2026-08-23T19:53:00Z,VIIRS,,0,,0,0,0,0,0,0,0,0,0,,0,,0,,0,,0,,0,,0
FIRMS_CF970B2B,10.07236,77.25639,1.63,313.63,60.0,2026-08-23T19:53:00Z,VIIRS,,0,,0,0,0,0,0,0,0,0,0,,0,,0,,0,,0,,0,,0
FIRMS_5CEAF2C0,10.07274,77.25336,1.63,313.23,60.0,2026-08-23T19:53:00Z,VIIRS,,0,,0,0,0,0,0,0,0,0,0,,0,,0,,0,,0,,0,,0
FIRMS_9FE5815E,27.66743,76.13509,0.76,303.8,60.0,2026-08-23T21:27:00Z,VIIRS,,0,,0,0,0,0,0,0,0,0,0,,0,,0,,0,,0,,0,,0
FIRMS_CAB971FE,29.35946,76.95735,0.77,305.21,60.0,2026-08-23T21:27:00Z,VIIRS,,0,,0,0,0,0,0,0,0,0,0,,0,,0,,0,,0,,0,,0
FIRMS_44ED2132,29.45706,76.87043,3.77,345.96,60.0,2026-08-23T21:27:00Z,VIIRS,2046.1793558836362,1,oil_refinery,0,0,1,0,0,0,0,0,0,,0,2046.1793558836362,1,,0,,0,,0,,0
FIRMS_4860E571,29.45788,76.86697,2.77,309.22,60.0,2026-08-23T21:27:00Z,VIIRS,2052.318967427119,1,oil_refinery,0,0,1,0,0,0,0,0,0,,0,2052.318967427119,1,,0,,0,,0,,0
FIRMS_8DFF72AF,29.45798,76.88937,1.17,307.07,60.0,2026-08-23T21:27:00Z,VIIRS,2380.8695683091855,1,oil_refinery,0,0,1,0,0,0,0,0,0,,0,2380.8695683091855,1,,0,,0,,0,,0
FIRMS_F8EAB010,31.25972,76.92417,1.06,303.56,60.0,2026-08-23T21:27:00Z,VIIRS,,0,,0,0,0,0,0,0,0,0,0,,0,,0,,0,,0,,0,,0
FIRMS_E0C78E75,31.26044,76.92447,1.21,303.03,60.0,2026-08-23T21:27:00Z,VIIRS,,0,,0,0,0,0,0,0,0,0,0,,0,,0,,0,,0,,0,,0
FIRMS_129A042B,24.68984,73.00451,1.64,307.66,60.0,2026-08-23T21:29:00Z,VIIRS,,0,,0,0,0,0,0,0,0,0,0,,0,,0,,0,,0,,0,,0
FIRMS_8E04A8C3,16.7534,74.28566,0.63,301.79,60.0,2026-08-23T21:31:00Z,VIIRS,,0,,0,0,0,0,0,0,0,0,0,,0,,0,,0,,0,,0,,0
FIRMS_FD738C25,31.99853,78.5369,4.85,333.62,60.0,2026-08-24T07:05:00Z,VIIRS,,0,,0,0,0,0,0,0,0,0,0,,0,,0,,0,,0,,0,,0
FIRMS_CCE3F9C0,8.86698,78.08605,3.33,332.97,60.0,2026-08-24T08:39:00Z,VIIRS,,0,,0,0,0,0,0,0,0,0,0,,0,,0,,0,,0,,0,,0
FIRMS_6AC50EC2,8.86875,78.15804,5.2,341.5,60.0,2026-08-24T08:39:00Z,VIIRS,,0,,0,0,0,0,0,0,0,0,0,,0,,0,,0,,0,,0,,0
FIRMS_7EFAB8A8,30.4505,74.18115,4.16,332.79,60.0,2026-08-24T08:45:00Z,VIIRS,,0,,0,0,0,0,0,0,0,0,0,,0,,0,,0,,0,,0,,0
FIRMS_75F98AE7,22.3605,87.29447,3.51,314.52,60.0,2026-08-24T19:30:00Z,VIIRS,,0,,0,0,0,0,0,0,0,0,0,,0,,0,,0,,0,,0,,0
FIRMS_1B6A1123,22.36139,87.01068,3.56,308.79,60.0,2026-08-24T19:30:00Z,VIIRS,,0,,0,0,0,0,0,0,0,0,0,,0,,0,,0,,0,,0,,0
FIRMS_322490F4,22.36172,87.01392,2.67,310.09,60.0,2026-08-24T19:30:00Z,VIIRS,,0,,0,0,0,0,0,0,0,0,0,,0,,0,,0,,0,,0,,0
FIRMS_FD245F2A,22.37227,87.27415,5.77,325.21,60.0,2026-08-24T19:30:00Z,VIIRS,,0,,0,0,0,0,0,0,0,0,0,,0,,0,,0,,0,,0,,0
FIRMS_02D4EEA3,22.56736,85.89178,1.65,306.82,60.0,2026-08-24T19:30:00Z,VIIRS,,0,,0,0,0,0,0,0,0,0,0,,0,,0,,0,,0,,0,,0
FIRMS_92765003,22.58314,85.89967,1.24,302.78,60.0,2026-08-24T19:30:00Z,VIIRS,,0,,0,0,0,0,0,0,0,0,0,,0,,0,,0,,0,,0,,0
FIRMS_1E2A5502,22.58779,85.89744,1.66,301.86,60.0,2026-08-24T19:30:00Z,VIIRS,,0,,0,0,0,0,0,0,0,0,0,,0,,0,,0,,0,,0,,0
FIRMS_6AFE8414,22.58832,85.90031,1.24,303.06,60.0,2026-08-24T19:30:00Z,VIIRS,,0,,0,0,0,0,0,0,0,0,0,,0,,0,,0,,0,,0,,0
FIRMS_80B94987,22.86855,86.05769,0.98,301.01,60.0,2026-08-24T19:30:00Z,VIIRS,3003.4272219664163,1,power_plant,0,0,1,0,0,0,0,0,0,3003.4272219664163,1,,0,,0,,0,,0,,0
FIRMS_D3CDD2A0,23.55243,87.23839,2.3,302.43,60.0,2026-08-24T19:30:00Z,VIIRS,1469.4536973358508,1,oil_well,0,0,5,0,0,0,0,0,0,4633.60766911795,1,,0,1469.4536973358508,1,,0,,0,,0
FIRMS_889DBEB7,27.37654,95.08727,1.51,307.83,60.0,2026-08-24T19:30:00Z,VIIRS,316.90572038409687,1,oil_well,3,18,84,0,0,18,0,0,0,3730.3369324713603,1,,0,316.90572038409687,1,,0,,0,,0
FIRMS_3A4A0F99,25.94131,72.19123,1.76,311.79,60.0,2026-08-24T21:10:00Z,VIIRS,,0,,0,0,0,0,0,0,0,0,0,,0,,0,,0,,0,,0,,0
FIRMS_AFBA9A7D,26.25756,74.09525,1.39,308.52,60.0,2026-08-24T21:10:00Z,VIIRS,,0,,0,0,0,0,0,0,0,0,0,,0,,0,,0,,0,,0,,0
FIRMS_D14A295D,26.87662,73.51538,1.23,307.36,60.0,2026-08-24T21:10:00Z,VIIRS,,0,,0,0,0,0,0,0,0,0,0,,0,,0,,0,,0,,0,,0
FIRMS_7D235024,29.45879,76.8923,2.12,303.48,60.0,2026-08-24T21:10:00Z,VIIRS,2495.0702000371875,1,oil_refinery,0,0,1,0,0,0,0,0,0,,0,2495.0702000371875,1,,0,,0,,0,,0
FIRMS_E2A0CCEA,31.25866,76.92591,1.06,304.88,60.0,2026-08-24T21:10:00Z,VIIRS,,0,,0,0,0,0,0,0,0,0,0,,0,,0,,0,,0,,0,,0
FIRMS_330E3270,20.35698,72.95097,2.0,301.25,60.0,2026-08-24T21:12:00Z,VIIRS,,0,,0,0,0,0,0,0,0,0,0,,0,,0,,0,,0,,0,,0
FIRMS_E58B4958,20.91151,71.45895,1.54,310.03,60.0,2026-08-24T21:12:00Z,VIIRS,1793.4896980744954,1,power_plant,0,0,1,0,0,0,0,0,0,1793.4896980744954,1,,0,,0,,0,,0,,0
FIRMS_4D6EE545,22.3408,69.85459,1.87,305.94,60.0,2026-08-24T21:12:00Z,VIIRS,2161.951706313625,1,oil_refinery,0,0,2,0,0,0,0,0,0,,0,2161.951706313625,1,,0,,0,,0,,0
FIRMS_B09A541F,22.34174,69.87002,1.78,322.14,60.0,2026-08-24T21:12:00Z,VIIRS,1297.9060465644072,1,oil_refinery,0,0,2,0,0,0,0,0,0,,0,1297.9060465644072,1,,0,,0,,0,,0
FIRMS_5F3928FF,22.34504,69.87063,1.78,323.05,60.0,2026-08-24T21:12:00Z,VIIRS,929.5959906889349,1,oil_refinery,0,2,2,0,2,0,0,0,0,,0,929.5959906889349,1,,0,,0,,0,,0
FIRMS_91047FE8,22.93312,69.69794,2.55,324.97,60.0,2026-08-24T21:12:00Z,VIIRS,,0,,0,0,0,0,0,0,0,0,0,,0,,0,,0,,0,,0,,0
FIRMS_695CD237,22.93583,69.70226,3.69,321.57,60.0,2026-08-24T21:12:00Z,VIIRS,,0,,0,0,0,0,0,0,0,0,0,,0,,0,,0,,0,,0,,0
FIRMS_33C35AFE,22.93641,69.69853,2.55,325.35,60.0,2026-08-24T21:12:00Z,VIIRS,,0,,0,0,0,0,0,0,0,0,0,,0,,0,,0,,0,,0,,0
FIRMS_C8AD348E,23.05546,69.99567,0.63,308.71,60.0,2026-08-24T21:12:00Z,VIIRS,,0,,0,0,0,0,0,0,0,0,0,,0,,0,,0,,0,,0,,0
FIRMS_185C0373,23.10639,70.1897,0.54,306.28,60.0,2026-08-24T21:12:00Z,VIIRS,,0,,0,0,0,0,0,0,0,0,0,,0,,0,,0,,0,,0,,0
FIRMS_E03B10BD,23.2488,69.87011,0.82,307.12,60.0,2026-08-24T21:12:00Z,VIIRS,,0,,0,0,0,0,0,0,0,0,0,,0,,0,,0,,0,,0,,0
FIRMS_53760348,23.25788,70.26331,0.65,307.92,60.0,2026-08-24T21:12:00Z,VIIRS,,0,,0,0,0,0,0,0,0,0,0,,0,,0,,0,,0,,0,,0
FIRMS_BAA73DBB,23.3162,70.48951,1.26,309.1,60.0,2026-08-24T21:12:00Z,VIIRS,,0,,0,0,0,0,0,0,0,0,0,,0,,0,,0,,0,,0,,0
FIRMS_F1151674,24.68826,72.99875,1.05,309.39,60.0,2026-08-24T21:12:00Z,VIIRS,,0,,0,0,0,0,0,0,0,0,0,,0,,0,,0,,0,,0,,0
FIRMS_DBB10500,24.8168,73.0893,0.76,306.65,60.0,2026-08-24T21:12:00Z,VIIRS,,0,,0,0,0,0,0,0,0,0,0,,0,,0,,0,,0,,0,,0
FIRMS_1B11EFFE,18.68346,73.03221,1.88,304.3,60.0,2026-08-24T21:14:00Z,VIIRS,,0,,0,0,0,0,0,0,0,0,0,,0,,0,,0,,0,,0,,0
FIRMS_67088EA8,18.68722,73.03297,1.88,305.75,60.0,2026-08-24T21:14:00Z,VIIRS,,0,,0,0,0,0,0,0,0,0,0,,0,,0,,0,,0,,0,,0
FIRMS_FCCA3648,10.21385,79.24151,3.48,330.12,60.0,2026-08-25T08:22:00Z,VIIRS,,0,,0,0,0,0,0,0,0,0,0,,0,,0,,0,,0,,0,,0
FIRMS_B72B2BC6,10.2144,79.2453,4.51,332.07,60.0,2026-08-25T08:22:00Z,VIIRS,,0,,0,0,0,0,0,0,0,0,0,,0,,0,,0,,0,,0,,0
FIRMS_1719B91F,14.20531,77.38112,3.89,337.11,60.0,2026-08-25T08:22:00Z,VIIRS,,0,,0,0,0,0,0,0,0,0,0,,0,,0,,0,,0,,0,,0
FIRMS_9C948CE1,14.86806,79.7366,9.7,350.15,60.0,2026-08-25T08:22:00Z,VIIRS,,0,,0,0,0,0,0,0,0,0,0,,0,,0,,0,,0,,0,,0
FIRMS_D1AA79E1,15.65774,78.98273,6.07,344.31,60.0,2026-08-25T08:22:00Z,VIIRS,,0,,0,0,0,0,0,0,0,0,0,,0,,0,,0,,0,,0,,0
FIRMS_1412345D,16.00588,79.10636,1.63,330.37,60.0,2026-08-25T08:22:00Z,VIIRS,,0,,0,0,0,0,0,0,0,0,0,,0,,0,,0,,0,,0,,0
FIRMS_CBC32964,17.08652,79.68517,3.75,330.79,60.0,2026-08-25T08:22:00Z,VIIRS,,0,,0,0,0,0,0,0,0,0,0,,0,,0,,0,,0,,0,,0
FIRMS_C50301E9,30.38699,73.90166,3.83,331.03,30.0,2026-08-25T08:26:00Z,VIIRS,,0,,0,0,0,0,0,0,0,0,0,,0,,0,,0,,0,,0,,0
FIRMS_01B7DE4E,22.24567,87.3872,0.71,301.79,60.0,2026-08-25T19:10:00Z,VIIRS,,0,,0,0,0,0,0,0,0,0,0,,0,,0,,0,,0,,0,,0
FIRMS_3E9AABE4,22.35603,87.28809,1.02,299.91,60.0,2026-08-25T19:10:00Z,VIIRS,,0,,0,0,0,0,0,0,0,0,0,,0,,0,,0,,0,,0,,0
FIRMS_F178AEBE,22.36498,87.01769,0.5,302.1,60.0,2026-08-25T19:10:00Z,VIIRS,,0,,0,0,0,0,0,0,0,0,0,,0,,0,,0,,0,,0,,0
FIRMS_34CB90C2,22.36787,87.30032,1.59,305.12,60.0,2026-08-25T19:10:00Z,VIIRS,,0,,0,0,0,0,0,0,0,0,0,,0,,0,,0,,0,,0,,0
FIRMS_CB645452,22.37608,87.27892,3.21,311.74,60.0,2026-08-25T19:10:00Z,VIIRS,,0,,0,0,0,0,0,0,0,0,0,,0,,0,,0,,0,,0,,0
FIRMS_E62D18F1,22.37654,87.27341,2.54,299.76,60.0,2026-08-25T19:10:00Z,VIIRS,,0,,0,0,0,0,0,0,0,0,0,,0,,0,,0,,0,,0,,0
FIRMS_F993368A,22.37812,87.2802,2.05,307.89,60.0,2026-08-25T19:10:00Z,VIIRS,,0,,0,0,0,0,0,0,0,0,0,,0,,0,,0,,0,,0,,0
FIRMS_32831EAB,22.37854,87.27468,2.05,305.68,60.0,2026-08-25T19:10:00Z,VIIRS,,0,,0,0,0,0,0,0,0,0,0,,0,,0,,0,,0,,0,,0
FIRMS_18B7A2B7,27.31814,95.26488,2.44,317.39,60.0,2026-08-25T19:10:00Z,VIIRS,9.06908161272465,1,oil_well,3,13,152,0,0,13,0,0,0,,0,,0,9.06908161272465,1,,0,,0,,0
FIRMS_6BC8E21B,27.32489,95.27836,2.34,310.53,60.0,2026-08-25T19:10:00Z,VIIRS,150.46773222430429,1,oil_well,5,20,188,0,0,20,0,0,0,,0,,0,150.46773222430429,1,,0,,0,,0
FIRMS_C75FAF9A,15.17508,76.67832,2.28,297.22,60.0,2026-08-25T20:53:00Z,VIIRS,4856.807206277705,1,power_plant,0,0,3,0,0,0,0,0,0,4856.807206277705,1,,0,,0,,0,,0,,0
FIRMS_74853EC8,15.1759,76.67371,0.71,305.07,60.0,2026-08-25T20:53:00Z,VIIRS,,0,,0,0,0,0,0,0,0,0,0,,0,,0,,0,,0,,0,,0
FIRMS_650C1213,15.17962,76.67442,0.71,300.33,60.0,2026-08-25T20:53:00Z,VIIRS,,0,,0,0,0,0,0,0,0,0,0,,0,,0,,0,,0,,0,,0
FIRMS_20ACCC0E,17.95564,80.7951,1.62,310.43,60.0,2026-08-25T20:53:00Z,VIIRS,,0,,0,0,0,0,0,0,0,0,0,,0,,0,,0,,0,,0,,0
FIRMS_DB799A5D,17.95664,80.79015,2.22,304.6,60.0,2026-08-25T20:53:00Z,VIIRS,,0,,0,0,0,0,0,0,0,0,0,,0,,0,,0,,0,,0,,0
FIRMS_AEF0CB6D,17.95771,80.79256,4.11,318.24,60.0,2026-08-25T20:53:00Z,VIIRS,,0,,0,0,0,0,0,0,0,0,0,,0,,0,,0,,0,,0,,0
FIRMS_75246640,18.80515,74.26173,0.58,306.85,60.0,2026-08-25T20:53:00Z,VIIRS,,0,,0,0,0,0,0,0,0,0,0,,0,,0,,0,,0,,0,,0
FIRMS_2AE6E541,21.37644,81.67916,1.1,295.33,60.0,2026-08-25T20:53:00Z,VIIRS,,0,,0,0,0,0,0,0,0,0,0,,0,,0,,0,,0,,0,,0
FIRMS_1D303E7A,21.46661,80.1269,0.53,300.63,60.0,2026-08-25T20:53:00Z,VIIRS,,0,,0,0,0,0,0,0,0,0,0,,0,,0,,0,,0,,0,,0
FIRMS_85707465,21.74012,83.84026,2.32,308.08,60.0,2026-08-25T20:53:00Z,VIIRS,,0,,0,0,0,0,0,0,0,0,0,,0,,0,,0,,0,,0,,0
FIRMS_082DA15D,21.7445,83.84505,2.32,298.77,60.0,2026-08-25T20:53:00Z,VIIRS,,0,,0,0,0,0,0,0,0,0,0,,0,,0,,0,,0,,0,,0
FIRMS_93A5ECF8,21.74524,83.84165,2.32,344.62,60.0,2026-08-25T20:53:00Z,VIIRS,,0,,0,0,0,0,0,0,0,0,0,,0,,0,,0,,0,,0,,0
FIRMS_7DFA49CD,21.75037,83.84305,0.9,301.57,60.0,2026-08-25T20:53:00Z,VIIRS,,0,,0,0,0,0,0,0,0,0,0,,0,,0,,0,,0,,0,,0
FIRMS_EB5C7D12,21.80047,83.89091,0.38,298.89,60.0,2026-08-25T20:53:00Z,VIIRS,,0,,0,0,0,0,0,0,0,0,0,,0,,0,,0,,0,,0,,0
FIRMS_13CD490E,21.80072,82.0384,0.72,300.33,60.0,2026-08-25T20:53:00Z,VIIRS,,0,,0,0,0,0,0,0,0,0,0,,0,,0,,0,,0,,0,,0
FIRMS_4DA76BD5,21.82554,83.90067,0.53,298.76,60.0,2026-08-25T20:53:00Z,VIIRS,,0,,0,0,0,0,0,0,0,0,0,,0,,0,,0,,0,,0,,0
FIRMS_7A8AA5B4,22.03749,83.35403,1.02,297.68,60.0,2026-08-25T20:53:00Z,VIIRS,,0,,0,0,0,0,0,0,0,0,0,,0,,0,,0,,0,,0,,0
FIRMS_5696B441,22.93243,69.69887,2.23,311.42,60.0,2026-08-25T20:53:00Z,VIIRS,,0,,0,0,0,0,0,0,0,0,0,,0,,0,,0,,0,,0,,0
FIRMS_8B9CFC63,22.93312,69.69748,2.18,314.65,60.0,2026-08-25T20:53:00Z,VIIRS,,0,,0,0,0,0,0,0,0,0,0,,0,,0,,0,,0,,0,,0
FIRMS_16CCF7A5,25.9415,72.19053,0.87,306.2,60.0,2026-08-25T20:53:00Z,VIIRS,,0,,0,0,0,0,0,0,0,0,0,,0,,0,,0,,0,,0,,0
FIRMS_46C1E42C,9.70498,77.43482,1.89,295.89,60.0,2026-08-25T20:55:00Z,VIIRS,,0,,0,0,0,0,0,0,0,0,0,,0,,0,,0,,0,,0,,0
FIRMS_618F9629,14.87239,78.05413,2.06,309.87,60.0,2026-08-25T20:55:00Z,VIIRS,,0,,0,0,0,0,0,0,0,0,0,,0,,0,,0,,0,,0,,0
FIRMS_8A04EC51,19.82175,79.2376,0.86,301.47,60.0,2026-08-25T20:55:00Z,VIIRS,,0,,0,0,0,0,0,0,0,0,0,,0,,0,,0,,0,,0,,0
FIRMS_10D2F732,22.4152,69.03896,1.39,305.3,60.0,2026-08-25T20:55:00Z,VIIRS,4848.191184972263,1,solar_plant,0,0,1,0,0,0,0,0,0,,0,,0,,0,,0,,0,4848.191184972263,1
FIRMS_148E97AE,9.38904,78.88414,5.44,334.56,30.0,2026-08-26T08:01:00Z,VIIRS,1733.8914164011208,1,oil_well,0,0,4,0,0,0,0,0,0,,0,,0,1733.8914164011208,1,,0,,0,,0
FIRMS_4950B16C,9.38948,78.88505,6.1,336.31,30.0,2026-08-26T08:01:00Z,VIIRS,1820.6450032167809,1,oil_well,0,0,4,0,0,0,0,0,0,,0,,0,1820.6450032167809,1,,0,,0,,0
FIRMS_1C69A0E0,9.80408,78.17467,4.0,337.02,60.0,2026-08-26T08:01:00Z,VIIRS,,0,,0,0,0,0,0,0,0,0,0,,0,,0,,0,,0,,0,,0
FIRMS_D9B94F71,9.90823,78.08034,5.5,333.85,60.0,2026-08-26T08:01:00Z,VIIRS,,0,,0,0,0,0,0,0,0,0,0,,0,,0,,0,,0,,0,,0
FIRMS_3FFAD4A5,9.90871,78.08326,5.83,333.9,60.0,2026-08-26T08:01:00Z,VIIRS,,0,,0,0,0,0,0,0,0,0,0,,0,,0,,0,,0,,0,,0
FIRMS_659B07DF,10.05334,77.95324,10.17,348.01,60.0,2026-08-26T08:01:00Z,VIIRS,,0,,0,0,0,0,0,0,0,0,0,,0,,0,,0,,0,,0,,0
FIRMS_D2915847,12.13064,79.65323,24.35,333.44,30.0,2026-08-26T08:01:00Z,VIIRS,,0,,0,0,0,0,0,0,0,0,0,,0,,0,,0,,0,,0,,0
FIRMS_0DA8B945,13.84194,79.25305,5.29,330.21,30.0,2026-08-26T08:03:00Z,VIIRS,,0,,0,0,0,0,0,0,0,0,0,,0,,0,,0,,0,,0,,0
FIRMS_7B3E25EA,14.2594,80.11615,5.44,332.94,30.0,2026-08-26T08:03:00Z,VIIRS,,0,,0,0,0,0,0,0,0,0,0,,0,,0,,0,,0,,0,,0
FIRMS_5AB513D7,14.25997,80.11976,9.65,330.87,30.0,2026-08-26T08:03:00Z,VIIRS,,0,,0,0,0,0,0,0,0,0,0,,0,,0,,0,,0,,0,,0
FIRMS_C016F954,15.17995,76.68201,3.33,334.96,60.0,2026-08-26T08:03:00Z,VIIRS,4284.41822267869,1,power_plant,0,0,3,0,0,0,0,0,0,4284.41822267869,1,,0,,0,,0,,0,,0
FIRMS_C53C6449,15.90841,79.10486,3.57,332.68,30.0,2026-08-26T08:03:00Z,VIIRS,,0,,0,0,0,0,0,0,0,0,0,,0,,0,,0,,0,,0,,0
FIRMS_1192F3A1,16.40065,79.36692,4.44,335.87,60.0,2026-08-26T08:03:00Z,VIIRS,,0,,0,0,0,0,0,0,0,0,0,,0,,0,,0,,0,,0,,0
FIRMS_8DCDC336,17.95717,80.79728,3.39,333.75,60.0,2026-08-26T08:03:00Z,VIIRS,,0,,0,0,0,0,0,0,0,0,0,,0,,0,,0,,0,,0,,0
FIRMS_A923F671,18.54734,74.17914,5.43,332.83,60.0,2026-08-26T08:03:00Z,VIIRS,876.397765552538,1,ethanol_plant,0,1,1,0,0,0,1,0,0,,0,,0,,0,876.397765552538,1,,0,,0
FIRMS_894D7AF8,21.74366,83.84032,5.71,332.06,60.0,2026-08-26T08:05:00Z,VIIRS,,0,,0,0,0,0,0,0,0,0,0,,0,,0,,0,,0,,0,,0
FIRMS_4F582276,21.74819,83.84499,5.71,338.5,60.0,2026-08-26T08:05:00Z,VIIRS,,0,,0,0,0,0,0,0,0,0,0,,0,,0,,0,,0,,0,,0
FIRMS_C8F41F49,21.75594,83.84392,10.06,339.67,60.0,2026-08-26T08:05:00Z,VIIRS,,0,,0,0,0,0,0,0,0,0,0,,0,,0,,0,,0,,0,,0
FIRMS_B8C2F98E,22.35679,82.30565,5.19,330.32,60.0,2026-08-26T08:05:00Z,VIIRS,,0,,0,0,0,0,0,0,0,0,0,,0,,0,,0,,0,,0,,0
FIRMS_264E8F79,30.37163,73.89048,4.25,336.49,60.0,2026-08-26T08:07:00Z,VIIRS,,0,,0,0,0,0,0,0,0,0,0,,0,,0,,0,,0,,0,,0
FIRMS_EE2C2F1F,30.37266,73.89281,4.26,332.4,30.0,2026-08-26T08:07:00Z,VIIRS,,0,,0,0,0,0,0,0,0,0,0,,0,,0,,0,,0,,0,,0
FIRMS_DAD806D0,33.57693,74.22216,2.99,330.71,60.0,2026-08-26T08:07:00Z,VIIRS,,0,,0,0,0,0,0,0,0,0,0,,0,,0,,0,,0,,0,,0
FIRMS_F1DA092E,24.92307,92.52792,4.53,297.19,60.0,2026-08-26T18:51:00Z,VIIRS,4941.717242531378,1,oil_well,0,0,1,0,0,0,0,0,0,,0,,0,4941.717242531378,1,,0,,0,,0
FIRMS_00D75112,29.92137,74.95252,0.96,298.99,60.0,2026-08-26T20:32:00Z,VIIRS,347.33685843525916,1,oil_refinery,1,1,1,0,1,0,0,0,0,,0,347.33685843525916,1,,0,,0,,0,,0
FIRMS_07FBCD34,20.78876,85.25801,1.13,301.02,60.0,2026-08-26T20:34:00Z,VIIRS,,0,,0,0,0,0,0,0,0,0,0,,0,,0,,0,,0,,0,,0
FIRMS_C58792F9,20.79303,85.25893,1.13,302.21,60.0,2026-08-26T20:34:00Z,VIIRS,,0,,0,0,0,0,0,0,0,0,0,,0,,0,,0,,0,,0,,0
FIRMS_9CE4F5F3,20.79388,85.25462,1.13,303.84,60.0,2026-08-26T20:34:00Z,VIIRS,,0,,0,0,0,0,0,0,0,0,0,,0,,0,,0,,0,,0,,0
FIRMS_BB07EC71,20.86296,84.99215,2.41,308.93,60.0,2026-08-26T20:34:00Z,VIIRS,,0,,0,0,0,0,0,0,0,0,0,,0,,0,,0,,0,,0,,0
FIRMS_ED569D4D,20.86377,84.98796,2.41,331.05,60.0,2026-08-26T20:34:00Z,VIIRS,,0,,0,0,0,0,0,0,0,0,0,,0,,0,,0,,0,,0,,0
FIRMS_4BAC83BB,20.86633,84.99726,1.86,302.62,60.0,2026-08-26T20:34:00Z,VIIRS,,0,,0,0,0,0,0,0,0,0,0,,0,,0,,0,,0,,0,,0
FIRMS_34388376,20.86715,84.99306,2.21,303.85,60.0,2026-08-26T20:34:00Z,VIIRS,,0,,0,0,0,0,0,0,0,0,0,,0,,0,,0,,0,,0,,0
FIRMS_9FDDB916,22.9245,69.82229,1.76,301.64,60.0,2026-08-26T20:34:00Z,VIIRS,,0,,0,0,0,0,0,0,0,0,0,,0,,0,,0,,0,,0,,0
FIRMS_719E2AFC,22.92565,69.82343,0.67,303.65,60.0,2026-08-26T20:34:00Z,VIIRS,,0,,0,0,0,0,0,0,0,0,0,,0,,0,,0,,0,,0,,0
FIRMS_110489E5,23.12196,70.08334,1.48,311.0,60.0,2026-08-26T20:34:00Z,VIIRS,,0,,0,0,0,0,0,0,0,0,0,,0,,0,,0,,0,,0,,0
FIRMS_87B319EE,23.55976,87.23328,2.46,304.51,60.0,2026-08-26T20:34:00Z,VIIRS,762.4482369832488,1,oil_well,0,1,7,0,0,1,0,0,0,3713.3375156323073,1,,0,762.4482369832488,1,,0,,0,,0
FIRMS_CB5B6B60,23.56083,87.22818,2.21,300.7,60.0,2026-08-26T20:34:00Z,VIIRS,1061.3814266348468,1,oil_well,0,0,6,0,0,0,0,0,0,3235.2976955105682,1,,0,1061.3814266348468,1,,0,,0,,0
FIRMS_2476C088,23.61321,86.7896,3.11,311.97,60.0,2026-08-26T20:34:00Z,VIIRS,,0,,0,0,0,0,0,0,0,0,0,,0,,0,,0,,0,,0,,0
FIRMS_3C60CA85,23.61457,86.79169,3.56,311.36,60.0,2026-08-26T20:34:00Z,VIIRS,,0,,0,0,0,0,0,0,0,0,0,,0,,0,,0,,0,,0,,0
FIRMS_1FB3E090,23.69875,87.09306,2.02,301.23,60.0,2026-08-26T20:34:00Z,VIIRS,,0,,0,0,0,0,0,0,0,0,0,,0,,0,,0,,0,,0,,0
FIRMS_2281A8BA,23.79305,86.23392,3.42,297.85,60.0,2026-08-26T20:34:00Z,VIIRS,,0,,0,0,0,0,0,0,0,0,0,,0,,0,,0,,0,,0,,0
FIRMS_44A4E976,23.79604,86.28603,1.39,299.33,60.0,2026-08-26T20:34:00Z,VIIRS,3457.860801984419,1,oil_well,0,0,1,0,0,0,0,0,0,,0,,0,3457.860801984419,1,,0,,0,,0
FIRMS_92653770,13.62073,78.48496,0.4,299.89,60.0,2026-08-26T20:36:00Z,VIIRS,,0,,0,0,0,0,0,0,0,0,0,,0,,0,,0,,0,,0,,0
FIRMS_2FB908A6,13.70935,79.61942,0.92,304.18,60.0,2026-08-26T20:36:00Z,VIIRS,,0,,0,0,0,0,0,0,0,0,0,,0,,0,,0,,0,,0,,0
FIRMS_95149E3F,13.8324,79.25771,0.19,300.63,60.0,2026-08-26T20:36:00Z,VIIRS,,0,,0,0,0,0,0,0,0,0,0,,0,,0,,0,,0,,0,,0
FIRMS_51230FE5,15.0046,77.00061,0.69,310.42,60.0,2026-08-26T20:36:00Z,VIIRS,,0,,0,0,0,0,0,0,0,0,0,,0,,0,,0,,0,,0,,0
FIRMS_97A29AD0,15.01486,79.80273,4.81,316.21,60.0,2026-08-26T20:36:00Z,VIIRS,,0,,0,0,0,0,0,0,0,0,0,,0,,0,,0,,0,,0,,0
FIRMS_DCAB5530,15.02314,78.01447,1.12,308.69,60.0,2026-08-26T20:36:00Z,VIIRS,,0,,0,0,0,0,0,0,0,0,0,,0,,0,,0,,0,,0,,0
FIRMS_E007CDD2,15.16735,76.6746,0.5,304.85,60.0,2026-08-26T20:36:00Z,VIIRS,,0,,0,0,0,0,0,0,0,0,0,,0,,0,,0,,0,,0,,0
FIRMS_2D6339C7,15.16791,76.67098,1.47,309.55,60.0,2026-08-26T20:36:00Z,VIIRS,,0,,0,0,0,0,0,0,0,0,0,,0,,0,,0,,0,,0,,0
FIRMS_51EC1239,15.16815,76.38161,1.39,308.5,60.0,2026-08-26T20:36:00Z,VIIRS,,0,,0,0,0,0,0,0,0,0,0,,0,,0,,0,,0,,0,,0
FIRMS_4DFC17CE,15.1712,76.69366,1.32,302.91,60.0,2026-08-26T20:36:00Z,VIIRS,3697.817942467605,1,power_plant,0,0,3,0,0,0,0,0,0,3697.817942467605,1,,0,,0,,0,,0,,0
FIRMS_23967F42,15.17149,76.38216,0.46,301.43,60.0,2026-08-26T20:36:00Z,VIIRS,,0,,0,0,0,0,0,0,0,0,0,,0,,0,,0,,0,,0,,0
FIRMS_939D5CBC,15.1731,76.78556,0.82,304.39,60.0,2026-08-26T20:36:00Z,VIIRS,,0,,0,0,0,0,0,0,0,0,0,,0,,0,,0,,0,,0,,0
FIRMS_C19724AA,15.17348,76.65711,1.0,311.66,60.0,2026-08-26T20:36:00Z,VIIRS,,0,,0,0,0,0,0,0,0,0,0,,0,,0,,0,,0,,0,,0
FIRMS_D3413115,15.17403,76.65352,1.0,310.22,60.0,2026-08-26T20:36:00Z,VIIRS,,0,,0,0,0,0,0,0,0,0,0,,0,,0,,0,,0,,0,,0
FIRMS_70D6EB1D,15.17453,76.69421,1.32,316.22,60.0,2026-08-26T20:36:00Z,VIIRS,3416.923780729215,1,power_plant,0,0,3,0,0,0,0,0,0,3416.923780729215,1,,0,,0,,0,,0,,0
FIRMS_BFFD6298,15.17495,77.10123,0.81,306.08,60.0,2026-08-26T20:36:00Z,VIIRS,,0,,0,0,0,0,0,0,0,0,0,,0,,0,,0,,0,,0,,0
FIRMS_CAC4B406,15.17624,76.66125,1.72,304.34,60.0,2026-08-26T20:36:00Z,VIIRS,,0,,0,0,0,0,0,0,0,0,0,,0,,0,,0,,0,,0,,0
FIRMS_9840D0DD,15.1768,76.65766,2.93,332.51,60.0,2026-08-26T20:36:00Z,VIIRS,,0,,0,0,0,0,0,0,0,0,0,,0,,0,,0,,0,,0,,0
FIRMS_E9EAB57F,15.17733,76.67619,3.51,328.74,60.0,2026-08-26T20:36:00Z,VIIRS,4971.441845023113,1,power_plant,0,0,3,0,0,0,0,0,0,4971.441845023113,1,,0,,0,,0,,0,,0
FIRMS_8EF845E8,15.17736,76.65406,2.93,327.76,60.0,2026-08-26T20:36:00Z,VIIRS,,0,,0,0,0,0,0,0,0,0,0,,0,,0,,0,,0,,0,,0
FIRMS_BCD32D5C,15.17826,77.10178,0.81,302.31,60.0,2026-08-26T20:36:00Z,VIIRS,,0,,0,0,0,0,0,0,0,0,0,,0,,0,,0,,0,,0,,0
FIRMS_8A949320,15.17922,76.67965,1.91,309.1,60.0,2026-08-26T20:36:00Z,VIIRS,4550.16263315743,1,power_plant,0,0,3,0,0,0,0,0,0,4550.16263315743,1,,0,,0,,0,,0,,0
FIRMS_C67984F9,15.18088,76.66885,2.45,306.97,60.0,2026-08-26T20:36:00Z,VIIRS,,0,,0,0,0,0,0,0,0,0,0,,0,,0,,0,,0,,0,,0
FIRMS_75EAD714,15.18143,76.66524,1.57,326.3,60.0,2026-08-26T20:36:00Z,VIIRS,,0,,0,0,0,0,0,0,0,0,0,,0,,0,,0,,0,,0,,0
FIRMS_6FC024BC,15.18476,76.64362,0.6,304.82,60.0,2026-08-26T20:36:00Z,VIIRS,,0,,0,0,0,0,0,0,0,0,0,,0,,0,,0,,0,,0,,0
FIRMS_2CAD5BF8,15.18476,76.66579,1.57,311.2,60.0,2026-08-26T20:36:00Z,VIIRS,,0,,0,0,0,0,0,0,0,0,0,,0,,0,,0,,0,,0,,0
FIRMS_692B8FA7,15.30111,76.21888,0.69,304.95,60.0,2026-08-26T20:36:00Z,VIIRS,,0,,0,0,0,0,0,0,0,0,0,,0,,0,,0,,0,,0,,0
FIRMS_9606950C,15.33239,76.28411,0.93,306.46,60.0,2026-08-26T20:36:00Z,VIIRS,,0,,0,0,0,0,0,0,0,0,0,,0,,0,,0,,0,,0,,0
FIRMS_2F55BF0C,15.68362,78.45876,0.94,306.97,60.0,2026-08-26T20:36:00Z,VIIRS,,0,,0,0,0,0,0,0,0,0,0,,0,,0,,0,,0,,0,,0
FIRMS_53DB00A8,16.63467,74.34213,0.52,301.82,60.0,2026-08-26T20:36:00Z,VIIRS,,0,,0,0,0,0,0,0,0,0,0,,0,,0,,0,,0,,0,,0
FIRMS_DF663FD0,18.68293,73.03869,2.52,308.16,60.0,2026-08-26T20:36:00Z,VIIRS,,0,,0,0,0,0,0,0,0,0,0,,0,,0,,0,,0,,0,,0
FIRMS_8ED03351,18.68391,73.0312,2.8,312.29,60.0,2026-08-26T20:36:00Z,VIIRS,,0,,0,0,0,0,0,0,0,0,0,,0,,0,,0,,0,,0,,0
FIRMS_87D21261,18.95733,73.94366,2.23,324.36,60.0,2026-08-26T20:36:00Z,VIIRS,,0,,0,0,0,0,0,0,0,0,0,,0,,0,,0,,0,,0,,0
FIRMS_F3B81B4D,11.18108,79.10128,0.43,303.57,60.0,2026-08-26T20:38:00Z,VIIRS,4865.137434268751,1,oil_well,0,0,1,0,0,0,0,0,0,,0,,0,4865.137434268751,1,,0,,0,,0
FIRMS_3C9E266B,11.80979,77.00835,0.44,302.99,60.0,2026-08-26T20:38:00Z,VIIRS,,0,,0,0,0,0,0,0,0,0,0,,0,,0,,0,,0,,0,,0
FIRMS_6DEA15FA,11.81618,77.91673,2.03,315.08,60.0,2026-08-26T20:38:00Z,VIIRS,,0,,0,0,0,0,0,0,0,0,0,,0,,0,,0,,0,,0,,0
FIRMS_C78782CA,8.53706,77.95217,2.88,335.66,60.0,2026-08-27T07:44:00Z,VIIRS,,0,,0,0,0,0,0,0,0,0,0,,0,,0,,0,,0,,0,,0
FIRMS_4D66C6F1,8.53767,77.95551,2.88,330.37,60.0,2026-08-27T07:44:00Z,VIIRS,,0,,0,0,0,0,0,0,0,0,0,,0,,0,,0,,0,,0,,0
FIRMS_46C9BD6A,8.93558,77.80733,2.63,336.01,60.0,2026-08-27T07:44:00Z,VIIRS,,0,,0,0,0,0,0,0,0,0,0,,0,,0,,0,,0,,0,,0
FIRMS_B14706A4,9.13009,77.84245,4.92,341.07,60.0,2026-08-27T07:44:00Z,VIIRS,,0,,0,0,0,0,0,0,0,0,0,,0,,0,,0,,0,,0,,0
FIRMS_EA365A1D,9.1307,77.84574,4.28,335.59,60.0,2026-08-27T07:44:00Z,VIIRS,,0,,0,0,0,0,0,0,0,0,0,,0,,0,,0,,0,,0,,0
FIRMS_7622F14D,9.13252,77.84334,3.68,338.51,60.0,2026-08-27T07:44:00Z,VIIRS,,0,,0,0,0,0,0,0,0,0,0,,0,,0,,0,,0,,0,,0
FIRMS_FE09AA70,9.20093,77.46384,1.61,331.96,60.0,2026-08-27T07:44:00Z,VIIRS,,0,,0,0,0,0,0,0,0,0,0,,0,,0,,0,,0,,0,,0
FIRMS_0F7CA1DD,9.30457,78.81348,0.98,334.81,60.0,2026-08-27T07:44:00Z,VIIRS,2225.5116427131034,1,oil_well,0,0,20,0,0,0,0,0,0,,0,,0,2225.5116427131034,1,,0,,0,,0
FIRMS_5EF44547,9.30486,78.81577,6.54,336.81,60.0,2026-08-27T07:44:00Z,VIIRS,2160.0363120841407,1,oil_well,0,0,20,0,0,0,0,0,0,,0,,0,2160.0363120841407,1,,0,,0,,0
FIRMS_47C6EF3F,9.91843,77.93557,2.57,335.55,60.0,2026-08-27T07:44:00Z,VIIRS,,0,,0,0,0,0,0,0,0,0,0,,0,,0,,0,,0,,0,,0
FIRMS_EC593C95,9.9931,79.18903,1.7,333.06,60.0,2026-08-27T07:44:00Z,VIIRS,,0,,0,0,0,0,0,0,0,0,0,,0,,0,,0,,0,,0,,0
FIRMS_726BF9D0,10.02469,78.36389,2.55,334.84,60.0,2026-08-27T07:44:00Z,VIIRS,,0,,0,0,0,0,0,0,0,0,0,,0,,0,,0,,0,,0,,0
FIRMS_D820063A,10.28012,78.98431,7.07,339.64,60.0,2026-08-27T07:44:00Z,VIIRS,,0,,0,0,0,0,0,0,0,0,0,,0,,0,,0,,0,,0,,0
FIRMS_1B55CBDE,10.87787,77.24078,3.26,330.18,60.0,2026-08-27T07:44:00Z,VIIRS,,0,,0,0,0,0,0,0,0,0,0,,0,,0,,0,,0,,0,,0
FIRMS_9A22973C,10.99141,78.89906,10.52,338.6,60.0,2026-08-27T07:44:00Z,VIIRS,,0,,0,0,0,0,0,0,0,0,0,,0,,0,,0,,0,,0,,0
FIRMS_3F17D825,11.69187,79.39234,1.98,332.69,60.0,2026-08-27T07:44:00Z,VIIRS,,0,,0,0,0,0,0,0,0,0,0,,0,,0,,0,,0,,0,,0
FIRMS_66016E31,12.19828,79.71751,2.89,331.74,60.0,2026-08-27T07:44:00Z,VIIRS,,0,,0,0,0,0,0,0,0,0,0,,0,,0,,0,,0,,0,,0
FIRMS_8A323FA9,17.64342,74.69589,4.07,335.54,60.0,2026-08-27T07:46:00Z,VIIRS,,0,,0,0,0,0,0,0,0,0,0,,0,,0,,0,,0,,0,,0
FIRMS_BE624D44,20.78782,85.26209,1.55,335.01,60.0,2026-08-27T07:46:00Z,VIIRS,,0,,0,0,0,0,0,0,0,0,0,,0,,0,,0,,0,,0,,0
FIRMS_4073D8F3,20.86458,84.98833,4.15,338.21,60.0,2026-08-27T07:46:00Z,VIIRS,,0,,0,0,0,0,0,0,0,0,0,,0,,0,,0,,0,,0,,0
FIRMS_3F47AF56,20.884,84.98126,2.97,330.65,60.0,2026-08-27T07:46:00Z,VIIRS,,0,,0,0,0,0,0,0,0,0,0,,0,,0,,0,,0,,0,,0
FIRMS_CCE7A0D6,26.63018,70.38756,4.07,336.05,60.0,2026-08-27T07:48:00Z,VIIRS,2956.092902931474,1,oil_well,0,0,1,0,0,0,0,0,0,,0,,0,2956.092902931474,1,,0,,0,,0
FIRMS_94F44863,26.63397,70.38496,3.37,340.33,60.0,2026-08-27T07:48:00Z,VIIRS,3226.005537264737,1,oil_well,0,0,1,0,0,0,0,0,0,,0,,0,3226.005537264737,1,,0,,0,,0
FIRMS_BCE26A80,27.26775,88.31142,4.19,332.2,60.0,2026-08-27T07:48:00Z,VIIRS,1682.3160229369569,1,power_plant,0,0,1,0,0,0,0,0,0,1682.3160229369569,1,,0,,0,,0,,0,,0
FIRMS_DA7C94A6,30.69802,74.17593,3.07,330.82,30.0,2026-08-27T07:50:00Z,VIIRS,,0,,0,0,0,0,0,0,0,0,0,,0,,0,,0,,0,,0,,0
FIRMS_8394B051,22.24742,87.38844,1.81,309.29,60.0,2026-08-27T20:14:00Z,VIIRS,,0,,0,0,0,0,0,0,0,0,0,,0,,0,,0,,0,,0,,0
FIRMS_BA811CC4,22.3576,87.29176,1.78,305.77,60.0,2026-08-27T20:14:00Z,VIIRS,,0,,0,0,0,0,0,0,0,0,0,,0,,0,,0,,0,,0,,0
FIRMS_0DD011F7,22.36518,87.3004,3.88,323.59,60.0,2026-08-27T20:14:00Z,VIIRS,,0,,0,0,0,0,0,0,0,0,0,,0,,0,,0,,0,,0,,0
FIRMS_9F4A7478,22.3763,87.27986,3.31,324.45,60.0,2026-08-27T20:14:00Z,VIIRS,,0,,0,0,0,0,0,0,0,0,0,,0,,0,,0,,0,,0,,0
FIRMS_38986A0A,22.3771,87.27546,1.49,307.83,60.0,2026-08-27T20:14:00Z,VIIRS,,0,,0,0,0,0,0,0,0,0,0,,0,,0,,0,,0,,0,,0
FIRMS_C21BA44D,22.78921,86.19717,3.24,327.01,60.0,2026-08-27T20:14:00Z,VIIRS,,0,,0,0,0,0,0,0,0,0,0,,0,,0,,0,,0,,0,,0
FIRMS_60A2D3B1,22.79055,86.20983,1.08,306.4,60.0,2026-08-27T20:14:00Z,VIIRS,,0,,0,0,0,0,0,0,0,0,0,,0,,0,,0,,0,,0,,0
FIRMS_3D2BF391,23.54881,87.24468,0.54,296.44,60.0,2026-08-27T20:14:00Z,VIIRS,2016.643022491721,1,oil_well,0,0,4,0,0,0,0,0,0,,0,,0,2016.643022491721,1,,0,,0,,0
FIRMS_D97A6627,23.55232,87.24541,0.54,308.68,60.0,2026-08-27T20:14:00Z,VIIRS,1697.2988955120843,1,oil_well,0,0,5,0,0,0,0,0,0,,0,,0,1697.2988955120843,1,,0,,0,,0
FIRMS_582FC46D,23.55659,87.24186,1.94,305.1,60.0,2026-08-27T20:14:00Z,VIIRS,1108.7546321434804,1,oil_well,0,0,7,0,0,0,0,0,0,4629.29503935076,1,,0,1108.7546321434804,1,,0,,0,,0
FIRMS_22DE89CB,23.56009,87.24259,1.94,308.29,60.0,2026-08-27T20:14:00Z,VIIRS,822.9154407454398,1,oil_well,0,1,8,0,0,1,0,0,0,4486.697232407154,1,,0,822.9154407454398,1,,0,,0,,0
FIRMS_6752AAC6,23.56085,87.2383,1.94,327.01,60.0,2026-08-27T20:14:00Z,VIIRS,539.944938843742,1,oil_well,0,1,8,0,0,1,0,0,0,4067.1828104175393,1,,0,539.944938843742,1,,0,,0,,0
FIRMS_FB3CAE25,23.66214,87.15569,2.08,314.34,60.0,2026-08-27T20:14:00Z,VIIRS,,0,,0,0,0,0,0,0,0,0,0,,0,,0,,0,,0,,0,,0
FIRMS_88BAA88E,23.66489,87.16066,0.75,304.31,60.0,2026-08-27T20:14:00Z,VIIRS,,0,,0,0,0,0,0,0,0,0,0,,0,,0,,0,,0,,0,,0
FIRMS_53B97929,23.68629,87.12115,0.41,295.74,60.0,2026-08-27T20:14:00Z,VIIRS,,0,,0,0,0,0,0,0,0,0,0,,0,,0,,0,,0,,0,,0
FIRMS_AA0EBDC2,23.69652,85.29062,0.74,304.11,60.0,2026-08-27T20:14:00Z,VIIRS,1874.1487206151007,1,oil_well,0,0,7,0,0,0,0,0,0,,0,,0,1874.1487206151007,1,,0,,0,,0
FIRMS_980FE5E2,23.84105,85.30284,0.35,296.4,60.0,2026-08-27T20:14:00Z,VIIRS,,0,,0,0,0,0,0,0,0,0,0,,0,,0,,0,,0,,0,,0
FIRMS_2168F93F,29.457,76.86609,7.66,334.4,60.0,2026-08-27T20:14:00Z,VIIRS,2174.7278202619286,1,oil_refinery,0,0,1,0,0,0,0,0,0,,0,2174.7278202619286,1,,0,,0,,0,,0
FIRMS_6692110C,29.90909,74.95557,2.25,306.55,60.0,2026-08-27T20:14:00Z,VIIRS,1202.084117318769,1,oil_refinery,0,0,1,0,0,0,0,0,0,,0,1202.084117318769,1,,0,,0,,0,,0
FIRMS_E548B4DD,29.9094,74.95135,13.61,321.57,60.0,2026-08-27T20:14:00Z,VIIRS,1240.5417974000281,1,oil_refinery,0,0,1,0,0,0,0,0,0,,0,1240.5417974000281,1,,0,,0,,0,,0
FIRMS_B919CD61,29.90971,74.94712,13.61,350.51,60.0,2026-08-27T20:14:00Z,VIIRS,1402.7474911881802,1,oil_refinery,0,0,1,0,0,0,0,0,0,,0,1402.7474911881802,1,,0,,0,,0,,0
FIRMS_EE186FF6,29.91002,74.94289,12.52,346.19,60.0,2026-08-27T20:14:00Z,VIIRS,1652.6492719104433,1,oil_refinery,0,0,1,0,0,0,0,0,0,,0,1652.6492719104433,1,,0,,0,,0,,0
FIRMS_7F515152,29.91033,74.93867,12.52,305.44,60.0,2026-08-27T20:14:00Z,VIIRS,1956.1245670410763,1,oil_refinery,0,0,1,0,0,0,0,0,0,,0,1956.1245670410763,1,,0,,0,,0,,0
FIRMS_461CCB13,29.91498,74.95193,1.59,306.17,60.0,2026-08-27T20:14:00Z,VIIRS,656.7460116826167,1,oil_refinery,0,1,1,0,1,0,0,0,0,,0,656.7460116826167,1,,0,,0,,0,,0
FIRMS_C5A8F3AF,29.91529,74.9477,1.59,308.09,60.0,2026-08-27T20:14:00Z,VIIRS,925.8734919135208,1,oil_refinery,0,1,1,0,1,0,0,0,0,,0,925.8734919135208,1,,0,,0,,0,,0
FIRMS_17465352,9.49335,77.62408,0.45,304.15,60.0,2026-08-27T20:17:00Z,VIIRS,,0,,0,0,0,0,0,0,0,0,0,,0,,0,,0,,0,,0,,0
FIRMS_A7EE1F95,9.49338,77.62221,0.44,302.0,60.0,2026-08-27T20:17:00Z,VIIRS,,0,,0,0,0,0,0,0,0,0,0,,0,,0,,0,,0,,0,,0
FIRMS_0DDB9CF3,10.14528,78.35623,0.73,306.72,60.0,2026-08-27T20:17:00Z,VIIRS,,0,,0,0,0,0,0,0,0,0,0,,0,,0,,0,,0,,0,,0
FIRMS_4E949FA4,11.10949,77.76649,1.12,309.44,60.0,2026-08-27T20:17:00Z,VIIRS,,0,,0,0,0,0,0,0,0,0,0,,0,,0,,0,,0,,0,,0
FIRMS_E84CE69B,11.17704,79.08945,1.27,307.88,60.0,2026-08-27T20:17:00Z,VIIRS,3631.5915518318084,1,oil_well,0,0,1,0,0,0,0,0,0,,0,,0,3631.5915518318084,1,,0,,0,,0
FIRMS_85ABE85D,11.18222,79.10208,2.06,304.71,60.0,2026-08-27T20:17:00Z,VIIRS,,0,,0,0,0,0,0,0,0,0,0,,0,,0,,0,,0,,0,,0
FIRMS_958CBE87,11.81603,77.91864,2.43,320.62,60.0,2026-08-27T20:17:00Z,VIIRS,,0,,0,0,0,0,0,0,0,0,0,,0,,0,,0,,0,,0,,0
FIRMS_C570CF87,11.81781,77.91653,2.88,311.73,60.0,2026-08-27T20:17:00Z,VIIRS,,0,,0,0,0,0,0,0,0,0,0,,0,,0,,0,,0,,0,,0
FIRMS_71BADB0C,15.84457,79.77414,3.7,312.68,60.0,2026-08-27T20:17:00Z,VIIRS,,0,,0,0,0,0,0,0,0,0,0,,0,,0,,0,,0,,0,,0
FIRMS_37F1188D,15.99257,78.3996,1.89,304.82,60.0,2026-08-27T20:17:00Z,VIIRS,,0,,0,0,0,0,0,0,0,0,0,,0,,0,,0,,0,,0,,0
FIRMS_9428DC5D,16.54488,79.75774,3.09,307.31,60.0,2026-08-27T20:17:00Z,VIIRS,,0,,0,0,0,0,0,0,0,0,0,,0,,0,,0,,0,,0,,0
FIRMS_12F40036,17.46458,80.65409,2.91,319.97,60.0,2026-08-27T20:17:00Z,VIIRS,,0,,0,0,0,0,0,0,0,0,0,,0,,0,,0,,0,,0,,0
FIRMS_57D39487,17.95565,80.79626,2.91,317.3,60.0,2026-08-27T20:17:00Z,VIIRS,,0,,0,0,0,0,0,0,0,0,0,,0,,0,,0,,0,,0,,0
FIRMS_91660DA5,17.95681,80.78843,3.03,308.3,60.0,2026-08-27T20:17:00Z,VIIRS,,0,,0,0,0,0,0,0,0,0,0,,0,,0,,0,,0,,0,,0
FIRMS_4E8684DB,22.38937,73.11508,0.59,295.06,60.0,2026-08-27T20:17:00Z,VIIRS,1812.469816336022,1,oil_refinery,0,0,2,0,0,0,0,0,0,2072.3084309728447,1,1812.469816336022,1,,0,,0,,0,,0
FIRMS_4B4A7244,8.30407,77.63763,1.33,313.44,60.0,2026-08-27T20:19:00Z,VIIRS,,0,,0,0,0,0,0,0,0,0,0,,0,,0,,0,,0,,0,,0
FIRMS_27FAFB24,8.30766,77.63818,1.33,310.18,60.0,2026-08-27T20:19:00Z,VIIRS,,0,,0,0,0,0,0,0,0,0,0,,0,,0,,0,,0,,0,,0
FIRMS_768018FD,13.39244,80.10186,2.51,316.57,60.0,2026-08-27T20:19:00Z,VIIRS,,0,,0,0,0,0,0,0,0,0,0,,0,,0,,0,,0,,0,,0
FIRMS_45FA2554,13.70962,79.61949,1.84,310.51,60.0,2026-08-27T20:19:00Z,VIIRS,,0,,0,0,0,0,0,0,0,0,0,,0,,0,,0,,0,,0,,0
FIRMS_4CDCB630,13.82483,79.2569,1.07,309.05,60.0,2026-08-27T20:19:00Z,VIIRS,,0,,0,0,0,0,0,0,0,0,0,,0,,0,,0,,0,,0,,0
FIRMS_3171CD7A,15.02335,78.01398,2.22,308.39,60.0,2026-08-27T20:19:00Z,VIIRS,,0,,0,0,0,0,0,0,0,0,0,,0,,0,,0,,0,,0,,0
FIRMS_37400865,15.07126,76.86606,1.52,302.03,60.0,2026-08-27T20:19:00Z,VIIRS,,0,,0,0,0,0,0,0,0,0,0,,0,,0,,0,,0,,0,,0
FIRMS_89E6C674,15.17269,76.6937,1.21,297.01,60.0,2026-08-27T20:19:00Z,VIIRS,3587.040410097287,1,power_plant,0,0,3,0,0,0,0,0,0,3587.040410097287,1,,0,,0,,0,,0,,0
FIRMS_1F399D4A,15.17371,76.65434,2.19,309.23,60.0,2026-08-27T20:19:00Z,VIIRS,,0,,0,0,0,0,0,0,0,0,0,,0,,0,,0,,0,,0,,0
FIRMS_19ADE1CA,15.17564,77.10123,1.48,299.95,60.0,2026-08-27T20:19:00Z,VIIRS,,0,,0,0,0,0,0,0,0,0,0,,0,,0,,0,,0,,0,,0
FIRMS_F05C7358,15.33388,76.28443,1.24,306.14,60.0,2026-08-27T20:19:00Z,VIIRS,,0,,0,0,0,0,0,0,0,0,0,,0,,0,,0,,0,,0,,0
FIRMS_6B055F15,15.33447,76.2467,0.65,304.65,60.0,2026-08-27T20:19:00Z,VIIRS,,0,,0,0,0,0,0,0,0,0,0,,0,,0,,0,,0,,0,,0
FIRMS_9484B76F,29.47338,76.864,2.54,304.0,60.0,2026-08-27T21:55:00Z,VIIRS,1043.7927167364376,1,oil_refinery,0,0,1,0,0,0,0,0,0,,0,1043.7927167364376,1,,0,,0,,0,,0
FIRMS_F6E26DE5,29.90638,74.95924,19.52,319.9,60.0,2026-08-27T21:55:00Z,VIIRS,1541.5887099310905,1,oil_refinery,0,0,1,0,0,0,0,0,0,,0,1541.5887099310905,1,,0,,0,,0,,0
FIRMS_4E22CE47,29.90671,74.9599,15.44,317.64,60.0,2026-08-27T21:55:00Z,VIIRS,1521.5014044476168,1,oil_refinery,0,0,1,0,0,0,0,0,0,,0,1521.5014044476168,1,,0,,0,,0,,0
FIRMS_7BD4FDEB,29.90808,74.95317,14.38,367.0,90.0,2026-08-27T21:55:00Z,VIIRS,1336.754443067788,1,oil_refinery,0,0,1,0,0,0,0,0,0,,0,1336.754443067788,1,,0,,0,,0,,0
FIRMS_DE659F90,29.90838,74.95381,15.44,367.0,90.0,2026-08-27T21:55:00Z,VIIRS,1293.8545375153833,1,oil_refinery,0,0,1,0,0,0,0,0,0,,0,1293.8545375153833,1,,0,,0,,0,,0
FIRMS_EE75759D,29.90978,74.9471,14.38,319.17,60.0,2026-08-27T21:55:00Z,VIIRS,1397.6098914106328,1,oil_refinery,0,0,1,0,0,0,0,0,0,,0,1397.6098914106328,1,,0,,0,,0,,0
FIRMS_4C6CD221,29.91005,74.94773,28.69,319.45,60.0,2026-08-27T21:55:00Z,VIIRS,1337.7869831087346,1,oil_refinery,0,0,1,0,0,0,0,0,0,,0,1337.7869831087346,1,,0,,0,,0,,0
FIRMS_60E9426E,29.91436,74.95547,14.38,310.32,60.0,2026-08-27T21:55:00Z,VIIRS,616.4194445850086,1,oil_refinery,0,1,1,0,1,0,0,0,0,,0,616.4194445850086,1,,0,,0,,0,,0
FIRMS_D0ACA197,29.91466,74.95614,15.44,306.96,60.0,2026-08-27T21:55:00Z,VIIRS,584.2033520503687,1,oil_refinery,0,1,1,0,1,0,0,0,0,,0,584.2033520503687,1,,0,,0,,0,,0
FIRMS_7E24400E,29.91607,74.94938,14.38,305.84,60.0,2026-08-27T21:55:00Z,VIIRS,743.222241957221,1,oil_refinery,0,1,1,0,1,0,0,0,0,,0,743.222241957221,1,,0,,0,,0,,0
FIRMS_BD764E0D,8.71467,77.97586,6.6,332.45,60.0,2026-08-28T07:24:00Z,VIIRS,,0,,0,0,0,0,0,0,0,0,0,,0,,0,,0,,0,,0,,0
FIRMS_B837F095,8.72874,78.1054,9.62,335.79,60.0,2026-08-28T07:24:00Z,VIIRS,,0,,0,0,0,0,0,0,0,0,0,,0,,0,,0,,0,,0,,0
FIRMS_87BD7D3A,8.73258,78.10741,7.04,334.15,60.0,2026-08-28T07:24:00Z,VIIRS,,0,,0,0,0,0,0,0,0,0,0,,0,,0,,0,,0,,0,,0
FIRMS_0E50D961,9.277,78.39668,6.4,334.35,60.0,2026-08-28T07:24:00Z,VIIRS,,0,,0,0,0,0,0,0,0,0,0,,0,,0,,0,,0,,0,,0
FIRMS_23E6DAA7,9.27714,78.39496,4.62,335.92,60.0,2026-08-28T07:24:00Z,VIIRS,,0,,0,0,0,0,0,0,0,0,0,,0,,0,,0,,0,,0,,0
FIRMS_597FD825,14.49166,79.70969,6.57,339.76,60.0,2026-08-28T07:26:00Z,VIIRS,,0,,0,0,0,0,0,0,0,0,0,,0,,0,,0,,0,,0,,0
FIRMS_4AB0385C,14.49187,79.7094,5.47,335.09,60.0,2026-08-28T07:26:00Z,VIIRS,,0,,0,0,0,0,0,0,0,0,0,,0,,0,,0,,0,,0,,0
FIRMS_CB7F083F,14.75162,79.71841,2.94,330.88,60.0,2026-08-28T07:26:00Z,VIIRS,,0,,0,0,0,0,0,0,0,0,0,,0,,0,,0,,0,,0,,0
FIRMS_E2A61256,15.02867,79.75406,2.51,334.11,60.0,2026-08-28T07:26:00Z,VIIRS,,0,,0,0,0,0,0,0,0,0,0,,0,,0,,0,,0,,0,,0
FIRMS_3186F2AA,15.63637,79.58625,4.78,330.26,60.0,2026-08-28T07:26:00Z,VIIRS,,0,,0,0,0,0,0,0,0,0,0,,0,,0,,0,,0,,0,,0
FIRMS_D2AE5AB6,15.76769,79.49413,3.29,331.28,60.0,2026-08-28T07:26:00Z,VIIRS,,0,,0,0,0,0,0,0,0,0,0,,0,,0,,0,,0,,0,,0
FIRMS_89595D1B,21.74797,83.84405,4.65,332.09,60.0,2026-08-28T07:29:00Z,VIIRS,,0,,0,0,0,0,0,0,0,0,0,,0,,0,,0,,0,,0,,0
FIRMS_922F5EF0,22.36216,87.01751,4.8,332.41,60.0,2026-08-28T07:29:00Z,VIIRS,,0,,0,0,0,0,0,0,0,0,0,,0,,0,,0,,0,,0,,0
FIRMS_54EB27F7,22.377,87.2805,7.49,341.05,60.0,2026-08-28T07:29:00Z,VIIRS,,0,,0,0,0,0,0,0,0,0,0,,0,,0,,0,,0,,0,,0
FIRMS_113C577C,26.60799,90.33498,5.57,336.49,60.0,2026-08-28T07:29:00Z,VIIRS,,0,,0,0,0,0,0,0,0,0,0,,0,,0,,0,,0,,0,,0
FIRMS_75C117CA,28.31779,95.1801,4.86,329.86,60.0,2026-08-28T07:29:00Z,VIIRS,,0,,0,0,0,0,0,0,0,0,0,,0,,0,,0,,0,,0,,0
FIRMS_78454215,9.27846,78.39858,6.18,336.74,60.0,2026-08-28T09:05:00Z,VIIRS,,0,,0,0,0,0,0,0,0,0,0,,0,,0,,0,,0,,0,,0
FIRMS_F424627A,9.33079,77.52433,4.97,334.37,60.0,2026-08-28T09:05:00Z,VIIRS,,0,,0,0,0,0,0,0,0,0,0,,0,,0,,0,,0,,0,,0
FIRMS_53352735,9.33131,77.52667,1.72,334.29,60.0,2026-08-28T09:05:00Z,VIIRS,,0,,0,0,0,0,0,0,0,0,0,,0,,0,,0,,0,,0,,0
FIRMS_799202EA,9.4159,77.509,1.46,332.41,60.0,2026-08-28T09:05:00Z,VIIRS,,0,,0,0,0,0,0,0,0,0,0,,0,,0,,0,,0,,0,,0
FIRMS_24767F95,9.41621,77.50993,2.78,334.29,60.0,2026-08-28T09:05:00Z,VIIRS,,0,,0,0,0,0,0,0,0,0,0,,0,,0,,0,,0,,0,,0
FIRMS_6912C33F,25.9428,72.19143,18.43,351.1,60.0,2026-08-28T09:09:00Z,VIIRS,,0,,0,0,0,0,0,0,0,0,0,,0,,0,,0,,0,,0,,0
FIRMS_726A3D34,25.94312,72.19508,21.83,367.0,90.0,2026-08-28T09:09:00Z,VIIRS,,0,,0,0,0,0,0,0,0,0,0,,0,,0,,0,,0,,0,,0
FIRMS_AC31C21E,25.94344,72.1987,21.83,330.75,60.0,2026-08-28T09:09:00Z,VIIRS,,0,,0,0,0,0,0,0,0,0,0,,0,,0,,0,,0,,0,,0
FIRMS_6E8DB9B9,27.32473,95.27738,0.89,308.91,60.0,2026-08-28T19:53:00Z,VIIRS,135.7457328083248,1,oil_well,5,17,186,0,0,17,0,0,0,,0,,0,135.7457328083248,1,,0,,0,,0
FIRMS_1842D029,27.326,95.27651,0.92,309.19,60.0,2026-08-28T19:53:00Z,VIIRS,149.97499059468166,1,oil_well,4,19,184,0,0,19,0,0,0,,0,,0,149.97499059468166,1,,0,,0,,0
FIRMS_E6A63C47,27.37818,95.33735,2.81,310.91,60.0,2026-08-28T19:53:00Z,VIIRS,564.2603852389012,1,oil_well,0,7,104,0,0,7,0,0,0,,0,,0,564.2603852389012,1,,0,,0,,0
FIRMS_A7A202AA,27.37928,95.33176,3.02,306.89,60.0,2026-08-28T19:53:00Z,VIIRS,278.8354823662635,1,oil_well,1,4,102,0,0,4,0,0,0,,0,,0,278.8354823662635,1,,0,,0,,0
FIRMS_E6C5BF85,24.11609,86.8623,1.75,299.6,60.0,2026-08-28T19:55:00Z,VIIRS,,0,,0,0,0,0,0,0,0,0,0,,0,,0,,0,,0,,0,,0
FIRMS_0AE41D29,24.11668,86.85818,1.25,299.08,60.0,2026-08-28T19:55:00Z,VIIRS,,0,,0,0,0,0,0,0,0,0,0,,0,,0,,0,,0,,0,,0
FIRMS_CC89B525,13.71205,79.61907,2.67,307.18,60.0,2026-08-28T19:57:00Z,VIIRS,,0,,0,0,0,0,0,0,0,0,0,,0,,0,,0,,0,,0,,0
FIRMS_B70FF4FB,15.17497,77.10068,0.83,306.28,60.0,2026-08-28T19:57:00Z,VIIRS,,0,,0,0,0,0,0,0,0,0,0,,0,,0,,0,,0,,0,,0
FIRMS_E83EBFD1,15.17508,76.67622,0.95,297.14,60.0,2026-08-28T19:57:00Z,VIIRS,,0,,0,0,0,0,0,0,0,0,0,,0,,0,,0,,0,,0,,0
FIRMS_2F21BBCF,15.17742,76.65607,2.55,302.89,60.0,2026-08-28T19:57:00Z,VIIRS,,0,,0,0,0,0,0,0,0,0,0,,0,,0,,0,,0,,0,,0
FIRMS_37205F04,15.17891,76.65431,1.76,302.81,60.0,2026-08-28T19:57:00Z,VIIRS,,0,,0,0,0,0,0,0,0,0,0,,0,,0,,0,,0,,0,,0
FIRMS_0A7EEE7B,15.18081,76.67679,1.49,307.26,60.0,2026-08-28T19:57:00Z,VIIRS,4785.870388414288,1,power_plant,0,0,3,0,0,0,0,0,0,4785.870388414288,1,,0,,0,,0,,0,,0
FIRMS_7350B91A,15.18128,76.67277,2.0,310.62,60.0,2026-08-28T19:57:00Z,VIIRS,,0,,0,0,0,0,0,0,0,0,0,,0,,0,,0,,0,,0,,0
FIRMS_48EBEC60,15.18174,76.66875,2.0,301.69,60.0,2026-08-28T19:57:00Z,VIIRS,,0,,0,0,0,0,0,0,0,0,0,,0,,0,,0,,0,,0,,0
FIRMS_8BCDD23D,15.18244,76.67507,2.9,315.47,60.0,2026-08-28T19:57:00Z,VIIRS,4915.670325800688,1,power_plant,0,0,3,0,0,0,0,0,0,4915.670325800688,1,,0,,0,,0,,0,,0
FIRMS_141D3237,15.18288,76.67104,1.48,302.34,60.0,2026-08-28T19:57:00Z,VIIRS,,0,,0,0,0,0,0,0,0,0,0,,0,,0,,0,,0,,0,,0
FIRMS_7928D64D,15.18332,76.66703,1.48,307.26,60.0,2026-08-28T19:57:00Z,VIIRS,,0,,0,0,0,0,0,0,0,0,0,,0,,0,,0,,0,,0,,0
FIRMS_0009A305,15.18653,76.67741,1.49,301.38,60.0,2026-08-28T19:57:00Z,VIIRS,4577.176780808662,1,power_plant,0,0,3,0,0,0,0,0,0,4577.176780808662,1,,0,,0,,0,,0,,0
FIRMS_F5956E21,15.65942,73.98846,0.75,301.95,60.0,2026-08-28T19:57:00Z,VIIRS,,0,,0,0,0,0,0,0,0,0,0,,0,,0,,0,,0,,0,,0
FIRMS_816F38F1,15.66104,73.9874,0.86,299.07,60.0,2026-08-28T19:57:00Z,VIIRS,,0,,0,0,0,0,0,0,0,0,0,,0,,0,,0,,0,,0,,0
FIRMS_D9AD1465,17.46277,80.65205,2.54,305.23,60.0,2026-08-28T19:57:00Z,VIIRS,,0,,0,0,0,0,0,0,0,0,0,,0,,0,,0,,0,,0,,0
FIRMS_423D814A,17.46345,80.65358,1.06,305.28,60.0,2026-08-28T19:57:00Z,VIIRS,,0,,0,0,0,0,0,0,0,0,0,,0,,0,,0,,0,,0,,0
FIRMS_840D1CE0,17.95635,80.79659,1.61,310.34,60.0,2026-08-28T19:57:00Z,VIIRS,,0,,0,0,0,0,0,0,0,0,0,,0,,0,,0,,0,,0,,0
FIRMS_8CE3AC54,10.61728,77.41994,0.23,301.09,60.0,2026-08-28T20:00:00Z,VIIRS,,0,,0,0,0,0,0,0,0,0,0,,0,,0,,0,,0,,0,,0
FIRMS_014A6A5F,30.47519,76.58662,0.86,304.01,60.0,2026-08-28T21:33:00Z,VIIRS,,0,,0,0,0,0,0,0,0,0,0,,0,,0,,0,,0,,0,,0
FIRMS_63EAFDF0,24.66053,74.63365,1.34,302.81,60.0,2026-08-28T21:36:00Z,VIIRS,,0,,0,0,0,0,0,0,0,0,0,,0,,0,,0,,0,,0,,0
FIRMS_63B4EB90,25.94091,72.19165,2.14,311.26,60.0,2026-08-28T21:36:00Z,VIIRS,,0,,0,0,0,0,0,0,0,0,0,,0,,0,,0,,0,,0,,0
FIRMS_A3A92795,20.9107,71.46196,2.89,305.7,60.0,2026-08-28T21:38:00Z,VIIRS,1546.4768087852767,1,power_plant,0,0,1,0,0,0,0,0,0,1546.4768087852767,1,,0,,0,,0,,0,,0
FIRMS_9D9687EB,22.37586,87.27822,4.74,331.92,60.0,2026-08-29T07:07:00Z,VIIRS,,0,,0,0,0,0,0,0,0,0,0,,0,,0,,0,,0,,0,,0
FIRMS_57E08AA4,22.37665,87.28234,4.74,332.05,60.0,2026-08-29T07:07:00Z,VIIRS,,0,,0,0,0,0,0,0,0,0,0,,0,,0,,0,,0,,0,,0
FIRMS_C026052C,23.55899,87.24026,2.57,330.62,60.0,2026-08-29T07:09:00Z,VIIRS,798.4350850491358,1,oil_well,0,1,7,0,0,1,0,0,0,4346.271183340943,1,,0,798.4350850491358,1,,0,,0,,0
FIRMS_CB392859,28.10045,95.53236,2.14,330.43,60.0,2026-08-29T07:09:00Z,VIIRS,,0,,0,0,0,0,0,0,0,0,0,,0,,0,,0,,0,,0,,0
FIRMS_7E958F1A,31.65704,78.40268,4.03,329.09,30.0,2026-08-29T07:12:00Z,VIIRS,,0,,0,0,0,0,0,0,0,0,0,,0,,0,,0,,0,,0,,0
FIRMS_FB763AF6,8.57969,77.66151,3.72,339.99,60.0,2026-08-29T08:45:00Z,VIIRS,,0,,0,0,0,0,0,0,0,0,0,,0,,0,,0,,0,,0,,0
FIRMS_1F710B3D,8.60485,77.9724,3.44,339.73,60.0,2026-08-29T08:45:00Z,VIIRS,,0,,0,0,0,0,0,0,0,0,0,,0,,0,,0,,0,,0,,0
FIRMS_C2B7E7CF,8.60874,77.96722,2.7,336.02,60.0,2026-08-29T08:45:00Z,VIIRS,,0,,0,0,0,0,0,0,0,0,0,,0,,0,,0,,0,,0,,0
FIRMS_442DAD50,8.64795,77.83846,2.82,336.15,60.0,2026-08-29T08:45:00Z,VIIRS,,0,,0,0,0,0,0,0,0,0,0,,0,,0,,0,,0,,0,,0
FIRMS_636BAF81,8.65245,77.83784,1.92,330.16,60.0,2026-08-29T08:45:00Z,VIIRS,,0,,0,0,0,0,0,0,0,0,0,,0,,0,,0,,0,,0,,0
FIRMS_10D59802,8.74677,78.08665,2.69,332.55,60.0,2026-08-29T08:45:00Z,VIIRS,,0,,0,0,0,0,0,0,0,0,0,,0,,0,,0,,0,,0,,0
FIRMS_508F98F6,9.50563,77.60714,4.45,335.3,60.0,2026-08-29T08:45:00Z,VIIRS,,0,,0,0,0,0,0,0,0,0,0,,0,,0,,0,,0,,0,,0
FIRMS_E4212117,10.93459,78.47301,5.59,337.47,60.0,2026-08-29T08:45:00Z,VIIRS,,0,,0,0,0,0,0,0,0,0,0,,0,,0,,0,,0,,0,,0
FIRMS_537E1696,11.74922,79.71774,2.57,333.73,60.0,2026-08-29T08:45:00Z,VIIRS,,0,,0,0,0,0,0,0,0,0,0,,0,,0,,0,,0,,0,,0
FIRMS_F7FFBD25,11.83292,79.64937,2.65,332.56,60.0,2026-08-29T08:45:00Z,VIIRS,,0,,0,0,0,0,0,0,0,0,0,,0,,0,,0,,0,,0,,0
FIRMS_368332D7,12.17967,79.73842,7.67,344.66,60.0,2026-08-29T08:45:00Z,VIIRS,,0,,0,0,0,0,0,0,0,0,0,,0,,0,,0,,0,,0,,0
FIRMS_F0E780B8,13.51015,78.18242,6.93,335.03,60.0,2026-08-29T08:48:00Z,VIIRS,,0,,0,0,0,0,0,0,0,0,0,,0,,0,,0,,0,,0,,0
FIRMS_DDEC4E38,14.14709,77.40031,1.36,330.17,60.0,2026-08-29T08:48:00Z,VIIRS,,0,,0,0,0,0,0,0,0,0,0,,0,,0,,0,,0,,0,,0
FIRMS_0EFDB9D9,14.20221,79.16484,2.54,336.34,60.0,2026-08-29T08:48:00Z,VIIRS,,0,,0,0,0,0,0,0,0,0,0,,0,,0,,0,,0,,0,,0
FIRMS_E740A7F0,14.78831,79.94443,6.21,332.64,60.0,2026-08-29T08:48:00Z,VIIRS,,0,,0,0,0,0,0,0,0,0,0,,0,,0,,0,,0,,0,,0
FIRMS_321695DB,15.46434,80.16425,5.8,349.37,60.0,2026-08-29T08:48:00Z,VIIRS,,0,,0,0,0,0,0,0,0,0,0,,0,,0,,0,,0,,0,,0
FIRMS_12D8A934,15.47011,80.16361,5.8,333.26,60.0,2026-08-29T08:48:00Z,VIIRS,,0,,0,0,0,0,0,0,0,0,0,,0,,0,,0,,0,,0,,0
FIRMS_B9226F6E,16.22416,80.35689,3.15,334.08,60.0,2026-08-29T08:48:00Z,VIIRS,,0,,0,0,0,0,0,0,0,0,0,,0,,0,,0,,0,,0,,0
FIRMS_51CB98E8,16.34823,78.444,3.06,337.73,60.0,2026-08-29T08:48:00Z,VIIRS,,0,,0,0,0,0,0,0,0,0,0,,0,,0,,0,,0,,0,,0
FIRMS_2730D549,27.31574,72.3643,3.5,338.67,60.0,2026-08-29T08:52:00Z,VIIRS,4181.003864087073,1,solar_plant,0,0,2,0,0,0,0,0,0,,0,,0,,0,,0,,0,4181.003864087073,1
FIRMS_E94ADF1A,29.90926,74.9532,6.53,331.09,60.0,2026-08-29T08:52:00Z,VIIRS,1207.4022565807377,1,oil_refinery,0,0,1,0,0,0,0,0,0,,0,1207.4022565807377,1,,0,,0,,0,,0
FIRMS_235E2432,27.22117,95.34689,1.76,312.89,60.0,2026-08-29T19:36:00Z,VIIRS,75.03033385544235,1,oil_well,2,2,6,0,0,2,0,0,0,4874.016884296732,1,,0,75.03033385544235,1,,0,,0,,0
FIRMS_23665CEA,27.37603,95.33333,1.99,305.91,60.0,2026-08-29T19:36:00Z,VIIRS,159.0365554885193,1,oil_well,1,8,106,0,0,8,0,0,0,,0,,0,159.0365554885193,1,,0,,0,,0
FIRMS_008A0591,27.37836,95.08643,2.62,306.1,60.0,2026-08-29T19:36:00Z,VIIRS,313.3925553517133,1,oil_well,4,14,84,0,0,14,0,0,0,3535.822406249385,1,,0,313.3925553517133,1,,0,,0,,0
FIRMS_0391BD18,27.37933,95.33401,1.99,331.37,60.0,2026-08-29T19:36:00Z,VIIRS,302.78453286017697,1,oil_well,1,5,103,0,0,5,0,0,0,,0,,0,302.78453286017697,1,,0,,0,,0
FIRMS_5FD8188F,27.47018,95.42361,1.89,307.94,60.0,2026-08-29T19:36:00Z,VIIRS,918.2310772910153,1,oil_well,0,9,98,0,0,9,0,0,0,,0,,0,918.2310772910153,1,,0,,0,,0
FIRMS_E1CB059E,22.36034,87.01775,0.63,301.87,60.0,2026-08-29T19:38:00Z,VIIRS,,0,,0,0,0,0,0,0,0,0,0,,0,,0,,0,,0,,0,,0
FIRMS_D7A2D27D,22.36468,87.01837,0.63,303.34,60.0,2026-08-29T19:38:00Z,VIIRS,,0,,0,0,0,0,0,0,0,0,0,,0,,0,,0,,0,,0,,0
FIRMS_04D59994,22.36584,87.30197,0.61,304.37,60.0,2026-08-29T19:38:00Z,VIIRS,,0,,0,0,0,0,0,0,0,0,0,,0,,0,,0,,0,,0,,0
FIRMS_DD263A5B,22.37698,87.28178,0.46,298.14,60.0,2026-08-29T19:38:00Z,VIIRS,,0,,0,0,0,0,0,0,0,0,0,,0,,0,,0,,0,,0,,0
FIRMS_DA33AF98,22.37749,87.27749,0.46,301.79,60.0,2026-08-29T19:38:00Z,VIIRS,,0,,0,0,0,0,0,0,0,0,0,,0,,0,,0,,0,,0,,0
FIRMS_D1379B6B,9.75551,77.517,1.86,308.74,60.0,2026-08-29T19:40:00Z,VIIRS,,0,,0,0,0,0,0,0,0,0,0,,0,,0,,0,,0,,0,,0
FIRMS_19C32EDB,9.75605,77.51919,1.18,313.12,60.0,2026-08-29T19:40:00Z,VIIRS,,0,,0,0,0,0,0,0,0,0,0,,0,,0,,0,,0,,0,,0
FIRMS_B5867049,10.93793,78.46664,1.99,321.14,60.0,2026-08-29T19:40:00Z,VIIRS,,0,,0,0,0,0,0,0,0,0,0,,0,,0,,0,,0,,0,,0
FIRMS_1E51F120,10.94446,78.46751,1.99,302.27,60.0,2026-08-29T19:40:00Z,VIIRS,,0,,0,0,0,0,0,0,0,0,0,,0,,0,,0,,0,,0,,0
FIRMS_2A49D2D9,26.8731,73.51817,1.12,306.91,60.0,2026-08-29T21:16:00Z,VIIRS,,0,,0,0,0,0,0,0,0,0,0,,0,,0,,0,,0,,0,,0
FIRMS_820F7A1D,26.87508,73.5155,1.58,307.67,60.0,2026-08-29T21:16:00Z,VIIRS,,0,,0,0,0,0,0,0,0,0,0,,0,,0,,0,,0,,0,,0
FIRMS_EFA75A46,28.37428,77.22549,1.03,303.85,60.0,2026-08-29T21:16:00Z,VIIRS,,0,,0,0,0,0,0,0,0,0,0,,0,,0,,0,,0,,0,,0
FIRMS_5E12DA37,29.12339,75.77961,1.65,313.16,60.0,2026-08-29T21:16:00Z,VIIRS,,0,,0,0,0,0,0,0,0,0,0,,0,,0,,0,,0,,0,,0
FIRMS_D487EF3E,29.45932,76.89091,4.63,330.32,60.0,2026-08-29T21:16:00Z,VIIRS,2360.5097226240337,1,oil_refinery,0,0,1,0,0,0,0,0,0,,0,2360.5097226240337,1,,0,,0,,0,,0
FIRMS_8B9B04DD,24.66208,74.63699,0.36,297.67,60.0,2026-08-29T21:18:00Z,VIIRS,,0,,0,0,0,0,0,0,0,0,0,,0,,0,,0,,0,,0,,0
FIRMS_BE3DB8D8,24.66288,74.63297,0.45,297.52,60.0,2026-08-29T21:18:00Z,VIIRS,,0,,0,0,0,0,0,0,0,0,0,,0,,0,,0,,0,,0,,0
FIRMS_73A6E1EE,24.69089,73.00126,0.74,300.42,60.0,2026-08-29T21:18:00Z,VIIRS,,0,,0,0,0,0,0,0,0,0,0,,0,,0,,0,,0,,0,,0
FIRMS_6CE491EF,24.82164,73.09422,0.53,296.48,60.0,2026-08-29T21:18:00Z,VIIRS,,0,,0,0,0,0,0,0,0,0,0,,0,,0,,0,,0,,0,,0
FIRMS_AF75A485,25.94332,72.19199,0.98,305.54,60.0,2026-08-29T21:18:00Z,VIIRS,,0,,0,0,0,0,0,0,0,0,0,,0,,0,,0,,0,,0,,0
FIRMS_68E861BC,12.07226,78.52171,1.07,302.25,60.0,2026-08-29T21:21:00Z,VIIRS,,0,,0,0,0,0,0,0,0,0,0,,0,,0,,0,,0,,0,,0
FIRMS_EB8952AF,12.49513,76.73359,0.38,298.77,60.0,2026-08-29T21:21:00Z,VIIRS,,0,,0,0,0,0,0,0,0,0,0,,0,,0,,0,,0,,0,,0
FIRMS_914AACE2,13.03323,77.87466,0.36,295.27,60.0,2026-08-29T21:21:00Z,VIIRS,,0,,0,0,0,0,0,0,0,0,0,,0,,0,,0,,0,,0,,0
FIRMS_D208288F,18.68072,73.03546,1.16,301.74,60.0,2026-08-29T21:21:00Z,VIIRS,,0,,0,0,0,0,0,0,0,0,0,,0,,0,,0,,0,,0,,0
FIRMS_8A6A8898,18.68258,73.03453,1.27,301.67,60.0,2026-08-29T21:21:00Z,VIIRS,,0,,0,0,0,0,0,0,0,0,0,,0,,0,,0,,0,,0,,0
FIRMS_D793FCED,18.68334,73.03059,1.66,312.61,60.0,2026-08-29T21:21:00Z,VIIRS,,0,,0,0,0,0,0,0,0,0,0,,0,,0,,0,,0,,0,,0
FIRMS_2BD6BA19,18.68747,73.03146,1.66,301.4,60.0,2026-08-29T21:21:00Z,VIIRS,,0,,0,0,0,0,0,0,0,0,0,,0,,0,,0,,0,,0,,0
FIRMS_577DE12E,18.77881,73.74908,0.99,300.74,60.0,2026-08-29T21:21:00Z,VIIRS,,0,,0,0,0,0,0,0,0,0,0,,0,,0,,0,,0,,0,,0
FIRMS_E2390E56,9.75523,77.51794,2.38,313.52,60.0,2026-08-29T21:23:00Z,VIIRS,,0,,0,0,0,0,0,0,0,0,0,,0,,0,,0,,0,,0,,0
FIRMS_B893BA0C,10.94256,78.46865,2.26,309.17,60.0,2026-08-29T21:23:00Z,VIIRS,,0,,0,0,0,0,0,0,0,0,0,,0,,0,,0,,0,,0,,0
FIRMS_AE13B02A,27.98973,94.2222,18.02,336.75,60.0,2026-08-30T06:52:00Z,VIIRS,,0,,0,0,0,0,0,0,0,0,0,,0,,0,,0,,0,,0,,0
FIRMS_8A8ACD85,8.60875,77.83811,2.3,330.12,60.0,2026-08-30T08:26:00Z,VIIRS,,0,,0,0,0,0,0,0,0,0,0,,0,,0,,0,,0,,0,,0
FIRMS_5EBD28BA,8.78732,78.01003,4.32,339.42,60.0,2026-08-30T08:28:00Z,VIIRS,,0,,0,0,0,0,0,0,0,0,0,,0,,0,,0,,0,,0,,0
FIRMS_B058A4A1,8.80542,78.10815,2.62,335.36,60.0,2026-08-30T08:28:00Z,VIIRS,,0,,0,0,0,0,0,0,0,0,0,,0,,0,,0,,0,,0,,0
FIRMS_3F5B7CEC,8.88687,77.78855,3.0,336.67,60.0,2026-08-30T08:28:00Z,VIIRS,,0,,0,0,0,0,0,0,0,0,0,,0,,0,,0,,0,,0,,0
FIRMS_CB7DF347,8.91,77.59529,1.37,335.65,60.0,2026-08-30T08:28:00Z,VIIRS,,0,,0,0,0,0,0,0,0,0,0,,0,,0,,0,,0,,0,,0
FIRMS_6274D7DA,8.93239,77.96133,2.9,333.2,60.0,2026-08-30T08:28:00Z,VIIRS,,0,,0,0,0,0,0,0,0,0,0,,0,,0,,0,,0,,0,,0
FIRMS_910A8807,8.93294,77.9651,2.9,349.29,60.0,2026-08-30T08:28:00Z,VIIRS,,0,,0,0,0,0,0,0,0,0,0,,0,,0,,0,,0,,0,,0
FIRMS_084AD65F,9.11369,77.77237,1.37,334.29,60.0,2026-08-30T08:28:00Z,VIIRS,,0,,0,0,0,0,0,0,0,0,0,,0,,0,,0,,0,,0,,0
FIRMS_E2920E6F,9.15121,78.32916,1.56,331.35,60.0,2026-08-30T08:28:00Z,VIIRS,,0,,0,0,0,0,0,0,0,0,0,,0,,0,,0,,0,,0,,0
FIRMS_373E9768,9.32007,77.4914,2.53,333.17,60.0,2026-08-30T08:28:00Z,VIIRS,,0,,0,0,0,0,0,0,0,0,0,,0,,0,,0,,0,,0,,0
FIRMS_115AEA80,9.44417,77.66956,5.42,357.05,60.0,2026-08-30T08:28:00Z,VIIRS,,0,,0,0,0,0,0,0,0,0,0,,0,,0,,0,,0,,0,,0
FIRMS_FC4F3EA5,9.44472,77.67329,5.42,339.12,60.0,2026-08-30T08:28:00Z,VIIRS,,0,,0,0,0,0,0,0,0,0,0,,0,,0,,0,,0,,0,,0
FIRMS_BD97E355,9.49209,77.66238,7.59,342.98,60.0,2026-08-30T08:28:00Z,VIIRS,,0,,0,0,0,0,0,0,0,0,0,,0,,0,,0,,0,,0,,0
FIRMS_CD6B6F15,9.51278,78.066,10.29,343.56,60.0,2026-08-30T08:28:00Z,VIIRS,,0,,0,0,0,0,0,0,0,0,0,,0,,0,,0,,0,,0,,0
FIRMS_07C7B618,9.82619,77.39869,1.05,331.44,30.0,2026-08-30T08:28:00Z,VIIRS,,0,,0,0,0,0,0,0,0,0,0,,0,,0,,0,,0,,0,,0
FIRMS_D190A184,9.86126,78.18573,4.18,338.34,60.0,2026-08-30T08:28:00Z,VIIRS,,0,,0,0,0,0,0,0,0,0,0,,0,,0,,0,,0,,0,,0
FIRMS_429AEBAF,9.87797,78.03197,1.97,336.6,60.0,2026-08-30T08:28:00Z,VIIRS,,0,,0,0,0,0,0,0,0,0,0,,0,,0,,0,,0,,0,,0
FIRMS_37DAF64C,10.00316,76.4542,0.94,333.81,60.0,2026-08-30T08:28:00Z,VIIRS,,0,,0,0,0,0,0,0,0,0,0,,0,,0,,0,,0,,0,,0
FIRMS_01ACBF5E,11.80984,77.21425,61.33,335.6,60.0,2026-08-30T08:28:00Z,VIIRS,,0,,0,0,0,0,0,0,0,0,0,,0,,0,,0,,0,,0,,0
FIRMS_CAD0E1EF,12.07999,76.99017,3.7,338.02,60.0,2026-08-30T08:28:00Z,VIIRS,,0,,0,0,0,0,0,0,0,0,0,,0,,0,,0,,0,,0,,0
FIRMS_B148AB8A,12.48661,76.3177,3.61,336.89,60.0,2026-08-30T08:28:00Z,VIIRS,,0,,0,0,0,0,0,0,0,0,0,,0,,0,,0,,0,,0,,0
FIRMS_EB2E3E0A,12.81456,78.60983,2.64,333.07,60.0,2026-08-30T08:28:00Z,VIIRS,,0,,0,0,0,0,0,0,0,0,0,,0,,0,,0,,0,,0,,0
FIRMS_487297DA,13.9402,78.66064,2.81,331.18,60.0,2026-08-30T08:28:00Z,VIIRS,,0,,0,0,0,0,0,0,0,0,0,,0,,0,,0,,0,,0,,0
FIRMS_D56350D2,13.99587,79.86121,3.16,330.58,60.0,2026-08-30T08:28:00Z,VIIRS,,0,,0,0,0,0,0,0,0,0,0,,0,,0,,0,,0,,0,,0
FIRMS_2003BF2D,14.18999,77.3446,3.06,342.86,60.0,2026-08-30T08:28:00Z,VIIRS,,0,,0,0,0,0,0,0,0,0,0,,0,,0,,0,,0,,0,,0
FIRMS_F9584330,14.29174,77.98407,3.76,337.34,60.0,2026-08-30T08:28:00Z,VIIRS,,0,,0,0,0,0,0,0,0,0,0,,0,,0,,0,,0,,0,,0
FIRMS_453560E5,14.3499,77.63499,3.47,335.71,60.0,2026-08-30T08:28:00Z,VIIRS,,0,,0,0,0,0,0,0,0,0,0,,0,,0,,0,,0,,0,,0
FIRMS_C802465D,14.4991,79.69765,1.87,330.15,60.0,2026-08-30T08:28:00Z,VIIRS,,0,,0,0,0,0,0,0,0,0,0,,0,,0,,0,,0,,0,,0
FIRMS_09960F1B,14.50312,79.69711,1.54,336.85,60.0,2026-08-30T08:28:00Z,VIIRS,,0,,0,0,0,0,0,0,0,0,0,,0,,0,,0,,0,,0,,0
FIRMS_9EC62718,14.67836,76.89172,2.11,333.67,60.0,2026-08-30T08:28:00Z,VIIRS,,0,,0,0,0,0,0,0,0,0,0,,0,,0,,0,,0,,0,,0
FIRMS_A74E5A4B,14.69206,79.62556,2.12,331.61,60.0,2026-08-30T08:28:00Z,VIIRS,,0,,0,0,0,0,0,0,0,0,0,,0,,0,,0,,0,,0,,0
FIRMS_B21725C6,14.71446,79.98879,7.26,342.4,60.0,2026-08-30T08:28:00Z,VIIRS,,0,,0,0,0,0,0,0,0,0,0,,0,,0,,0,,0,,0,,0
FIRMS_7FFCAEF1,14.84624,78.37249,2.01,332.45,60.0,2026-08-30T08:28:00Z,VIIRS,,0,,0,0,0,0,0,0,0,0,0,,0,,0,,0,,0,,0,,0
FIRMS_99CC4385,15.43925,77.664,2.43,333.31,60.0,2026-08-30T08:28:00Z,VIIRS,,0,,0,0,0,0,0,0,0,0,0,,0,,0,,0,,0,,0,,0
FIRMS_8171FD34,15.93384,79.5267,4.06,343.13,60.0,2026-08-30T08:28:00Z,VIIRS,,0,,0,0,0,0,0,0,0,0,0,,0,,0,,0,,0,,0,,0
FIRMS_A5C246A0,19.7772,73.79005,2.03,333.97,60.0,2026-08-30T08:30:00Z,VIIRS,,0,,0,0,0,0,0,0,0,0,0,,0,,0,,0,,0,,0,,0
FIRMS_6DA56D1B,21.17639,74.58324,1.91,334.94,60.0,2026-08-30T08:30:00Z,VIIRS,,0,,0,0,0,0,0,0,0,0,0,,0,,0,,0,,0,,0,,0
FIRMS_DEF615FD,30.16407,74.51582,3.35,331.57,30.0,2026-08-30T08:35:00Z,VIIRS,,0,,0,0,0,0,0,0,0,0,0,,0,,0,,0,,0,,0,,0
FIRMS_D18FADD8,24.68952,73.00175,1.08,308.21,60.0,2026-08-30T20:57:00Z,VIIRS,,0,,0,0,0,0,0,0,0,0,0,,0,,0,,0,,0,,0,,0
FIRMS_56D87EB9,25.9433,72.19072,2.98,329.62,60.0,2026-08-30T20:57:00Z,VIIRS,,0,,0,0,0,0,0,0,0,0,0,,0,,0,,0,,0,,0,,0
FIRMS_033CDFAB,25.94431,72.19051,2.14,325.37,60.0,2026-08-30T20:57:00Z,VIIRS,,0,,0,0,0,0,0,0,0,0,0,,0,,0,,0,,0,,0,,0
FIRMS_B421F10E,26.60605,73.68385,0.71,305.13,60.0,2026-08-30T20:57:00Z,VIIRS,,0,,0,0,0,0,0,0,0,0,0,,0,,0,,0,,0,,0,,0
FIRMS_1D7353C9,26.87274,73.51597,1.35,306.77,60.0,2026-08-30T20:57:00Z,VIIRS,,0,,0,0,0,0,0,0,0,0,0,,0,,0,,0,,0,,0,,0
FIRMS_5CA43C2A,26.87605,73.51661,1.26,309.34,60.0,2026-08-30T20:57:00Z,VIIRS,,0,,0,0,0,0,0,0,0,0,0,,0,,0,,0,,0,,0,,0
FIRMS_44E9A802,26.87664,73.51275,1.39,304.99,60.0,2026-08-30T20:57:00Z,VIIRS,,0,,0,0,0,0,0,0,0,0,0,,0,,0,,0,,0,,0,,0
FIRMS_728B3DFA,27.66868,76.13271,0.32,296.11,60.0,2026-08-30T20:57:00Z,VIIRS,,0,,0,0,0,0,0,0,0,0,0,,0,,0,,0,,0,,0,,0
FIRMS_C7CC644B,27.66938,76.12862,0.32,299.11,60.0,2026-08-30T20:57:00Z,VIIRS,,0,,0,0,0,0,0,0,0,0,0,,0,,0,,0,,0,,0,,0
FIRMS_E8957ED8,28.74306,76.92912,1.91,316.04,60.0,2026-08-30T20:57:00Z,VIIRS,,0,,0,0,0,0,0,0,0,0,0,,0,,0,,0,,0,,0,,0
FIRMS_39A6F663,29.45914,76.89161,3.18,316.03,60.0,2026-08-30T20:57:00Z,VIIRS,2421.001909873589,1,oil_refinery,0,0,1,0,0,0,0,0,0,,0,2421.001909873589,1,,0,,0,,0,,0
FIRMS_8217523B,29.4759,76.85623,2.28,311.77,60.0,2026-08-30T20:57:00Z,VIIRS,1780.4887415204169,1,oil_refinery,0,0,1,0,0,0,0,0,0,,0,1780.4887415204169,1,,0,,0,,0,,0
FIRMS_9AF0BF7F,18.54634,74.25378,1.13,311.92,60.0,2026-08-30T20:59:00Z,VIIRS,,0,,0,0,0,0,0,0,0,0,0,,0,,0,,0,,0,,0,,0
FIRMS_F47A917C,18.68969,73.04101,1.57,304.97,60.0,2026-08-30T20:59:00Z,VIIRS,,0,,0,0,0,0,0,0,0,0,0,,0,,0,,0,,0,,0,,0
FIRMS_DCEAF6BA,18.69302,73.0416,3.62,319.89,60.0,2026-08-30T20:59:00Z,VIIRS,,0,,0,0,0,0,0,0,0,0,0,,0,,0,,0,,0,,0,,0
FIRMS_AAECEB22,19.93695,73.71136,2.32,323.05,60.0,2026-08-30T20:59:00Z,VIIRS,,0,,0,0,0,0,0,0,0,0,0,,0,,0,,0,,0,,0,,0
FIRMS_097D17C9,20.35619,72.94963,1.84,305.96,60.0,2026-08-30T20:59:00Z,VIIRS,,0,,0,0,0,0,0,0,0,0,0,,0,,0,,0,,0,,0,,0
FIRMS_D911C6C0,21.26307,72.94081,2.1,312.03,60.0,2026-08-30T20:59:00Z,VIIRS,3991.293356000733,1,oil_well,0,0,1,0,0,0,0,0,0,,0,,0,3991.293356000733,1,,0,,0,,0
FIRMS_27DD7D6D,21.79665,72.08905,1.45,308.36,60.0,2026-08-30T20:59:00Z,VIIRS,,0,,0,0,0,0,0,0,0,0,0,,0,,0,,0,,0,,0,,0
FIRMS_CA03CEF0,9.67002,77.45597,0.77,297.92,60.0,2026-08-30T21:01:00Z,VIIRS,,0,,0,0,0,0,0,0,0,0,0,,0,,0,,0,,0,,0,,0
FIRMS_C69C204B,11.62482,79.08276,0.94,304.91,60.0,2026-08-30T21:01:00Z,VIIRS,,0,,0,0,0,0,0,0,0,0,0,,0,,0,,0,,0,,0,,0
FIRMS_6A3C104A,13.71089,79.62021,1.05,304.97,60.0,2026-08-30T21:01:00Z,VIIRS,,0,,0,0,0,0,0,0,0,0,0,,0,,0,,0,,0,,0,,0
FIRMS_109E53CF,13.82755,79.33979,0.49,302.83,60.0,2026-08-30T21:01:00Z,VIIRS,,0,,0,0,0,0,0,0,0,0,0,,0,,0,,0,,0,,0,,0
FIRMS_ED1CF745,13.82812,79.33691,0.49,305.97,60.0,2026-08-30T21:01:00Z,VIIRS,,0,,0,0,0,0,0,0,0,0,0,,0,,0,,0,,0,,0,,0
FIRMS_697DB4F5,13.82816,79.33921,0.64,305.91,60.0,2026-08-30T21:01:00Z,VIIRS,,0,,0,0,0,0,0,0,0,0,0,,0,,0,,0,,0,,0,,0
FIRMS_58DA73A7,13.82868,79.33408,0.73,302.13,60.0,2026-08-30T21:01:00Z,VIIRS,,0,,0,0,0,0,0,0,0,0,0,,0,,0,,0,,0,,0,,0
FIRMS_2E45A823,13.82871,79.33633,0.64,304.76,60.0,2026-08-30T21:01:00Z,VIIRS,,0,,0,0,0,0,0,0,0,0,0,,0,,0,,0,,0,,0,,0
FIRMS_04AEF0D8,15.16888,76.67051,0.4,297.02,60.0,2026-08-30T21:01:00Z,VIIRS,,0,,0,0,0,0,0,0,0,0,0,,0,,0,,0,,0,,0,,0
FIRMS_519A63DC,15.17345,76.78623,0.79,302.27,60.0,2026-08-30T21:01:00Z,VIIRS,,0,,0,0,0,0,0,0,0,0,0,,0,,0,,0,,0,,0,,0
FIRMS_407E663F,15.17362,76.69113,0.52,301.13,60.0,2026-08-30T21:01:00Z,VIIRS,3742.871245425733,1,power_plant,0,0,3,0,0,0,0,0,0,3742.871245425733,1,,0,,0,,0,,0,,0
FIRMS_4DAE0938,15.1757,76.65623,3.12,320.74,60.0,2026-08-30T21:01:00Z,VIIRS,,0,,0,0,0,0,0,0,0,0,0,,0,,0,,0,,0,,0,,0
FIRMS_78E23624,15.17636,76.67603,2.05,312.47,60.0,2026-08-30T21:01:00Z,VIIRS,,0,,0,0,0,0,0,0,0,0,0,,0,,0,,0,,0,,0,,0
FIRMS_FB54D6B6,15.17842,76.66464,1.47,301.31,60.0,2026-08-30T21:01:00Z,VIIRS,,0,,0,0,0,0,0,0,0,0,0,,0,,0,,0,,0,,0,,0
FIRMS_7A2ED9D6,15.18182,76.66927,1.46,302.97,60.0,2026-08-30T21:01:00Z,VIIRS,,0,,0,0,0,0,0,0,0,0,0,,0,,0,,0,,0,,0,,0
FIRMS_3A843570,15.1825,76.66548,1.46,315.65,60.0,2026-08-30T21:01:00Z,VIIRS,,0,,0,0,0,0,0,0,0,0,0,,0,,0,,0,,0,,0,,0
