id,latitude,longitude,frp,brightness_temperature,confidence,timestamp,satellite
FIRMS_7545C7A6,7.15492,81.78719,8.34,338.59,60.0,2026-08-01T07:48:00Z,N20
FIRMS_7739D18A,7.16476,81.78166,6.29,334.29,60.0,2026-08-01T07:48:00Z,N20
FIRMS_1791610E,7.18044,81.77972,6.91,337.14,60.0,2026-08-01T07:48:00Z,N20
FIRMS_4A3A591B,7.21196,81.79849,6.99,328.96,30.0,2026-08-01T07:48:00Z,N20
FIRMS_B2359E9D,7.2475,81.82053,7.01,333.23,30.0,2026-08-01T07:48:00Z,N20
FIRMS_FA268B6F,7.24976,81.81227,6.11,337.22,60.0,2026-08-01T07:48:00Z,N20
FIRMS_18E8F563,7.26533,81.79796,6.13,330.86,60.0,2026-08-01T07:48:00Z,N20
FIRMS_05A7036B,8.6523,81.12926,14.18,337.26,60.0,2026-08-01T07:48:00Z,N20
FIRMS_7B8EB235,8.75609,78.18428,4.18,333.7,60.0,2026-08-01T07:50:00Z,N20
FIRMS_3A705803,8.7568,78.18086,7.43,337.41,60.0,2026-08-01T07:50:00Z,N20
FIRMS_BA1BC1B0,8.75747,78.18472,8.63,341.86,60.0,2026-08-01T07:50:00Z,N20
FIRMS_45CABF6E,9.39618,78.85063,10.2,345.85,60.0,2026-08-01T07:50:00Z,N20
FIRMS_5ACA075E,9.68989,78.37985,4.34,335.15,60.0,2026-08-01T07:50:00Z,N20
FIRMS_5E1FE566,10.26295,79.14907,2.67,331.65,60.0,2026-08-01T07:50:00Z,N20
FIRMS_4F68B0D5,10.38009,78.3605,2.77,331.79,60.0,2026-08-01T07:50:00Z,N20
FIRMS_E638063B,10.96096,79.73511,2.48,331.46,60.0,2026-08-01T07:50:00Z,N20
FIRMS_2A048F48,11.02383,78.76881,1.68,332.56,60.0,2026-08-01T07:50:00Z,N20
FIRMS_AEBC2944,11.05059,79.3532,10.81,341.89,60.0,2026-08-01T07:50:00Z,N20
FIRMS_E03F1C38,11.15094,78.02576,1.56,330.71,60.0,2026-08-01T07:50:00Z,N20
FIRMS_5160FE9A,11.155,77.7301,2.37,330.49,60.0,2026-08-01T07:50:00Z,N20
FIRMS_19457FFD,11.27329,78.15312,3.22,337.74,60.0,2026-08-01T07:50:00Z,N20
FIRMS_7B117115,11.29113,79.78253,5.38,335.48,60.0,2026-08-01T07:50:00Z,N20
FIRMS_6A04DA33,11.72811,78.7383,4.81,333.55,60.0,2026-08-01T07:50:00Z,N20
FIRMS_CBA78E8F,11.87308,79.73968,2.46,332.62,60.0,2026-08-01T07:50:00Z,N20
FIRMS_D89E1DD1,11.87655,79.37332,9.09,337.57,60.0,2026-08-01T07:50:00Z,N20
FIRMS_7D356B97,11.93526,79.55087,2.33,335.31,60.0,2026-08-01T07:50:00Z,N20
FIRMS_9F0DE6C3,12.41949,80.10271,7.3,335.44,60.0,2026-08-01T07:50:00Z,N20
FIRMS_203E35DD,12.57915,79.24837,3.02,332.54,60.0,2026-08-01T07:50:00Z,N20
FIRMS_3439F62D,20.96636,86.01635,8.5,335.7,60.0,2026-08-01T07:52:00Z,N20
FIRMS_BC0B4854,21.29788,81.60934,3.09,330.83,60.0,2026-08-01T07:52:00Z,N20
FIRMS_64B34FAC,21.74177,83.84429,5.46,338.72,60.0,2026-08-01T07:52:00Z,N20
FIRMS_7EAEA21B,21.74533,83.84377,11.96,348.35,60.0,2026-08-01T07:52:00Z,N20
FIRMS_0A6569E9,21.74889,83.84324,11.96,341.48,60.0,2026-08-01T07:52:00Z,N20
FIRMS_349EB44C,21.75245,83.84271,3.13,333.3,60.0,2026-08-01T07:52:00Z,N20
FIRMS_8D0B28A2,21.756,83.84217,3.13,334.59,60.0,2026-08-01T07:52:00Z,N20
FIRMS_D6A1B289,21.75659,83.8465,3.13,334.92,60.0,2026-08-01T07:52:00Z,N20
FIRMS_A69875F5,21.91989,83.35123,3.41,343.28,60.0,2026-08-01T07:52:00Z,N20
FIRMS_76F1E379,22.3573,82.3028,8.32,345.09,60.0,2026-08-01T07:52:00Z,N20
FIRMS_61C5BA85,22.78513,86.20668,5.76,330.33,60.0,2026-08-01T07:52:00Z,N20
FIRMS_C0B81F20,22.78832,86.19825,4.18,333.15,60.0,2026-08-01T07:52:00Z,N20
FIRMS_0242E399,23.78719,85.55325,2.53,332.66,60.0,2026-08-01T07:52:00Z,N20
FIRMS_B3B87C89,24.14243,82.71046,4.02,330.26,60.0,2026-08-01T07:52:00Z,N20
FIRMS_0808050D,24.16346,82.63028,4.87,330.04,60.0,2026-08-01T07:52:00Z,N20
FIRMS_CE1725DD,24.20259,82.70964,5.41,331.81,60.0,2026-08-01T07:52:00Z,N20
FIRMS_D737FC10,29.52299,72.76475,2.69,330.53,60.0,2026-08-01T07:56:00Z,N20
FIRMS_7C443B2F,29.60646,71.54229,11.1,346.03,60.0,2026-08-01T07:56:00Z,N20
FIRMS_0394F9B4,29.80593,72.38356,6.16,349.26,60.0,2026-08-01T07:56:00Z,N20
FIRMS_91BC44C9,29.96546,72.96613,2.56,335.77,60.0,2026-08-01T07:56:00Z,N20
FIRMS_231C3357,29.98762,72.57277,2.84,333.62,60.0,2026-08-01T07:56:00Z,N20
FIRMS_1DF1426A,29.98811,72.53374,2.59,335.92,60.0,2026-08-01T07:56:00Z,N20
FIRMS_D7DB9E1E,29.99213,72.53266,2.84,340.2,60.0,2026-08-01T07:56:00Z,N20
FIRMS_393A53AD,30.30417,73.71015,3.46,330.75,60.0,2026-08-01T07:56:00Z,N20
FIRMS_187740A7,30.3042,73.7068,6.0,332.96,60.0,2026-08-01T07:56:00Z,N20
FIRMS_488A6417,30.53295,72.80669,4.0,340.79,60.0,2026-08-01T07:56:00Z,N20
FIRMS_92A6036E,35.36547,68.50069,3.22,330.25,30.0,2026-08-01T07:56:00Z,N20
FIRMS_DE422A79,29.78957,91.60756,1.09,295.34,60.0,2026-08-01T20:17:00Z,N20
FIRMS_FACB6761,32.57515,72.56046,1.5,307.76,60.0,2026-08-01T20:17:00Z,N20
FIRMS_D189E6B4,33.27346,71.5911,7.12,326.31,60.0,2026-08-01T20:17:00Z,N20
FIRMS_EF03E1CF,33.40935,71.93722,1.15,305.96,60.0,2026-08-01T20:17:00Z,N20
FIRMS_1A82A6E8,22.37671,87.27874,1.95,311.91,60.0,2026-08-01T20:19:00Z,N20
FIRMS_BE2A1B8F,23.16289,82.33456,0.58,295.63,60.0,2026-08-01T20:19:00Z,N20
FIRMS_6F1FAAA4,23.16494,82.3429,0.96,295.32,60.0,2026-08-01T20:19:00Z,N20
FIRMS_91BFACAA,23.16558,82.33907,0.58,309.5,60.0,2026-08-01T20:19:00Z,N20
FIRMS_228E7A05,23.16828,82.34354,0.59,295.31,60.0,2026-08-01T20:19:00Z,N20
FIRMS_C2F3938C,23.64702,85.44136,2.23,312.65,60.0,2026-08-01T20:19:00Z,N20
FIRMS_C8746137,23.64797,85.43639,2.23,307.59,60.0,2026-08-01T20:19:00Z,N20
FIRMS_C5B5CBC6,23.67752,86.4006,0.96,300.56,60.0,2026-08-01T20:19:00Z,N20
FIRMS_D6FCF2CD,23.67825,86.39687,0.96,303.28,60.0,2026-08-01T20:19:00Z,N20
FIRMS_78C285F4,23.67898,86.39319,0.53,298.2,60.0,2026-08-01T20:19:00Z,N20
FIRMS_D5B74BF0,23.68017,86.09469,3.14,325.52,60.0,2026-08-01T20:19:00Z,N20
FIRMS_2A64D826,23.68292,86.39404,0.92,308.4,60.0,2026-08-01T20:19:00Z,N20
FIRMS_91354751,23.68404,86.0956,3.14,306.81,60.0,2026-08-01T20:19:00Z,N20
FIRMS_A9B87C09,23.68686,86.39489,0.92,298.84,60.0,2026-08-01T20:19:00Z,N20
FIRMS_B1900871,23.68758,86.39125,0.92,302.55,60.0,2026-08-01T20:19:00Z,N20
FIRMS_8DBB36E8,23.69513,85.28842,1.74,306.7,60.0,2026-08-01T20:19:00Z,N20
FIRMS_BEFA4FC8,23.73701,86.43325,1.05,306.48,60.0,2026-08-01T20:19:00Z,N20
FIRMS_BB04C865,23.75916,86.4034,0.76,300.03,60.0,2026-08-01T20:19:00Z,N20
FIRMS_6427EA88,23.7631,86.40427,1.7,300.18,60.0,2026-08-01T20:19:00Z,N20
FIRMS_564C1D5D,23.77422,86.36267,1.21,295.99,60.0,2026-08-01T20:19:00Z,N20
FIRMS_74DBC4B0,23.77842,86.38842,0.69,295.34,60.0,2026-08-01T20:19:00Z,N20
FIRMS_84B31A76,23.78183,85.57716,1.37,301.41,60.0,2026-08-01T20:19:00Z,N20
FIRMS_D6C3E447,23.78277,85.5721,1.05,300.92,60.0,2026-08-01T20:19:00Z,N20
FIRMS_CE699502,23.78337,86.34074,1.73,298.07,60.0,2026-08-01T20:19:00Z,N20
FIRMS_ED8CBA6E,23.78371,85.56706,1.05,300.4,60.0,2026-08-01T20:19:00Z,N20
FIRMS_8977C0EF,23.78638,86.34246,1.52,297.56,60.0,2026-08-01T20:19:00Z,N20
FIRMS_EE447B56,23.78652,85.55202,2.64,309.45,60.0,2026-08-01T20:19:00Z,N20
FIRMS_3D31D3BC,23.79527,86.23495,1.41,297.43,60.0,2026-08-01T20:19:00Z,N20
FIRMS_D584ADC6,23.79707,86.35059,1.57,300.13,60.0,2026-08-01T20:19:00Z,N20
FIRMS_B473ECB2,23.80529,86.32943,2.18,312.24,60.0,2026-08-01T20:19:00Z,N20
FIRMS_94008408,23.82386,85.49789,2.56,308.15,60.0,2026-08-01T20:19:00Z,N20
FIRMS_E1306B69,24.11791,86.85925,2.23,308.61,60.0,2026-08-01T20:19:00Z,N20
FIRMS_0D95D20C,24.12118,86.86406,1.42,309.77,60.0,2026-08-01T20:19:00Z,N20
FIRMS_5728A149,24.12186,86.86384,1.42,309.91,60.0,2026-08-01T20:19:00Z,N20
FIRMS_274ED838,24.76533,74.60587,1.08,305.62,60.0,2026-08-01T20:19:00Z,N20
FIRMS_68E846CC,25.03351,87.3898,1.33,301.06,60.0,2026-08-01T20:19:00Z,N20
FIRMS_978245C3,26.64038,79.47826,1.01,308.02,60.0,2026-08-01T20:19:00Z,N20
FIRMS_A30757F0,26.64381,79.47885,1.55,311.21,60.0,2026-08-01T20:19:00Z,N20
FIRMS_4F0EBEED,35.9713,68.68418,1.54,303.96,60.0,2026-08-01T20:19:00Z,N20
FIRMS_25B4F49C,17.13884,77.17729,0.77,305.53,60.0,2026-08-01T20:21:00Z,N20
FIRMS_5DC1E5D3,17.14112,77.18571,1.18,307.49,60.0,2026-08-01T20:21:00Z,N20
FIRMS_F98AD4A8,17.61027,83.2024,0.69,300.35,60.0,2026-08-01T20:21:00Z,N20
FIRMS_30AB353B,20.69718,78.63522,0.71,307.55,60.0,2026-08-01T20:21:00Z,N20
FIRMS_48E2CD24,21.00937,80.87962,1.13,303.97,60.0,2026-08-01T20:21:00Z,N20
FIRMS_1097F311,21.17946,81.38543,1.7,306.98,60.0,2026-08-01T20:21:00Z,N20
FIRMS_BD522A48,21.18277,81.38604,1.7,323.77,60.0,2026-08-01T20:21:00Z,N20
FIRMS_12E43629,21.18547,81.39037,1.15,309.62,60.0,2026-08-01T20:21:00Z,N20
FIRMS_8688BE37,21.18878,81.39098,1.15,312.27,60.0,2026-08-01T20:21:00Z,N20
FIRMS_04B05068,21.18909,81.20028,0.81,309.08,60.0,2026-08-01T20:21:00Z,N20
FIRMS_C1460269,21.24936,79.20856,0.67,303.01,60.0,2026-08-01T20:21:00Z,N20
FIRMS_EBF36E50,21.33537,78.96964,1.16,309.48,60.0,2026-08-01T20:21:00Z,N20
FIRMS_4DD8EC5A,21.33872,78.97022,1.04,310.54,60.0,2026-08-01T20:21:00Z,N20
FIRMS_08E8E044,21.56129,81.75552,2.0,308.68,60.0,2026-08-01T20:21:00Z,N20
FIRMS_973C132F,21.62338,81.79445,1.77,308.07,60.0,2026-08-01T20:21:00Z,N20
FIRMS_4B78354B,21.63124,82.11251,0.62,304.85,60.0,2026-08-01T20:21:00Z,N20
FIRMS_F684FC09,21.67444,82.08134,0.76,304.84,60.0,2026-08-01T20:21:00Z,N20
FIRMS_780FF5C3,21.73024,82.21424,1.78,309.17,60.0,2026-08-01T20:21:00Z,N20
FIRMS_1E136A2F,22.00468,82.67042,1.63,314.24,60.0,2026-08-01T20:21:00Z,N20
FIRMS_911CB83E,22.31705,82.53432,0.25,296.12,60.0,2026-08-01T20:21:00Z,N20
FIRMS_D5111F02,22.31848,82.56682,0.47,298.12,60.0,2026-08-01T20:21:00Z,N20
FIRMS_BD642C05,22.31914,82.56291,0.57,301.39,60.0,2026-08-01T20:21:00Z,N20
FIRMS_F8828265,22.32185,82.56748,0.47,295.04,60.0,2026-08-01T20:21:00Z,N20
FIRMS_B4B52826,22.32251,82.56358,0.57,295.39,60.0,2026-08-01T20:21:00Z,N20
FIRMS_200973EB,22.32516,82.54797,0.87,298.63,60.0,2026-08-01T20:21:00Z,N20
FIRMS_D1A88DA3,22.33272,82.60599,0.4,299.53,60.0,2026-08-01T20:21:00Z,N20
FIRMS_E979D460,22.35636,82.30221,1.97,309.28,60.0,2026-08-01T20:21:00Z,N20
FIRMS_E7A25E47,22.3597,82.30285,1.97,323.6,60.0,2026-08-01T20:21:00Z,N20
FIRMS_3F525A3B,10.63879,77.44735,0.32,301.63,60.0,2026-08-01T20:23:00Z,N20
FIRMS_190E7E14,10.81198,79.84731,1.81,314.36,60.0,2026-08-01T20:23:00Z,N20
FIRMS_4E67024B,11.26742,80.00588,0.99,307.95,60.0,2026-08-01T20:23:00Z,N20
FIRMS_549FF9F2,11.28767,79.75057,2.43,330.43,60.0,2026-08-01T20:23:00Z,N20
FIRMS_7512E035,11.36164,79.23067,1.81,307.7,60.0,2026-08-01T20:23:00Z,N20
FIRMS_70C600D6,11.42618,77.49764,1.15,314.74,60.0,2026-08-01T20:23:00Z,N20
FIRMS_A7D292D1,11.81586,77.9163,0.63,305.33,60.0,2026-08-01T20:23:00Z,N20
FIRMS_9E720354,7.03604,81.24492,0.87,304.19,60.0,2026-08-01T20:25:00Z,N20
FIRMS_39E7CEC2,7.03618,81.24301,1.16,305.79,60.0,2026-08-01T20:25:00Z,N20
FIRMS_E0EA65AE,7.03998,81.24352,1.26,306.86,60.0,2026-08-01T20:25:00Z,N20
FIRMS_118578FA,7.04714,81.1767,0.9,297.41,60.0,2026-08-01T20:25:00Z,N20
FIRMS_B8A7811E,7.20728,81.21847,3.7,311.49,60.0,2026-08-01T20:25:00Z,N20
FIRMS_FCC448FB,7.54079,81.26852,1.28,304.44,60.0,2026-08-01T20:25:00Z,N20
FIRMS_8FE99879,8.45661,80.74599,2.5,321.42,60.0,2026-08-01T20:25:00Z,N20
FIRMS_D078D9FE,8.66925,77.99277,0.82,304.57,60.0,2026-08-01T20:25:00Z,N20
FIRMS_D31D5531,8.82361,78.08907,1.24,306.98,60.0,2026-08-01T20:25:00Z,N20
FIRMS_5E02DF65,8.82417,78.08559,1.24,306.46,60.0,2026-08-01T20:25:00Z,N20
FIRMS_7646A815,8.82692,78.08961,8.97,324.72,60.0,2026-08-01T20:25:00Z,N20
FIRMS_A67CA8EC,8.82747,78.08612,8.97,331.31,60.0,2026-08-01T20:25:00Z,N20
FIRMS_2D3ED1BB,35.96586,68.68298,2.36,305.35,60.0,2026-08-01T21:57:00Z,N20
FIRMS_FC5FC276,7.68248,81.29657,7.39,331.18,60.0,2026-08-02T07:29:00Z,N20
FIRMS_1C866D22,7.75708,81.52728,7.96,341.01,60.0,2026-08-02T07:29:00Z,N20
FIRMS_FB95CDA2,8.28535,80.60687,6.98,339.89,60.0,2026-08-02T07:29:00Z,N20
FIRMS_D660E2C3,8.56619,80.62856,9.12,337.91,60.0,2026-08-02T07:29:00Z,N20
FIRMS_E79FE28E,8.70023,80.35919,2.34,336.03,60.0,2026-08-02T07:29:00Z,N20
FIRMS_3F892A21,8.70074,80.36208,2.34,330.83,60.0,2026-08-02T07:29:00Z,N20
FIRMS_F233D227,10.61565,79.65601,2.93,338.06,60.0,2026-08-02T07:29:00Z,N20
FIRMS_E55BE802,10.88474,79.83207,1.48,339.26,60.0,2026-08-02T07:29:00Z,N20
FIRMS_3909F940,10.94911,79.78835,4.2,339.3,60.0,2026-08-02T07:29:00Z,N20
FIRMS_45F5DD34,11.18027,79.53069,1.63,336.33,60.0,2026-08-02T07:29:00Z,N20
FIRMS_2FC56670,7.16999,81.77994,4.81,329.26,60.0,2026-08-02T07:31:00Z,N20
FIRMS_4892368D,7.54091,81.27697,4.03,327.74,60.0,2026-08-02T07:31:00Z,N20
FIRMS_BFDA752D,7.60072,81.45616,6.96,334.26,60.0,2026-08-02T07:31:00Z,N20
FIRMS_CE587DDD,7.60303,81.45903,3.47,328.42,60.0,2026-08-02T07:31:00Z,N20
FIRMS_4132F0D3,7.66781,81.58091,6.35,331.71,60.0,2026-08-02T07:31:00Z,N20
FIRMS_7CB3576F,7.67442,81.45161,3.62,329.65,60.0,2026-08-02T07:31:00Z,N20
FIRMS_6F78BEC3,7.67674,81.60474,2.08,328.56,60.0,2026-08-02T07:31:00Z,N20
FIRMS_12096A6E,7.67839,81.55878,3.35,328.4,60.0,2026-08-02T07:31:00Z,N20
FIRMS_1C8ABE14,7.68139,81.60391,2.08,334.32,60.0,2026-08-02T07:31:00Z,N20
FIRMS_E64C8491,7.68155,81.29388,5.12,329.89,60.0,2026-08-02T07:31:00Z,N20
FIRMS_532CCCE2,7.69622,81.55059,6.85,335.44,60.0,2026-08-02T07:31:00Z,N20
FIRMS_488F6AFF,11.49028,79.55821,3.37,339.59,60.0,2026-08-02T07:31:00Z,N20
FIRMS_23318275,12.04076,79.63448,6.1,340.49,60.0,2026-08-02T07:31:00Z,N20
FIRMS_3C442EFF,12.06237,78.75201,6.24,367.0,90.0,2026-08-02T07:31:00Z,N20
FIRMS_686848B0,13.6854,78.08358,4.31,340.21,60.0,2026-08-02T07:31:00Z,N20
FIRMS_9A63E641,14.67235,79.53287,3.82,331.94,60.0,2026-08-02T07:31:00Z,N20
FIRMS_29B3E53E,15.1253,76.765,3.26,335.8,60.0,2026-08-02T07:31:00Z,N20
FIRMS_18999DD0,17.34344,80.85319,11.86,345.23,60.0,2026-08-02T07:31:00Z,N20
FIRMS_2F4E2C51,17.60891,83.20403,8.52,338.42,60.0,2026-08-02T07:31:00Z,N20
FIRMS_B5343992,19.10179,82.16485,4.25,330.28,60.0,2026-08-02T07:31:00Z,N20
FIRMS_527565A2,20.96793,86.00375,6.18,337.35,60.0,2026-08-02T07:33:00Z,N20
FIRMS_DC543B58,21.07794,85.03757,10.2,332.32,30.0,2026-08-02T07:33:00Z,N20
FIRMS_ED87DAD8,21.67383,84.04063,3.05,330.91,30.0,2026-08-02T07:33:00Z,N20
FIRMS_75B1CF2F,21.67717,84.04002,6.52,337.96,30.0,2026-08-02T07:33:00Z,N20
FIRMS_65DE1DC9,21.74012,83.84264,5.04,331.9,30.0,2026-08-02T07:33:00Z,N20
FIRMS_0A72CB93,21.74349,83.842,5.04,345.51,30.0,2026-08-02T07:33:00Z,N20
FIRMS_04CDC5B2,21.74748,83.84521,17.84,337.28,30.0,2026-08-02T07:33:00Z,N20
FIRMS_8882C23A,21.7542,83.84396,9.87,346.78,30.0,2026-08-02T07:33:00Z,N20
FIRMS_E435AB77,21.76219,83.85041,7.29,336.0,30.0,2026-08-02T07:33:00Z,N20
FIRMS_02CB4E8D,21.76636,84.02389,6.79,338.6,30.0,2026-08-02T07:33:00Z,N20
FIRMS_6595E03C,22.35583,82.3048,4.59,331.86,30.0,2026-08-02T07:33:00Z,N20
FIRMS_1340C9A8,22.35817,87.29308,2.61,330.47,60.0,2026-08-02T07:33:00Z,N20
FIRMS_7878B076,22.35936,82.30412,5.03,339.68,60.0,2026-08-02T07:33:00Z,N20
FIRMS_43CA0758,22.36522,87.01934,6.81,330.83,60.0,2026-08-02T07:33:00Z,N20
FIRMS_4B5D4C89,22.37743,87.27801,5.9,347.93,60.0,2026-08-02T07:33:00Z,N20
FIRMS_25490C05,22.37799,87.28196,5.9,338.58,60.0,2026-08-02T07:33:00Z,N20
FIRMS_DFBC7F8F,22.57195,85.89941,2.55,331.09,60.0,2026-08-02T07:33:00Z,N20
FIRMS_09AAF790,23.16589,82.34008,4.03,331.55,30.0,2026-08-02T07:33:00Z,N20
FIRMS_483F1B8C,26.00009,93.45987,1.85,333.39,60.0,2026-08-02T07:33:00Z,N20
FIRMS_D594E598,28.18286,76.60889,3.39,337.22,60.0,2026-08-02T07:35:00Z,N20
FIRMS_7254A28A,29.59424,76.10698,3.14,333.3,60.0,2026-08-02T07:35:00Z,N20
FIRMS_7719CD2C,29.59477,76.10917,5.64,331.84,60.0,2026-08-02T07:35:00Z,N20
FIRMS_17C32096,29.59857,76.10577,4.28,343.58,60.0,2026-08-02T07:35:00Z,N20
FIRMS_23865208,29.59909,76.10796,5.9,338.67,60.0,2026-08-02T07:35:00Z,N20
FIRMS_1A7C7B34,29.63628,77.26997,4.27,334.98,60.0,2026-08-02T07:35:00Z,N20
FIRMS_84BD10E2,29.80556,72.29185,2.55,339.4,60.0,2026-08-02T07:35:00Z,N20
FIRMS_FDE06504,29.99296,73.6627,2.99,344.36,60.0,2026-08-02T07:35:00Z,N20
FIRMS_675E9883,29.99912,72.49616,2.05,334.91,60.0,2026-08-02T07:35:00Z,N20
FIRMS_CE5660D3,30.05933,71.42972,4.75,343.27,60.0,2026-08-02T07:35:00Z,N20
FIRMS_BB707827,30.06067,71.42578,5.52,330.91,60.0,2026-08-02T07:35:00Z,N20
FIRMS_B034A7B9,30.06179,71.43018,4.03,333.93,60.0,2026-08-02T07:35:00Z,N20
FIRMS_091B5D9E,30.31361,73.75098,2.25,330.67,60.0,2026-08-02T07:35:00Z,N20
FIRMS_73BDAA39,29.93328,72.94744,6.72,335.8,60.0,2026-08-02T09:15:00Z,N20
FIRMS_4A552116,29.93352,72.94899,10.18,337.19,60.0,2026-08-02T09:15:00Z,N20
FIRMS_3BC5287D,28.7467,76.92795,0.6,303.75,60.0,2026-08-02T20:00:00Z,N20
FIRMS_CD241B21,20.51417,85.72617,0.54,305.99,60.0,2026-08-02T20:02:00Z,N20
FIRMS_1BA1ED07,20.75957,85.2993,1.05,309.29,60.0,2026-08-02T20:02:00Z,N20
FIRMS_0ED0EC28,20.76015,85.29565,1.05,304.05,60.0,2026-08-02T20:02:00Z,N20
FIRMS_5BC98D3B,20.76073,85.29199,0.8,304.7,60.0,2026-08-02T20:02:00Z,N20
FIRMS_DB2C18E9,20.78572,85.26602,0.66,299.85,60.0,2026-08-02T20:02:00Z,N20
FIRMS_C492A220,20.7863,85.26237,0.66,303.61,60.0,2026-08-02T20:02:00Z,N20
FIRMS_6D747F9B,20.79017,85.2593,1.08,298.71,60.0,2026-08-02T20:02:00Z,N20
FIRMS_11187FDA,20.79133,85.25199,0.86,305.31,60.0,2026-08-02T20:02:00Z,N20
FIRMS_33E52F49,20.79404,85.25623,0.75,302.29,60.0,2026-08-02T20:02:00Z,N20
FIRMS_F9DD49C6,20.79462,85.25258,3.83,331.28,60.0,2026-08-02T20:02:00Z,N20
FIRMS_25A65546,20.79675,85.26048,0.75,299.25,60.0,2026-08-02T20:02:00Z,N20
FIRMS_5E384851,20.79733,85.25683,0.75,295.4,60.0,2026-08-02T20:02:00Z,N20
FIRMS_393F5007,20.80061,85.25742,0.41,299.21,60.0,2026-08-02T20:02:00Z,N20
FIRMS_0D06BA1A,20.8039,85.25801,0.41,297.5,60.0,2026-08-02T20:02:00Z,N20
FIRMS_107E7F07,20.80719,85.2586,0.57,299.77,60.0,2026-08-02T20:02:00Z,N20
FIRMS_81923E0E,20.80777,85.25494,0.67,304.39,60.0,2026-08-02T20:02:00Z,N20
FIRMS_A81AC85E,20.9223,86.04272,1.75,304.65,60.0,2026-08-02T20:02:00Z,N20
FIRMS_8A4C9364,20.95207,86.04819,4.21,331.88,60.0,2026-08-02T20:02:00Z,N20
FIRMS_FFD618A1,20.95268,86.04448,1.85,315.01,60.0,2026-08-02T20:02:00Z,N20
FIRMS_5E8832FA,20.96203,86.00803,2.34,319.44,60.0,2026-08-02T20:02:00Z,N20
FIRMS_3C7E2B7F,20.96531,86.05065,1.73,317.47,60.0,2026-08-02T20:02:00Z,N20
FIRMS_0A1B95CE,20.96803,86.01297,2.46,310.14,60.0,2026-08-02T20:02:00Z,N20
FIRMS_26414AF0,20.97013,86.021,1.52,310.48,60.0,2026-08-02T20:02:00Z,N20
FIRMS_DB367C31,20.97585,86.00678,1.91,310.78,60.0,2026-08-02T20:02:00Z,N20
FIRMS_978B6CFA,21.00001,86.02637,1.9,313.99,60.0,2026-08-02T20:02:00Z,N20
FIRMS_D5086919,21.00332,86.02699,1.2,309.42,60.0,2026-08-02T20:02:00Z,N20
FIRMS_26CE3A68,21.80086,82.03843,0.33,295.04,60.0,2026-08-02T20:02:00Z,N20
FIRMS_195CC75E,21.80234,82.0415,0.49,295.24,60.0,2026-08-02T20:02:00Z,N20
FIRMS_A1FE809A,22.24586,87.38796,0.63,303.59,60.0,2026-08-02T20:02:00Z,N20
FIRMS_5A6AFB1F,22.35808,87.28825,0.8,302.52,60.0,2026-08-02T20:02:00Z,N20
FIRMS_6D0A4761,22.36283,87.30126,0.48,296.0,60.0,2026-08-02T20:02:00Z,N20
FIRMS_76FF19FA,22.3662,87.30193,0.58,305.38,60.0,2026-08-02T20:02:00Z,N20
FIRMS_776B52B8,22.37688,87.27986,1.52,313.67,60.0,2026-08-02T20:02:00Z,N20
FIRMS_A484332D,22.37754,87.27596,0.45,302.82,60.0,2026-08-02T20:02:00Z,N20
FIRMS_D1F67037,22.57402,85.89589,1.13,304.82,60.0,2026-08-02T20:02:00Z,N20
FIRMS_FD1C885A,23.26589,88.54272,0.51,306.54,60.0,2026-08-02T20:02:00Z,N20
FIRMS_ACD40907,23.56163,87.08474,1.23,308.41,60.0,2026-08-02T20:02:00Z,N20
FIRMS_F1EF05F9,23.61422,86.78865,0.92,303.56,60.0,2026-08-02T20:02:00Z,N20
FIRMS_61E68DDA,23.66245,87.15553,1.25,310.79,60.0,2026-08-02T20:02:00Z,N20
FIRMS_9B8DDBAC,23.66928,86.09188,1.46,303.72,60.0,2026-08-02T20:02:00Z,N20
FIRMS_D09FBFA9,23.67369,86.40417,0.81,296.87,60.0,2026-08-02T20:02:00Z,N20
FIRMS_98C6AF83,23.67759,86.40105,0.81,304.26,60.0,2026-08-02T20:02:00Z,N20
FIRMS_3F39F7C3,23.6782,86.39729,2.03,306.92,60.0,2026-08-02T20:02:00Z,N20
FIRMS_244F4AED,23.6821,86.39417,0.79,308.72,60.0,2026-08-02T20:02:00Z,N20
FIRMS_5145BFFC,23.68539,86.39481,0.79,303.29,60.0,2026-08-02T20:02:00Z,N20
FIRMS_DC7A8861,23.68549,87.12046,1.12,303.45,60.0,2026-08-02T20:02:00Z,N20
FIRMS_BF2F7690,23.686,86.39107,0.98,306.38,60.0,2026-08-02T20:02:00Z,N20
FIRMS_96224A48,23.68881,87.12111,1.12,310.82,60.0,2026-08-02T20:02:00Z,N20
FIRMS_AE4DA02F,23.68932,87.09747,1.05,303.29,60.0,2026-08-02T20:02:00Z,N20
FIRMS_2425D678,23.69214,87.12176,1.63,308.54,60.0,2026-08-02T20:02:00Z,N20
FIRMS_DA8173F2,23.69342,87.11409,1.37,303.44,60.0,2026-08-02T20:02:00Z,N20
FIRMS_C058B3FA,23.69405,87.11027,0.86,306.13,60.0,2026-08-02T20:02:00Z,N20
FIRMS_FAB5A3A0,23.69469,87.10643,0.86,306.28,60.0,2026-08-02T20:02:00Z,N20
FIRMS_8ACA83D8,23.6966,87.09495,0.96,308.06,60.0,2026-08-02T20:02:00Z,N20
FIRMS_BD772BF6,23.71371,86.45043,1.3,311.71,60.0,2026-08-02T20:02:00Z,N20
FIRMS_16F748EE,23.75502,85.85387,2.23,316.42,60.0,2026-08-02T20:02:00Z,N20
FIRMS_CD663DC5,23.75561,85.85014,1.32,307.81,60.0,2026-08-02T20:02:00Z,N20
FIRMS_509EC2FA,23.75633,86.39672,3.11,310.55,60.0,2026-08-02T20:02:00Z,N20
FIRMS_E6E88204,23.7583,85.85448,2.23,318.56,60.0,2026-08-02T20:02:00Z,N20
FIRMS_8126E7FE,23.75841,86.40484,2.26,320.27,60.0,2026-08-02T20:02:00Z,N20
FIRMS_12B29040,23.75902,86.40109,2.26,311.52,60.0,2026-08-02T20:02:00Z,N20
FIRMS_E54383BC,23.76225,86.40533,1.77,317.36,60.0,2026-08-02T20:02:00Z,N20
FIRMS_47830F0D,23.76285,86.40158,1.77,319.53,60.0,2026-08-02T20:02:00Z,N20
FIRMS_285FB93A,23.76407,86.3941,3.93,310.71,60.0,2026-08-02T20:02:00Z,N20
FIRMS_94BDB869,23.76554,86.40596,1.77,324.58,60.0,2026-08-02T20:02:00Z,N20
FIRMS_66EEBB77,23.76614,86.40221,1.77,309.8,60.0,2026-08-02T20:02:00Z,N20
FIRMS_8037B9AE,23.76944,86.40283,2.34,320.5,60.0,2026-08-02T20:02:00Z,N20
FIRMS_1A40EC8C,23.77175,86.19526,1.65,310.26,60.0,2026-08-02T20:02:00Z,N20
FIRMS_21AB9BD9,23.7755,86.36537,3.27,324.08,60.0,2026-08-02T20:02:00Z,N20
FIRMS_1D6526A9,23.77576,86.38472,2.26,307.38,60.0,2026-08-02T20:02:00Z,N20
FIRMS_EF553D55,23.77593,86.21146,1.29,307.34,60.0,2026-08-02T20:02:00Z,N20
FIRMS_1A086D6D,23.77611,86.36163,2.03,312.06,60.0,2026-08-02T20:02:00Z,N20
FIRMS_ADE5B3BB,23.77845,86.38909,3.12,316.45,60.0,2026-08-02T20:02:00Z,N20
FIRMS_924B2E34,23.77922,86.21207,2.85,320.28,60.0,2026-08-02T20:02:00Z,N20
FIRMS_0CE7C15E,23.77982,86.20834,1.94,323.76,60.0,2026-08-02T20:02:00Z,N20
FIRMS_D28E456A,23.78087,86.37411,2.23,314.56,60.0,2026-08-02T20:02:00Z,N20
FIRMS_20C5FF79,23.78182,86.34728,2.11,308.85,60.0,2026-08-02T20:02:00Z,N20
FIRMS_4E15F858,23.78311,86.20896,1.94,311.99,60.0,2026-08-02T20:02:00Z,N20
FIRMS_95300BF4,23.79437,86.35352,2.4,319.83,60.0,2026-08-02T20:02:00Z,N20
FIRMS_5CE12CE2,23.79827,86.35041,1.92,317.48,60.0,2026-08-02T20:02:00Z,N20
FIRMS_81BEB387,23.80129,86.33167,1.84,312.44,60.0,2026-08-02T20:02:00Z,N20
FIRMS_704177B0,23.8019,86.32793,2.15,311.61,60.0,2026-08-02T20:02:00Z,N20
FIRMS_2EBD3D7E,23.80458,86.3323,1.84,319.84,60.0,2026-08-02T20:02:00Z,N20
FIRMS_54F48B72,23.80519,86.32856,2.15,322.4,60.0,2026-08-02T20:02:00Z,N20
FIRMS_40C4AD0F,24.76735,74.60503,0.48,297.2,60.0,2026-08-02T20:02:00Z,N20
FIRMS_1D91E1B1,25.03508,87.38956,0.83,306.3,60.0,2026-08-02T20:02:00Z,N20
FIRMS_2D06DB8B,15.0254,78.0157,1.54,307.25,60.0,2026-08-02T20:04:00Z,N20
FIRMS_15329D8C,17.46376,80.6548,2.73,312.46,60.0,2026-08-02T20:04:00Z,N20
FIRMS_3A01A8B0,17.6054,83.20119,2.92,310.56,60.0,2026-08-02T20:04:00Z,N20
FIRMS_A75D6F7A,17.6115,83.20597,2.57,320.56,60.0,2026-08-02T20:04:00Z,N20
FIRMS_BE05CB03,17.61375,83.19126,2.3,307.5,60.0,2026-08-02T20:04:00Z,N20
FIRMS_AF6D5FD5,17.95569,80.79449,2.12,308.13,60.0,2026-08-02T20:04:00Z,N20
FIRMS_1E2FE34E,17.9686,83.15366,1.68,310.1,60.0,2026-08-02T20:04:00Z,N20
FIRMS_82411632,18.54154,83.34146,1.83,306.89,60.0,2026-08-02T20:04:00Z,N20
FIRMS_4F49B387,19.09676,82.16548,2.43,312.61,60.0,2026-08-02T20:04:00Z,N20
FIRMS_2E2186BB,19.10023,82.16604,1.3,309.56,60.0,2026-08-02T20:04:00Z,N20
FIRMS_3C6B22A8,19.10312,82.17064,1.3,305.19,60.0,2026-08-02T20:04:00Z,N20
FIRMS_6CCB3F4A,19.10371,82.16659,1.3,333.8,60.0,2026-08-02T20:04:00Z,N20
FIRMS_C0A92479,29.47797,76.85978,1.34,307.2,60.0,2026-08-02T21:40:00Z,N20
FIRMS_49824CCF,32.29604,70.73075,3.78,308.68,60.0,2026-08-02T21:40:00Z,N20
FIRMS_61BAC146,33.17427,70.44855,3.67,315.06,60.0,2026-08-02T21:40:00Z,N20
FIRMS_2D305B95,33.29642,71.1841,2.68,303.42,60.0,2026-08-02T21:40:00Z,N20
FIRMS_77441D65,35.96737,68.68862,1.33,306.44,60.0,2026-08-02T21:40:00Z,N20
FIRMS_F5EC72C8,17.07052,81.6089,3.42,328.92,60.0,2026-08-03T07:14:00Z,N20
FIRMS_158D220F,17.60679,83.20387,4.57,336.0,60.0,2026-08-03T07:14:00Z,N20
FIRMS_A7EB4B27,20.14194,94.98341,2.23,334.7,60.0,2026-08-03T07:14:00Z,N20
FIRMS_417E8FFB,20.2039,95.07477,5.35,339.42,60.0,2026-08-03T07:14:00Z,N20
FIRMS_12B8F3CF,20.20517,95.05431,5.47,343.2,60.0,2026-08-03T07:14:00Z,N20
FIRMS_06666603,20.20583,94.99905,4.92,335.99,60.0,2026-08-03T07:14:00Z,N20
FIRMS_D5C6F5B9,20.86234,84.98875,5.54,347.01,60.0,2026-08-03T07:14:00Z,N20
FIRMS_5CC98911,20.86302,84.9925,9.17,331.12,60.0,2026-08-03T07:14:00Z,N20
FIRMS_2124A226,20.86308,84.98917,5.57,339.36,60.0,2026-08-03T07:14:00Z,N20
FIRMS_8C8F83C6,20.86379,84.9929,7.25,331.5,60.0,2026-08-03T07:14:00Z,N20
FIRMS_D405395A,20.88319,84.98493,5.62,329.78,60.0,2026-08-03T07:14:00Z,N20
FIRMS_2182C019,20.88649,84.98027,4.95,335.86,60.0,2026-08-03T07:14:00Z,N20
FIRMS_9DF54631,20.8872,84.98403,4.95,341.89,60.0,2026-08-03T07:14:00Z,N20
FIRMS_4F9A023C,21.92657,95.22532,8.16,337.1,60.0,2026-08-03T07:14:00Z,N20
FIRMS_57AF658B,28.64113,87.15262,8.55,330.3,30.0,2026-08-03T07:16:00Z,N20
FIRMS_18696E87,15.23059,76.74387,3.01,345.8,60.0,2026-08-03T08:54:00Z,N20
FIRMS_62AC6306,15.23342,76.74485,3.19,340.34,60.0,2026-08-03T08:54:00Z,N20
FIRMS_0368858E,21.10404,72.6461,5.23,335.31,60.0,2026-08-03T08:56:00Z,N20
FIRMS_03DACB67,29.77831,72.4199,4.68,354.85,60.0,2026-08-03T08:58:00Z,N20
FIRMS_13D6AAAD,29.78108,72.41832,5.78,347.59,60.0,2026-08-03T08:58:00Z,N20
FIRMS_8E9E119C,29.79342,72.2523,2.5,336.95,60.0,2026-08-03T08:58:00Z,N20
FIRMS_AC0E9C44,29.79369,72.25567,2.5,334.06,60.0,2026-08-03T08:58:00Z,N20
FIRMS_18DEBECB,29.84849,72.23981,1.76,330.8,60.0,2026-08-03T08:58:00Z,N20
FIRMS_1744B7F2,29.85355,72.2393,2.9,333.58,60.0,2026-08-03T08:58:00Z,N20
FIRMS_E228423D,29.88,72.94592,4.94,345.56,60.0,2026-08-03T08:58:00Z,N20
FIRMS_625E779B,35.99185,94.82948,1.5,310.35,60.0,2026-08-03T19:40:00Z,N20
FIRMS_6DE0D6F6,17.60512,83.20341,1.06,305.01,60.0,2026-08-03T19:45:00Z,N20
FIRMS_EC2A285A,17.60932,83.20399,1.06,312.21,60.0,2026-08-03T19:45:00Z,N20
FIRMS_5A35ABE2,20.70803,94.89698,1.53,303.17,60.0,2026-08-03T19:45:00Z,N20
FIRMS_2E447303,20.86334,84.98847,0.72,299.63,60.0,2026-08-03T19:45:00Z,N20
FIRMS_B1533011,21.92705,85.22448,0.68,295.19,60.0,2026-08-03T19:45:00Z,N20
FIRMS_D0F09915,21.92715,85.22404,1.3,296.76,60.0,2026-08-03T19:45:00Z,N20
FIRMS_8DD93CC8,22.05452,88.12509,1.61,306.03,60.0,2026-08-03T19:45:00Z,N20
FIRMS_2F35DEA7,22.21446,84.86998,1.51,308.05,60.0,2026-08-03T19:45:00Z,N20
FIRMS_7AB4FC1D,22.78971,86.19771,0.92,296.17,60.0,2026-08-03T19:45:00Z,N20
FIRMS_450BF0B0,12.747,77.61954,1.49,298.19,60.0,2026-08-03T19:47:00Z,N20
FIRMS_266AA0C2,35.96972,68.68552,1.64,304.95,60.0,2026-08-03T21:21:00Z,N20
FIRMS_9E055656,22.9088,69.69844,1.27,307.32,60.0,2026-08-03T21:23:00Z,N20
FIRMS_3440312A,22.92707,69.82308,0.82,304.26,60.0,2026-08-03T21:23:00Z,N20
FIRMS_A4467779,22.93262,69.69827,1.57,308.68,60.0,2026-08-03T21:23:00Z,N20
FIRMS_3770E58F,28.61341,68.62987,0.6,308.07,60.0,2026-08-03T21:23:00Z,N20
FIRMS_8978BF1B,33.27749,72.14617,0.56,302.18,60.0,2026-08-03T21:23:00Z,N20
FIRMS_2047C081,25.38964,68.58128,0.72,304.6,60.0,2026-08-03T21:25:00Z,N20
FIRMS_0C3F89C2,29.56117,90.98092,4.37,328.22,30.0,2026-08-04T06:59:00Z,N20
FIRMS_ADDCD31F,29.56383,90.97607,4.8,331.8,30.0,2026-08-04T06:59:00Z,N20
FIRMS_110F68D7,29.64788,90.95004,25.79,367.0,90.0,2026-08-04T06:59:00Z,N20
FIRMS_4C883CF8,8.64996,77.84708,1.28,331.15,60.0,2026-08-04T08:35:00Z,N20
FIRMS_3C4F9DC8,8.94327,78.07706,0.46,331.27,60.0,2026-08-04T08:35:00Z,N20
FIRMS_8778163B,9.4172,77.78387,3.56,337.45,60.0,2026-08-04T08:35:00Z,N20
FIRMS_B7929DC7,13.88589,77.49372,3.43,332.68,60.0,2026-08-04T08:35:00Z,N20
FIRMS_D8604CFB,14.94077,79.90197,1.79,335.26,60.0,2026-08-04T08:35:00Z,N20
FIRMS_E08CA741,21.10588,72.64592,7.53,347.16,60.0,2026-08-04T08:35:00Z,N20
FIRMS_D5AAFD55,27.84173,69.57006,5.75,330.25,30.0,2026-08-04T08:37:00Z,N20
FIRMS_4CF4051A,28.31727,70.3848,6.83,330.05,30.0,2026-08-04T08:37:00Z,N20
FIRMS_A84F887C,28.31784,70.38906,8.25,330.49,30.0,2026-08-04T08:37:00Z,N20
FIRMS_404E84D0,28.42294,69.70131,3.18,332.99,60.0,2026-08-04T08:37:00Z,N20
FIRMS_EC19374D,28.46291,70.61215,4.08,330.11,30.0,2026-08-04T08:37:00Z,N20
FIRMS_2882FEFA,30.20005,71.91842,3.1,334.23,60.0,2026-08-04T08:39:00Z,N20
FIRMS_7F301A37,30.20047,71.91627,3.25,332.39,60.0,2026-08-04T08:39:00Z,N20
FIRMS_A6C183E6,30.53128,72.01959,3.77,333.81,60.0,2026-08-04T08:39:00Z,N20
FIRMS_5F1352FB,31.02914,73.37025,6.69,331.42,60.0,2026-08-04T08:39:00Z,N20
FIRMS_CE60F426,35.99294,94.83057,1.16,297.67,60.0,2026-08-04T19:19:00Z,N20
FIRMS_964A561D,29.78722,91.6076,0.81,296.98,60.0,2026-08-04T19:21:00Z,N20
FIRMS_8F52B348,30.94904,97.36437,0.5,298.04,60.0,2026-08-04T19:21:00Z,N20
FIRMS_6F340178,20.70543,94.89726,0.84,305.31,60.0,2026-08-04T19:23:00Z,N20
FIRMS_D62EE41D,20.70601,94.89361,0.85,308.07,60.0,2026-08-04T19:23:00Z,N20
FIRMS_9D234432,17.61057,83.20392,3.29,318.88,60.0,2026-08-04T19:25:00Z,N20
FIRMS_62D736BB,32.08711,74.1654,4.17,309.14,60.0,2026-08-04T21:01:00Z,N20
FIRMS_8AB29C4E,32.1024,74.17788,3.46,310.92,60.0,2026-08-04T21:01:00Z,N20
FIRMS_3F447E11,32.13139,74.17872,3.12,310.76,60.0,2026-08-04T21:01:00Z,N20
FIRMS_5E76519B,32.3803,72.13938,1.33,305.02,60.0,2026-08-04T21:01:00Z,N20
FIRMS_CC72E04E,32.72231,72.9229,1.91,313.07,60.0,2026-08-04T21:01:00Z,N20
FIRMS_7939E92A,32.72786,73.13976,1.97,311.65,60.0,2026-08-04T21:01:00Z,N20
FIRMS_F0C896CA,32.88924,71.61791,2.9,311.19,60.0,2026-08-04T21:01:00Z,N20
FIRMS_873F6FCF,33.17085,70.45148,0.97,318.85,60.0,2026-08-04T21:01:00Z,N20
FIRMS_0D8D44B0,33.17424,70.45215,0.18,309.15,60.0,2026-08-04T21:01:00Z,N20
FIRMS_18519BC8,33.54505,71.55178,2.84,309.41,60.0,2026-08-04T21:01:00Z,N20
FIRMS_423B8316,25.38799,68.58224,2.39,320.82,60.0,2026-08-04T21:04:00Z,N20
FIRMS_B7A10012,28.42538,69.69952,1.55,321.19,60.0,2026-08-04T21:04:00Z,N20
FIRMS_7B612BBF,22.34027,69.85518,1.84,308.21,60.0,2026-08-04T21:06:00Z,N20
FIRMS_A71A9D40,29.26033,91.82875,4.4,327.03,30.0,2026-08-05T06:37:00Z,N20
FIRMS_43C43F76,29.30238,90.72377,3.14,330.31,30.0,2026-08-05T06:37:00Z,N20
FIRMS_E28F9DAC,29.56073,90.98873,4.06,327.84,30.0,2026-08-05T06:40:00Z,N20
FIRMS_544FCA25,29.56122,90.99068,3.88,335.36,60.0,2026-08-05T06:40:00Z,N20
FIRMS_FEAA6A54,29.64512,91.28843,6.18,329.94,30.0,2026-08-05T06:40:00Z,N20
FIRMS_8AF4C862,29.6869,90.89733,6.67,329.79,60.0,2026-08-05T06:40:00Z,N20
FIRMS_A4066F33,29.70328,91.12268,4.24,328.3,30.0,2026-08-05T06:40:00Z,N20
FIRMS_E757182B,8.17291,81.07597,2.52,328.57,60.0,2026-08-05T08:13:00Z,N20
FIRMS_1F8BB7F3,8.2546,79.85762,6.49,339.02,60.0,2026-08-05T08:13:00Z,N20
FIRMS_647E0A41,8.31527,80.25035,23.63,349.38,60.0,2026-08-05T08:13:00Z,N20
FIRMS_638BFE9D,8.31879,80.24983,23.63,329.67,60.0,2026-08-05T08:13:00Z,N20
FIRMS_DFEF4F9A,8.53373,81.17509,15.65,334.02,60.0,2026-08-05T08:13:00Z,N20
FIRMS_E0F3763F,8.53527,81.17791,14.49,342.29,60.0,2026-08-05T08:13:00Z,N20
FIRMS_BD108865,8.59278,80.32088,3.89,330.77,60.0,2026-08-05T08:13:00Z,N20
FIRMS_01C4CE92,8.6223,80.32555,3.75,336.99,60.0,2026-08-05T08:13:00Z,N20
FIRMS_2B335302,8.6229,80.32887,2.18,333.21,60.0,2026-08-05T08:13:00Z,N20
FIRMS_447737D5,8.65286,80.3871,7.74,335.18,60.0,2026-08-05T08:13:00Z,N20
FIRMS_43F0FD38,8.72589,80.51407,3.26,336.05,60.0,2026-08-05T08:13:00Z,N20
FIRMS_29E4EE04,8.74381,80.26698,2.27,328.14,60.0,2026-08-05T08:13:00Z,N20
FIRMS_05E34126,8.98639,77.9323,3.03,331.56,60.0,2026-08-05T08:13:00Z,N20
FIRMS_B5E182EC,9.28354,78.23689,16.37,349.51,60.0,2026-08-05T08:13:00Z,N20
FIRMS_8B0E2ECC,9.37203,78.84874,5.66,339.67,60.0,2026-08-05T08:13:00Z,N20
FIRMS_19FFF028,9.40154,78.85131,4.44,340.8,60.0,2026-08-05T08:13:00Z,N20
FIRMS_D39ABD5C,9.42462,78.84413,2.44,337.84,60.0,2026-08-05T08:13:00Z,N20
FIRMS_5B154059,9.5614,77.60436,6.01,342.51,60.0,2026-08-05T08:13:00Z,N20
FIRMS_52AA6C2B,9.58819,78.81952,7.69,337.82,60.0,2026-08-05T08:13:00Z,N20
FIRMS_D8E483BD,9.61993,77.74524,6.54,345.63,60.0,2026-08-05T08:13:00Z,N20
FIRMS_E1E37929,9.76575,78.28732,4.03,336.49,60.0,2026-08-05T08:13:00Z,N20
FIRMS_F84EE7A4,9.8193,79.0771,5.23,345.46,60.0,2026-08-05T08:13:00Z,N20
FIRMS_E80EDED2,9.86244,78.77674,4.26,338.87,60.0,2026-08-05T08:13:00Z,N20
FIRMS_1EED9915,9.87702,78.25932,6.89,342.75,60.0,2026-08-05T08:13:00Z,N20
FIRMS_96D910F1,9.87982,78.25526,5.59,337.75,60.0,2026-08-05T08:13:00Z,N20
FIRMS_5F518344,9.88035,78.25882,5.59,339.92,60.0,2026-08-05T08:13:00Z,N20
FIRMS_3786DBC8,9.96631,78.24514,3.27,336.96,60.0,2026-08-05T08:13:00Z,N20
FIRMS_61D2B633,9.96965,78.24463,3.27,338.21,60.0,2026-08-05T08:13:00Z,N20
FIRMS_C489A391,9.98151,78.05077,1.59,330.56,60.0,2026-08-05T08:13:00Z,N20
FIRMS_A8924B2F,10.02021,78.65574,4.4,337.01,60.0,2026-08-05T08:13:00Z,N20
FIRMS_6C84E78B,10.10668,78.09279,2.98,343.38,60.0,2026-08-05T08:13:00Z,N20
FIRMS_6C63A045,10.34656,77.54609,52.66,348.92,60.0,2026-08-05T08:13:00Z,N20
FIRMS_06FDB052,10.59075,79.70005,6.12,330.72,60.0,2026-08-05T08:13:00Z,N20
FIRMS_E2084135,10.59132,79.70403,4.22,338.61,60.0,2026-08-05T08:13:00Z,N20
FIRMS_7A3E2D81,10.59416,79.7034,9.46,340.01,60.0,2026-08-05T08:13:00Z,N20
FIRMS_73E6B991,10.59483,79.70353,4.22,337.59,60.0,2026-08-05T08:13:00Z,N20
FIRMS_0B02D4A8,10.65871,79.02698,1.55,333.29,60.0,2026-08-05T08:13:00Z,N20
FIRMS_9AFD0397,10.86822,79.07246,2.58,335.22,60.0,2026-08-05T08:13:00Z,N20
FIRMS_761A4573,10.99911,77.93703,1.78,334.26,60.0,2026-08-05T08:13:00Z,N20
FIRMS_BEBCD45F,11.28048,78.47698,2.82,331.64,60.0,2026-08-05T08:13:00Z,N20
FIRMS_EB7FBD6A,11.28171,78.47571,2.92,335.54,60.0,2026-08-05T08:13:00Z,N20
FIRMS_027A0884,14.41257,78.48093,3.89,342.52,60.0,2026-08-05T08:16:00Z,N20
FIRMS_2BF127DF,14.41602,78.48034,5.6,336.88,60.0,2026-08-05T08:16:00Z,N20
FIRMS_A729E3F1,14.4836,78.49083,3.31,330.65,60.0,2026-08-05T08:16:00Z,N20
FIRMS_763DD067,14.49299,79.59117,3.11,338.14,60.0,2026-08-05T08:16:00Z,N20
FIRMS_576DE7F7,14.49723,79.59502,3.11,335.36,60.0,2026-08-05T08:16:00Z,N20
FIRMS_526CE0A8,14.72739,77.27681,3.82,331.57,60.0,2026-08-05T08:16:00Z,N20
FIRMS_C15AD498,14.95594,79.48812,4.31,337.23,60.0,2026-08-05T08:16:00Z,N20
FIRMS_020BA957,15.14045,79.33853,3.99,340.08,60.0,2026-08-05T08:16:00Z,N20
FIRMS_D1E04CBB,15.16453,79.54033,3.23,338.5,60.0,2026-08-05T08:16:00Z,N20
FIRMS_1B33F168,15.48999,76.92797,4.61,336.41,60.0,2026-08-05T08:16:00Z,N20
FIRMS_4BA49C93,15.72755,79.81848,2.61,336.04,60.0,2026-08-05T08:16:00Z,N20
FIRMS_3FC1480E,15.72879,79.91379,2.08,333.56,60.0,2026-08-05T08:16:00Z,N20
FIRMS_929399F9,15.85899,79.68302,4.76,341.04,60.0,2026-08-05T08:16:00Z,N20
FIRMS_C2D4BFD6,15.94053,79.96963,7.25,341.91,60.0,2026-08-05T08:16:00Z,N20
FIRMS_D6FCD0D2,16.48337,79.87724,5.93,332.88,60.0,2026-08-05T08:16:00Z,N20
FIRMS_945C226D,17.95611,80.79485,2.49,326.53,60.0,2026-08-05T08:16:00Z,N20
FIRMS_43FAE4C2,30.428,73.87297,1.43,337.33,60.0,2026-08-05T08:20:00Z,N20
FIRMS_A40F9895,30.46339,73.87922,3.97,337.94,60.0,2026-08-05T08:20:00Z,N20
FIRMS_2E873392,30.48066,73.8685,2.4,331.72,60.0,2026-08-05T08:20:00Z,N20
FIRMS_1F7C9C12,30.51981,71.78091,2.72,331.19,60.0,2026-08-05T08:20:00Z,N20
FIRMS_2F4EB08F,31.70232,72.54153,3.08,330.78,60.0,2026-08-05T08:20:00Z,N20
FIRMS_7653C43E,31.70291,72.54559,3.08,336.35,60.0,2026-08-05T08:20:00Z,N20
FIRMS_AA8E36C7,31.89291,73.11093,7.91,330.73,30.0,2026-08-05T08:20:00Z,N20
FIRMS_E07183EC,35.3676,68.49911,2.67,334.24,60.0,2026-08-05T08:22:00Z,N20
FIRMS_5BFC27F9,27.22478,95.34709,2.1,311.21,60.0,2026-08-05T19:04:00Z,N20
FIRMS_6B1160C8,27.37885,95.33604,3.48,319.57,60.0,2026-08-05T19:04:00Z,N20
FIRMS_2CF538B7,27.37909,95.08685,3.36,314.51,60.0,2026-08-05T19:04:00Z,N20
FIRMS_132A3AAE,27.37923,95.3353,4.5,324.76,60.0,2026-08-05T19:04:00Z,N20
FIRMS_8FDFEE70,29.37515,91.1488,1.83,297.68,60.0,2026-08-05T19:04:00Z,N20
FIRMS_5BEE9C13,29.37767,91.15095,1.45,309.33,60.0,2026-08-05T19:04:00Z,N20
FIRMS_81A9FDAE,31.25127,76.92996,0.69,305.33,60.0,2026-08-05T20:44:00Z,N20
FIRMS_3CD4015F,31.32849,76.8965,0.52,305.89,60.0,2026-08-05T20:44:00Z,N20
FIRMS_8DC48988,31.41325,76.83527,0.81,305.18,60.0,2026-08-05T20:44:00Z,N20
FIRMS_746961F7,32.1012,74.1756,4.68,312.16,60.0,2026-08-05T20:44:00Z,N20
FIRMS_E7E2515B,32.29539,74.31363,3.33,308.29,60.0,2026-08-05T20:44:00Z,N20
FIRMS_ECE59DDE,33.27256,71.59169,3.16,297.35,60.0,2026-08-05T20:44:00Z,N20
FIRMS_BAA053B6,33.29696,71.18649,4.36,308.37,60.0,2026-08-05T20:44:00Z,N20
FIRMS_8E0E21F1,34.86943,70.95267,0.9,300.76,60.0,2026-08-05T20:44:00Z,N20
FIRMS_7D69DD51,24.76417,74.60862,1.61,313.02,60.0,2026-08-05T20:46:00Z,N20
FIRMS_87F26E45,24.93367,74.63535,0.97,306.22,60.0,2026-08-05T20:46:00Z,N20
FIRMS_E8ACEC0F,25.78086,73.69974,1.45,311.64,60.0,2026-08-05T20:46:00Z,N20
FIRMS_B8ECAB2A,25.94118,72.19144,3.15,326.85,60.0,2026-08-05T20:46:00Z,N20
FIRMS_4462ACFA,25.94178,72.187,3.15,307.99,60.0,2026-08-05T20:46:00Z,N20
FIRMS_ABB597CC,25.94411,72.19648,3.79,307.72,60.0,2026-08-05T20:46:00Z,N20
FIRMS_399B50F7,25.94472,72.19203,19.74,330.67,60.0,2026-08-05T20:46:00Z,N20
FIRMS_54CB95A1,25.94532,72.18759,19.74,310.74,60.0,2026-08-05T20:46:00Z,N20
FIRMS_DA54D996,26.25941,74.09792,0.96,305.48,60.0,2026-08-05T20:46:00Z,N20
FIRMS_BE092B18,26.60505,73.68496,1.14,305.32,60.0,2026-08-05T20:46:00Z,N20
FIRMS_3BD60A77,26.87412,73.5176,1.69,306.28,60.0,2026-08-05T20:46:00Z,N20
FIRMS_8ECAB1C9,15.07226,76.86432,0.83,301.76,60.0,2026-08-05T20:49:00Z,N20
FIRMS_128A1DBF,15.16926,76.67113,1.04,302.36,60.0,2026-08-05T20:49:00Z,N20
FIRMS_00C8ABA1,15.17464,76.66259,1.86,323.77,60.0,2026-08-05T20:49:00Z,N20
FIRMS_AAA71022,15.17546,76.65794,2.0,316.88,60.0,2026-08-05T20:49:00Z,N20
FIRMS_75E624B8,15.17587,76.67725,2.34,314.73,60.0,2026-08-05T20:49:00Z,N20
FIRMS_13917473,15.17629,76.6533,2.0,302.74,60.0,2026-08-05T20:49:00Z,N20
FIRMS_6E8345EC,15.17836,76.66331,1.86,301.57,60.0,2026-08-05T20:49:00Z,N20
FIRMS_D9C0298A,15.18043,76.67332,1.46,299.8,60.0,2026-08-05T20:49:00Z,N20
FIRMS_A32DA776,15.18126,76.66867,1.31,312.59,60.0,2026-08-05T20:49:00Z,N20
FIRMS_5B9F12E0,15.18208,76.66402,1.31,301.53,60.0,2026-08-05T20:49:00Z,N20
FIRMS_ABE04A1B,15.2262,76.76402,1.6,310.07,60.0,2026-08-05T20:49:00Z,N20
FIRMS_E0E6EDEF,15.33508,76.28782,0.53,300.06,60.0,2026-08-05T20:49:00Z,N20
FIRMS_55AB9230,15.33569,76.28526,0.95,301.06,60.0,2026-08-05T20:49:00Z,N20
FIRMS_315C3383,19.17697,70.94563,2.59,309.13,60.0,2026-08-05T20:49:00Z,N20
FIRMS_9FD82C94,27.69781,96.24203,6.92,341.06,60.0,2026-08-06T06:20:00Z,N20
FIRMS_DCCA522E,29.64561,91.12262,4.68,331.07,60.0,2026-08-06T06:20:00Z,N20
FIRMS_01B9303D,7.24125,81.22488,9.96,350.24,60.0,2026-08-06T07:56:00Z,N20
FIRMS_20CFAD88,7.31192,81.20228,9.09,345.49,60.0,2026-08-06T07:56:00Z,N20
FIRMS_5D2D2C43,7.4237,81.72554,2.99,337.11,60.0,2026-08-06T07:56:00Z,N20
FIRMS_A2D5BB0D,7.43082,81.24521,9.33,346.27,60.0,2026-08-06T07:56:00Z,N20
FIRMS_B17F456A,7.45301,81.36594,5.44,344.01,60.0,2026-08-06T07:56:00Z,N20
FIRMS_8DF43235,7.69964,81.33405,3.23,339.94,60.0,2026-08-06T07:56:00Z,N20
FIRMS_A75E251D,8.4635,80.38407,3.3,330.27,60.0,2026-08-06T07:56:00Z,N20
FIRMS_2A238317,8.63304,80.41448,3.69,331.89,30.0,2026-08-06T07:56:00Z,N20
FIRMS_2673EAB1,8.67753,80.94199,10.71,330.72,30.0,2026-08-06T07:56:00Z,N20
FIRMS_680D87E8,8.68088,80.94146,10.71,346.16,30.0,2026-08-06T07:56:00Z,N20
FIRMS_784B60E7,8.75091,80.40688,3.27,333.41,60.0,2026-08-06T07:56:00Z,N20
FIRMS_41AFC517,19.96325,79.33332,3.82,333.34,60.0,2026-08-06T07:58:00Z,N20
FIRMS_E23B0660,21.10347,72.64658,17.98,354.74,60.0,2026-08-06T07:58:00Z,N20
FIRMS_03E25D96,26.95735,90.87993,6.19,338.73,60.0,2026-08-06T07:58:00Z,N20
FIRMS_B5180D63,29.44371,71.34179,3.46,341.7,60.0,2026-08-06T08:01:00Z,N20
FIRMS_AC21ECA6,29.7359,71.4127,11.52,367.0,90.0,2026-08-06T08:01:00Z,N20
FIRMS_9D65F928,29.73984,71.41168,11.52,347.44,60.0,2026-08-06T08:01:00Z,N20
FIRMS_FA62B7EC,29.74061,71.4156,11.52,330.11,60.0,2026-08-06T08:01:00Z,N20
FIRMS_83391F5E,30.01623,71.29021,2.09,331.36,60.0,2026-08-06T08:01:00Z,N20
FIRMS_12980A7A,33.17019,70.45391,2.75,332.6,60.0,2026-08-06T08:01:00Z,N20
FIRMS_45E0143C,26.15446,92.94144,2.0,296.0,60.0,2026-08-06T18:45:00Z,N20
FIRMS_2F7B6209,26.15988,92.95267,5.52,297.37,60.0,2026-08-06T18:45:00Z,N20
FIRMS_E3E93CAD,26.16027,92.94733,2.0,296.55,60.0,2026-08-06T18:45:00Z,N20
FIRMS_FD4BF4FF,26.16067,92.94205,2.0,295.62,60.0,2026-08-06T18:45:00Z,N20
FIRMS_38D1BF9D,35.98849,94.83074,1.14,299.78,60.0,2026-08-06T20:21:00Z,N20
FIRMS_13D0DEB2,30.9478,97.3603,1.74,295.37,60.0,2026-08-06T20:23:00Z,N20
FIRMS_568A3FA1,30.94788,97.35976,1.12,295.27,60.0,2026-08-06T20:23:00Z,N20
FIRMS_D5A86D13,35.96766,68.68404,1.64,308.76,60.0,2026-08-06T20:23:00Z,N20
FIRMS_0AAE07DC,35.97071,68.6823,1.79,303.68,60.0,2026-08-06T20:23:00Z,N20
FIRMS_A5D63BF8,23.56366,87.0838,4.59,311.23,60.0,2026-08-06T20:25:00Z,N20
FIRMS_9E6DB4EA,23.61259,87.14576,3.92,304.87,60.0,2026-08-06T20:25:00Z,N20
FIRMS_27C8260D,23.70799,86.07117,0.99,298.92,60.0,2026-08-06T20:25:00Z,N20
FIRMS_DB7F803C,23.77165,86.19753,1.29,305.46,60.0,2026-08-06T20:25:00Z,N20
FIRMS_974E1631,23.77409,86.19598,1.49,308.53,60.0,2026-08-06T20:25:00Z,N20
FIRMS_5B5DA813,23.79603,86.35184,2.93,304.21,60.0,2026-08-06T20:25:00Z,N20
FIRMS_11B44DAB,25.03468,87.37018,2.03,307.36,60.0,2026-08-06T20:25:00Z,N20
FIRMS_97C0C47B,25.43655,86.06909,1.83,306.06,60.0,2026-08-06T20:25:00Z,N20
FIRMS_119A065D,29.22507,88.34908,1.57,298.28,60.0,2026-08-06T20:25:00Z,N20
FIRMS_22A459B3,29.26123,91.92222,1.2,302.94,60.0,2026-08-06T20:25:00Z,N20
FIRMS_B0741578,29.37543,91.15095,1.48,305.75,60.0,2026-08-06T20:25:00Z,N20
FIRMS_B9B68A37,29.78655,91.6052,0.94,300.48,60.0,2026-08-06T20:25:00Z,N20
FIRMS_ABF99E1A,31.61505,74.37575,2.24,305.75,60.0,2026-08-06T20:25:00Z,N20
FIRMS_50746F27,18.95567,73.94324,1.44,309.36,60.0,2026-08-06T20:27:00Z,N20
FIRMS_911465E2,18.9567,73.94102,1.61,312.09,60.0,2026-08-06T20:27:00Z,N20
FIRMS_84C12E32,20.58127,74.5366,0.35,299.17,60.0,2026-08-06T20:27:00Z,N20
FIRMS_C850652C,22.20951,84.86139,1.42,299.6,60.0,2026-08-06T20:27:00Z,N20
FIRMS_A8317094,6.70064,81.01942,2.43,328.05,60.0,2026-08-07T07:35:00Z,N20
FIRMS_7E650008,6.7242,81.32654,5.29,338.89,60.0,2026-08-07T07:35:00Z,N20
FIRMS_2C07024B,6.72574,81.32607,3.98,336.53,60.0,2026-08-07T07:35:00Z,N20
FIRMS_58E2A185,6.73185,81.38796,3.18,332.4,60.0,2026-08-07T07:35:00Z,N20
FIRMS_C89E6A90,6.73418,81.38791,6.39,333.02,60.0,2026-08-07T07:35:00Z,N20
FIRMS_13267865,6.74114,81.39059,2.77,329.09,60.0,2026-08-07T07:35:00Z,N20
FIRMS_5451E431,8.3165,80.19047,4.25,336.01,60.0,2026-08-07T07:35:00Z,N20
FIRMS_91C05090,8.36962,80.20032,2.16,327.35,60.0,2026-08-07T07:35:00Z,N20
FIRMS_150E693B,8.37023,80.1979,5.98,340.61,60.0,2026-08-07T07:35:00Z,N20
FIRMS_689670CC,8.37416,80.19953,7.3,336.64,60.0,2026-08-07T07:35:00Z,N20
FIRMS_75FEB8AE,8.57914,77.95925,2.48,335.98,60.0,2026-08-07T07:35:00Z,N20
FIRMS_ECF00564,8.57941,80.32407,4.27,332.88,60.0,2026-08-07T07:35:00Z,N20
FIRMS_7CC17EAF,8.58266,77.97887,6.73,367.0,90.0,2026-08-07T07:35:00Z,N20
FIRMS_55E6EB04,9.40517,77.77493,6.1,340.05,60.0,2026-08-07T07:35:00Z,N20
FIRMS_523AE619,9.52495,78.04314,3.77,330.31,60.0,2026-08-07T07:37:00Z,N20
FIRMS_10F44E45,23.67701,86.39612,4.48,334.95,60.0,2026-08-07T07:39:00Z,N20
FIRMS_50C8F7C8,23.67759,86.40043,4.48,330.24,60.0,2026-08-07T07:39:00Z,N20
FIRMS_2E721FF9,23.68406,86.39498,4.52,334.35,60.0,2026-08-07T07:39:00Z,N20
FIRMS_CAA275E7,23.70935,86.44843,2.69,331.11,60.0,2026-08-07T07:39:00Z,N20
FIRMS_5A8C396C,23.70941,86.44973,3.14,330.45,60.0,2026-08-07T07:39:00Z,N20
FIRMS_300DB62A,30.0558,73.1599,10.91,349.31,60.0,2026-08-07T07:41:00Z,N20
FIRMS_68C800B2,30.16416,73.29572,5.65,342.19,60.0,2026-08-07T07:41:00Z,N20
FIRMS_21FBBC1D,30.16538,73.3013,5.65,340.23,60.0,2026-08-07T07:41:00Z,N20
FIRMS_36F6AFFB,30.16683,73.29357,7.44,341.05,60.0,2026-08-07T07:41:00Z,N20
FIRMS_7F782072,30.16808,73.29913,6.55,346.8,60.0,2026-08-07T07:41:00Z,N20
FIRMS_2CC942D9,30.16932,73.30469,6.55,331.38,60.0,2026-08-07T07:41:00Z,N20
FIRMS_F9CD44ED,30.64242,71.75246,3.99,346.13,60.0,2026-08-07T07:44:00Z,N20
FIRMS_E1C38C2C,30.69711,71.96484,3.27,333.84,60.0,2026-08-07T07:44:00Z,N20
FIRMS_BAF41865,30.88758,71.92323,7.61,354.53,60.0,2026-08-07T07:44:00Z,N20
FIRMS_A7AEAC0E,30.90367,71.92513,3.56,354.25,60.0,2026-08-07T07:44:00Z,N20
FIRMS_3089E7A5,30.90853,71.92361,3.56,333.12,60.0,2026-08-07T07:44:00Z,N20
FIRMS_4D1CE703,23.64634,68.56316,4.95,346.63,60.0,2026-08-07T09:22:00Z,N20
FIRMS_2F5E7443,27.62187,69.4705,8.18,348.78,60.0,2026-08-07T09:22:00Z,N20
FIRMS_BD6C8007,35.98932,94.83152,2.05,307.5,60.0,2026-08-07T20:04:00Z,N20
FIRMS_E51799D4,29.22371,88.3516,0.94,300.4,60.0,2026-08-07T20:06:00Z,N20
FIRMS_8C486671,29.26178,91.92262,0.92,297.03,60.0,2026-08-07T20:06:00Z,N20
FIRMS_3880CA28,29.3775,91.14951,0.85,296.67,60.0,2026-08-07T20:06:00Z,N20
FIRMS_658D906B,30.94714,97.36159,0.85,300.9,60.0,2026-08-07T20:06:00Z,N20
FIRMS_A2528B96,30.95021,97.364,1.09,300.02,60.0,2026-08-07T20:06:00Z,N20
FIRMS_C4CA164A,32.1334,74.1766,0.67,306.04,60.0,2026-08-07T20:06:00Z,N20
FIRMS_44DE9602,33.17493,70.4494,1.07,300.75,60.0,2026-08-07T20:06:00Z,N20
FIRMS_6BC391D9,23.6651,84.99844,2.16,311.54,60.0,2026-08-07T20:08:00Z,N20
FIRMS_D88665AB,23.72148,85.009,1.72,311.93,60.0,2026-08-07T20:08:00Z,N20
FIRMS_2092CCD7,23.73612,85.02348,1.07,302.72,60.0,2026-08-07T20:08:00Z,N20
FIRMS_476CD478,23.77231,86.19855,2.24,304.89,60.0,2026-08-07T20:08:00Z,N20
FIRMS_E4A3C7B2,23.79395,86.23575,2.03,303.73,60.0,2026-08-07T20:08:00Z,N20
FIRMS_888BF867,24.14051,82.70663,1.11,303.1,60.0,2026-08-07T20:08:00Z,N20
FIRMS_BAB9A1C8,24.14751,82.65939,0.81,295.89,60.0,2026-08-07T20:08:00Z,N20
FIRMS_CA29F4C6,25.03395,87.37189,2.42,311.33,60.0,2026-08-07T20:08:00Z,N20
FIRMS_4A952174,25.03437,87.38967,2.42,309.42,60.0,2026-08-07T20:08:00Z,N20
FIRMS_EF0FC0D5,25.43868,86.06711,0.71,308.26,60.0,2026-08-07T20:08:00Z,N20
FIRMS_2F70D5D7,25.94346,72.18764,2.82,319.37,60.0,2026-08-07T20:08:00Z,N20
FIRMS_22D4D380,25.94566,72.18745,3.63,328.13,60.0,2026-08-07T20:08:00Z,N20
FIRMS_EE6C8931,26.7614,83.20079,1.14,302.9,60.0,2026-08-07T20:08:00Z,N20
FIRMS_62EB2A79,7.32775,81.19498,1.43,308.3,60.0,2026-08-07T20:12:00Z,N20
FIRMS_639BB99C,8.93128,80.38788,0.61,305.69,60.0,2026-08-07T20:12:00Z,N20
FIRMS_4C90AEDE,8.93459,80.3884,0.47,296.04,60.0,2026-08-07T20:12:00Z,N20
FIRMS_0BF404A1,6.62859,81.18702,4.53,340.82,60.0,2026-08-07T20:14:00Z,N20
FIRMS_4360CD89,6.62915,81.1835,1.5,305.61,60.0,2026-08-07T20:14:00Z,N20
FIRMS_ABDD7436,6.72837,81.07344,0.72,308.21,60.0,2026-08-07T20:14:00Z,N20
FIRMS_8B75845E,6.99973,81.4379,0.43,297.35,60.0,2026-08-07T20:14:00Z,N20
FIRMS_2FEB24BD,32.72102,72.92443,0.71,303.66,60.0,2026-08-07T21:46:00Z,N20
FIRMS_70868FD7,32.83092,71.60274,0.71,306.37,60.0,2026-08-07T21:46:00Z,N20
FIRMS_50E67866,32.89018,71.61656,0.6,307.04,60.0,2026-08-07T21:46:00Z,N20
FIRMS_AE5BE881,33.17234,70.44988,0.82,304.83,60.0,2026-08-07T21:46:00Z,N20
FIRMS_4B08ECE3,33.17368,70.44973,0.91,306.53,60.0,2026-08-07T21:46:00Z,N20
FIRMS_4D50CCB9,33.54736,71.55035,0.53,306.6,60.0,2026-08-07T21:46:00Z,N20
FIRMS_67044135,35.96848,68.68504,1.41,308.12,60.0,2026-08-07T21:46:00Z,N20
FIRMS_3E63AE48,25.38787,68.58378,1.31,317.12,60.0,2026-08-07T21:48:00Z,N20
FIRMS_296AC341,26.09603,68.87966,0.57,305.88,60.0,2026-08-07T21:48:00Z,N20
FIRMS_CF9CA405,28.42542,69.70143,3.61,310.08,60.0,2026-08-07T21:48:00Z,N20
FIRMS_7265BEA6,6.7233,81.49083,3.66,332.56,60.0,2026-08-08T07:18:00Z,N20
FIRMS_11D48428,6.77824,81.5685,4.81,340.06,60.0,2026-08-08T07:18:00Z,N20
FIRMS_13C72F81,6.89377,81.77743,9.25,353.77,60.0,2026-08-08T07:18:00Z,N20
FIRMS_CD476088,6.90102,81.61574,7.88,352.34,60.0,2026-08-08T07:18:00Z,N20
FIRMS_0ABB089A,6.90109,81.61749,12.65,367.0,90.0,2026-08-08T07:18:00Z,N20
FIRMS_6B51D46F,6.90173,81.61981,7.88,336.51,60.0,2026-08-08T07:18:00Z,N20
FIRMS_BD2FC973,6.9094,81.66291,7.8,330.26,60.0,2026-08-08T07:18:00Z,N20
FIRMS_A005F205,6.90973,81.66537,9.33,343.93,60.0,2026-08-08T07:18:00Z,N20
FIRMS_47AFB769,6.91016,81.66703,7.68,337.1,60.0,2026-08-08T07:18:00Z,N20
FIRMS_F393C72E,7.23166,81.26118,3.47,335.82,60.0,2026-08-08T07:18:00Z,N20
FIRMS_AA7DC8BC,7.33723,81.21552,3.98,340.22,60.0,2026-08-08T07:18:00Z,N20
FIRMS_10D496BA,7.48598,81.41212,2.92,328.04,60.0,2026-08-08T07:18:00Z,N20
FIRMS_5ACF3894,7.82748,81.38485,6.92,340.31,60.0,2026-08-08T07:18:00Z,N20
FIRMS_9C519826,7.82784,81.38389,6.52,344.43,60.0,2026-08-08T07:18:00Z,N20
FIRMS_F4E07802,7.84703,81.16319,4.74,330.24,60.0,2026-08-08T07:18:00Z,N20
FIRMS_D1381584,7.89292,81.51271,1.75,331.58,60.0,2026-08-08T07:18:00Z,N20
FIRMS_21FC6D3A,7.90352,81.47292,2.86,332.18,60.0,2026-08-08T07:18:00Z,N20
FIRMS_A59A4165,23.77952,86.39025,8.41,342.22,60.0,2026-08-08T07:22:00Z,N20
FIRMS_47BA3371,29.06436,79.52175,4.71,337.22,60.0,2026-08-08T07:24:00Z,N20
FIRMS_60124601,30.60105,71.65832,5.76,333.39,60.0,2026-08-08T07:24:00Z,N20
FIRMS_D33153BD,30.60347,72.09484,3.21,332.1,60.0,2026-08-08T07:24:00Z,N20
FIRMS_C5689C8B,24.85614,68.0871,5.04,343.0,60.0,2026-08-08T09:05:00Z,N20
FIRMS_698096C2,26.1242,69.16769,4.13,333.47,60.0,2026-08-08T09:05:00Z,N20
FIRMS_D67D1E65,30.39329,71.72418,2.43,337.17,60.0,2026-08-08T09:05:00Z,N20
FIRMS_D69996DA,33.16986,70.45056,1.56,330.69,60.0,2026-08-08T09:07:00Z,N20
FIRMS_4548ED8E,33.7419,70.23038,3.35,330.57,30.0,2026-08-08T09:07:00Z,N20
FIRMS_61DEDB70,25.54309,91.2356,0.93,305.85,60.0,2026-08-08T19:47:00Z,N20
FIRMS_0197AD27,26.64249,79.47604,1.49,319.1,60.0,2026-08-08T19:47:00Z,N20
FIRMS_9258FFEB,26.75992,83.19685,1.66,307.83,60.0,2026-08-08T19:47:00Z,N20
FIRMS_EF03A8F6,26.76135,83.19946,2.81,307.21,60.0,2026-08-08T19:47:00Z,N20
FIRMS_E787DC93,28.85252,77.14256,0.97,303.76,60.0,2026-08-08T19:47:00Z,N20
FIRMS_710957B9,35.9924,94.83058,1.85,307.09,60.0,2026-08-08T19:47:00Z,N20
FIRMS_E31F475E,20.75985,85.29664,2.51,318.9,60.0,2026-08-08T19:49:00Z,N20
FIRMS_80ECCB74,20.76046,85.29235,0.94,305.84,60.0,2026-08-08T19:49:00Z,N20
FIRMS_852DA191,20.78587,85.26447,1.48,313.51,60.0,2026-08-08T19:49:00Z,N20
FIRMS_E5A4E1B9,20.78646,85.26022,1.55,310.94,60.0,2026-08-08T19:49:00Z,N20
FIRMS_A64A8859,20.78656,85.26159,2.16,321.15,60.0,2026-08-08T19:49:00Z,N20
FIRMS_58DD6509,20.78941,85.26505,0.55,303.33,60.0,2026-08-08T19:49:00Z,N20
FIRMS_77B1011A,20.79,85.26079,1.95,304.87,60.0,2026-08-08T19:49:00Z,N20
FIRMS_ED3BCBF5,20.79472,85.25284,2.28,319.28,60.0,2026-08-08T19:49:00Z,N20
FIRMS_1C83F76E,20.79768,85.25767,1.48,309.27,60.0,2026-08-08T19:49:00Z,N20
FIRMS_9A0185BE,20.80477,85.25878,1.79,309.56,60.0,2026-08-08T19:49:00Z,N20
FIRMS_623CB856,20.80891,85.25505,2.36,314.19,60.0,2026-08-08T19:49:00Z,N20
FIRMS_D06626E4,20.86326,84.9935,1.38,306.65,60.0,2026-08-08T19:49:00Z,N20
FIRMS_005673EE,20.86386,84.98915,1.61,316.6,60.0,2026-08-08T19:49:00Z,N20
FIRMS_744CCA6C,20.86685,84.99406,1.38,309.86,60.0,2026-08-08T19:49:00Z,N20
FIRMS_F766503D,20.86744,84.98976,1.61,299.76,60.0,2026-08-08T19:49:00Z,N20
FIRMS_07F83972,20.95228,86.04957,2.44,325.52,60.0,2026-08-08T19:49:00Z,N20
FIRMS_293E2C0E,20.95286,86.04559,4.22,332.55,60.0,2026-08-08T19:49:00Z,N20
FIRMS_3D30426B,20.96258,85.18911,2.75,328.3,60.0,2026-08-08T19:49:00Z,N20
FIRMS_ED4C56ED,20.96318,85.18481,2.75,314.66,60.0,2026-08-08T19:49:00Z,N20
FIRMS_455A64CB,20.96378,85.18049,1.57,310.49,60.0,2026-08-08T19:49:00Z,N20
FIRMS_308BFE8B,20.96439,85.17616,1.57,306.31,60.0,2026-08-08T19:49:00Z,N20
FIRMS_DCF66BAD,20.96499,85.17181,1.74,311.45,60.0,2026-08-08T19:49:00Z,N20
FIRMS_43A1FF1A,20.9656,85.16747,1.74,309.42,60.0,2026-08-08T19:49:00Z,N20
FIRMS_A41B8061,20.96614,85.18969,1.19,304.74,60.0,2026-08-08T19:49:00Z,N20
FIRMS_5F88C5F5,20.96621,85.16311,1.96,313.47,60.0,2026-08-08T19:49:00Z,N20
FIRMS_9573A675,20.96795,85.17672,2.13,316.4,60.0,2026-08-08T19:49:00Z,N20
FIRMS_C716130E,20.96856,85.17236,1.64,314.5,60.0,2026-08-08T19:49:00Z,N20
FIRMS_0B5367C2,20.96917,85.16802,1.64,311.11,60.0,2026-08-08T19:49:00Z,N20
FIRMS_7A3D2792,20.96957,86.0031,0.96,303.83,60.0,2026-08-08T19:49:00Z,N20
FIRMS_E5780FBC,20.97152,85.17728,2.13,319.85,60.0,2026-08-08T19:49:00Z,N20
FIRMS_AE763CF5,20.97302,86.00365,1.77,308.61,60.0,2026-08-08T19:49:00Z,N20
FIRMS_24E121B4,20.97569,85.17348,1.18,314.6,60.0,2026-08-08T19:49:00Z,N20
FIRMS_5A7C61E1,20.9763,85.16914,1.18,305.74,60.0,2026-08-08T19:49:00Z,N20
FIRMS_E5EE01BF,20.98116,85.13437,1.2,302.21,60.0,2026-08-08T19:49:00Z,N20
FIRMS_FBEE0738,20.98473,85.13493,1.2,307.85,60.0,2026-08-08T19:49:00Z,N20
FIRMS_80290C84,21.00043,86.02753,1.05,309.01,60.0,2026-08-08T19:49:00Z,N20
FIRMS_48AD6855,21.00165,86.02482,1.07,308.89,60.0,2026-08-08T19:49:00Z,N20
FIRMS_00E3B966,21.07626,85.04499,2.63,308.61,60.0,2026-08-08T19:49:00Z,N20
FIRMS_E05321A2,21.07747,85.03615,2.13,309.08,60.0,2026-08-08T19:49:00Z,N20
FIRMS_F5F3EFCA,21.93223,85.22158,1.13,297.9,60.0,2026-08-08T19:49:00Z,N20
FIRMS_2F7687CB,22.05327,88.12409,3.22,317.7,60.0,2026-08-08T19:49:00Z,N20
FIRMS_8C4C4DBC,22.36072,87.01862,1.18,302.22,60.0,2026-08-08T19:49:00Z,N20
FIRMS_6B6D6D1E,23.54922,86.54599,2.3,303.54,60.0,2026-08-08T19:49:00Z,N20
FIRMS_CD902965,23.56342,87.08524,1.17,302.34,60.0,2026-08-08T19:49:00Z,N20
FIRMS_AE0887BD,23.66191,87.15392,1.9,308.39,60.0,2026-08-08T19:49:00Z,N20
FIRMS_63797A13,23.66471,87.15846,2.1,308.7,60.0,2026-08-08T19:49:00Z,N20
FIRMS_D33CDD60,23.66529,87.1545,2.1,327.61,60.0,2026-08-08T19:49:00Z,N20
FIRMS_B85EE411,23.67859,86.39649,1.22,305.1,60.0,2026-08-08T19:49:00Z,N20
FIRMS_1A994D92,23.67918,86.39229,1.22,304.16,60.0,2026-08-08T19:49:00Z,N20
FIRMS_8FBEB426,23.68207,86.39709,1.22,316.37,60.0,2026-08-08T19:49:00Z,N20
FIRMS_B2483615,23.68265,86.39288,1.22,304.55,60.0,2026-08-08T19:49:00Z,N20
FIRMS_209C851C,23.68284,87.1291,2.52,309.75,60.0,2026-08-08T19:49:00Z,N20
FIRMS_04490782,23.68612,86.39349,3.37,320.67,60.0,2026-08-08T19:49:00Z,N20
FIRMS_F7BBB19A,23.69019,86.38985,2.65,308.81,60.0,2026-08-08T19:49:00Z,N20
FIRMS_9A707109,23.69076,87.12234,1.71,305.84,60.0,2026-08-08T19:49:00Z,N20
FIRMS_1B7F5FC0,23.69081,87.09795,2.01,306.72,60.0,2026-08-08T19:49:00Z,N20
FIRMS_3353F122,23.69248,87.11044,2.63,308.7,60.0,2026-08-08T19:49:00Z,N20
FIRMS_BD679D59,23.69305,87.10648,2.79,309.3,60.0,2026-08-08T19:49:00Z,N20
FIRMS_0A40186C,23.69414,87.12292,1.71,312.8,60.0,2026-08-08T19:49:00Z,N20
FIRMS_B0A8475B,23.71376,86.4495,1.61,303.89,60.0,2026-08-08T19:49:00Z,N20
FIRMS_1865C3A3,23.71384,86.42384,2.42,304.29,60.0,2026-08-08T19:49:00Z,N20
FIRMS_5A7C0BE3,23.7179,86.42026,1.55,308.22,60.0,2026-08-08T19:49:00Z,N20
FIRMS_65C888B6,23.71841,86.44173,2.72,308.23,60.0,2026-08-08T19:49:00Z,N20
FIRMS_3A345F0E,23.72111,85.00737,1.24,303.14,60.0,2026-08-08T19:49:00Z,N20
FIRMS_C2530CFB,23.73825,85.00724,0.91,299.27,60.0,2026-08-08T19:49:00Z,N20
FIRMS_5473E251,23.75031,86.4172,2.38,311.42,60.0,2026-08-08T19:49:00Z,N20
FIRMS_C9028AA7,23.75378,86.41779,2.28,312.32,60.0,2026-08-08T19:49:00Z,N20
FIRMS_063B5213,23.75904,86.40582,2.16,306.3,60.0,2026-08-08T19:49:00Z,N20
FIRMS_9043A878,23.75964,86.40161,2.05,319.24,60.0,2026-08-08T19:49:00Z,N20
FIRMS_FD28CA47,23.76024,86.3974,2.05,304.41,60.0,2026-08-08T19:49:00Z,N20
FIRMS_9C2891C0,23.76311,86.4022,2.56,313.6,60.0,2026-08-08T19:49:00Z,N20
FIRMS_DD6B2991,23.7643,86.40504,2.95,321.26,60.0,2026-08-08T19:49:00Z,N20
FIRMS_8BA856C3,23.76488,86.40083,2.2,308.19,60.0,2026-08-08T19:49:00Z,N20
FIRMS_42566408,23.76599,86.40699,3.9,323.55,60.0,2026-08-08T19:49:00Z,N20
FIRMS_722B0A05,23.76605,86.39243,2.26,306.84,60.0,2026-08-08T19:49:00Z,N20
FIRMS_0B98C4D1,23.76659,86.40277,2.56,316.18,60.0,2026-08-08T19:49:00Z,N20
FIRMS_DF92EC61,23.76778,86.40562,2.95,325.11,60.0,2026-08-08T19:49:00Z,N20
FIRMS_03AFD830,23.76836,86.40141,2.2,318.64,60.0,2026-08-08T19:49:00Z,N20
FIRMS_9F8C5132,23.77359,86.36359,4.41,328.01,60.0,2026-08-08T19:49:00Z,N20
FIRMS_558B491F,23.77416,86.38523,2.36,305.77,60.0,2026-08-08T19:49:00Z,N20
FIRMS_25A5BB59,23.77707,86.36417,2.89,311.64,60.0,2026-08-08T19:49:00Z,N20
FIRMS_7C2423C3,23.77938,86.37319,2.51,315.23,60.0,2026-08-08T19:49:00Z,N20
FIRMS_4AE0EAE5,23.77941,86.34731,1.29,307.68,60.0,2026-08-08T19:49:00Z,N20
FIRMS_09FF5BF0,23.78053,86.39062,2.62,307.01,60.0,2026-08-08T19:49:00Z,N20
FIRMS_1048ECEC,23.78289,86.34789,1.29,306.09,60.0,2026-08-08T19:49:00Z,N20
FIRMS_E55F1BD7,23.79623,86.35448,2.79,309.89,60.0,2026-08-08T19:49:00Z,N20
FIRMS_9F16345E,23.80323,86.32977,2.02,312.97,60.0,2026-08-08T19:49:00Z,N20
FIRMS_4DE9BDDD,24.11667,86.86233,0.76,305.44,60.0,2026-08-08T19:49:00Z,N20
FIRMS_F3C6C39C,24.11726,86.85825,0.76,305.43,60.0,2026-08-08T19:49:00Z,N20
FIRMS_C1E5493D,24.1201,86.86292,0.76,309.55,60.0,2026-08-08T19:49:00Z,N20
FIRMS_64E74D4E,24.16996,82.62179,1.6,310.52,60.0,2026-08-08T19:49:00Z,N20
FIRMS_0F14F2B3,24.18365,82.65485,1.13,304.81,60.0,2026-08-08T19:49:00Z,N20
FIRMS_D68E156A,24.19848,82.71488,0.7,302.04,60.0,2026-08-08T19:49:00Z,N20
FIRMS_A8432FB0,24.2033,82.71077,1.16,303.58,60.0,2026-08-08T19:49:00Z,N20
FIRMS_9CA3B6B3,24.20755,82.71158,1.16,303.82,60.0,2026-08-08T19:49:00Z,N20
FIRMS_980E72DB,25.03335,87.37007,2.57,310.04,60.0,2026-08-08T19:49:00Z,N20
FIRMS_8B7A0703,25.03469,87.39004,2.82,308.49,60.0,2026-08-08T19:49:00Z,N20
FIRMS_2E269A09,29.22534,88.34909,1.01,300.38,60.0,2026-08-08T19:49:00Z,N20
FIRMS_725AA9FE,29.37531,91.15195,1.26,310.86,60.0,2026-08-08T19:49:00Z,N20
FIRMS_3A38AD75,29.6582,90.89845,0.82,304.09,60.0,2026-08-08T19:49:00Z,N20
FIRMS_E71BB508,11.03697,77.77518,0.91,297.17,60.0,2026-08-08T19:51:00Z,N20
FIRMS_6677E2D3,15.02639,78.0145,1.53,304.39,60.0,2026-08-08T19:51:00Z,N20
FIRMS_0B474850,15.18034,77.10195,0.84,299.76,60.0,2026-08-08T19:51:00Z,N20
FIRMS_1840C780,6.74852,81.1357,1.48,306.27,60.0,2026-08-08T19:53:00Z,N20
FIRMS_53DE8631,7.30525,81.16988,2.45,320.33,60.0,2026-08-08T19:53:00Z,N20
FIRMS_E9EA51C4,7.64167,80.96313,3.88,315.33,60.0,2026-08-08T19:53:00Z,N20
FIRMS_842BE48E,7.64408,80.96487,12.58,344.65,60.0,2026-08-08T19:53:00Z,N20
FIRMS_0506E85E,7.64477,80.96011,5.98,328.54,60.0,2026-08-08T19:53:00Z,N20
FIRMS_FDB83F86,7.64549,80.96373,12.86,351.63,60.0,2026-08-08T19:53:00Z,N20
FIRMS_AE349B28,7.67917,81.12401,1.01,302.21,60.0,2026-08-08T19:53:00Z,N20
FIRMS_EBB317B6,9.76131,77.62019,0.62,297.9,60.0,2026-08-08T19:53:00Z,N20
FIRMS_49615D7C,26.64099,79.48178,6.27,297.58,60.0,2026-08-08T21:27:00Z,N20
FIRMS_5BAFD7AB,26.64129,79.48198,1.18,298.08,60.0,2026-08-08T21:27:00Z,N20
FIRMS_14D99A33,31.2613,76.92593,1.56,304.77,60.0,2026-08-08T21:27:00Z,N20
FIRMS_0043F932,32.29036,70.74107,7.81,309.68,60.0,2026-08-08T21:27:00Z,N20
FIRMS_B515F8D3,32.29244,70.73065,8.1,309.94,60.0,2026-08-08T21:27:00Z,N20
FIRMS_844624C1,32.57582,72.563,2.18,305.07,60.0,2026-08-08T21:27:00Z,N20
FIRMS_6E4FC157,33.27038,71.30965,2.7,305.29,60.0,2026-08-08T21:27:00Z,N20
FIRMS_8976969D,33.40679,71.94013,3.68,306.3,60.0,2026-08-08T21:27:00Z,N20
FIRMS_9F2893C9,33.54606,71.55103,1.96,308.57,60.0,2026-08-08T21:27:00Z,N20
FIRMS_01995F75,33.82885,72.82959,2.28,305.53,60.0,2026-08-08T21:27:00Z,N20
FIRMS_3E005319,33.84945,72.87006,0.98,305.44,60.0,2026-08-08T21:27:00Z,N20
FIRMS_15BB8D27,22.93449,69.69886,1.9,306.59,60.0,2026-08-08T21:29:00Z,N20
FIRMS_63BE3AD9,25.38976,68.58435,1.96,315.33,60.0,2026-08-08T21:29:00Z,N20
FIRMS_E1252FDB,25.94461,72.19249,8.82,327.14,60.0,2026-08-08T21:29:00Z,N20
FIRMS_2CD3FFFF,28.42633,69.70116,4.23,313.49,60.0,2026-08-08T21:29:00Z,N20
FIRMS_D54D47F0,18.95629,73.94073,0.92,295.62,60.0,2026-08-08T21:31:00Z,N20
FIRMS_CFE8B9A4,18.95796,73.94247,0.87,295.97,60.0,2026-08-08T21:31:00Z,N20
FIRMS_48D9B7CB,23.69815,86.07658,2.84,328.72,60.0,2026-08-09T07:01:00Z,N20
FIRMS_93126D20,27.77391,95.53493,5.92,331.1,30.0,2026-08-09T07:03:00Z,N20
FIRMS_E6A67CF0,27.77813,95.53909,5.38,330.71,30.0,2026-08-09T07:03:00Z,N20
FIRMS_12CEAA2F,27.96522,95.60564,6.08,330.57,30.0,2026-08-09T07:03:00Z,N20
FIRMS_3CFD5D0E,27.96945,95.60986,8.53,332.72,60.0,2026-08-09T07:03:00Z,N20
FIRMS_97C11C4D,31.42975,91.98997,2.99,336.17,30.0,2026-08-09T07:03:00Z,N20
FIRMS_F8EA216C,6.40929,80.85278,4.76,330.49,60.0,2026-08-09T08:37:00Z,N20
FIRMS_D5B653F2,7.65818,81.14014,6.14,334.47,60.0,2026-08-09T08:39:00Z,N20
FIRMS_F1C16DD9,7.65878,81.14007,5.96,330.51,60.0,2026-08-09T08:39:00Z,N20
FIRMS_7CEF5BED,7.69351,81.15065,5.24,351.9,60.0,2026-08-09T08:39:00Z,N20
FIRMS_E48ABE34,7.69399,81.15426,5.24,329.47,60.0,2026-08-09T08:39:00Z,N20
FIRMS_7B2BA492,8.34932,80.79771,4.28,330.67,60.0,2026-08-09T08:39:00Z,N20
FIRMS_F0122F40,9.18406,80.69644,2.84,329.27,60.0,2026-08-09T08:39:00Z,N20
FIRMS_FB9B3263,9.33855,77.71365,8.76,337.5,60.0,2026-08-09T08:39:00Z,N20
FIRMS_8D0A31A3,9.33919,77.71819,9.22,337.47,60.0,2026-08-09T08:39:00Z,N20
FIRMS_0708C0DA,9.34092,77.71509,9.47,345.75,60.0,2026-08-09T08:39:00Z,N20
FIRMS_547EADFE,9.38077,80.48632,4.6,333.53,60.0,2026-08-09T08:39:00Z,N20
FIRMS_78BE2C96,9.38171,80.48298,2.48,330.17,60.0,2026-08-09T08:39:00Z,N20
FIRMS_136EDB02,9.55403,77.81441,10.47,335.36,60.0,2026-08-09T08:39:00Z,N20
FIRMS_967C82DF,11.07089,78.70502,4.67,334.46,60.0,2026-08-09T08:39:00Z,N20
FIRMS_2030CF8A,11.07198,78.70229,4.92,337.59,60.0,2026-08-09T08:39:00Z,N20
FIRMS_1F7C530A,11.19376,78.23439,10.73,339.25,60.0,2026-08-09T08:39:00Z,N20
FIRMS_D341323D,12.53732,77.01344,2.92,334.41,60.0,2026-08-09T08:39:00Z,N20
FIRMS_F9766A7C,13.35395,76.12534,11.14,352.49,60.0,2026-08-09T08:39:00Z,N20
FIRMS_E05C677E,13.43076,79.83887,12.27,367.0,90.0,2026-08-09T08:39:00Z,N20
FIRMS_804524E7,13.68176,76.16438,3.42,334.11,60.0,2026-08-09T08:39:00Z,N20
FIRMS_806B8EF9,25.38762,68.58472,3.36,333.61,60.0,2026-08-09T08:43:00Z,N20
FIRMS_87A5B557,25.43356,68.33263,2.08,334.17,60.0,2026-08-09T08:43:00Z,N20
FIRMS_98FF5053,26.06175,70.26306,3.21,340.74,60.0,2026-08-09T08:43:00Z,N20
FIRMS_6CA71620,27.79451,69.5148,6.08,330.71,30.0,2026-08-09T08:45:00Z,N20
FIRMS_E38F5A20,27.79856,69.54603,4.42,330.05,30.0,2026-08-09T08:45:00Z,N20
FIRMS_0E9F1ECB,28.0768,69.21942,7.91,330.41,30.0,2026-08-09T08:45:00Z,N20
FIRMS_13C876B2,28.12156,69.23434,3.41,331.85,30.0,2026-08-09T08:45:00Z,N20
FIRMS_1A888CF6,28.12447,69.22935,3.41,332.55,30.0,2026-08-09T08:45:00Z,N20
FIRMS_0A96153B,28.12505,69.23375,3.41,332.17,30.0,2026-08-09T08:45:00Z,N20
FIRMS_6354B201,28.27939,70.3168,8.42,330.4,30.0,2026-08-09T08:45:00Z,N20
FIRMS_75294A7F,28.28149,68.00329,7.86,342.44,60.0,2026-08-09T08:45:00Z,N20
FIRMS_196A32F7,28.29319,68.71736,2.78,330.26,30.0,2026-08-09T08:45:00Z,N20
FIRMS_4EA8D0D9,28.4242,69.70125,3.75,331.8,60.0,2026-08-09T08:45:00Z,N20
FIRMS_3B0CAC83,28.51862,70.56734,3.41,330.66,30.0,2026-08-09T08:45:00Z,N20
FIRMS_657DA976,28.51924,70.57239,3.41,330.77,30.0,2026-08-09T08:45:00Z,N20
FIRMS_918714CF,28.61605,73.78303,8.5,330.42,60.0,2026-08-09T08:45:00Z,N20
FIRMS_8051D73A,29.28342,70.95089,9.39,331.67,60.0,2026-08-09T08:45:00Z,N20
FIRMS_11835DD2,29.31498,71.85635,5.27,335.98,60.0,2026-08-09T08:45:00Z,N20
FIRMS_7BFB5308,29.44543,70.98029,5.82,330.03,30.0,2026-08-09T08:45:00Z,N20
FIRMS_9C864FFA,29.63135,71.53281,5.95,337.36,60.0,2026-08-09T08:45:00Z,N20
FIRMS_70824D7A,29.74194,71.4034,2.87,331.14,60.0,2026-08-09T08:45:00Z,N20
FIRMS_5429D9C6,29.84982,72.03187,2.57,338.19,60.0,2026-08-09T08:45:00Z,N20
FIRMS_7C22070E,29.87766,71.41584,5.0,335.66,60.0,2026-08-09T08:45:00Z,N20
FIRMS_954555F2,29.88702,72.38286,3.1,338.61,60.0,2026-08-09T08:45:00Z,N20
FIRMS_AF79A95E,29.91035,72.36172,4.98,342.13,60.0,2026-08-09T08:45:00Z,N20
FIRMS_57C9270C,29.91408,71.45251,10.27,339.2,60.0,2026-08-09T08:45:00Z,N20
FIRMS_8EE2A7D0,30.03366,72.89735,5.97,343.34,60.0,2026-08-09T08:45:00Z,N20
FIRMS_621D27B2,30.04941,71.55729,3.83,338.16,60.0,2026-08-09T08:45:00Z,N20
FIRMS_DA12628C,30.14091,71.59715,7.16,347.57,60.0,2026-08-09T08:45:00Z,N20
FIRMS_4B6EB52C,30.20597,72.48461,4.16,335.97,60.0,2026-08-09T08:45:00Z,N20
FIRMS_B887BF78,30.6216,71.99536,5.65,341.56,60.0,2026-08-09T08:45:00Z,N20
FIRMS_F12A466D,30.64834,71.74957,8.37,354.49,60.0,2026-08-09T08:45:00Z,N20
FIRMS_05572F7F,30.65009,72.2647,2.58,331.75,60.0,2026-08-09T08:45:00Z,N20
FIRMS_F03578DA,30.66124,71.87265,8.79,340.35,60.0,2026-08-09T08:45:00Z,N20
FIRMS_0F2B3B4D,30.66169,71.87693,8.79,342.25,60.0,2026-08-09T08:45:00Z,N20
FIRMS_5475A32A,30.69366,71.94232,4.64,343.25,60.0,2026-08-09T08:45:00Z,N20
FIRMS_3BF1DCAF,30.86299,71.93347,5.28,343.59,60.0,2026-08-09T08:45:00Z,N20
FIRMS_0ECB8245,30.86504,71.93388,3.24,336.78,60.0,2026-08-09T08:45:00Z,N20
FIRMS_2EAE83A8,30.88756,71.94842,13.18,344.18,60.0,2026-08-09T08:45:00Z,N20
FIRMS_9184DAF4,30.92719,71.92527,5.63,334.89,60.0,2026-08-09T08:45:00Z,N20
FIRMS_741F8A68,31.00441,71.96033,5.83,339.71,60.0,2026-08-09T08:45:00Z,N20
FIRMS_5CBDD603,31.00486,71.96472,5.83,338.38,60.0,2026-08-09T08:45:00Z,N20
FIRMS_D1623B2E,31.2046,72.08096,5.36,341.63,60.0,2026-08-09T08:45:00Z,N20
FIRMS_2CFEFE7F,31.2051,72.07797,5.62,339.87,60.0,2026-08-09T08:45:00Z,N20
FIRMS_475901BA,35.9908,94.83292,1.62,300.79,60.0,2026-08-09T19:25:00Z,N20
FIRMS_F130B213,27.40552,96.0146,0.86,308.47,60.0,2026-08-09T19:28:00Z,N20
FIRMS_D4B31A1F,29.22342,88.35004,1.22,296.0,60.0,2026-08-09T19:28:00Z,N20
FIRMS_75802D46,29.65905,90.89752,0.87,298.66,60.0,2026-08-09T19:28:00Z,N20
FIRMS_9EAA9A66,29.66005,90.89828,1.42,301.58,60.0,2026-08-09T19:28:00Z,N20
FIRMS_80DC326B,22.36184,87.0181,3.33,309.81,60.0,2026-08-09T19:30:00Z,N20
FIRMS_15DC40B5,22.36613,87.01873,3.86,311.28,60.0,2026-08-09T19:30:00Z,N20
FIRMS_EE6BD7D5,22.78914,86.19627,3.99,305.92,60.0,2026-08-09T19:30:00Z,N20
FIRMS_1F03F489,22.78982,86.19749,3.16,306.64,60.0,2026-08-09T19:30:00Z,N20
FIRMS_851E5523,22.79198,86.21184,3.7,306.4,60.0,2026-08-09T19:30:00Z,N20
FIRMS_817790F1,22.80119,86.09136,2.6,311.64,60.0,2026-08-09T19:30:00Z,N20
FIRMS_AEC07343,22.80127,86.09036,3.35,311.6,60.0,2026-08-09T19:30:00Z,N20
FIRMS_F289A76D,22.8109,86.08758,1.64,303.78,60.0,2026-08-09T19:30:00Z,N20
FIRMS_DBB72470,22.87357,88.21239,1.09,305.31,60.0,2026-08-09T19:30:00Z,N20
FIRMS_0B5CAC5E,22.87399,86.06478,1.21,303.36,60.0,2026-08-09T19:30:00Z,N20
FIRMS_9BC81385,22.87456,86.05971,1.21,304.32,60.0,2026-08-09T19:30:00Z,N20
FIRMS_A527FFC2,23.4847,87.36115,4.78,313.17,60.0,2026-08-09T19:30:00Z,N20
FIRMS_92C1CAB1,23.55819,87.24075,2.71,311.66,60.0,2026-08-09T19:30:00Z,N20
FIRMS_FCF44A9E,23.56292,87.08218,2.48,313.01,60.0,2026-08-09T19:30:00Z,N20
FIRMS_B01A0D1C,23.56351,87.23245,5.84,333.44,60.0,2026-08-09T19:30:00Z,N20
FIRMS_603346BF,23.61313,87.14422,2.36,306.56,60.0,2026-08-09T19:30:00Z,N20
FIRMS_3388C56E,23.63527,86.83443,2.59,304.87,60.0,2026-08-09T19:30:00Z,N20
FIRMS_AC1BAC6F,23.65034,85.43754,9.3,329.37,60.0,2026-08-09T19:30:00Z,N20
FIRMS_D3C5362C,23.66207,87.15318,2.82,307.75,60.0,2026-08-09T19:30:00Z,N20
FIRMS_78E2852F,23.6664,87.15377,2.98,312.24,60.0,2026-08-09T19:30:00Z,N20
FIRMS_6E9A3500,23.66858,86.93404,1.93,304.88,60.0,2026-08-09T19:30:00Z,N20
FIRMS_C6C3CC1F,23.67894,86.40165,2.24,306.48,60.0,2026-08-09T19:30:00Z,N20
FIRMS_13257CA2,23.67949,86.39664,2.24,324.02,60.0,2026-08-09T19:30:00Z,N20
FIRMS_5493C821,23.68245,87.12855,2.4,306.09,60.0,2026-08-09T19:30:00Z,N20
FIRMS_32A461F8,23.68398,86.09574,2.62,319.64,60.0,2026-08-09T19:30:00Z,N20
FIRMS_E056A4B2,23.68403,86.39732,2.24,308.59,60.0,2026-08-09T19:30:00Z,N20
FIRMS_FF9FDDF9,23.68459,86.3922,3.39,313.68,60.0,2026-08-09T19:30:00Z,N20
FIRMS_991467E4,23.68781,87.12008,3.03,314.11,60.0,2026-08-09T19:30:00Z,N20
FIRMS_86BB8EC4,23.68914,86.39288,2.48,305.02,60.0,2026-08-09T19:30:00Z,N20
FIRMS_93C50CDC,23.69037,87.09753,3.5,306.69,60.0,2026-08-09T19:30:00Z,N20
FIRMS_FB76D60D,23.69215,87.12071,3.03,317.84,60.0,2026-08-09T19:30:00Z,N20
FIRMS_323573A0,23.69257,86.40362,2.28,306.66,60.0,2026-08-09T19:30:00Z,N20
FIRMS_B77D42C3,23.69318,87.11169,3.3,309.79,60.0,2026-08-09T19:30:00Z,N20
FIRMS_C8678E94,23.69369,87.10718,3.94,308.64,60.0,2026-08-09T19:30:00Z,N20
FIRMS_B2467A5B,23.70795,86.43107,4.19,308.24,60.0,2026-08-09T19:30:00Z,N20
FIRMS_ABCEEF3C,23.71476,86.45244,2.41,316.01,60.0,2026-08-09T19:30:00Z,N20
FIRMS_CAC50F73,23.7162,86.4491,1.63,305.81,60.0,2026-08-09T19:30:00Z,N20
FIRMS_8EAE726D,23.71673,86.44408,1.75,304.11,60.0,2026-08-09T19:30:00Z,N20
FIRMS_60194451,23.71815,86.42233,4.56,307.08,60.0,2026-08-09T19:30:00Z,N20
FIRMS_45524F47,23.71938,86.41898,3.03,305.17,60.0,2026-08-09T19:30:00Z,N20
FIRMS_995F5C4B,23.72042,86.44305,2.84,305.57,60.0,2026-08-09T19:30:00Z,N20
FIRMS_ED21230C,23.7218,86.4397,1.75,305.79,60.0,2026-08-09T19:30:00Z,N20
FIRMS_EEBE131E,23.72552,86.43864,3.4,313.31,60.0,2026-08-09T19:30:00Z,N20
FIRMS_16BA5A6D,23.72634,86.44032,1.99,309.25,60.0,2026-08-09T19:30:00Z,N20
FIRMS_1680276A,23.73648,86.43156,2.76,319.98,60.0,2026-08-09T19:30:00Z,N20
FIRMS_7D914852,23.74102,86.43219,2.76,307.75,60.0,2026-08-09T19:30:00Z,N20
FIRMS_ABE4B2F0,23.75696,85.85595,2.31,307.31,60.0,2026-08-09T19:30:00Z,N20
FIRMS_A2CBF611,23.75755,85.85046,1.26,304.48,60.0,2026-08-09T19:30:00Z,N20
FIRMS_A33D2FD1,23.75789,86.40396,1.51,309.87,60.0,2026-08-09T19:30:00Z,N20
FIRMS_4B119984,23.75844,86.39886,2.49,307.16,60.0,2026-08-09T19:30:00Z,N20
FIRMS_A9B9141E,23.76243,86.40464,1.51,309.63,60.0,2026-08-09T19:30:00Z,N20
FIRMS_86F4BDFD,23.76299,86.39951,2.49,310.56,60.0,2026-08-09T19:30:00Z,N20
FIRMS_73958D4E,23.76698,86.40524,3.27,318.41,60.0,2026-08-09T19:30:00Z,N20
FIRMS_EAD947AA,23.76753,86.40013,2.48,306.11,60.0,2026-08-09T19:30:00Z,N20
FIRMS_3C3FAF5A,23.77592,86.36537,3.79,321.27,60.0,2026-08-09T19:30:00Z,N20
FIRMS_A4E2224A,23.77827,86.38636,4.73,315.55,60.0,2026-08-09T19:30:00Z,N20
FIRMS_C8214E9C,23.77864,86.20998,1.52,309.25,60.0,2026-08-09T19:30:00Z,N20
FIRMS_FE9A4659,23.7792,86.20475,2.86,305.55,60.0,2026-08-09T19:30:00Z,N20
FIRMS_8D919E16,23.77993,86.37107,2.22,307.02,60.0,2026-08-09T19:30:00Z,N20
FIRMS_2550A679,23.78325,86.21065,1.52,305.69,60.0,2026-08-09T19:30:00Z,N20
FIRMS_03A67379,23.79584,86.35263,4.5,314.98,60.0,2026-08-09T19:30:00Z,N20
FIRMS_A4315FBF,23.8004,86.35328,1.73,304.87,60.0,2026-08-09T19:30:00Z,N20
FIRMS_451FDD12,23.80096,86.34815,1.73,309.88,60.0,2026-08-09T19:30:00Z,N20
FIRMS_9CAC9DBC,23.80263,86.333,2.35,305.58,60.0,2026-08-09T19:30:00Z,N20
FIRMS_68FBAF49,23.80318,86.3279,2.35,319.29,60.0,2026-08-09T19:30:00Z,N20
FIRMS_125FD426,23.80776,86.32849,2.35,309.13,60.0,2026-08-09T19:30:00Z,N20
FIRMS_997E485B,24.16866,82.61945,3.18,312.03,60.0,2026-08-09T19:30:00Z,N20
FIRMS_408698D8,24.17769,82.65121,2.29,301.64,60.0,2026-08-09T19:30:00Z,N20
FIRMS_6289BA24,24.18274,82.66058,2.38,304.02,60.0,2026-08-09T19:30:00Z,N20
FIRMS_0DC942FE,24.1829,82.66151,2.4,304.97,60.0,2026-08-09T19:30:00Z,N20
FIRMS_383341EF,24.18312,82.65615,1.64,299.78,60.0,2026-08-09T19:30:00Z,N20
FIRMS_8FBAACC5,24.20134,82.71565,2.07,305.62,60.0,2026-08-09T19:30:00Z,N20
FIRMS_D72CF9EE,24.20174,82.71103,1.46,301.51,60.0,2026-08-09T19:30:00Z,N20
FIRMS_E1882B23,24.20751,82.71186,1.46,308.6,60.0,2026-08-09T19:30:00Z,N20
FIRMS_DEB747CE,24.20799,82.71298,2.23,303.89,60.0,2026-08-09T19:30:00Z,N20
FIRMS_F4CD7018,24.20835,82.70866,1.61,303.83,60.0,2026-08-09T19:30:00Z,N20
FIRMS_5243B21F,27.31784,95.26588,1.33,307.88,60.0,2026-08-09T19:30:00Z,N20
FIRMS_E58B8284,21.75876,84.02281,2.87,311.01,60.0,2026-08-09T19:32:00Z,N20
FIRMS_47D2B9D3,21.76072,83.84116,0.69,303.05,60.0,2026-08-09T19:32:00Z,N20
FIRMS_3E9084F6,21.76504,83.84802,2.59,311.47,60.0,2026-08-09T19:32:00Z,N20
FIRMS_D9CFC86D,21.7653,83.84863,1.95,312.51,60.0,2026-08-09T19:32:00Z,N20
FIRMS_B9235AE9,21.9717,83.19962,0.89,301.17,60.0,2026-08-09T19:32:00Z,N20
FIRMS_536807E5,22.004,82.66974,1.9,314.99,60.0,2026-08-09T19:32:00Z,N20
FIRMS_7D862B72,22.06671,83.70587,0.77,302.74,60.0,2026-08-09T19:32:00Z,N20
FIRMS_B5929444,22.20396,84.59077,1.54,300.31,60.0,2026-08-09T19:32:00Z,N20
FIRMS_0A457FBA,33.2713,71.59228,1.77,318.75,60.0,2026-08-09T21:08:00Z,N20
FIRMS_A9E8D38E,33.54802,71.54998,1.1,311.5,60.0,2026-08-09T21:08:00Z,N20
FIRMS_870A3374,33.68863,72.71039,2.22,307.51,60.0,2026-08-09T21:08:00Z,N20
FIRMS_8BB8352F,33.85014,72.87183,2.44,310.28,60.0,2026-08-09T21:08:00Z,N20
FIRMS_20AD3B4E,33.90448,71.91541,0.94,309.27,60.0,2026-08-09T21:08:00Z,N20
FIRMS_06A63700,34.15832,77.61065,0.65,299.54,60.0,2026-08-09T21:08:00Z,N20
FIRMS_89F9C90F,25.94308,72.19237,1.53,323.48,60.0,2026-08-09T21:10:00Z,N20
FIRMS_33404B74,26.09319,68.87955,0.74,311.03,60.0,2026-08-09T21:10:00Z,N20
FIRMS_7EDD3EF3,26.17184,68.83549,0.55,309.89,60.0,2026-08-09T21:10:00Z,N20
FIRMS_E6C85673,27.75845,68.33121,0.56,309.55,60.0,2026-08-09T21:10:00Z,N20
FIRMS_522EDDF5,27.96009,68.75146,1.22,315.59,60.0,2026-08-09T21:10:00Z,N20
FIRMS_0A8A19DE,29.47427,76.85662,0.68,308.43,60.0,2026-08-09T21:10:00Z,N20
FIRMS_3EA662C2,29.47654,76.86024,0.86,309.21,60.0,2026-08-09T21:10:00Z,N20
FIRMS_A50C965F,30.09251,71.36887,0.28,309.01,60.0,2026-08-09T21:10:00Z,N20
FIRMS_573FC669,32.28975,70.74066,2.34,313.61,60.0,2026-08-09T21:10:00Z,N20
FIRMS_F7D1D9ED,32.6686,69.57668,0.34,296.41,60.0,2026-08-09T21:10:00Z,N20
FIRMS_E1F50569,32.82941,71.60223,1.17,313.27,60.0,2026-08-09T21:10:00Z,N20
FIRMS_45B8CCB0,19.36909,71.35498,1.85,306.81,60.0,2026-08-09T21:12:00Z,N20
FIRMS_E6C0D67D,19.5739,71.36621,4.43,307.13,60.0,2026-08-09T21:12:00Z,N20
FIRMS_010A2249,19.8015,78.86324,0.52,301.41,60.0,2026-08-09T21:12:00Z,N20
FIRMS_2C32B888,19.93199,79.12069,1.2,301.99,60.0,2026-08-09T21:12:00Z,N20
FIRMS_0F0E551C,21.05456,72.85148,0.7,304.19,60.0,2026-08-09T21:12:00Z,N20
FIRMS_9C41D1E7,21.05469,72.85502,0.79,306.21,60.0,2026-08-09T21:12:00Z,N20
FIRMS_782AD62B,21.10486,72.64937,2.66,304.97,60.0,2026-08-09T21:12:00Z,N20
FIRMS_CECA9E36,21.10583,72.6441,2.4,310.51,60.0,2026-08-09T21:12:00Z,N20
FIRMS_CF3841C3,21.10605,72.64634,4.59,322.71,60.0,2026-08-09T21:12:00Z,N20
FIRMS_5EE0EA5B,22.33785,69.86696,1.23,301.74,60.0,2026-08-09T21:12:00Z,N20
FIRMS_98325460,22.33982,69.85525,1.06,302.09,60.0,2026-08-09T21:12:00Z,N20
FIRMS_2D43F7EB,22.92689,69.82484,1.21,306.64,60.0,2026-08-09T21:12:00Z,N20
FIRMS_E79A68CE,22.93224,69.69859,1.85,321.56,60.0,2026-08-09T21:12:00Z,N20
FIRMS_BADAF3C6,22.93379,69.70245,1.23,307.21,60.0,2026-08-09T21:12:00Z,N20
FIRMS_02717B35,22.93444,69.6986,1.79,319.78,60.0,2026-08-09T21:12:00Z,N20
FIRMS_42508882,23.24687,69.86861,1.26,305.87,60.0,2026-08-09T21:12:00Z,N20
FIRMS_C4E31835,23.31344,70.20078,0.62,302.83,60.0,2026-08-09T21:12:00Z,N20
FIRMS_97A83BC7,23.49984,68.57928,1.26,308.19,60.0,2026-08-09T21:12:00Z,N20
FIRMS_95989504,25.38807,68.58139,1.35,326.26,60.0,2026-08-09T21:12:00Z,N20
FIRMS_DA97B998,10.41274,77.106,0.75,297.29,60.0,2026-08-09T21:14:00Z,N20
FIRMS_63023322,10.41613,77.10946,0.52,304.02,60.0,2026-08-09T21:14:00Z,N20
FIRMS_6C5A1267,11.30191,77.87934,1.12,304.66,60.0,2026-08-09T21:14:00Z,N20
FIRMS_112F1D61,14.87422,78.05255,1.33,305.93,60.0,2026-08-09T21:14:00Z,N20
FIRMS_8D46473E,14.87509,78.05061,1.36,301.43,60.0,2026-08-09T21:14:00Z,N20
FIRMS_493CCC8D,15.07372,76.86428,1.32,300.48,60.0,2026-08-09T21:14:00Z,N20
FIRMS_6552000E,15.17463,76.65839,1.09,305.91,60.0,2026-08-09T21:14:00Z,N20
FIRMS_2036B476,15.17543,76.65447,1.09,305.44,60.0,2026-08-09T21:14:00Z,N20
FIRMS_82F00145,15.17702,76.67539,1.91,300.84,60.0,2026-08-09T21:14:00Z,N20
FIRMS_30262B36,15.17825,76.65834,1.42,309.19,60.0,2026-08-09T21:14:00Z,N20
FIRMS_C4539068,15.17907,76.65443,1.42,306.28,60.0,2026-08-09T21:14:00Z,N20
FIRMS_B22C6E25,15.1803,77.10293,1.21,297.77,60.0,2026-08-09T21:14:00Z,N20
FIRMS_D300CDB4,15.18098,76.65578,1.1,300.94,60.0,2026-08-09T21:14:00Z,N20
FIRMS_51FFACC8,15.18574,76.66101,1.1,302.94,60.0,2026-08-09T21:14:00Z,N20
FIRMS_F05027BF,15.18654,76.6571,1.1,306.69,60.0,2026-08-09T21:14:00Z,N20
FIRMS_086C93DF,15.18936,76.66093,2.77,302.58,60.0,2026-08-09T21:14:00Z,N20
FIRMS_89870957,15.33559,76.28592,0.35,296.76,60.0,2026-08-09T21:14:00Z,N20
FIRMS_B41F0EC8,17.14878,78.22474,0.75,300.48,60.0,2026-08-09T21:14:00Z,N20
FIRMS_749E414F,9.71661,77.60519,2.41,314.24,60.0,2026-08-09T21:16:00Z,N20
FIRMS_E8AC4106,9.72237,77.61021,5.42,316.17,60.0,2026-08-09T21:16:00Z,N20
FIRMS_780D8CF3,9.7239,77.60253,2.41,315.84,60.0,2026-08-09T21:16:00Z,N20
FIRMS_4C4308F4,22.37571,87.28049,6.12,331.03,60.0,2026-08-10T06:44:00Z,N20
FIRMS_7BAE43B4,23.97631,97.77033,5.59,334.35,60.0,2026-08-10T06:44:00Z,N20
FIRMS_E50EF66F,23.98017,97.77348,3.67,330.32,60.0,2026-08-10T06:44:00Z,N20
FIRMS_8904790A,25.09169,97.35046,1.8,332.87,60.0,2026-08-10T06:44:00Z,N20
FIRMS_16E48BA1,25.18527,97.34029,4.94,346.05,60.0,2026-08-10T06:44:00Z,N20
FIRMS_2CFFE3FE,25.22911,97.24693,6.14,334.03,60.0,2026-08-10T06:44:00Z,N20
FIRMS_25AA2BC9,27.77472,95.5388,1.82,330.86,30.0,2026-08-10T06:44:00Z,N20
FIRMS_6E03C1BD,29.30203,90.72589,5.59,339.4,60.0,2026-08-10T06:46:00Z,N20
FIRMS_3D7544B4,29.63083,90.99081,7.35,339.11,60.0,2026-08-10T06:46:00Z,N20
FIRMS_C81DDF71,29.68065,91.14445,8.7,341.49,60.0,2026-08-10T06:46:00Z,N20
FIRMS_53B945EC,6.31847,81.07191,5.12,334.3,60.0,2026-08-10T08:20:00Z,N20
FIRMS_9176143D,6.74686,81.52034,4.37,339.33,60.0,2026-08-10T08:20:00Z,N20
FIRMS_0998AE5E,6.74936,81.74494,6.49,332.63,60.0,2026-08-10T08:20:00Z,N20
FIRMS_3A427E43,6.74988,81.74867,6.49,347.5,60.0,2026-08-10T08:20:00Z,N20
FIRMS_1DEF36FF,6.7504,81.7524,3.88,333.48,60.0,2026-08-10T08:20:00Z,N20
FIRMS_86E3BE91,6.75454,81.75182,3.88,333.62,60.0,2026-08-10T08:20:00Z,N20
FIRMS_A2EB595E,6.75866,81.75123,3.47,339.64,60.0,2026-08-10T08:20:00Z,N20
FIRMS_4DA8AED8,6.76375,81.55131,4.25,334.99,60.0,2026-08-10T08:20:00Z,N20
FIRMS_8AA20147,6.77797,81.5346,1.42,332.55,60.0,2026-08-10T08:20:00Z,N20
FIRMS_178A1932,6.78256,81.53766,2.46,332.51,60.0,2026-08-10T08:20:00Z,N20
FIRMS_6BF531B6,6.79086,81.56617,6.23,345.96,60.0,2026-08-10T08:20:00Z,N20
FIRMS_3288C975,6.86247,81.72144,5.09,344.15,60.0,2026-08-10T08:20:00Z,N20
FIRMS_6517884E,6.93937,81.3845,2.93,333.4,60.0,2026-08-10T08:20:00Z,N20
FIRMS_824734F3,7.24128,81.25735,1.72,333.17,60.0,2026-08-10T08:20:00Z,N20
FIRMS_DA7284F8,7.24531,81.25679,6.5,344.17,60.0,2026-08-10T08:20:00Z,N20
FIRMS_E0CA5E78,7.27005,81.28619,4.81,346.21,60.0,2026-08-10T08:20:00Z,N20
FIRMS_BB74F617,7.27805,81.22752,4.36,331.19,60.0,2026-08-10T08:20:00Z,N20
FIRMS_0B52A6C7,7.27855,81.23101,4.54,341.78,60.0,2026-08-10T08:20:00Z,N20
FIRMS_B042B1E4,7.28258,81.23048,1.72,330.14,60.0,2026-08-10T08:20:00Z,N20
FIRMS_7FA2F597,7.30167,81.24892,2.24,330.18,60.0,2026-08-10T08:20:00Z,N20
FIRMS_ABD7F91B,7.30222,81.39516,5.63,330.63,30.0,2026-08-10T08:20:00Z,N20
FIRMS_AB5C3114,7.33603,81.19334,2.26,339.16,60.0,2026-08-10T08:20:00Z,N20
FIRMS_4377C3A4,7.34005,81.19283,2.26,331.52,60.0,2026-08-10T08:20:00Z,N20
FIRMS_6E74CCCE,7.49543,81.06692,8.7,348.15,60.0,2026-08-10T08:20:00Z,N20
FIRMS_07D25471,8.18189,80.61084,4.9,335.16,60.0,2026-08-10T08:20:00Z,N20
FIRMS_B8359ED6,8.23044,80.75574,15.69,331.46,60.0,2026-08-10T08:20:00Z,N20
FIRMS_8C3A7025,8.23114,80.7608,17.61,337.39,60.0,2026-08-10T08:20:00Z,N20
FIRMS_B70214E1,8.23439,80.7552,15.69,331.41,60.0,2026-08-10T08:20:00Z,N20
FIRMS_F7718992,8.2351,80.76026,17.61,338.55,60.0,2026-08-10T08:20:00Z,N20
FIRMS_986ACB96,8.24743,80.5637,4.88,332.06,60.0,2026-08-10T08:20:00Z,N20
FIRMS_A1432A16,8.31818,80.24815,12.61,337.75,60.0,2026-08-10T08:20:00Z,N20
FIRMS_F4117048,8.3614,80.66209,8.29,335.45,60.0,2026-08-10T08:20:00Z,N20
FIRMS_2F4E4CAC,8.37142,80.67616,8.42,336.97,60.0,2026-08-10T08:20:00Z,N20
FIRMS_BCA77196,8.43038,80.24838,16.92,355.77,60.0,2026-08-10T08:20:00Z,N20
FIRMS_7854ECA0,8.43421,80.24785,16.92,345.35,60.0,2026-08-10T08:20:00Z,N20
FIRMS_20C22929,8.46872,80.25439,5.22,338.03,60.0,2026-08-10T08:20:00Z,N20
FIRMS_12D50BB8,8.46939,80.25918,6.31,336.91,60.0,2026-08-10T08:20:00Z,N20
FIRMS_91E4C848,8.47085,80.2573,8.07,345.27,60.0,2026-08-10T08:20:00Z,N20
FIRMS_5B853B91,8.50065,80.65478,5.24,336.93,60.0,2026-08-10T08:20:00Z,N20
FIRMS_6278C7B8,8.5899,80.55199,5.87,335.46,60.0,2026-08-10T08:20:00Z,N20
FIRMS_F19E9953,8.59499,80.34006,4.2,341.67,60.0,2026-08-10T08:20:00Z,N20
FIRMS_AC1D0F2C,8.59692,80.34219,4.56,335.99,60.0,2026-08-10T08:20:00Z,N20
FIRMS_EAA0C7C1,8.60029,80.8526,2.25,331.6,60.0,2026-08-10T08:20:00Z,N20
FIRMS_482FBFF7,8.61547,80.7874,3.97,330.08,60.0,2026-08-10T08:20:00Z,N20
FIRMS_D822500A,8.65581,80.89854,2.07,336.68,60.0,2026-08-10T08:20:00Z,N20
FIRMS_8859B8CD,8.65751,80.51973,2.93,335.77,60.0,2026-08-10T08:20:00Z,N20
FIRMS_5DA930A6,8.66362,77.87156,3.14,336.94,60.0,2026-08-10T08:20:00Z,N20
FIRMS_4452E84E,8.66383,77.87165,5.11,338.08,60.0,2026-08-10T08:20:00Z,N20
FIRMS_E3CB0790,8.67716,80.29623,0.88,330.43,60.0,2026-08-10T08:20:00Z,N20
FIRMS_666C765B,8.73037,77.89612,6.32,340.37,60.0,2026-08-10T08:20:00Z,N20
FIRMS_A536289A,8.76576,80.76972,3.74,332.62,60.0,2026-08-10T08:20:00Z,N20
FIRMS_1ED095A2,8.84691,80.89589,6.59,333.6,60.0,2026-08-10T08:20:00Z,N20
FIRMS_A4965232,9.00506,77.7899,6.79,342.06,60.0,2026-08-10T08:20:00Z,N20
FIRMS_99CC98A0,9.11244,77.54563,3.17,339.22,60.0,2026-08-10T08:20:00Z,N20
FIRMS_BBF8622F,9.11584,77.54512,3.17,347.39,60.0,2026-08-10T08:20:00Z,N20
FIRMS_644EA91E,9.12193,80.77976,3.37,331.1,60.0,2026-08-10T08:20:00Z,N20
FIRMS_2D383A8E,9.12642,80.78271,3.37,335.21,60.0,2026-08-10T08:20:00Z,N20
FIRMS_B20D0D39,9.12799,80.27744,2.67,330.79,60.0,2026-08-10T08:20:00Z,N20
FIRMS_C052F125,9.13119,80.27197,14.26,346.15,60.0,2026-08-10T08:20:00Z,N20
FIRMS_4C51BCA3,9.15226,80.57051,5.28,336.11,60.0,2026-08-10T08:20:00Z,N20
FIRMS_4F89E4F6,9.21488,78.68938,3.08,335.6,60.0,2026-08-10T08:20:00Z,N20
FIRMS_A113DE28,9.21539,78.68924,3.01,335.67,60.0,2026-08-10T08:20:00Z,N20
FIRMS_4ECC1F14,9.21721,77.95048,10.42,338.78,60.0,2026-08-10T08:20:00Z,N20
FIRMS_063F7178,9.24181,77.61673,12.57,341.53,60.0,2026-08-10T08:20:00Z,N20
FIRMS_B60F93C4,9.45328,77.62675,8.88,344.8,60.0,2026-08-10T08:20:00Z,N20
FIRMS_C8098FBE,9.5336,78.52003,2.23,333.08,30.0,2026-08-10T08:20:00Z,N20
FIRMS_DD54E38B,9.63104,77.74139,11.65,341.86,60.0,2026-08-10T08:20:00Z,N20
FIRMS_6B9B0798,9.67609,77.4088,23.88,347.17,60.0,2026-08-10T08:20:00Z,N20
FIRMS_507D8E1C,9.94512,78.71644,4.88,337.78,60.0,2026-08-10T08:20:00Z,N20
FIRMS_88FE934E,10.00575,78.03493,5.99,346.98,60.0,2026-08-10T08:20:00Z,N20
FIRMS_0E1D9400,9.98345,77.63867,6.1,339.66,60.0,2026-08-10T08:22:00Z,N20
FIRMS_1B988F57,10.00979,78.03833,3.88,335.25,60.0,2026-08-10T08:22:00Z,N20
FIRMS_2B8EB5FF,10.05825,77.90831,3.81,331.1,60.0,2026-08-10T08:22:00Z,N20
FIRMS_25391FC3,10.14497,78.85644,1.3,331.26,60.0,2026-08-10T08:22:00Z,N20
FIRMS_BA84B6AE,10.39875,79.41953,3.65,333.63,60.0,2026-08-10T08:22:00Z,N20
FIRMS_A8035DDE,10.64331,79.07994,5.48,335.42,60.0,2026-08-10T08:22:00Z,N20
FIRMS_96C3A380,10.72432,78.83788,9.31,339.84,60.0,2026-08-10T08:22:00Z,N20
FIRMS_E4062EE4,10.73855,78.73103,1.7,335.66,60.0,2026-08-10T08:22:00Z,N20
FIRMS_6B0A30B2,10.73917,78.72775,2.72,332.28,60.0,2026-08-10T08:22:00Z,N20
FIRMS_76DA57A6,11.7135,77.73086,6.6,336.43,60.0,2026-08-10T08:22:00Z,N20
FIRMS_55DE9C49,11.86015,77.02831,4.34,338.33,60.0,2026-08-10T08:22:00Z,N20
FIRMS_A8E977E9,12.03508,77.07492,3.05,336.61,60.0,2026-08-10T08:22:00Z,N20
FIRMS_AC2DE9DC,12.27599,76.51857,3.75,335.51,60.0,2026-08-10T08:22:00Z,N20
FIRMS_E360180E,12.46242,78.27564,2.77,334.7,60.0,2026-08-10T08:22:00Z,N20
FIRMS_C4790DD9,12.55401,76.62975,3.01,330.41,60.0,2026-08-10T08:22:00Z,N20
FIRMS_7FEAC63C,12.56628,76.95201,5.57,334.51,60.0,2026-08-10T08:22:00Z,N20
FIRMS_C5E0307B,12.60272,76.67905,2.11,332.22,60.0,2026-08-10T08:22:00Z,N20
FIRMS_6E02F61E,12.61552,77.65279,3.03,335.2,60.0,2026-08-10T08:22:00Z,N20
FIRMS_218A9B95,12.86452,78.37373,5.07,333.13,60.0,2026-08-10T08:22:00Z,N20
FIRMS_33EFF615,13.1379,79.62981,3.1,330.41,60.0,2026-08-10T08:22:00Z,N20
FIRMS_FF2B886C,13.21113,78.82519,9.5,335.3,60.0,2026-08-10T08:22:00Z,N20
FIRMS_0722B780,13.21487,78.82461,9.5,337.51,60.0,2026-08-10T08:22:00Z,N20
FIRMS_5681FBB5,13.43354,78.25616,3.87,333.66,60.0,2026-08-10T08:22:00Z,N20
FIRMS_7A70D20D,13.49751,79.59806,8.33,334.53,60.0,2026-08-10T08:22:00Z,N20
FIRMS_23E28E8F,13.57464,77.34303,4.53,337.24,60.0,2026-08-10T08:22:00Z,N20
FIRMS_A3922D71,13.57614,77.34341,4.29,336.1,60.0,2026-08-10T08:22:00Z,N20
FIRMS_FC3FF7EF,13.76895,78.33397,3.89,332.77,60.0,2026-08-10T08:22:00Z,N20
FIRMS_9E11CFC7,13.99193,79.82552,5.74,339.29,60.0,2026-08-10T08:22:00Z,N20
FIRMS_09E98F7D,14.14816,77.2318,3.9,341.68,60.0,2026-08-10T08:22:00Z,N20
FIRMS_5AD3278B,14.14929,77.23981,4.95,335.55,60.0,2026-08-10T08:22:00Z,N20
FIRMS_47FBB98E,14.14986,77.24381,4.95,345.82,60.0,2026-08-10T08:22:00Z,N20
FIRMS_56005332,14.15165,77.23126,3.9,349.09,60.0,2026-08-10T08:22:00Z,N20
FIRMS_749FD06F,14.15458,77.22675,3.52,337.66,60.0,2026-08-10T08:22:00Z,N20
FIRMS_F096FF00,14.15537,79.64816,2.06,330.71,60.0,2026-08-10T08:22:00Z,N20
FIRMS_FC11DEAB,14.21666,78.06795,7.05,339.0,60.0,2026-08-10T08:22:00Z,N20
FIRMS_4A342189,14.21716,78.06883,10.0,346.62,60.0,2026-08-10T08:22:00Z,N20
FIRMS_7FA73227,14.24873,77.45737,5.8,338.59,60.0,2026-08-10T08:22:00Z,N20
FIRMS_82633FD0,14.25112,77.44867,4.59,335.77,60.0,2026-08-10T08:22:00Z,N20
FIRMS_A6315467,14.25226,77.45686,2.09,332.16,60.0,2026-08-10T08:22:00Z,N20
FIRMS_7F8F21EE,14.27824,77.43636,4.45,337.49,60.0,2026-08-10T08:22:00Z,N20
FIRMS_4C9E1CCA,14.2812,77.43176,9.94,346.66,60.0,2026-08-10T08:22:00Z,N20
FIRMS_111740B9,14.28178,77.43584,4.45,345.06,60.0,2026-08-10T08:22:00Z,N20
FIRMS_18492F69,14.28235,77.43993,4.45,346.08,60.0,2026-08-10T08:22:00Z,N20
FIRMS_3B1F7BD7,14.28646,77.44348,4.1,338.54,60.0,2026-08-10T08:22:00Z,N20
FIRMS_8A4D9A9A,14.28827,77.43073,2.35,336.0,60.0,2026-08-10T08:22:00Z,N20
FIRMS_557ED1BB,14.28884,77.43481,19.66,350.18,60.0,2026-08-10T08:22:00Z,N20
FIRMS_70143C44,14.29591,77.43378,6.74,344.53,60.0,2026-08-10T08:22:00Z,N20
FIRMS_331A7DB1,14.29648,77.43787,6.74,355.99,30.0,2026-08-10T08:22:00Z,N20
FIRMS_E2A1B388,14.29706,77.44194,4.38,340.53,60.0,2026-08-10T08:22:00Z,N20
FIRMS_4C9C0249,14.30181,77.42458,3.63,341.63,60.0,2026-08-10T08:22:00Z,N20
FIRMS_706ABE1E,14.30239,77.42867,3.63,343.69,60.0,2026-08-10T08:22:00Z,N20
FIRMS_3DC58230,14.30297,77.43273,24.5,356.07,30.0,2026-08-10T08:22:00Z,N20
FIRMS_76213CDC,14.30413,77.44093,6.22,340.38,60.0,2026-08-10T08:22:00Z,N20
FIRMS_E74BE027,14.30471,77.44501,6.22,338.9,60.0,2026-08-10T08:22:00Z,N20
FIRMS_7760A429,14.30592,77.42816,8.45,341.86,60.0,2026-08-10T08:22:00Z,N20
FIRMS_90882F64,14.30825,77.44452,4.87,337.17,60.0,2026-08-10T08:22:00Z,N20
FIRMS_05D2125F,14.31178,77.44402,4.87,343.64,60.0,2026-08-10T08:22:00Z,N20
FIRMS_44E91B30,14.31236,77.44811,5.85,338.01,60.0,2026-08-10T08:22:00Z,N20
FIRMS_B00297F4,14.32301,77.42155,4.54,337.25,60.0,2026-08-10T08:22:00Z,N20
FIRMS_522309B8,14.33125,77.40359,5.09,345.33,60.0,2026-08-10T08:22:00Z,N20
FIRMS_5A744223,14.33184,77.40768,5.09,355.06,60.0,2026-08-10T08:22:00Z,N20
FIRMS_042F5597,14.55706,77.39198,8.6,338.34,60.0,2026-08-10T08:22:00Z,N20
FIRMS_39E79F9E,14.55707,77.39243,9.38,337.62,60.0,2026-08-10T08:22:00Z,N20
FIRMS_C0D12A7F,14.66078,77.3604,1.97,331.89,60.0,2026-08-10T08:22:00Z,N20
FIRMS_AEE683C8,14.71122,79.80875,2.02,330.02,60.0,2026-08-10T08:22:00Z,N20
FIRMS_EE89CD40,14.78169,77.37339,2.63,336.48,60.0,2026-08-10T08:22:00Z,N20
FIRMS_4291EF5E,14.78524,77.37289,2.63,336.64,60.0,2026-08-10T08:22:00Z,N20
FIRMS_C91FD09D,14.78591,79.71244,2.83,343.58,60.0,2026-08-10T08:22:00Z,N20
FIRMS_D34925E1,14.78995,79.71188,2.83,339.35,60.0,2026-08-10T08:22:00Z,N20
FIRMS_6883DD6B,14.80234,79.93763,3.3,332.22,60.0,2026-08-10T08:22:00Z,N20
FIRMS_9FEB27CE,14.84694,77.79433,4.53,337.54,60.0,2026-08-10T08:22:00Z,N20
FIRMS_7D3F1AC5,14.85055,77.79381,4.53,337.12,60.0,2026-08-10T08:22:00Z,N20
FIRMS_60D70A09,14.88878,78.10177,5.38,338.18,60.0,2026-08-10T08:22:00Z,N20
FIRMS_B6085C18,14.89306,78.10571,5.38,337.64,60.0,2026-08-10T08:22:00Z,N20
FIRMS_1FEBD810,14.97224,80.03103,3.6,336.77,60.0,2026-08-10T08:22:00Z,N20
FIRMS_DA338F33,14.97743,79.43329,2.72,333.0,60.0,2026-08-10T08:22:00Z,N20
FIRMS_1E35D51E,15.09287,79.96823,5.68,339.81,60.0,2026-08-10T08:22:00Z,N20
FIRMS_60E7F531,15.19627,76.08163,2.54,337.68,60.0,2026-08-10T08:22:00Z,N20
FIRMS_ECBA2638,15.31296,79.78638,4.74,342.14,60.0,2026-08-10T08:22:00Z,N20
FIRMS_16D65F7B,15.31365,79.78667,5.44,341.47,60.0,2026-08-10T08:22:00Z,N20
FIRMS_1CAF6989,15.41795,78.95978,1.99,331.92,60.0,2026-08-10T08:22:00Z,N20
FIRMS_AFB0C1E8,15.49235,79.8241,0.97,332.11,60.0,2026-08-10T08:22:00Z,N20
FIRMS_FC08C235,15.5248,79.9765,17.07,351.78,60.0,2026-08-10T08:22:00Z,N20
FIRMS_88329967,15.55135,76.48229,1.88,335.96,60.0,2026-08-10T08:22:00Z,N20
FIRMS_E10041BC,15.55479,76.48177,1.88,339.78,60.0,2026-08-10T08:22:00Z,N20
FIRMS_56694AB6,15.56125,76.03621,7.6,343.31,60.0,2026-08-10T08:22:00Z,N20
FIRMS_64536AA0,15.56179,76.03996,2.83,338.87,60.0,2026-08-10T08:22:00Z,N20
FIRMS_CE18BEC2,15.56518,76.03944,2.83,336.13,60.0,2026-08-10T08:22:00Z,N20
FIRMS_E8C35137,15.56572,76.0432,2.83,336.78,60.0,2026-08-10T08:22:00Z,N20
FIRMS_BB52BD04,15.60812,79.18585,3.6,330.25,60.0,2026-08-10T08:22:00Z,N20
FIRMS_5AFB211B,15.61103,79.78051,1.71,334.72,60.0,2026-08-10T08:22:00Z,N20
FIRMS_10AFDF51,15.66667,80.24131,4.66,343.19,60.0,2026-08-10T08:22:00Z,N20
FIRMS_0613E488,15.67091,80.24074,4.66,343.53,60.0,2026-08-10T08:22:00Z,N20
FIRMS_02C63F1F,15.73907,76.86617,3.0,338.1,60.0,2026-08-10T08:22:00Z,N20
FIRMS_D470123C,15.7542,79.77182,2.03,338.71,60.0,2026-08-10T08:22:00Z,N20
FIRMS_01CCD6A5,15.75735,79.76363,3.92,336.35,60.0,2026-08-10T08:22:00Z,N20
FIRMS_7EA30523,15.75783,79.76744,3.92,335.57,60.0,2026-08-10T08:22:00Z,N20
FIRMS_BDDEF9CC,15.81728,79.80627,4.29,336.88,60.0,2026-08-10T08:22:00Z,N20
FIRMS_6612843E,15.86669,79.77642,4.62,335.2,60.0,2026-08-10T08:22:00Z,N20
FIRMS_C22DCEFA,16.05512,78.06351,3.88,330.08,60.0,2026-08-10T08:22:00Z,N20
FIRMS_113E6981,16.60608,75.57046,1.41,330.0,60.0,2026-08-10T08:22:00Z,N20
FIRMS_8F9BABCF,16.62461,80.19436,3.93,331.67,60.0,2026-08-10T08:22:00Z,N20
FIRMS_EBCED85B,24.96278,68.29399,5.92,339.67,60.0,2026-08-10T08:26:00Z,N20
FIRMS_4BB4A995,24.9636,68.29864,5.92,334.21,60.0,2026-08-10T08:26:00Z,N20
FIRMS_5024F0FC,29.11125,71.61053,29.77,337.38,60.0,2026-08-10T08:26:00Z,N20
FIRMS_FD7183EC,29.11455,71.60989,4.47,336.12,60.0,2026-08-10T08:26:00Z,N20
FIRMS_F3AF8D3D,29.14661,71.82754,7.59,330.75,30.0,2026-08-10T08:26:00Z,N20
FIRMS_C8637167,29.47609,71.57485,2.23,337.42,60.0,2026-08-10T08:26:00Z,N20
FIRMS_7DA4D319,29.7477,72.52417,2.6,336.71,60.0,2026-08-10T08:26:00Z,N20
FIRMS_F8F21E94,29.81017,72.29389,4.82,338.95,60.0,2026-08-10T08:26:00Z,N20
FIRMS_C45D1715,29.8275,73.08003,6.51,331.26,30.0,2026-08-10T08:26:00Z,N20
FIRMS_9F80626C,29.87095,72.83341,2.44,332.24,60.0,2026-08-10T08:26:00Z,N20
FIRMS_06356B0E,29.91859,72.14838,1.76,337.49,60.0,2026-08-10T08:26:00Z,N20
FIRMS_676DEA28,29.92077,72.13959,4.15,337.64,60.0,2026-08-10T08:26:00Z,N20
FIRMS_EAB685C5,29.94561,72.58798,16.01,341.05,60.0,2026-08-10T08:26:00Z,N20
FIRMS_2C571A8F,29.94957,72.59155,8.61,345.95,60.0,2026-08-10T08:26:00Z,N20
FIRMS_68976D0E,29.95155,72.02605,1.29,335.51,60.0,2026-08-10T08:26:00Z,N20
FIRMS_AFF09066,30.01461,72.63553,2.61,334.63,60.0,2026-08-10T08:26:00Z,N20
FIRMS_4D349288,30.02405,73.22082,2.52,334.6,60.0,2026-08-10T08:26:00Z,N20
FIRMS_E3BC7CF0,30.07023,73.30241,2.32,333.92,60.0,2026-08-10T08:26:00Z,N20
FIRMS_F8DD9E4C,30.1149,71.30152,3.77,332.09,30.0,2026-08-10T08:26:00Z,N20
FIRMS_40066F32,30.12268,71.30819,2.9,331.16,30.0,2026-08-10T08:26:00Z,N20
FIRMS_3A998FA2,30.25926,71.35981,6.96,333.6,30.0,2026-08-10T08:26:00Z,N20
FIRMS_F37B1304,30.41144,71.7281,5.62,338.07,60.0,2026-08-10T08:26:00Z,N20
FIRMS_C30E5D42,30.48143,72.12214,2.58,338.24,60.0,2026-08-10T08:26:00Z,N20
FIRMS_050CA7C1,30.50681,72.15556,2.74,335.37,60.0,2026-08-10T08:26:00Z,N20
FIRMS_EA77B9FF,30.5505,71.6361,4.13,332.24,30.0,2026-08-10T08:26:00Z,N20
FIRMS_2506C40C,30.55108,71.64015,6.27,333.18,30.0,2026-08-10T08:26:00Z,N20
FIRMS_A17FA5F2,30.55382,71.63546,4.13,332.1,30.0,2026-08-10T08:26:00Z,N20
FIRMS_89962D34,30.56231,72.29503,6.23,336.3,30.0,2026-08-10T08:26:00Z,N20
FIRMS_BAA364D5,30.5774,71.68095,6.94,330.27,30.0,2026-08-10T08:26:00Z,N20
FIRMS_04F8853D,30.57799,71.685,4.49,331.32,30.0,2026-08-10T08:26:00Z,N20
FIRMS_359902E4,30.58866,72.41044,8.5,334.15,30.0,2026-08-10T08:26:00Z,N20
FIRMS_15407CBA,30.61429,72.1116,7.72,345.35,60.0,2026-08-10T08:26:00Z,N20
FIRMS_0CF6E635,30.62113,71.91573,7.51,334.05,30.0,2026-08-10T08:26:00Z,N20
FIRMS_87CA6BE9,30.62436,72.10971,2.14,338.6,60.0,2026-08-10T08:26:00Z,N20
FIRMS_2FDB0E5A,30.62446,71.91509,5.1,333.08,30.0,2026-08-10T08:26:00Z,N20
FIRMS_5B7E06F2,30.62976,72.19813,12.16,341.79,60.0,2026-08-10T08:26:00Z,N20
FIRMS_6B4E9E18,30.64423,71.78945,3.03,342.7,60.0,2026-08-10T08:26:00Z,N20
FIRMS_BE197178,30.64651,72.47755,2.72,330.93,30.0,2026-08-10T08:26:00Z,N20
FIRMS_0CF6CCFD,30.65514,72.01062,5.82,333.34,60.0,2026-08-10T08:26:00Z,N20
FIRMS_798E3144,30.70497,72.00963,2.22,334.55,60.0,2026-08-10T08:26:00Z,N20
FIRMS_D252683D,30.71737,72.86957,4.89,336.33,30.0,2026-08-10T08:26:00Z,N20
FIRMS_9C1817F0,30.71795,72.87391,4.89,335.17,30.0,2026-08-10T08:26:00Z,N20
FIRMS_C5065F24,30.74441,71.97253,3.35,339.09,60.0,2026-08-10T08:26:00Z,N20
FIRMS_870B209C,30.77641,71.83557,1.39,333.42,60.0,2026-08-10T08:26:00Z,N20
FIRMS_84BA641A,30.82093,71.89136,5.64,338.31,60.0,2026-08-10T08:26:00Z,N20
FIRMS_A0955608,30.8414,71.86634,8.62,344.58,60.0,2026-08-10T08:26:00Z,N20
FIRMS_F7C386BF,30.87062,71.90308,5.86,333.48,60.0,2026-08-10T08:26:00Z,N20
FIRMS_3FBBBA0B,30.87121,71.9072,8.49,336.4,60.0,2026-08-10T08:26:00Z,N20
FIRMS_FA99434B,30.88663,73.20061,2.74,330.48,30.0,2026-08-10T08:26:00Z,N20
FIRMS_E2819330,30.88953,73.19553,5.47,330.91,30.0,2026-08-10T08:26:00Z,N20
FIRMS_613AA33D,30.89011,73.2,2.74,333.41,30.0,2026-08-10T08:26:00Z,N20
FIRMS_777E158D,30.8907,73.20448,2.74,332.39,30.0,2026-08-10T08:26:00Z,N20
FIRMS_43ADF4EB,30.89473,73.18091,3.62,330.98,30.0,2026-08-10T08:26:00Z,N20
FIRMS_64D625E2,30.90676,71.96407,3.55,339.13,60.0,2026-08-10T08:26:00Z,N20
FIRMS_BB11A822,30.91752,71.95419,3.99,339.75,60.0,2026-08-10T08:26:00Z,N20
FIRMS_55424858,30.92087,71.95355,4.51,340.87,60.0,2026-08-10T08:26:00Z,N20
FIRMS_E344CC15,30.92144,71.95769,2.32,333.77,60.0,2026-08-10T08:26:00Z,N20
FIRMS_5B980A3F,30.92273,71.99146,3.17,334.59,60.0,2026-08-10T08:26:00Z,N20
FIRMS_6700EA3D,30.93078,71.92621,46.54,333.88,30.0,2026-08-10T08:26:00Z,N20
FIRMS_60D57371,30.9586,73.23382,2.82,331.16,30.0,2026-08-10T08:26:00Z,N20
FIRMS_B7957E11,30.97716,72.13499,1.3,334.06,60.0,2026-08-10T08:26:00Z,N20
FIRMS_F56699BA,30.98582,72.07343,8.15,334.71,30.0,2026-08-10T08:26:00Z,N20
FIRMS_C2DD5652,31.03058,73.36638,4.29,331.67,30.0,2026-08-10T08:26:00Z,N20
FIRMS_39295B73,31.1379,73.19619,3.81,330.42,60.0,2026-08-10T08:26:00Z,N20
FIRMS_C4F18332,31.07434,72.32949,2.79,336.85,60.0,2026-08-10T08:28:00Z,N20
FIRMS_A6FF43EB,31.65572,72.6021,3.97,330.02,30.0,2026-08-10T08:28:00Z,N20
FIRMS_8B76371D,32.03852,73.22237,7.37,331.4,30.0,2026-08-10T08:28:00Z,N20
FIRMS_3FA88277,32.82711,71.6013,2.6,330.77,30.0,2026-08-10T08:28:00Z,N20
FIRMS_700D2D11,33.24854,71.28989,4.66,332.26,30.0,2026-08-10T08:28:00Z,N20
FIRMS_C4B6BF71,33.24914,71.29412,4.66,336.79,60.0,2026-08-10T08:28:00Z,N20
FIRMS_9A314BDC,33.27329,71.5922,4.6,338.05,60.0,2026-08-10T08:28:00Z,N20
FIRMS_C6540BDE,26.77439,94.50468,4.17,308.83,60.0,2026-08-10T19:10:00Z,N20
FIRMS_49B66415,27.37869,95.33251,5.95,325.7,60.0,2026-08-10T19:10:00Z,N20
FIRMS_FE178B5E,27.3791,95.08576,1.88,306.78,60.0,2026-08-10T19:10:00Z,N20
FIRMS_4C92E0CB,27.53482,95.39982,3.01,308.55,60.0,2026-08-10T19:10:00Z,N20
FIRMS_AD4ABAFF,29.22454,88.34977,1.44,306.4,60.0,2026-08-10T19:10:00Z,N20
FIRMS_F6EFA10E,29.26486,91.92707,1.3,300.73,60.0,2026-08-10T19:10:00Z,N20
FIRMS_D64A717B,29.26538,91.92163,1.3,298.9,60.0,2026-08-10T19:10:00Z,N20
FIRMS_E424AFC5,29.37645,91.14925,3.27,302.96,60.0,2026-08-10T19:10:00Z,N20
FIRMS_C234880C,29.78845,91.60812,2.16,296.02,60.0,2026-08-10T19:10:00Z,N20
FIRMS_4EC5CE80,30.06781,96.98051,0.76,302.15,60.0,2026-08-10T19:10:00Z,N20
FIRMS_B0D8F458,22.78907,86.20575,2.02,298.88,60.0,2026-08-10T19:13:00Z,N20
FIRMS_6C168E03,22.87483,86.0607,3.49,309.68,60.0,2026-08-10T19:13:00Z,N20
FIRMS_827899F8,23.61393,86.78837,0.51,302.67,60.0,2026-08-10T19:13:00Z,N20
FIRMS_AFAE9AC9,23.61654,86.78923,0.91,302.22,60.0,2026-08-10T19:13:00Z,N20
FIRMS_C03413EA,23.64957,85.43659,4.84,321.91,60.0,2026-08-10T19:13:00Z,N20
FIRMS_13E546F3,23.64963,85.43684,4.89,324.65,60.0,2026-08-10T19:13:00Z,N20
FIRMS_3AF20B10,23.66453,87.15629,1.47,299.42,60.0,2026-08-10T19:13:00Z,N20
FIRMS_77DAEC7C,23.68155,86.0921,6.51,312.29,60.0,2026-08-10T19:13:00Z,N20
FIRMS_56519267,23.75644,85.85308,1.58,307.01,60.0,2026-08-10T19:13:00Z,N20
FIRMS_CF98B5B7,23.79861,86.34744,3.95,300.65,60.0,2026-08-10T19:13:00Z,N20
FIRMS_4F59076E,24.69986,88.91755,1.96,296.39,60.0,2026-08-10T19:13:00Z,N20
FIRMS_724B2629,29.22365,88.34925,2.23,299.13,60.0,2026-08-10T20:49:00Z,N20
FIRMS_ECD394CE,29.45847,76.86858,0.54,313.9,60.0,2026-08-10T20:49:00Z,N20
FIRMS_AC98EEF9,29.45921,76.86439,0.79,300.55,60.0,2026-08-10T20:49:00Z,N20
FIRMS_B84ACAFB,31.6313,74.4256,0.82,304.51,60.0,2026-08-10T20:49:00Z,N20
FIRMS_4204B0EF,32.10374,74.17613,1.8,309.19,60.0,2026-08-10T20:49:00Z,N20
FIRMS_7CF7F969,32.29561,70.73266,4.47,305.91,60.0,2026-08-10T20:49:00Z,N20
FIRMS_75921DEC,33.40937,71.93857,0.45,308.12,60.0,2026-08-10T20:49:00Z,N20
FIRMS_44B09C20,33.69048,72.71342,1.29,310.34,60.0,2026-08-10T20:49:00Z,N20
FIRMS_9550F0A0,34.44145,71.02366,2.78,309.08,60.0,2026-08-10T20:49:00Z,N20
FIRMS_A32D48A5,20.97868,85.13556,1.86,296.34,60.0,2026-08-10T20:51:00Z,N20
FIRMS_4333C683,20.97995,85.1302,1.86,299.23,60.0,2026-08-10T20:51:00Z,N20
FIRMS_8417101C,20.98315,85.13412,2.38,299.79,60.0,2026-08-10T20:51:00Z,N20
FIRMS_F9E3DA4B,20.98444,85.12879,2.38,297.34,60.0,2026-08-10T20:51:00Z,N20
FIRMS_C9827B11,20.98612,85.1319,1.86,299.74,60.0,2026-08-10T20:51:00Z,N20
FIRMS_022F867F,21.5029,81.81057,1.31,298.76,60.0,2026-08-10T20:51:00Z,N20
FIRMS_ECA4200C,22.78837,86.20921,3.81,301.4,60.0,2026-08-10T20:51:00Z,N20
FIRMS_EB6EB98B,22.78977,86.20351,3.11,316.04,60.0,2026-08-10T20:51:00Z,N20
FIRMS_7A18B831,22.79116,86.1979,3.11,302.84,60.0,2026-08-10T20:51:00Z,N20
FIRMS_34FC4EA3,22.87393,86.06034,1.92,307.16,60.0,2026-08-10T20:51:00Z,N20
FIRMS_DD768AB9,23.64582,85.43847,1.62,305.49,60.0,2026-08-10T20:51:00Z,N20
FIRMS_3B66F8AE,23.64651,85.44092,2.44,299.89,60.0,2026-08-10T20:51:00Z,N20
FIRMS_669CE9BB,23.64775,85.43591,3.12,313.62,60.0,2026-08-10T20:51:00Z,N20
FIRMS_8CEB614A,23.65179,85.44008,1.75,303.94,60.0,2026-08-10T20:51:00Z,N20
FIRMS_65C99683,23.66668,86.09091,1.72,303.34,60.0,2026-08-10T20:51:00Z,N20
FIRMS_EE2829C1,23.67991,86.39603,1.76,309.85,60.0,2026-08-10T20:51:00Z,N20
FIRMS_D7A36ED3,23.68129,86.39057,1.76,306.83,60.0,2026-08-10T20:51:00Z,N20
FIRMS_D2D29911,23.68758,86.39223,1.76,307.96,60.0,2026-08-10T20:51:00Z,N20
FIRMS_BCA032E5,23.69436,85.36815,2.07,313.48,60.0,2026-08-10T20:51:00Z,N20
FIRMS_6293F14F,23.69555,85.37071,1.99,315.69,60.0,2026-08-10T20:51:00Z,N20
FIRMS_5A40F48C,23.69679,85.28837,1.24,305.54,60.0,2026-08-10T20:51:00Z,N20
FIRMS_D355DAE5,23.69786,86.07152,0.89,301.54,60.0,2026-08-10T20:51:00Z,N20
FIRMS_D24437DC,23.70771,86.44617,1.86,305.44,60.0,2026-08-10T20:51:00Z,N20
FIRMS_C59599C2,23.714,86.44791,1.86,310.79,60.0,2026-08-10T20:51:00Z,N20
FIRMS_EDC548A7,23.73844,86.43079,3.82,311.63,60.0,2026-08-10T20:51:00Z,N20
FIRMS_0063E376,23.73986,86.43388,2.78,312.4,60.0,2026-08-10T20:51:00Z,N20
FIRMS_38F62322,23.76097,86.40368,1.93,303.25,60.0,2026-08-10T20:51:00Z,N20
FIRMS_10F57C92,23.76558,86.40242,3.01,313.51,60.0,2026-08-10T20:51:00Z,N20
FIRMS_E055B62B,23.76862,86.4,1.93,304.07,60.0,2026-08-10T20:51:00Z,N20
FIRMS_8967A288,23.78147,85.5724,1.54,303.08,60.0,2026-08-10T20:51:00Z,N20
FIRMS_DBEBA367,23.78405,86.33894,1.69,308.11,60.0,2026-08-10T20:51:00Z,N20
FIRMS_0798FFAD,23.78639,85.55227,1.12,305.35,60.0,2026-08-10T20:51:00Z,N20
FIRMS_E0596AD0,23.79377,86.35343,1.53,305.95,60.0,2026-08-10T20:51:00Z,N20
FIRMS_75068B36,23.79513,86.34801,1.53,306.53,60.0,2026-08-10T20:51:00Z,N20
FIRMS_2C43EE9B,23.80698,86.32746,2.84,310.28,60.0,2026-08-10T20:51:00Z,N20
FIRMS_65B5A0D5,24.76402,74.60906,0.26,296.61,60.0,2026-08-10T20:51:00Z,N20
FIRMS_DFA845CB,25.39061,68.58266,1.68,313.73,60.0,2026-08-10T20:51:00Z,N20
FIRMS_F59A046C,26.25819,74.0951,0.52,303.12,60.0,2026-08-10T20:51:00Z,N20
FIRMS_10137A60,26.64114,79.47723,1.43,312.55,60.0,2026-08-10T20:51:00Z,N20
FIRMS_AF073CAC,18.85651,72.9276,3.46,318.01,60.0,2026-08-10T20:53:00Z,N20
FIRMS_A2E8721B,7.38966,81.21935,4.53,318.75,60.0,2026-08-10T20:55:00Z,N20
FIRMS_7810DB4D,8.61649,77.94954,2.86,307.5,60.0,2026-08-10T20:55:00Z,N20
FIRMS_9AE8B7FE,9.28053,77.3913,0.93,310.02,60.0,2026-08-10T20:55:00Z,N20
FIRMS_E2E586F0,9.29199,77.49243,1.1,307.91,60.0,2026-08-10T20:55:00Z,N20
FIRMS_59CD3AD8,9.52623,77.45048,1.66,305.38,60.0,2026-08-10T20:55:00Z,N20
FIRMS_5A7FA80C,9.52703,77.44603,1.66,308.2,60.0,2026-08-10T20:55:00Z,N20
FIRMS_1235CE96,9.53123,77.45007,10.75,347.58,60.0,2026-08-10T20:55:00Z,N20
FIRMS_0AFF8BA4,9.53198,77.44591,10.75,338.6,60.0,2026-08-10T20:55:00Z,N20
FIRMS_42E63D49,9.70288,77.59147,3.19,311.67,60.0,2026-08-10T20:55:00Z,N20
FIRMS_711D5315,9.70375,77.58665,3.65,313.21,60.0,2026-08-10T20:55:00Z,N20
FIRMS_8C7CABF5,9.76019,77.70898,0.97,302.96,60.0,2026-08-10T20:55:00Z,N20
FIRMS_F38C57E2,26.95256,90.04758,12.6,367.0,90.0,2026-08-11T06:25:00Z,N20
FIRMS_3F98167E,27.24037,88.29879,6.31,325.72,60.0,2026-08-11T06:25:00Z,N20
FIRMS_89E999AE,27.24048,88.30505,8.53,337.86,60.0,2026-08-11T06:25:00Z,N20
FIRMS_6C1775B4,27.24228,88.3063,7.74,334.79,60.0,2026-08-11T06:25:00Z,N20
FIRMS_589871AD,27.5563,91.19015,4.64,342.33,60.0,2026-08-11T06:25:00Z,N20
FIRMS_ACDD2DA4,27.5568,91.19224,3.35,329.95,60.0,2026-08-11T06:25:00Z,N20
FIRMS_D68F9A05,27.72578,95.4888,6.21,331.18,30.0,2026-08-11T06:25:00Z,N20
FIRMS_F0541A4B,27.773,95.53599,3.4,330.11,30.0,2026-08-11T06:25:00Z,N20
FIRMS_46CAA000,27.77858,95.54299,4.04,330.41,30.0,2026-08-11T06:25:00Z,N20
FIRMS_E4285484,27.80815,95.56168,4.04,329.71,30.0,2026-08-11T06:25:00Z,N20
FIRMS_11340563,27.95623,95.60721,3.79,329.33,30.0,2026-08-11T06:25:00Z,N20
FIRMS_C5DA9F87,28.06248,95.35514,5.03,334.09,60.0,2026-08-11T06:25:00Z,N20
FIRMS_8E718E64,28.06329,95.35921,5.03,332.38,60.0,2026-08-11T06:25:00Z,N20
FIRMS_5EC380E2,28.06727,95.37943,7.23,332.36,60.0,2026-08-11T06:25:00Z,N20
FIRMS_3A654257,28.63869,97.4233,5.85,330.87,30.0,2026-08-11T06:25:00Z,N20
FIRMS_49807E5A,6.33288,81.0264,8.33,346.46,60.0,2026-08-11T08:03:00Z,N20
FIRMS_2B8ACB3D,6.68709,81.32372,3.61,339.92,60.0,2026-08-11T08:03:00Z,N20
FIRMS_C7CED173,6.71393,81.09662,5.11,335.41,60.0,2026-08-11T08:03:00Z,N20
FIRMS_7BD9AF75,6.71671,81.09267,2.61,333.63,60.0,2026-08-11T08:03:00Z,N20
FIRMS_BC993AE3,6.71723,81.09612,2.95,333.21,60.0,2026-08-11T08:03:00Z,N20
FIRMS_6CF8831A,6.71941,80.84491,2.25,331.92,60.0,2026-08-11T08:03:00Z,N20
FIRMS_E8236036,6.73976,81.33294,5.38,351.29,60.0,2026-08-11T08:03:00Z,N20
FIRMS_FE351FBC,6.74179,81.27961,12.35,339.52,60.0,2026-08-11T08:03:00Z,N20
FIRMS_B1B8BACD,6.74306,81.33244,5.38,338.56,60.0,2026-08-11T08:03:00Z,N20
FIRMS_B4BAC16C,6.75711,81.29142,4.15,338.33,60.0,2026-08-11T08:03:00Z,N20
FIRMS_F17BA1C4,6.76041,81.29092,5.48,340.36,60.0,2026-08-11T08:03:00Z,N20
FIRMS_DD08738B,6.78229,81.05799,3.13,333.01,60.0,2026-08-11T08:03:00Z,N20
FIRMS_A64C99C1,6.8494,81.47419,1.42,333.86,60.0,2026-08-11T08:03:00Z,N20
FIRMS_385C61F4,6.90835,81.61788,2.69,338.73,60.0,2026-08-11T08:03:00Z,N20
FIRMS_2061C8A6,6.96148,81.58849,4.16,336.85,60.0,2026-08-11T08:03:00Z,N20
FIRMS_EBFAD9B0,6.96532,81.59148,4.16,342.48,60.0,2026-08-11T08:03:00Z,N20
FIRMS_450C2A31,6.96585,81.59494,4.27,336.54,60.0,2026-08-11T08:03:00Z,N20
FIRMS_DF7877E3,7.39157,81.13343,7.65,349.52,60.0,2026-08-11T08:03:00Z,N20
FIRMS_5E228587,7.42775,81.14915,4.36,335.66,60.0,2026-08-11T08:03:00Z,N20
FIRMS_00AAF45F,7.47099,81.65786,1.98,335.49,60.0,2026-08-11T08:03:00Z,N20
FIRMS_46E42D7A,7.52824,81.65563,3.02,338.05,60.0,2026-08-11T08:03:00Z,N20
FIRMS_BA9AA8CE,7.53156,81.65513,3.02,337.69,60.0,2026-08-11T08:03:00Z,N20
FIRMS_1CE0A5FF,7.64135,80.94471,10.56,367.0,90.0,2026-08-11T08:03:00Z,N20
FIRMS_777EB153,7.75329,81.52762,5.39,338.39,60.0,2026-08-11T08:03:00Z,N20
FIRMS_48CDDBB6,7.76538,80.80135,7.22,343.2,60.0,2026-08-11T08:03:00Z,N20
FIRMS_8C314659,7.89226,81.48116,4.04,341.53,60.0,2026-08-11T08:03:00Z,N20
FIRMS_6937A759,7.89279,81.48465,2.37,332.89,60.0,2026-08-11T08:03:00Z,N20
FIRMS_9F752D2D,8.09342,81.10729,10.31,349.55,60.0,2026-08-11T08:03:00Z,N20
FIRMS_60D7E222,12.80698,79.95535,3.13,331.35,30.0,2026-08-11T08:03:00Z,N20
FIRMS_338C1513,13.36676,80.1537,3.85,345.95,60.0,2026-08-11T08:05:00Z,N20
FIRMS_84091D9E,13.41835,80.20307,2.27,332.78,60.0,2026-08-11T08:05:00Z,N20
FIRMS_3536B693,14.44843,77.61977,7.37,337.0,30.0,2026-08-11T08:05:00Z,N20
FIRMS_77908E4D,14.79032,79.71083,4.16,337.76,30.0,2026-08-11T08:05:00Z,N20
FIRMS_541D68E3,14.79469,79.71741,6.21,347.18,60.0,2026-08-11T08:05:00Z,N20
FIRMS_77745C4C,14.798,79.71689,3.3,336.59,60.0,2026-08-11T08:05:00Z,N20
FIRMS_33143E44,15.17736,76.65829,3.42,331.25,30.0,2026-08-11T08:05:00Z,N20
FIRMS_69AB78F8,15.55267,80.06813,6.58,340.26,60.0,2026-08-11T08:05:00Z,N20
FIRMS_69BBA831,15.63307,79.89992,36.14,348.35,60.0,2026-08-11T08:05:00Z,N20
FIRMS_BF489ED2,15.68148,79.9514,6.19,338.38,60.0,2026-08-11T08:05:00Z,N20
FIRMS_6BBFAE82,15.7331,79.90997,4.5,337.28,60.0,2026-08-11T08:05:00Z,N20
FIRMS_31855F15,16.18925,79.21652,4.39,335.0,60.0,2026-08-11T08:05:00Z,N20
FIRMS_1A6EF8FD,16.18979,79.22009,2.61,330.28,30.0,2026-08-11T08:05:00Z,N20
FIRMS_961C89AC,16.19033,79.22364,2.61,334.87,60.0,2026-08-11T08:05:00Z,N20
FIRMS_A7BDDDAE,16.19309,79.21957,2.61,331.36,30.0,2026-08-11T08:05:00Z,N20
FIRMS_BE901525,16.2183,79.40965,1.93,332.77,30.0,2026-08-11T08:05:00Z,N20
FIRMS_D0830B1D,16.33412,80.46732,1.98,331.58,60.0,2026-08-11T08:05:00Z,N20
FIRMS_10CCB1E6,16.42483,80.22822,6.94,336.66,60.0,2026-08-11T08:05:00Z,N20
FIRMS_B179605A,16.77258,80.1543,4.91,338.17,60.0,2026-08-11T08:05:00Z,N20
FIRMS_2B876F0C,16.86279,78.9577,1.33,331.33,60.0,2026-08-11T08:05:00Z,N20
FIRMS_78A493DA,16.90999,78.88714,4.99,334.77,60.0,2026-08-11T08:05:00Z,N20
FIRMS_E4CE0057,16.93329,80.66364,2.12,331.57,60.0,2026-08-11T08:05:00Z,N20
FIRMS_6DC00A45,17.09067,81.20401,2.17,330.65,60.0,2026-08-11T08:05:00Z,N20
FIRMS_7AA457F2,17.1221,79.64639,5.15,337.06,60.0,2026-08-11T08:05:00Z,N20
FIRMS_A3950ACB,17.14918,80.78049,2.56,336.76,60.0,2026-08-11T08:05:00Z,N20
FIRMS_B463E71C,17.23456,81.26965,4.12,334.53,60.0,2026-08-11T08:05:00Z,N20
FIRMS_7C40558F,17.9502,79.46566,3.99,342.37,60.0,2026-08-11T08:05:00Z,N20
FIRMS_766FD2D5,17.95493,80.79514,4.55,330.24,60.0,2026-08-11T08:05:00Z,N20
FIRMS_6C7184B3,18.7149,79.54169,3.21,330.71,30.0,2026-08-11T08:05:00Z,N20
FIRMS_A0B59777,24.16899,82.62115,4.32,335.93,60.0,2026-08-11T08:05:00Z,N20
FIRMS_5807FE89,25.94187,72.19154,2.2,334.0,60.0,2026-08-11T08:05:00Z,N20
FIRMS_ABCCAF4A,27.30679,86.05593,4.92,346.03,60.0,2026-08-11T08:05:00Z,N20
FIRMS_07BC6ACB,22.35736,82.30417,6.84,338.94,60.0,2026-08-11T08:07:00Z,N20
FIRMS_A5F01E83,31.66289,73.18762,9.52,367.0,90.0,2026-08-11T08:07:00Z,N20
FIRMS_031545FB,24.88949,91.68419,1.88,295.52,60.0,2026-08-11T18:51:00Z,N20
FIRMS_512AA4FA,24.89277,91.69178,2.01,295.28,60.0,2026-08-11T18:51:00Z,N20
FIRMS_AA00C9C1,24.89316,91.68688,2.01,295.62,60.0,2026-08-11T18:51:00Z,N20
FIRMS_6360040D,24.89356,91.68198,3.82,295.28,60.0,2026-08-11T18:51:00Z,N20
FIRMS_9D73E177,24.89515,91.68972,1.56,295.37,60.0,2026-08-11T18:51:00Z,N20
FIRMS_1338C857,24.89552,91.68481,1.56,296.32,60.0,2026-08-11T18:51:00Z,N20
FIRMS_8412B75F,24.89588,91.6799,3.55,295.37,60.0,2026-08-11T18:51:00Z,N20
FIRMS_B874BB93,24.89958,91.68259,2.85,295.18,60.0,2026-08-11T18:51:00Z,N20
FIRMS_D2434810,25.49991,89.35768,5.77,295.73,60.0,2026-08-11T18:51:00Z,N20
FIRMS_08456E3F,25.50727,89.35122,4.03,295.51,60.0,2026-08-11T18:51:00Z,N20
FIRMS_04B42B3E,25.50772,89.34417,4.03,295.84,60.0,2026-08-11T18:51:00Z,N20
FIRMS_E20E541D,25.56276,88.4414,8.44,295.25,60.0,2026-08-11T18:51:00Z,N20
FIRMS_6C3E1D1F,25.56323,88.43333,9.22,295.19,60.0,2026-08-11T18:51:00Z,N20
FIRMS_293C577B,29.26518,91.92213,1.72,307.45,60.0,2026-08-11T18:51:00Z,N20
FIRMS_49513592,35.96765,68.68547,1.11,310.23,60.0,2026-08-11T20:29:00Z,N20
FIRMS_A3CDC008,35.96776,68.68314,1.35,305.93,60.0,2026-08-11T20:29:00Z,N20
FIRMS_EFF8B75D,35.99022,94.82995,1.24,297.19,60.0,2026-08-11T20:29:00Z,N20
FIRMS_AEAF1347,25.03829,87.38792,1.33,312.24,60.0,2026-08-11T20:32:00Z,N20
FIRMS_20B231C5,28.2789,77.27592,1.41,309.9,60.0,2026-08-11T20:32:00Z,N20
FIRMS_8365491D,28.34712,77.25909,1.43,311.4,60.0,2026-08-11T20:32:00Z,N20
FIRMS_3D1F86CE,28.35049,77.2597,1.43,307.19,60.0,2026-08-11T20:32:00Z,N20
FIRMS_17E62482,28.37074,77.26344,1.82,310.58,60.0,2026-08-11T20:32:00Z,N20
FIRMS_2DA4CEC3,28.66428,77.57787,3.12,311.08,60.0,2026-08-11T20:32:00Z,N20
FIRMS_692C56ED,29.22572,88.34998,2.08,299.43,60.0,2026-08-11T20:32:00Z,N20
FIRMS_FBF9B194,29.26247,91.92599,1.56,295.05,60.0,2026-08-11T20:32:00Z,N20
FIRMS_58F1C4E7,29.37609,91.15112,1.61,298.86,60.0,2026-08-11T20:32:00Z,N20
FIRMS_8153D65D,29.37933,91.1497,1.62,301.79,60.0,2026-08-11T20:32:00Z,N20
FIRMS_12E0213C,29.78777,91.60352,0.97,298.91,60.0,2026-08-11T20:32:00Z,N20
FIRMS_C0172ED9,32.06041,74.2108,2.11,306.85,60.0,2026-08-11T20:32:00Z,N20
FIRMS_2D4507FF,32.10145,74.17455,3.0,310.4,60.0,2026-08-11T20:32:00Z,N20
FIRMS_A85E4C55,17.95876,80.79718,2.29,309.9,60.0,2026-08-11T20:34:00Z,N20
FIRMS_B7B94F23,17.95963,80.79234,2.29,310.82,60.0,2026-08-11T20:34:00Z,N20
FIRMS_51616315,19.10163,82.17058,0.72,303.57,60.0,2026-08-11T20:34:00Z,N20
FIRMS_C6BA373B,21.00171,86.02567,1.8,299.76,60.0,2026-08-11T20:34:00Z,N20
FIRMS_D4225238,21.23481,79.62927,1.19,307.62,60.0,2026-08-11T20:34:00Z,N20
FIRMS_0D362A5D,21.96473,83.7708,1.31,299.18,60.0,2026-08-11T20:34:00Z,N20
FIRMS_18A5EF31,22.05482,88.12746,2.13,303.38,60.0,2026-08-11T20:34:00Z,N20
FIRMS_E8EA66F1,22.05571,88.12351,2.39,308.61,60.0,2026-08-11T20:34:00Z,N20
FIRMS_3D3F1153,22.36096,87.29205,1.53,303.43,60.0,2026-08-11T20:34:00Z,N20
FIRMS_C79D74FD,22.37052,87.29823,1.59,305.28,60.0,2026-08-11T20:34:00Z,N20
FIRMS_95FB105D,22.37055,87.29816,1.7,306.46,60.0,2026-08-11T20:34:00Z,N20
FIRMS_BC20330F,22.37516,87.27764,1.93,305.35,60.0,2026-08-11T20:34:00Z,N20
FIRMS_0630CD9C,22.37947,87.28227,2.67,312.67,60.0,2026-08-11T20:34:00Z,N20
FIRMS_B2935A35,22.37956,87.28238,1.93,306.74,60.0,2026-08-11T20:34:00Z,N20
FIRMS_9C8F5C02,22.38022,87.27884,2.67,326.55,60.0,2026-08-11T20:34:00Z,N20
FIRMS_14132144,22.38033,87.27895,1.93,323.37,60.0,2026-08-11T20:34:00Z,N20
FIRMS_FFCE864B,22.3811,87.27553,3.78,304.46,60.0,2026-08-11T20:34:00Z,N20
FIRMS_E101B038,23.48532,87.36385,0.99,304.55,60.0,2026-08-11T20:34:00Z,N20
FIRMS_1699E59C,23.48966,87.36847,0.68,299.79,60.0,2026-08-11T20:34:00Z,N20
FIRMS_6ECC612D,23.64632,85.43761,2.44,311.42,60.0,2026-08-11T20:34:00Z,N20
FIRMS_7506AC2C,23.64951,85.4416,2.28,316.71,60.0,2026-08-11T20:34:00Z,N20
FIRMS_E9EAA563,23.65055,85.43652,2.29,311.66,60.0,2026-08-11T20:34:00Z,N20
FIRMS_AFFDD728,23.65083,85.43866,2.44,318.02,60.0,2026-08-11T20:34:00Z,N20
FIRMS_E2CE9A5D,23.66999,86.09066,1.71,303.96,60.0,2026-08-11T20:34:00Z,N20
FIRMS_0DC8E2FA,23.67584,86.08637,4.23,306.11,60.0,2026-08-11T20:34:00Z,N20
FIRMS_A1F41E87,23.68402,86.0943,3.13,308.31,60.0,2026-08-11T20:34:00Z,N20
FIRMS_39DCA4A8,23.69359,85.3704,2.47,315.89,60.0,2026-08-11T20:34:00Z,N20
FIRMS_D126739C,23.69675,85.28836,1.63,307.4,60.0,2026-08-11T20:34:00Z,N20
FIRMS_B8D7AE9A,23.70853,86.07167,5.48,334.03,60.0,2026-08-11T20:34:00Z,N20
FIRMS_49E23276,23.78448,85.57327,1.13,301.1,60.0,2026-08-11T20:34:00Z,N20
FIRMS_D97BFE1D,23.78876,85.55288,1.73,309.98,60.0,2026-08-11T20:34:00Z,N20
FIRMS_DEB20499,23.8256,84.57082,0.59,297.59,60.0,2026-08-11T20:34:00Z,N20
FIRMS_94E4324F,13.15991,80.28368,1.01,303.75,60.0,2026-08-11T20:36:00Z,N20
FIRMS_237A7FCD,13.39343,80.10166,1.32,305.49,60.0,2026-08-11T20:36:00Z,N20
FIRMS_5015C8E3,13.89893,76.56593,0.93,308.17,60.0,2026-08-11T20:36:00Z,N20
FIRMS_8F1084C2,14.87312,78.05287,2.14,318.43,60.0,2026-08-11T20:36:00Z,N20
FIRMS_AA2183A2,14.93165,78.33964,2.28,306.82,60.0,2026-08-11T20:36:00Z,N20
FIRMS_543F255B,15.024,78.01444,2.51,313.7,60.0,2026-08-11T20:36:00Z,N20
FIRMS_7E34DE7E,15.18219,76.66824,0.65,300.27,60.0,2026-08-11T20:36:00Z,N20
FIRMS_AD161817,15.18492,76.6724,0.65,298.67,60.0,2026-08-11T20:36:00Z,N20
FIRMS_45D5BA6B,16.37022,82.32142,3.44,318.83,60.0,2026-08-11T20:36:00Z,N20
FIRMS_4E15C124,17.02847,81.78075,0.4,298.82,60.0,2026-08-11T20:36:00Z,N20
FIRMS_929510A6,17.03654,81.80577,0.62,297.07,60.0,2026-08-11T20:36:00Z,N20
FIRMS_25B82B80,9.48627,77.62683,0.7,305.24,60.0,2026-08-11T20:38:00Z,N20
FIRMS_C1D46449,9.52236,77.44857,0.8,302.37,60.0,2026-08-11T20:38:00Z,N20
FIRMS_1C93AFCA,9.52275,77.44942,0.91,306.38,60.0,2026-08-11T20:38:00Z,N20
FIRMS_BDE8CB83,9.53981,77.45353,1.88,319.07,60.0,2026-08-11T20:38:00Z,N20
FIRMS_E93FEBC8,11.26775,80.00407,1.74,321.49,60.0,2026-08-11T20:38:00Z,N20
FIRMS_4BDB4E40,6.2761,81.19681,5.9,334.85,60.0,2026-08-12T07:41:00Z,N20
FIRMS_246CC8C8,6.67189,81.06195,17.94,333.44,60.0,2026-08-12T07:41:00Z,N20
FIRMS_5AC90CE4,6.67382,81.06496,39.8,342.5,60.0,2026-08-12T07:41:00Z,N20
FIRMS_4DC622AF,6.67585,81.06129,17.94,332.46,60.0,2026-08-12T07:41:00Z,N20
FIRMS_B4966768,6.73523,81.36995,7.42,339.31,60.0,2026-08-12T07:41:00Z,N20
FIRMS_E744D3BB,6.9108,81.82388,6.75,342.24,60.0,2026-08-12T07:41:00Z,N20
FIRMS_7EE4D040,6.91134,81.82513,5.88,335.51,60.0,2026-08-12T07:41:00Z,N20
FIRMS_03D7D93D,7.90629,81.47887,4.08,330.13,60.0,2026-08-12T07:41:00Z,N20
FIRMS_CC57CB38,8.34949,80.20648,2.31,328.1,60.0,2026-08-12T07:41:00Z,N20
FIRMS_BE688263,8.43523,80.24468,9.19,334.9,60.0,2026-08-12T07:44:00Z,N20
FIRMS_6FF1920E,9.20449,77.60951,5.87,335.56,60.0,2026-08-12T07:44:00Z,N20
FIRMS_49944C57,9.20908,77.63577,10.1,341.99,60.0,2026-08-12T07:44:00Z,N20
FIRMS_5AFB8788,9.6383,78.88969,4.82,341.3,60.0,2026-08-12T07:44:00Z,N20
FIRMS_CA3110F8,9.91037,77.56055,4.17,335.31,60.0,2026-08-12T07:44:00Z,N20
FIRMS_89BAB00D,9.97957,79.08302,1.8,332.1,60.0,2026-08-12T07:44:00Z,N20
FIRMS_63FA9F02,10.04167,78.29845,2.56,331.42,60.0,2026-08-12T07:44:00Z,N20
FIRMS_E5E070AD,10.39741,79.03778,2.55,333.73,60.0,2026-08-12T07:44:00Z,N20
FIRMS_4B080E40,10.77627,79.65818,4.94,343.0,60.0,2026-08-12T07:44:00Z,N20
FIRMS_F75E09B3,10.83158,79.46785,3.6,330.5,60.0,2026-08-12T07:44:00Z,N20
FIRMS_91B21AAE,10.85851,78.56897,3.13,338.97,60.0,2026-08-12T07:44:00Z,N20
FIRMS_EA830CD7,10.87308,78.57518,2.05,330.32,60.0,2026-08-12T07:44:00Z,N20
FIRMS_472C357D,10.9262,78.90511,1.95,330.07,30.0,2026-08-12T07:44:00Z,N20
FIRMS_A14590D2,11.11998,79.63828,2.63,333.57,60.0,2026-08-12T07:44:00Z,N20
FIRMS_B2307358,18.08593,81.23905,39.17,356.33,30.0,2026-08-12T07:46:00Z,N20
FIRMS_07A4DD31,18.08656,81.24291,39.17,335.15,60.0,2026-08-12T07:46:00Z,N20
FIRMS_CE3CDF6F,21.67827,84.03967,3.11,331.58,60.0,2026-08-12T07:46:00Z,N20
FIRMS_CA04CA2C,21.74458,83.84264,4.97,341.87,60.0,2026-08-12T07:46:00Z,N20
FIRMS_1AF34EE0,21.74793,83.8421,11.51,345.22,60.0,2026-08-12T07:46:00Z,N20
FIRMS_ED9BA0AF,21.75521,83.84486,7.93,343.61,60.0,2026-08-12T07:46:00Z,N20
FIRMS_4274E2A5,21.76248,83.8476,4.06,331.66,60.0,2026-08-12T07:46:00Z,N20
FIRMS_DC6433B6,21.92081,83.35064,6.75,346.59,60.0,2026-08-12T07:46:00Z,N20
FIRMS_13A8AC2A,22.35893,82.30504,6.54,333.67,60.0,2026-08-12T07:46:00Z,N20
FIRMS_BE2428CD,23.82221,84.57487,6.54,333.58,60.0,2026-08-12T07:46:00Z,N20
FIRMS_BAF5607C,25.33686,83.10394,2.78,330.3,30.0,2026-08-12T07:48:00Z,N20
FIRMS_ACC6C3EF,25.45755,83.14108,5.37,336.4,60.0,2026-08-12T07:48:00Z,N20
FIRMS_2FF58F79,25.46093,83.1405,5.37,335.44,60.0,2026-08-12T07:48:00Z,N20
FIRMS_E4EE3951,25.4643,83.13992,5.43,333.19,60.0,2026-08-12T07:48:00Z,N20
FIRMS_8D834348,29.24559,91.86464,2.72,334.17,30.0,2026-08-12T07:48:00Z,N20
FIRMS_7B945EA0,29.32052,74.35227,3.8,338.87,60.0,2026-08-12T07:48:00Z,N20
FIRMS_64ADA6DB,29.6748,91.33752,4.14,333.35,30.0,2026-08-12T07:48:00Z,N20
FIRMS_90CE3654,29.67779,91.23132,3.26,331.56,30.0,2026-08-12T07:48:00Z,N20
FIRMS_8AD2E104,29.73349,78.01696,5.29,332.85,30.0,2026-08-12T07:48:00Z,N20
FIRMS_E233ED9E,29.49018,71.74068,8.24,340.0,60.0,2026-08-12T07:50:00Z,N20
FIRMS_D6F03D5C,29.67132,72.23625,4.59,336.05,60.0,2026-08-12T07:50:00Z,N20
FIRMS_807FB893,29.67238,72.23928,6.6,344.78,60.0,2026-08-12T07:50:00Z,N20
FIRMS_A4DD9702,29.67245,72.24155,4.59,336.25,60.0,2026-08-12T07:50:00Z,N20
FIRMS_3702AF58,29.9809,72.6186,10.25,340.67,60.0,2026-08-12T07:50:00Z,N20
FIRMS_1FDE97F7,29.98242,72.62093,13.83,347.97,60.0,2026-08-12T07:50:00Z,N20
FIRMS_DE917CA8,30.42702,72.07254,5.11,334.35,60.0,2026-08-12T07:50:00Z,N20
FIRMS_523E1760,31.1305,72.17557,5.3,339.47,60.0,2026-08-12T07:50:00Z,N20
FIRMS_188639C4,31.16325,72.09061,4.07,335.14,60.0,2026-08-12T07:50:00Z,N20
FIRMS_DC723B70,31.24253,73.9165,11.56,341.88,60.0,2026-08-12T07:50:00Z,N20
FIRMS_8BE5C0F3,31.49857,75.84365,5.11,330.44,30.0,2026-08-12T07:50:00Z,N20
FIRMS_E4AF5211,35.99166,94.83263,1.44,295.63,60.0,2026-08-12T20:10:00Z,N20
FIRMS_00F426C7,35.99298,94.82909,1.62,295.55,60.0,2026-08-12T20:10:00Z,N20
FIRMS_3C1E32B1,30.9497,97.36184,1.06,299.69,60.0,2026-08-12T20:12:00Z,N20
FIRMS_D399E9AC,32.09147,74.16026,2.26,310.03,60.0,2026-08-12T20:12:00Z,N20
FIRMS_0CE73CBC,32.57474,72.55851,2.55,307.33,60.0,2026-08-12T20:12:00Z,N20
FIRMS_FCCAEE84,23.8232,84.57487,0.81,301.72,60.0,2026-08-12T20:14:00Z,N20
FIRMS_17EB4871,23.82724,84.57159,0.81,297.82,60.0,2026-08-12T20:14:00Z,N20
FIRMS_EACEBB81,24.13923,82.70773,0.59,305.69,60.0,2026-08-12T20:14:00Z,N20
FIRMS_424C4183,24.16145,82.631,0.98,302.49,60.0,2026-08-12T20:14:00Z,N20
FIRMS_C521B3A9,24.16228,82.60419,0.44,304.2,60.0,2026-08-12T20:14:00Z,N20
FIRMS_C3236C74,24.16861,82.62848,1.19,309.23,60.0,2026-08-12T20:14:00Z,N20
FIRMS_55C66156,24.1692,82.62474,1.06,306.16,60.0,2026-08-12T20:14:00Z,N20
FIRMS_7792C04E,24.16979,82.62099,1.06,318.69,60.0,2026-08-12T20:14:00Z,N20
FIRMS_0C15078E,24.17882,82.65287,0.93,307.32,60.0,2026-08-12T20:14:00Z,N20
FIRMS_6B7B911F,24.1854,82.6541,0.91,306.41,60.0,2026-08-12T20:14:00Z,N20
FIRMS_6C719A94,24.19957,82.71458,0.71,303.79,60.0,2026-08-12T20:14:00Z,N20
FIRMS_7C962597,24.20345,82.71145,1.3,304.55,60.0,2026-08-12T20:14:00Z,N20
FIRMS_10A12642,24.20403,82.7077,0.58,305.63,60.0,2026-08-12T20:14:00Z,N20
FIRMS_E8FDA893,24.20732,82.70832,0.58,305.55,60.0,2026-08-12T20:14:00Z,N20
FIRMS_722D8CFA,25.94514,72.18692,3.17,321.54,60.0,2026-08-12T20:14:00Z,N20
FIRMS_6310A6BC,26.64241,79.47778,1.15,308.34,60.0,2026-08-12T20:14:00Z,N20
FIRMS_44229BF5,27.46261,95.47537,1.76,305.77,60.0,2026-08-12T20:14:00Z,N20
FIRMS_552B9351,28.65299,77.58749,1.18,312.79,60.0,2026-08-12T20:14:00Z,N20
FIRMS_3A09D371,10.6178,77.42089,0.51,304.49,60.0,2026-08-12T20:17:00Z,N20
FIRMS_37FF2B43,10.92072,78.51337,1.39,318.72,60.0,2026-08-12T20:17:00Z,N20
FIRMS_5FCF3201,10.92405,78.51392,1.39,312.26,60.0,2026-08-12T20:17:00Z,N20
FIRMS_FAFC97C3,10.92998,77.0639,0.97,306.78,60.0,2026-08-12T20:17:00Z,N20
FIRMS_FAEF6BC5,11.15497,77.94162,0.49,302.25,60.0,2026-08-12T20:17:00Z,N20
FIRMS_B385613A,11.268,80.00452,1.53,313.79,60.0,2026-08-12T20:17:00Z,N20
FIRMS_7E74267F,11.76602,77.00774,1.88,317.57,60.0,2026-08-12T20:17:00Z,N20
FIRMS_F3798A64,21.18085,81.37692,0.96,303.51,60.0,2026-08-12T20:17:00Z,N20
FIRMS_F0BB537F,21.18358,81.3812,0.96,311.86,60.0,2026-08-12T20:17:00Z,N20
FIRMS_7A48E662,21.18847,81.39343,1.17,306.85,60.0,2026-08-12T20:17:00Z,N20
FIRMS_BAF70FA4,21.1945,81.39828,2.1,317.88,60.0,2026-08-12T20:17:00Z,N20
FIRMS_61AF71B2,21.21967,81.39117,0.82,307.04,60.0,2026-08-12T20:17:00Z,N20
FIRMS_A2EE2737,21.24339,79.22346,1.06,305.21,60.0,2026-08-12T20:17:00Z,N20
FIRMS_6CE2ABBE,21.2455,81.77003,1.85,307.98,60.0,2026-08-12T20:17:00Z,N20
FIRMS_8775D498,21.24867,79.2114,0.95,303.02,60.0,2026-08-12T20:17:00Z,N20
FIRMS_C8A3CE37,21.24927,79.2072,1.17,305.11,60.0,2026-08-12T20:17:00Z,N20
FIRMS_B0A0BFCD,21.29379,81.59311,0.81,305.98,60.0,2026-08-12T20:17:00Z,N20
FIRMS_62B706A5,21.31084,81.59235,1.27,309.73,60.0,2026-08-12T20:17:00Z,N20
FIRMS_E1AFCE64,21.33706,78.96845,0.67,302.49,60.0,2026-08-12T20:17:00Z,N20
FIRMS_9C8B8D00,21.91678,83.35397,0.45,300.5,60.0,2026-08-12T20:17:00Z,N20
FIRMS_0BED2CCB,21.92072,83.35084,2.05,327.23,60.0,2026-08-12T20:17:00Z,N20
FIRMS_A5A3390C,21.92404,83.35147,2.05,309.96,60.0,2026-08-12T20:17:00Z,N20
FIRMS_A2811B85,21.92591,83.34019,1.13,309.86,60.0,2026-08-12T20:17:00Z,N20
FIRMS_5776474F,21.98617,82.01643,0.58,300.01,60.0,2026-08-12T20:17:00Z,N20
FIRMS_59966566,22.03967,83.35366,1.25,301.84,60.0,2026-08-12T20:17:00Z,N20
FIRMS_3AF8F0C9,22.04029,83.3499,0.99,304.76,60.0,2026-08-12T20:17:00Z,N20
FIRMS_86C04798,22.08837,83.11952,1.96,312.44,60.0,2026-08-12T20:17:00Z,N20
FIRMS_F648D044,22.3556,82.30254,1.44,305.44,60.0,2026-08-12T20:17:00Z,N20
FIRMS_86106AF8,22.35889,82.30314,1.44,320.33,60.0,2026-08-12T20:17:00Z,N20
FIRMS_804B0407,6.85525,81.53475,1.18,306.67,60.0,2026-08-12T20:19:00Z,N20
FIRMS_13B38581,8.67153,77.9933,1.2,304.22,60.0,2026-08-12T20:19:00Z,N20
FIRMS_B3EB8492,12.85167,79.90427,9.3,341.34,60.0,2026-08-12T20:19:00Z,N20
FIRMS_F167C031,14.1833,79.55907,1.34,304.67,60.0,2026-08-12T20:19:00Z,N20
FIRMS_5D189C95,15.33323,76.28339,1.13,300.09,60.0,2026-08-12T20:19:00Z,N20
FIRMS_783F4634,15.33402,76.28646,1.35,299.45,60.0,2026-08-12T20:19:00Z,N20
FIRMS_5E5A5058,25.93983,72.19559,2.05,309.26,60.0,2026-08-12T21:53:00Z,N20
FIRMS_559066A0,25.9415,72.18927,2.05,302.41,60.0,2026-08-12T21:53:00Z,N20
FIRMS_AA05DB53,25.94436,72.19416,1.92,319.0,60.0,2026-08-12T21:53:00Z,N20
FIRMS_E3A43D65,33.2741,71.59048,3.26,309.47,60.0,2026-08-12T21:53:00Z,N20
FIRMS_822002B4,33.29515,71.18565,1.98,304.02,60.0,2026-08-12T21:53:00Z,N20
FIRMS_036EDEFD,25.38687,68.58103,1.8,311.68,60.0,2026-08-12T21:55:00Z,N20
FIRMS_502896A7,32.2929,70.72971,4.0,310.59,60.0,2026-08-12T21:55:00Z,N20
FIRMS_772A57D3,6.28034,81.0183,2.43,333.5,60.0,2026-08-13T07:24:00Z,N20
FIRMS_596355C7,6.28068,81.01843,2.21,333.44,60.0,2026-08-13T07:24:00Z,N20
FIRMS_EF4DCB43,6.48593,81.44147,8.58,367.0,90.0,2026-08-13T07:24:00Z,N20
FIRMS_3C056C90,6.48653,81.44488,6.87,330.84,60.0,2026-08-13T07:24:00Z,N20
FIRMS_7900904D,6.73611,81.29149,6.1,330.3,60.0,2026-08-13T07:24:00Z,N20
FIRMS_DD4E7394,6.73671,81.29494,4.55,339.7,60.0,2026-08-13T07:24:00Z,N20
FIRMS_48723CD0,6.82053,81.78055,2.34,330.53,60.0,2026-08-13T07:24:00Z,N20
FIRMS_F92EAF3D,6.83006,81.52637,3.9,334.04,60.0,2026-08-13T07:24:00Z,N20
FIRMS_054F6941,6.84166,81.56127,2.95,339.84,60.0,2026-08-13T07:24:00Z,N20
FIRMS_207FE775,6.89861,81.5177,2.39,330.5,60.0,2026-08-13T07:24:00Z,N20
FIRMS_FD78A7EA,7.04887,81.79108,3.09,331.2,60.0,2026-08-13T07:24:00Z,N20
FIRMS_C6884120,7.17548,81.19539,2.39,333.93,60.0,2026-08-13T07:24:00Z,N20
FIRMS_5333214E,7.18695,81.37209,1.63,332.49,60.0,2026-08-13T07:24:00Z,N20
FIRMS_A504D627,7.22719,81.75818,2.66,335.2,60.0,2026-08-13T07:24:00Z,N20
FIRMS_C8F116CB,7.41483,81.17183,2.55,343.72,60.0,2026-08-13T07:24:00Z,N20
FIRMS_1D75F43B,7.4389,80.92221,3.95,330.82,60.0,2026-08-13T07:24:00Z,N20
FIRMS_D35B4F84,7.47175,81.70859,2.5,330.82,60.0,2026-08-13T07:24:00Z,N20
FIRMS_52B26D56,7.83183,81.38834,3.53,339.99,60.0,2026-08-13T07:24:00Z,N20
FIRMS_B75EFF5A,7.83983,79.97865,4.26,339.29,60.0,2026-08-13T07:24:00Z,N20
FIRMS_BFD89DC1,8.2459,81.1095,3.43,340.8,60.0,2026-08-13T07:24:00Z,N20
FIRMS_342C1DED,8.24714,81.10832,3.31,336.66,60.0,2026-08-13T07:24:00Z,N20
FIRMS_E0BB4A1A,8.40561,80.30875,5.65,338.7,60.0,2026-08-13T07:24:00Z,N20
FIRMS_A1018357,8.40728,80.31151,4.64,341.32,60.0,2026-08-13T07:24:00Z,N20
FIRMS_B2B4DA6C,8.49895,80.25267,6.75,343.6,60.0,2026-08-13T07:24:00Z,N20
FIRMS_9B0E2233,8.50285,80.25197,5.76,343.17,60.0,2026-08-13T07:24:00Z,N20
FIRMS_4F8AEE67,8.57254,80.87992,5.31,356.28,30.0,2026-08-13T07:24:00Z,N20
FIRMS_ADA9D7BD,8.57788,80.87894,8.6,349.2,60.0,2026-08-13T07:24:00Z,N20
FIRMS_7823DE1E,8.5781,81.18079,3.94,344.33,60.0,2026-08-13T07:24:00Z,N20
FIRMS_7F7258BD,8.57811,81.18109,3.43,337.86,60.0,2026-08-13T07:24:00Z,N20
FIRMS_BF3BDACB,9.61558,78.6358,3.4,334.43,60.0,2026-08-13T07:24:00Z,N20
FIRMS_A281048D,9.88432,78.81351,3.15,331.34,60.0,2026-08-13T07:24:00Z,N20
FIRMS_9EDB8FA3,23.67608,86.39724,5.77,331.99,60.0,2026-08-13T07:29:00Z,N20
FIRMS_8594571E,23.67665,86.40098,4.48,333.86,60.0,2026-08-13T07:29:00Z,N20
FIRMS_53546FD1,23.68266,86.39605,3.35,333.38,60.0,2026-08-13T07:29:00Z,N20
FIRMS_C98212B8,23.68537,86.39171,3.35,330.93,60.0,2026-08-13T07:29:00Z,N20
FIRMS_0ADDD927,23.71159,86.45226,8.25,346.75,60.0,2026-08-13T07:29:00Z,N20
FIRMS_99CF5665,23.75834,86.40134,4.42,333.68,60.0,2026-08-13T07:29:00Z,N20
FIRMS_29E99D4D,23.76221,86.40449,4.42,340.79,60.0,2026-08-13T07:29:00Z,N20
FIRMS_BD8E6F31,23.7655,86.40389,5.14,339.52,60.0,2026-08-13T07:29:00Z,N20
FIRMS_FF8CF824,23.77693,86.39029,3.65,334.95,60.0,2026-08-13T07:29:00Z,N20
FIRMS_44036FF5,23.78022,86.38969,3.65,334.79,60.0,2026-08-13T07:29:00Z,N20
FIRMS_83F61749,23.79478,86.35245,3.78,333.48,60.0,2026-08-13T07:29:00Z,N20
FIRMS_B07F986E,23.8039,86.32387,5.76,339.14,60.0,2026-08-13T07:29:00Z,N20
FIRMS_6E747047,25.2817,87.65293,2.39,335.42,60.0,2026-08-13T07:29:00Z,N20
FIRMS_B91F606A,26.89398,93.03973,6.64,342.38,60.0,2026-08-13T07:29:00Z,N20
FIRMS_4C49CAB4,26.93147,92.41478,6.62,342.18,60.0,2026-08-13T07:29:00Z,N20
FIRMS_839EBDF2,30.04735,73.08869,11.42,350.73,60.0,2026-08-13T07:29:00Z,N20
FIRMS_2A2A998D,29.06069,79.5211,3.85,330.18,60.0,2026-08-13T07:31:00Z,N20
FIRMS_58468E2B,24.96131,68.29536,9.52,355.36,60.0,2026-08-13T09:09:00Z,N20
FIRMS_A2DA2A8E,28.11094,69.16472,6.22,336.47,60.0,2026-08-13T09:09:00Z,N20
FIRMS_757E4EDA,29.47887,71.56658,6.22,337.88,60.0,2026-08-13T09:09:00Z,N20
FIRMS_4FD89F0C,35.83482,71.41206,3.43,330.4,30.0,2026-08-13T09:11:00Z,N20
FIRMS_2E5A406F,35.99282,94.83052,0.73,297.84,60.0,2026-08-13T19:51:00Z,N20
FIRMS_096968A1,29.26345,91.92657,1.3,296.6,60.0,2026-08-13T19:53:00Z,N20
FIRMS_5310CB3E,29.37743,91.14948,1.02,303.12,60.0,2026-08-13T19:53:00Z,N20
FIRMS_9561C0C9,29.65747,90.89865,0.82,299.15,60.0,2026-08-13T19:53:00Z,N20
FIRMS_54A2C140,29.78797,91.60388,0.53,295.8,60.0,2026-08-13T19:53:00Z,N20
FIRMS_351E5297,22.05233,88.12492,1.41,307.35,60.0,2026-08-13T19:55:00Z,N20
FIRMS_AE65CDA8,22.05295,88.12115,1.41,313.37,60.0,2026-08-13T19:55:00Z,N20
FIRMS_D5B6E682,22.06291,88.12305,7.71,322.96,60.0,2026-08-13T19:55:00Z,N20
FIRMS_5A920F2F,22.06353,88.11928,5.62,312.11,60.0,2026-08-13T19:55:00Z,N20
FIRMS_EC9067C3,22.06623,88.12367,3.02,330.11,60.0,2026-08-13T19:55:00Z,N20
FIRMS_39120BB7,22.06685,88.11991,2.32,311.52,60.0,2026-08-13T19:55:00Z,N20
FIRMS_89E59153,23.69424,86.07922,0.7,300.84,60.0,2026-08-13T19:55:00Z,N20
FIRMS_6EF2235B,23.69758,86.0798,0.7,298.91,60.0,2026-08-13T19:55:00Z,N20
FIRMS_97EF648F,23.75229,86.4147,1.37,299.86,60.0,2026-08-13T19:55:00Z,N20
FIRMS_A17B989C,23.75734,86.40388,1.18,307.4,60.0,2026-08-13T19:55:00Z,N20
FIRMS_A18935D4,23.76066,86.40447,0.83,303.03,60.0,2026-08-13T19:55:00Z,N20
FIRMS_CF446165,23.76123,86.40067,0.83,307.01,60.0,2026-08-13T19:55:00Z,N20
FIRMS_D51A78A5,23.76397,86.40507,0.83,300.84,60.0,2026-08-13T19:55:00Z,N20
FIRMS_E553D78C,17.06605,76.97811,0.29,296.17,60.0,2026-08-13T19:57:00Z,N20
FIRMS_8A8FDA18,6.07358,80.85921,3.77,328.17,60.0,2026-08-13T20:00:00Z,N20
FIRMS_45EB9D19,6.75688,80.83611,1.08,306.53,60.0,2026-08-13T20:00:00Z,N20
FIRMS_366B5A66,7.16079,80.964,1.49,304.84,60.0,2026-08-13T20:00:00Z,N20
FIRMS_CE9899CE,7.20327,81.10591,1.4,310.89,60.0,2026-08-13T20:00:00Z,N20
FIRMS_3DE31BEC,7.20387,81.10198,1.4,308.09,60.0,2026-08-13T20:00:00Z,N20
FIRMS_D2EAF14C,7.20734,81.10258,1.93,310.12,60.0,2026-08-13T20:00:00Z,N20
FIRMS_5123CAFF,7.71607,80.1284,0.45,302.72,60.0,2026-08-13T20:00:00Z,N20
FIRMS_060D7B46,7.86648,80.76948,0.45,303.88,60.0,2026-08-13T20:00:00Z,N20
FIRMS_E9A277EE,8.46625,80.41161,0.61,302.66,60.0,2026-08-13T20:00:00Z,N20
FIRMS_1976B65D,9.30736,77.42999,2.33,306.93,60.0,2026-08-13T20:00:00Z,N20
FIRMS_6D09800B,9.93408,78.31805,0.25,302.76,60.0,2026-08-13T20:00:00Z,N20
FIRMS_220D2E85,10.44673,77.30595,4.47,329.87,60.0,2026-08-13T20:00:00Z,N20
FIRMS_D1C46D13,32.29093,70.73849,1.52,309.27,60.0,2026-08-13T21:33:00Z,N20
FIRMS_36C08827,32.29267,70.73017,1.86,310.96,60.0,2026-08-13T21:33:00Z,N20
FIRMS_D7C335A6,35.96708,68.6883,1.74,309.12,60.0,2026-08-13T21:33:00Z,N20
FIRMS_0785ACD6,25.3871,68.58413,4.14,320.82,60.0,2026-08-13T21:36:00Z,N20
FIRMS_051C6711,25.3888,68.58535,1.78,310.87,60.0,2026-08-13T21:36:00Z,N20
FIRMS_29055111,25.38961,68.58124,1.78,307.83,60.0,2026-08-13T21:36:00Z,N20
FIRMS_7CC018C8,26.26141,74.09524,0.9,303.01,60.0,2026-08-13T21:36:00Z,N20
FIRMS_AA6B35D7,6.76274,81.79385,7.36,340.89,60.0,2026-08-14T07:03:00Z,N20
FIRMS_82FB427B,6.764,81.80052,7.36,326.1,60.0,2026-08-14T07:03:00Z,N20
FIRMS_95C4D552,20.18809,95.01646,2.08,333.85,60.0,2026-08-14T07:07:00Z,N20
FIRMS_55A1ED57,20.19908,95.04449,2.13,331.98,60.0,2026-08-14T07:07:00Z,N20
FIRMS_6E3F4106,20.2026,95.04396,2.13,338.71,60.0,2026-08-14T07:07:00Z,N20
FIRMS_0EB86399,20.32491,95.14701,1.62,330.11,60.0,2026-08-14T07:07:00Z,N20
FIRMS_D535681C,21.31712,94.85989,10.84,348.37,60.0,2026-08-14T07:07:00Z,N20
FIRMS_A786DCFB,22.58306,97.49139,2.91,330.09,60.0,2026-08-14T07:07:00Z,N20
FIRMS_76F7F31E,23.51688,96.08981,3.78,335.42,60.0,2026-08-14T07:07:00Z,N20
FIRMS_42C892F3,24.99235,97.19158,3.6,331.29,60.0,2026-08-14T07:09:00Z,N20
FIRMS_F4ABD50E,25.78723,93.29169,2.67,333.86,60.0,2026-08-14T07:09:00Z,N20
FIRMS_18A8B011,25.80267,93.35385,3.28,332.42,60.0,2026-08-14T07:09:00Z,N20
FIRMS_ADAC29DB,25.99782,93.54985,6.19,346.08,60.0,2026-08-14T07:09:00Z,N20
FIRMS_E51083B2,29.64572,91.29066,7.14,341.05,60.0,2026-08-14T07:09:00Z,N20
FIRMS_79E1D78A,6.65748,81.22902,14.47,329.56,60.0,2026-08-14T08:45:00Z,N20
FIRMS_5545CF35,6.66359,81.22819,14.47,352.34,60.0,2026-08-14T08:45:00Z,N20
FIRMS_623EF77A,6.66423,81.23282,23.15,346.83,60.0,2026-08-14T08:45:00Z,N20
FIRMS_C3EBDB01,6.77016,81.37189,11.74,333.49,60.0,2026-08-14T08:45:00Z,N20
FIRMS_BC05E0B4,6.77084,81.37083,5.56,333.09,60.0,2026-08-14T08:45:00Z,N20
FIRMS_64576F37,7.05456,81.78493,8.39,346.1,60.0,2026-08-14T08:45:00Z,N20
FIRMS_3BD89C12,7.11705,81.71935,6.6,335.45,60.0,2026-08-14T08:45:00Z,N20
FIRMS_807BB593,7.26208,81.30967,5.12,335.46,60.0,2026-08-14T08:45:00Z,N20
FIRMS_38BEE3F1,7.29722,81.19704,5.58,342.52,60.0,2026-08-14T08:45:00Z,N20
FIRMS_266A6F82,7.29741,81.19933,7.68,354.5,60.0,2026-08-14T08:45:00Z,N20
FIRMS_7567176B,7.29783,81.20157,5.58,331.38,60.0,2026-08-14T08:45:00Z,N20
FIRMS_527E005F,7.42646,81.27274,4.13,331.17,60.0,2026-08-14T08:45:00Z,N20
FIRMS_17222710,7.43145,81.27061,4.33,334.99,60.0,2026-08-14T08:45:00Z,N20
FIRMS_88051B6A,7.6932,81.31133,3.91,336.97,60.0,2026-08-14T08:45:00Z,N20
FIRMS_5DE7B89F,7.69943,81.31052,3.91,331.47,60.0,2026-08-14T08:45:00Z,N20
FIRMS_DFAC1B9A,7.86796,81.49211,7.8,345.41,60.0,2026-08-14T08:45:00Z,N20
FIRMS_3168AAE5,7.87061,81.48809,5.34,336.03,60.0,2026-08-14T08:45:00Z,N20
FIRMS_3E5E043D,7.87125,81.49318,5.34,347.68,60.0,2026-08-14T08:45:00Z,N20
FIRMS_4919D2E4,8.00443,80.30975,9.34,335.73,60.0,2026-08-14T08:45:00Z,N20
FIRMS_EBBA5E6E,8.00498,80.31391,9.58,344.21,60.0,2026-08-14T08:45:00Z,N20
FIRMS_2A354D1D,8.01305,81.47119,6.49,342.41,60.0,2026-08-14T08:45:00Z,N20
FIRMS_978A2B00,8.05711,80.68931,7.13,329.9,60.0,2026-08-14T08:45:00Z,N20
FIRMS_EA050E4C,8.06119,80.69142,6.16,334.59,60.0,2026-08-14T08:45:00Z,N20
FIRMS_2DBB2F7C,8.58409,80.86377,9.81,342.78,60.0,2026-08-14T08:45:00Z,N20
FIRMS_4724636D,8.66138,80.73595,175.74,334.05,60.0,2026-08-14T08:45:00Z,N20
FIRMS_5215F37E,8.68774,80.4662,6.73,338.73,60.0,2026-08-14T08:45:00Z,N20
FIRMS_0BDBD994,8.69035,80.46313,5.11,335.28,60.0,2026-08-14T08:45:00Z,N20
FIRMS_ED016D14,8.77487,80.55215,4.24,335.82,60.0,2026-08-14T08:45:00Z,N20
FIRMS_6C29A102,8.89687,77.86032,4.36,347.59,60.0,2026-08-14T08:45:00Z,N20
FIRMS_D41BF469,9.032,80.07497,2.95,330.43,60.0,2026-08-14T08:45:00Z,N20
FIRMS_AFAABCA4,9.1941,80.70235,3.93,331.71,60.0,2026-08-14T08:45:00Z,N20
FIRMS_0FD2B4EE,9.30765,80.15686,8.78,353.73,60.0,2026-08-14T08:45:00Z,N20
FIRMS_38CA5AE6,9.33148,80.25121,4.88,347.22,60.0,2026-08-14T08:45:00Z,N20
FIRMS_1F336E84,9.41618,77.8159,4.27,341.75,60.0,2026-08-14T08:45:00Z,N20
FIRMS_8E91E3F2,9.48519,78.8107,7.47,351.98,60.0,2026-08-14T08:45:00Z,N20
FIRMS_909E2D19,9.61044,77.69771,1.82,330.73,60.0,2026-08-14T08:45:00Z,N20
FIRMS_E58811C8,9.67238,77.66545,5.27,340.87,60.0,2026-08-14T08:45:00Z,N20
FIRMS_F1EB244F,9.84466,77.92301,3.64,334.67,60.0,2026-08-14T08:45:00Z,N20
FIRMS_B0BCBA51,9.84711,77.92158,6.82,338.34,60.0,2026-08-14T08:45:00Z,N20
FIRMS_721E661D,9.89835,77.83366,4.18,350.48,60.0,2026-08-14T08:45:00Z,N20
FIRMS_E6124C9D,14.38047,78.25787,4.14,334.96,60.0,2026-08-14T08:48:00Z,N20
FIRMS_61EEA30B,14.38171,78.2594,4.51,338.71,60.0,2026-08-14T08:48:00Z,N20
FIRMS_DF07D2EA,25.25441,68.0759,6.73,341.3,60.0,2026-08-14T08:50:00Z,N20
FIRMS_1FE8D973,25.46259,68.40936,5.52,339.53,60.0,2026-08-14T08:50:00Z,N20
FIRMS_232A0BCA,27.23317,68.9106,8.35,342.68,60.0,2026-08-14T08:52:00Z,N20
FIRMS_04E847A9,27.74486,69.3841,7.85,331.88,30.0,2026-08-14T08:52:00Z,N20
FIRMS_E19F3A04,27.74748,69.27924,4.48,330.51,30.0,2026-08-14T08:52:00Z,N20
FIRMS_04BA07CB,27.74874,69.25831,8.44,332.11,30.0,2026-08-14T08:52:00Z,N20
FIRMS_71A00931,27.74936,69.2634,8.45,331.43,30.0,2026-08-14T08:52:00Z,N20
FIRMS_1E8CB9EF,27.75061,69.27357,4.48,330.46,30.0,2026-08-14T08:52:00Z,N20
FIRMS_E19573A2,27.7637,69.1941,7.04,331.62,30.0,2026-08-14T08:52:00Z,N20
FIRMS_6D156408,27.79593,69.51949,5.87,330.46,30.0,2026-08-14T08:52:00Z,N20
FIRMS_6BF1333C,27.80424,69.62041,6.57,330.11,30.0,2026-08-14T08:52:00Z,N20
FIRMS_AE618ADF,27.82072,69.56402,6.96,330.76,30.0,2026-08-14T08:52:00Z,N20
FIRMS_29C3AFFC,27.84409,69.57409,7.4,330.16,30.0,2026-08-14T08:52:00Z,N20
FIRMS_974BE794,28.51801,70.56898,7.86,330.61,30.0,2026-08-14T08:52:00Z,N20
FIRMS_38584167,29.49641,71.43408,3.58,335.5,60.0,2026-08-14T08:52:00Z,N20
FIRMS_70AE773C,29.75686,72.59838,5.17,337.07,60.0,2026-08-14T08:52:00Z,N20
FIRMS_24E28C47,29.75929,72.59958,3.88,336.83,60.0,2026-08-14T08:52:00Z,N20
FIRMS_144489A3,29.77708,72.30468,2.41,331.57,60.0,2026-08-14T08:52:00Z,N20
FIRMS_210615C4,29.97498,72.60358,11.02,351.0,60.0,2026-08-14T08:52:00Z,N20
FIRMS_ED2F552D,29.97775,72.6048,22.7,343.22,60.0,2026-08-14T08:52:00Z,N20
FIRMS_9E523433,29.97968,72.60303,11.02,348.97,60.0,2026-08-14T08:52:00Z,N20
FIRMS_D97715FB,30.46504,72.12772,3.42,331.84,60.0,2026-08-14T08:52:00Z,N20
FIRMS_BFB267B4,30.65045,72.12453,23.98,355.16,60.0,2026-08-14T08:52:00Z,N20
FIRMS_73BBE616,26.76095,83.19885,0.46,295.11,60.0,2026-08-14T19:36:00Z,N20
FIRMS_CEEE7470,21.37745,81.64008,1.24,295.18,60.0,2026-08-14T19:38:00Z,N20
FIRMS_A824A236,23.48498,87.36285,0.93,306.09,60.0,2026-08-14T19:38:00Z,N20
FIRMS_6EE20655,23.56334,87.08531,0.68,298.19,60.0,2026-08-14T19:38:00Z,N20
FIRMS_7E7FB503,15.17805,76.65479,2.51,300.83,60.0,2026-08-14T19:40:00Z,N20
FIRMS_5270FCAC,15.17863,76.65427,3.04,300.27,60.0,2026-08-14T19:40:00Z,N20
FIRMS_0143BB6C,15.18293,76.67477,0.97,296.27,60.0,2026-08-14T19:40:00Z,N20
FIRMS_CBBF6F5B,15.1836,76.66831,0.97,298.19,60.0,2026-08-14T19:40:00Z,N20
FIRMS_A60B141F,15.18363,76.67431,2.31,295.95,60.0,2026-08-14T19:40:00Z,N20
FIRMS_7298D4D0,15.18426,76.66785,3.55,297.5,60.0,2026-08-14T19:40:00Z,N20
FIRMS_BF336891,7.98811,79.86609,0.45,304.09,60.0,2026-08-14T19:42:00Z,N20
FIRMS_182E3ED6,8.92813,80.56243,1.06,305.95,60.0,2026-08-14T19:42:00Z,N20
FIRMS_39D89204,28.60947,68.63223,1.25,318.31,60.0,2026-08-14T21:16:00Z,N20
FIRMS_3B6342C7,32.28985,70.73751,2.35,310.8,60.0,2026-08-14T21:16:00Z,N20
FIRMS_2A89490B,32.2946,70.73,1.74,311.59,60.0,2026-08-14T21:16:00Z,N20
FIRMS_834D0AB4,32.88861,71.61725,3.74,318.41,60.0,2026-08-14T21:16:00Z,N20
FIRMS_5B719945,33.2965,71.18719,1.89,308.8,60.0,2026-08-14T21:16:00Z,N20
FIRMS_428B85AE,33.54723,71.55231,2.26,309.38,60.0,2026-08-14T21:16:00Z,N20
FIRMS_65BBB924,33.84897,72.87104,1.07,303.86,60.0,2026-08-14T21:16:00Z,N20
FIRMS_CF8C2D9A,22.93377,69.69614,2.25,312.98,60.0,2026-08-14T21:18:00Z,N20
FIRMS_FB52FB60,25.38881,68.58366,1.67,320.73,60.0,2026-08-14T21:18:00Z,N20
FIRMS_1698522B,25.94182,72.19268,1.71,312.41,60.0,2026-08-14T21:18:00Z,N20
FIRMS_2CE5ED21,26.09307,68.87971,0.77,307.5,60.0,2026-08-14T21:18:00Z,N20
FIRMS_4311F8C1,19.37201,71.35548,6.16,339.42,60.0,2026-08-14T21:21:00Z,N20
FIRMS_06D82001,19.37274,71.35164,3.9,304.68,60.0,2026-08-14T21:21:00Z,N20
FIRMS_CA9AD785,22.35867,97.6493,8.82,333.04,60.0,2026-08-15T06:50:00Z,N20
FIRMS_C9B2BE3F,24.19878,97.80337,6.62,336.27,60.0,2026-08-15T06:50:00Z,N20
FIRMS_9FEF11D3,24.19979,97.80275,4.39,331.71,60.0,2026-08-15T06:50:00Z,N20
FIRMS_626E2332,27.96747,95.60845,7.01,330.97,60.0,2026-08-15T06:52:00Z,N20
FIRMS_A9A8B8CB,28.01448,95.62774,4.13,334.27,60.0,2026-08-15T06:52:00Z,N20
FIRMS_86270131,28.15596,95.59682,3.92,334.4,60.0,2026-08-15T06:52:00Z,N20
FIRMS_22D9E1AD,28.55783,92.82546,5.49,328.66,30.0,2026-08-15T06:52:00Z,N20
FIRMS_93BB8D2C,29.6013,91.59779,7.58,330.9,30.0,2026-08-15T06:52:00Z,N20
FIRMS_BAC650A5,29.60552,91.60139,6.51,333.23,30.0,2026-08-15T06:52:00Z,N20
FIRMS_F83AB69F,6.23067,80.98421,20.31,342.78,60.0,2026-08-15T08:26:00Z,N20
FIRMS_A7C77314,6.40695,80.86269,25.81,351.92,60.0,2026-08-15T08:26:00Z,N20
FIRMS_AFF440DD,6.41068,80.85801,3.19,331.79,60.0,2026-08-15T08:26:00Z,N20
FIRMS_92D357DA,6.74791,81.5238,7.23,334.78,60.0,2026-08-15T08:26:00Z,N20
FIRMS_D3702675,6.77647,81.52952,9.84,342.36,60.0,2026-08-15T08:26:00Z,N20
FIRMS_67031551,6.7778,81.53048,8.02,347.48,60.0,2026-08-15T08:26:00Z,N20
FIRMS_9651DAC3,6.78101,81.52895,9.84,342.04,60.0,2026-08-15T08:26:00Z,N20
FIRMS_A04071EC,6.78234,81.52988,7.44,348.03,60.0,2026-08-15T08:26:00Z,N20
FIRMS_61E473F0,6.81628,81.77315,7.61,336.15,60.0,2026-08-15T08:26:00Z,N20
FIRMS_8B8FA0FE,6.82037,81.77407,5.3,336.82,60.0,2026-08-15T08:26:00Z,N20
FIRMS_A522276C,6.86558,81.62757,14.97,347.94,60.0,2026-08-15T08:26:00Z,N20
FIRMS_BBC3BABE,6.86648,81.73357,5.78,330.1,60.0,2026-08-15T08:26:00Z,N20
FIRMS_C5A16E0B,6.86742,81.57496,3.09,337.28,60.0,2026-08-15T08:26:00Z,N20
FIRMS_92324D1D,7.08547,81.79469,4.38,331.42,60.0,2026-08-15T08:26:00Z,N20
FIRMS_9FF17144,7.15022,81.13858,6.98,338.5,60.0,2026-08-15T08:26:00Z,N20
FIRMS_8270C6A1,7.15192,81.14371,5.93,332.66,60.0,2026-08-15T08:26:00Z,N20
FIRMS_5B265FC7,7.23634,81.60196,4.8,331.88,60.0,2026-08-15T08:26:00Z,N20
FIRMS_8E05BA4D,7.3174,81.20776,8.07,349.67,60.0,2026-08-15T08:26:00Z,N20
FIRMS_DFAC6FA6,7.31993,81.19325,3.87,331.74,60.0,2026-08-15T08:26:00Z,N20
FIRMS_40342452,7.33365,81.76012,2.45,339.56,60.0,2026-08-15T08:26:00Z,N20
FIRMS_1707DBF5,7.41888,81.29643,4.48,341.41,60.0,2026-08-15T08:26:00Z,N20
FIRMS_27DF2DD1,7.43999,81.31613,4.31,335.62,60.0,2026-08-15T08:26:00Z,N20
FIRMS_E6C8ECD7,7.44061,81.32063,4.31,333.21,60.0,2026-08-15T08:26:00Z,N20
FIRMS_2D81711E,7.50772,81.09312,12.0,338.11,60.0,2026-08-15T08:26:00Z,N20
FIRMS_0C2D6882,7.50832,81.09746,9.87,334.88,60.0,2026-08-15T08:26:00Z,N20
FIRMS_400A3AE4,7.50893,81.10187,9.87,346.62,60.0,2026-08-15T08:26:00Z,N20
FIRMS_1A4D966A,7.51218,81.09262,2.48,333.23,60.0,2026-08-15T08:26:00Z,N20
FIRMS_863732B0,7.51279,81.097,9.56,345.7,60.0,2026-08-15T08:26:00Z,N20
FIRMS_708DBD2B,7.72103,81.42233,5.66,345.28,60.0,2026-08-15T08:26:00Z,N20
FIRMS_B1716635,7.80647,80.47655,2.95,333.7,60.0,2026-08-15T08:26:00Z,N20
FIRMS_210A92E1,8.04673,81.40797,8.28,342.86,60.0,2026-08-15T08:26:00Z,N20
FIRMS_82985E3E,8.04717,81.41138,3.07,332.57,60.0,2026-08-15T08:26:00Z,N20
FIRMS_2B24D7EF,8.31314,80.15611,2.23,334.13,60.0,2026-08-15T08:26:00Z,N20
FIRMS_C9F2B196,8.31367,80.15891,7.09,348.33,60.0,2026-08-15T08:26:00Z,N20
FIRMS_F5A3C3AF,8.31371,80.16003,4.0,340.45,60.0,2026-08-15T08:26:00Z,N20
FIRMS_0BE4F84C,8.35497,80.17739,3.66,335.22,60.0,2026-08-15T08:26:00Z,N20
FIRMS_C0AAC15E,8.59398,80.37928,3.87,333.65,60.0,2026-08-15T08:26:00Z,N20
FIRMS_6C69D416,8.60895,80.52087,2.56,331.8,60.0,2026-08-15T08:26:00Z,N20
FIRMS_A8EF96A4,8.80009,80.86703,5.19,338.76,60.0,2026-08-15T08:26:00Z,N20
FIRMS_7C5748A9,8.71118,78.09945,2.86,330.16,30.0,2026-08-15T08:28:00Z,N20
FIRMS_0BE9AFC3,8.72422,77.74713,3.01,332.25,60.0,2026-08-15T08:28:00Z,N20
FIRMS_DD90CB84,8.72452,77.74837,2.55,332.27,60.0,2026-08-15T08:28:00Z,N20
FIRMS_48145856,8.80653,80.32614,6.1,340.0,60.0,2026-08-15T08:28:00Z,N20
FIRMS_2C0E547E,8.85816,77.84985,1.75,331.43,60.0,2026-08-15T08:28:00Z,N20
FIRMS_984E2AAE,8.86184,77.84931,2.34,333.46,60.0,2026-08-15T08:28:00Z,N20
FIRMS_3052C310,8.86839,80.74603,13.18,341.9,60.0,2026-08-15T08:28:00Z,N20
FIRMS_9E96C5D6,8.91909,77.88136,1.8,332.02,60.0,2026-08-15T08:28:00Z,N20
FIRMS_F709952C,8.98031,77.76226,2.1,331.28,60.0,2026-08-15T08:28:00Z,N20
FIRMS_51DD6A08,9.18277,78.05066,8.23,337.67,60.0,2026-08-15T08:28:00Z,N20
FIRMS_18322251,9.26736,77.4988,4.02,334.12,60.0,2026-08-15T08:28:00Z,N20
FIRMS_565351AD,11.74272,79.05394,2.19,330.76,60.0,2026-08-15T08:28:00Z,N20
FIRMS_4376ACC6,11.9112,78.91595,7.64,340.3,60.0,2026-08-15T08:28:00Z,N20
FIRMS_4D1EB599,11.91172,78.91966,5.34,334.19,60.0,2026-08-15T08:28:00Z,N20
FIRMS_D1CA2729,11.94186,76.73113,5.3,345.86,60.0,2026-08-15T08:28:00Z,N20
FIRMS_4C55C32E,11.94247,76.73534,5.3,346.45,60.0,2026-08-15T08:28:00Z,N20
FIRMS_9185E886,12.45337,78.93562,2.31,331.98,60.0,2026-08-15T08:28:00Z,N20
FIRMS_AEB994CD,12.45564,77.96281,13.54,332.53,60.0,2026-08-15T08:28:00Z,N20
FIRMS_0BBF35C7,14.04676,79.78108,3.22,332.58,60.0,2026-08-15T08:28:00Z,N20
FIRMS_CFB1BE29,14.66047,79.828,12.56,350.57,60.0,2026-08-15T08:28:00Z,N20
FIRMS_2716904A,14.66441,79.82272,3.71,331.71,60.0,2026-08-15T08:28:00Z,N20
FIRMS_20D068DD,15.11341,79.33398,5.63,330.16,60.0,2026-08-15T08:28:00Z,N20
FIRMS_418AE552,15.17682,76.6573,2.04,331.4,60.0,2026-08-15T08:28:00Z,N20
FIRMS_19F273F8,15.17854,76.65572,4.69,333.15,60.0,2026-08-15T08:28:00Z,N20
FIRMS_646B997B,15.36085,78.26549,1.69,332.5,60.0,2026-08-15T08:28:00Z,N20
FIRMS_753181D5,17.76806,79.02612,1.73,331.63,60.0,2026-08-15T08:30:00Z,N20
FIRMS_9D5FDAF9,23.00243,72.25909,5.34,330.84,60.0,2026-08-15T08:33:00Z,N20
FIRMS_412015A1,26.34472,70.91782,3.27,340.29,60.0,2026-08-15T08:33:00Z,N20
FIRMS_81F67DDE,27.39485,70.48853,6.81,342.4,60.0,2026-08-15T08:33:00Z,N20
FIRMS_67B4E492,28.27571,70.31424,6.46,332.16,30.0,2026-08-15T08:33:00Z,N20
FIRMS_7EE09E42,28.47147,70.49218,3.43,331.38,30.0,2026-08-15T08:33:00Z,N20
FIRMS_5247AD24,28.56498,70.5283,4.32,330.31,30.0,2026-08-15T08:33:00Z,N20
FIRMS_7E458C4B,28.77058,70.91833,5.51,331.72,30.0,2026-08-15T08:33:00Z,N20
FIRMS_09116B01,28.83431,70.42163,4.44,330.55,30.0,2026-08-15T08:33:00Z,N20
FIRMS_413DF716,29.03972,71.56558,6.53,331.33,30.0,2026-08-15T08:33:00Z,N20
FIRMS_68B316E3,29.0403,71.56981,4.3,330.92,30.0,2026-08-15T08:33:00Z,N20
FIRMS_E4F4B28C,29.04371,71.5692,5.79,330.36,30.0,2026-08-15T08:33:00Z,N20
FIRMS_4809F413,29.08139,71.46009,2.06,330.44,30.0,2026-08-15T08:33:00Z,N20
FIRMS_A2B3821E,29.08196,71.46429,2.06,330.78,30.0,2026-08-15T08:33:00Z,N20
FIRMS_5294910E,29.08309,71.44687,7.03,330.86,30.0,2026-08-15T08:33:00Z,N20
FIRMS_9BB4C27A,29.08366,71.45107,3.69,331.0,30.0,2026-08-15T08:33:00Z,N20
FIRMS_F1DC8F3C,29.08423,71.45528,3.69,330.07,30.0,2026-08-15T08:33:00Z,N20
FIRMS_A551EDB1,29.0848,71.45949,2.06,330.57,30.0,2026-08-15T08:33:00Z,N20
FIRMS_7317B33B,29.08537,71.4637,2.06,331.01,30.0,2026-08-15T08:33:00Z,N20
FIRMS_45518AE4,29.08706,71.45047,4.68,330.34,30.0,2026-08-15T08:33:00Z,N20
FIRMS_50DB1F40,29.13509,71.83463,8.98,331.93,30.0,2026-08-15T08:33:00Z,N20
FIRMS_B1DA93AB,29.14141,71.82912,5.78,330.93,30.0,2026-08-15T08:33:00Z,N20
FIRMS_7370EA83,29.14429,71.8242,4.48,331.38,30.0,2026-08-15T08:33:00Z,N20
FIRMS_9BEDE20D,29.14487,71.82853,4.48,331.14,30.0,2026-08-15T08:33:00Z,N20
FIRMS_052C46F2,29.2561,71.53819,6.17,330.34,30.0,2026-08-15T08:33:00Z,N20
FIRMS_5FF71B29,29.29913,71.26427,4.0,330.58,30.0,2026-08-15T08:33:00Z,N20
FIRMS_DC021ECB,29.42856,71.52284,1.45,331.55,60.0,2026-08-15T08:35:00Z,N20
FIRMS_8F5D4C6B,29.58576,71.11166,1.41,331.78,60.0,2026-08-15T08:35:00Z,N20
FIRMS_A7CF4040,29.85895,72.6657,2.65,333.28,60.0,2026-08-15T08:35:00Z,N20
FIRMS_CBA95C0B,29.86315,72.66987,6.0,337.09,60.0,2026-08-15T08:35:00Z,N20
FIRMS_08F75E9B,29.92889,72.00769,1.02,334.09,60.0,2026-08-15T08:35:00Z,N20
FIRMS_48FF2A0F,29.97177,72.7029,2.11,332.26,60.0,2026-08-15T08:35:00Z,N20
FIRMS_6F27AD60,30.01356,72.55724,2.05,331.67,60.0,2026-08-15T08:35:00Z,N20
FIRMS_830FF789,30.02757,71.40413,4.54,335.79,60.0,2026-08-15T08:35:00Z,N20
FIRMS_4DC0B1DE,30.02816,71.40842,4.54,336.42,60.0,2026-08-15T08:35:00Z,N20
FIRMS_DB479CA7,30.07284,71.45802,2.71,335.01,60.0,2026-08-15T08:35:00Z,N20
FIRMS_1AF512A5,30.15422,72.46871,2.75,336.19,60.0,2026-08-15T08:35:00Z,N20
FIRMS_351219D7,30.26725,72.50864,3.7,338.9,60.0,2026-08-15T08:35:00Z,N20
FIRMS_B67714C3,30.30645,71.48116,2.45,333.29,60.0,2026-08-15T08:35:00Z,N20
FIRMS_BE8AC62C,30.5754,72.1343,3.67,334.98,60.0,2026-08-15T08:35:00Z,N20
FIRMS_21951E75,30.61365,72.03827,2.19,331.66,60.0,2026-08-15T08:35:00Z,N20
FIRMS_DCC2E2F3,30.64316,72.09916,4.78,338.42,60.0,2026-08-15T08:35:00Z,N20
FIRMS_E6A38B2E,30.88916,73.20197,8.59,330.43,30.0,2026-08-15T08:35:00Z,N20
FIRMS_AB9C02FD,30.98593,72.07394,5.95,330.94,30.0,2026-08-15T08:35:00Z,N20
FIRMS_BDE3829B,22.35553,96.70314,0.98,308.55,60.0,2026-08-15T19:17:00Z,N20
FIRMS_FE619F22,22.3657,87.30025,0.85,297.48,60.0,2026-08-15T19:17:00Z,N20
FIRMS_CD7C7D2F,22.78325,86.20175,0.97,300.43,60.0,2026-08-15T19:17:00Z,N20
FIRMS_B3D017A3,23.55642,87.2413,1.94,299.46,60.0,2026-08-15T19:17:00Z,N20
FIRMS_11FE59D7,23.56076,87.08296,0.9,305.22,60.0,2026-08-15T19:17:00Z,N20
FIRMS_038AFF8C,23.56204,87.23838,1.94,337.89,60.0,2026-08-15T19:17:00Z,N20
FIRMS_E93C7893,23.64725,85.43779,2.18,306.85,60.0,2026-08-15T19:17:00Z,N20
FIRMS_781487E7,23.64892,85.44108,0.9,298.01,60.0,2026-08-15T19:17:00Z,N20
FIRMS_83B79897,23.64931,85.43652,0.9,303.76,60.0,2026-08-15T19:17:00Z,N20
FIRMS_49493C52,23.66566,87.15396,1.18,306.25,60.0,2026-08-15T19:17:00Z,N20
FIRMS_87E63B0E,23.69037,87.12052,0.29,301.6,60.0,2026-08-15T19:17:00Z,N20
FIRMS_9CC66DAE,23.69243,87.099,0.41,296.99,60.0,2026-08-15T19:17:00Z,N20
FIRMS_2C8D005F,23.69569,87.12117,0.4,299.62,60.0,2026-08-15T19:17:00Z,N20
FIRMS_09B2AEFA,6.82554,81.16717,1.81,313.3,60.0,2026-08-15T19:21:00Z,N20
FIRMS_6193B6D2,6.83179,81.1686,1.81,305.79,60.0,2026-08-15T19:21:00Z,N20
FIRMS_4E750B30,7.15679,81.62844,0.93,299.78,60.0,2026-08-15T19:21:00Z,N20
FIRMS_603533C0,7.16104,81.13559,1.1,297.34,60.0,2026-08-15T19:21:00Z,N20
FIRMS_FFE1DE06,32.28977,70.73866,1.93,308.15,60.0,2026-08-15T20:55:00Z,N20
FIRMS_10370872,32.29453,70.7299,2.05,306.87,60.0,2026-08-15T20:55:00Z,N20
FIRMS_792E5D73,32.57617,72.5673,2.2,310.84,60.0,2026-08-15T20:55:00Z,N20
FIRMS_B81BDFE2,32.8901,71.61751,3.46,317.53,60.0,2026-08-15T20:55:00Z,N20
FIRMS_438CB4C2,33.24822,71.29259,1.56,323.22,60.0,2026-08-15T20:55:00Z,N20
FIRMS_65DFD50A,33.27175,71.58946,0.71,311.91,60.0,2026-08-15T20:55:00Z,N20
FIRMS_5C4C98BE,33.29826,71.18436,2.75,306.17,60.0,2026-08-15T20:55:00Z,N20
FIRMS_F05DEEE9,35.96515,68.68684,1.28,308.78,60.0,2026-08-15T20:55:00Z,N20
FIRMS_D13A183A,25.38752,68.58398,2.01,314.99,60.0,2026-08-15T20:57:00Z,N20
FIRMS_1B342506,25.94181,72.19147,1.97,316.16,60.0,2026-08-15T20:57:00Z,N20
FIRMS_5997BD17,26.09413,68.88017,0.36,300.07,60.0,2026-08-15T20:57:00Z,N20
FIRMS_C1A3D840,26.09564,68.87769,0.46,299.55,60.0,2026-08-15T20:57:00Z,N20
FIRMS_F7828CB3,26.60431,73.68452,0.92,306.06,60.0,2026-08-15T20:57:00Z,N20
FIRMS_BDF701E8,26.8749,73.51551,0.8,304.76,60.0,2026-08-15T20:57:00Z,N20
FIRMS_0273808D,26.87821,73.5162,1.08,304.01,60.0,2026-08-15T20:57:00Z,N20
FIRMS_515AF9E1,28.42524,69.70235,1.26,316.17,60.0,2026-08-15T20:57:00Z,N20
FIRMS_A363BC0A,29.4775,76.85964,2.17,305.44,60.0,2026-08-15T20:57:00Z,N20
FIRMS_06067611,18.68538,73.04238,2.03,314.54,60.0,2026-08-15T20:59:00Z,N20
FIRMS_73456B1F,21.10713,72.64651,2.64,317.55,60.0,2026-08-15T20:59:00Z,N20
FIRMS_518F820E,23.69072,68.83242,0.99,302.62,60.0,2026-08-15T20:59:00Z,N20
FIRMS_4C349877,9.99408,77.39984,0.58,303.54,60.0,2026-08-15T21:01:00Z,N20
FIRMS_00E3CC07,11.21631,77.89581,0.42,297.11,60.0,2026-08-15T21:01:00Z,N20
FIRMS_65660826,11.83588,78.92783,1.25,302.58,60.0,2026-08-15T21:01:00Z,N20
FIRMS_83416868,11.83828,78.92923,1.43,300.05,60.0,2026-08-15T21:01:00Z,N20
FIRMS_82227E73,13.16184,80.28695,1.69,302.34,60.0,2026-08-15T21:01:00Z,N20
FIRMS_0E3382BC,14.72852,79.64909,3.81,295.51,60.0,2026-08-15T21:01:00Z,N20
FIRMS_129CD755,14.7293,79.64517,3.81,295.15,60.0,2026-08-15T21:01:00Z,N20
FIRMS_375021AC,6.35294,81.30576,3.77,343.4,60.0,2026-08-16T08:07:00Z,N20
FIRMS_64631529,6.35633,81.30524,3.77,330.81,60.0,2026-08-16T08:07:00Z,N20
FIRMS_AF080101,6.35895,81.15172,5.42,337.56,60.0,2026-08-16T08:07:00Z,N20
FIRMS_F4A24026,6.36178,81.14758,38.46,335.17,60.0,2026-08-16T08:07:00Z,N20
FIRMS_1738FB44,6.36232,81.15121,38.46,338.77,60.0,2026-08-16T08:07:00Z,N20
FIRMS_6F8BD86F,6.37558,81.10121,16.47,343.48,60.0,2026-08-16T08:07:00Z,N20
FIRMS_DC1A99FE,6.40594,81.09667,2.95,336.4,60.0,2026-08-16T08:07:00Z,N20
FIRMS_D19467FA,6.41868,81.02109,8.85,339.66,60.0,2026-08-16T08:07:00Z,N20
FIRMS_2E24CEA2,6.45192,81.07082,2.81,332.53,60.0,2026-08-16T08:07:00Z,N20
FIRMS_756DF18E,6.46652,81.26956,2.24,328.96,60.0,2026-08-16T08:07:00Z,N20
FIRMS_DA927378,6.47806,81.10754,2.59,330.09,60.0,2026-08-16T08:07:00Z,N20
FIRMS_A36FC007,6.51001,81.02157,3.03,338.75,60.0,2026-08-16T08:07:00Z,N20
FIRMS_070F7EFA,6.51616,81.13152,3.09,336.6,60.0,2026-08-16T08:07:00Z,N20
FIRMS_EACC1913,6.5733,80.97152,4.68,339.5,60.0,2026-08-16T08:07:00Z,N20
FIRMS_88CEC8C1,6.59739,80.9716,4.07,334.09,60.0,2026-08-16T08:07:00Z,N20
FIRMS_A491B214,6.6025,80.95981,3.39,334.48,60.0,2026-08-16T08:07:00Z,N20
FIRMS_76814F0F,6.60304,80.96339,3.48,331.73,60.0,2026-08-16T08:07:00Z,N20
FIRMS_C569164C,6.60437,80.9265,4.43,327.81,60.0,2026-08-16T08:07:00Z,N20
FIRMS_CBA3A358,6.68946,80.74831,1.94,327.46,60.0,2026-08-16T08:07:00Z,N20
FIRMS_AE787CF5,6.71747,81.32863,3.5,329.46,60.0,2026-08-16T08:07:00Z,N20
FIRMS_65633A32,6.96051,81.57751,1.56,330.42,60.0,2026-08-16T08:07:00Z,N20
FIRMS_6A4B7EAF,7.14938,81.78767,4.49,336.7,60.0,2026-08-16T08:07:00Z,N20
FIRMS_7A125A7B,7.19629,81.79259,3.0,335.57,60.0,2026-08-16T08:07:00Z,N20
FIRMS_6EF00E90,7.20601,81.25079,3.08,333.06,60.0,2026-08-16T08:07:00Z,N20
FIRMS_8A40BEF1,7.25729,81.71275,6.27,342.8,60.0,2026-08-16T08:07:00Z,N20
FIRMS_688A083D,7.3084,80.94627,3.79,331.56,60.0,2026-08-16T08:07:00Z,N20
FIRMS_BCED729C,7.45381,81.33953,1.97,334.86,60.0,2026-08-16T08:07:00Z,N20
FIRMS_D89DB6B0,7.45807,81.2963,3.69,338.89,60.0,2026-08-16T08:07:00Z,N20
FIRMS_5B823BB4,7.59472,80.97063,5.2,343.53,60.0,2026-08-16T08:07:00Z,N20
FIRMS_A057ADE9,7.6858,81.25105,10.16,342.39,60.0,2026-08-16T08:07:00Z,N20
FIRMS_2574E713,7.73663,81.50154,6.53,336.85,60.0,2026-08-16T08:07:00Z,N20
FIRMS_68214157,7.73932,81.25841,2.82,337.15,60.0,2026-08-16T08:07:00Z,N20
FIRMS_79BA5D28,7.74354,81.50052,3.8,330.91,60.0,2026-08-16T08:07:00Z,N20
FIRMS_535B1049,7.77236,81.48072,6.19,336.18,60.0,2026-08-16T08:07:00Z,N20
FIRMS_6AAC91E6,7.80876,81.37451,4.06,348.62,60.0,2026-08-16T08:07:00Z,N20
FIRMS_8DE2BB49,7.8122,81.37401,4.7,345.04,60.0,2026-08-16T08:07:00Z,N20
FIRMS_E16CAA8B,7.85938,81.47944,13.12,356.12,60.0,2026-08-16T08:07:00Z,N20
FIRMS_D1BE83E4,7.87778,81.48451,4.09,344.39,60.0,2026-08-16T08:07:00Z,N20
FIRMS_DC75E831,7.87834,81.48833,6.89,337.96,60.0,2026-08-16T08:07:00Z,N20
FIRMS_CAD73FF7,7.87947,81.49595,3.29,336.79,60.0,2026-08-16T08:07:00Z,N20
FIRMS_E05F6575,7.88123,81.484,4.09,330.01,60.0,2026-08-16T08:07:00Z,N20
FIRMS_3C1B8CB2,7.89855,81.4581,3.95,335.03,60.0,2026-08-16T08:07:00Z,N20
FIRMS_018557D1,7.89912,81.46191,5.73,349.73,60.0,2026-08-16T08:07:00Z,N20
FIRMS_74FE7ECA,8.11808,80.88725,2.81,333.48,60.0,2026-08-16T08:07:00Z,N20
FIRMS_1CB9927D,8.14816,80.75539,3.42,332.1,60.0,2026-08-16T08:07:00Z,N20
FIRMS_D3B42906,8.17561,81.08613,2.62,335.26,60.0,2026-08-16T08:07:00Z,N20
FIRMS_0599A1E5,8.18244,81.08513,2.85,330.55,60.0,2026-08-16T08:07:00Z,N20
FIRMS_AE28BE83,8.18265,81.08478,5.35,341.78,60.0,2026-08-16T08:07:00Z,N20
FIRMS_8CA8FD44,8.22515,79.94984,1.85,330.31,60.0,2026-08-16T08:07:00Z,N20
FIRMS_CACDDA1F,8.52254,80.75809,1.66,332.03,60.0,2026-08-16T08:07:00Z,N20
FIRMS_F59AE2A0,8.52756,80.76857,5.44,341.2,60.0,2026-08-16T08:07:00Z,N20
FIRMS_64A7C9D6,8.53346,80.71535,3.91,332.51,60.0,2026-08-16T08:07:00Z,N20
FIRMS_0503DDA0,8.55425,80.8547,3.99,337.8,60.0,2026-08-16T08:07:00Z,N20
FIRMS_E0E7301F,8.55764,80.85419,3.54,340.17,60.0,2026-08-16T08:07:00Z,N20
FIRMS_2047F570,8.56247,80.27595,11.04,346.21,60.0,2026-08-16T08:07:00Z,N20
FIRMS_C672D2EF,8.56378,80.33045,4.6,333.27,60.0,2026-08-16T08:07:00Z,N20
FIRMS_F6350CCB,8.56767,80.33351,3.39,332.0,60.0,2026-08-16T08:07:00Z,N20
FIRMS_5A4C7B6F,8.57004,80.86742,6.33,342.69,60.0,2026-08-16T08:07:00Z,N20
FIRMS_DC00E5B0,8.584,80.91434,1.83,330.75,60.0,2026-08-16T08:07:00Z,N20
FIRMS_7B2E7C8B,8.59258,80.54645,3.4,332.71,60.0,2026-08-16T08:07:00Z,N20
FIRMS_4D2AC2AE,8.59312,80.55006,3.4,332.73,60.0,2026-08-16T08:07:00Z,N20
FIRMS_7CAC6D5A,8.65509,80.73414,1.66,331.73,60.0,2026-08-16T08:07:00Z,N20
FIRMS_820726D6,8.68915,80.72153,6.14,336.74,60.0,2026-08-16T08:07:00Z,N20
FIRMS_C6F0384A,8.71686,80.98167,4.4,337.84,60.0,2026-08-16T08:07:00Z,N20
FIRMS_D824F1DB,8.73897,80.25587,7.78,340.83,60.0,2026-08-16T08:07:00Z,N20
FIRMS_4BB0A2CD,8.8109,80.53169,6.45,346.08,60.0,2026-08-16T08:07:00Z,N20
FIRMS_9043F694,8.83913,80.60542,3.76,332.0,60.0,2026-08-16T08:07:00Z,N20
FIRMS_EB9C6F94,8.86392,80.50515,5.45,340.28,60.0,2026-08-16T08:07:00Z,N20
FIRMS_2AB5E738,8.90784,80.47636,2.62,333.84,60.0,2026-08-16T08:07:00Z,N20
FIRMS_7F7D356F,8.90838,80.47997,2.62,332.75,60.0,2026-08-16T08:07:00Z,N20
FIRMS_A0DB609D,8.91175,80.47946,2.62,330.81,60.0,2026-08-16T08:07:00Z,N20
FIRMS_94FCC9F3,9.08676,77.46812,1.83,336.03,30.0,2026-08-16T08:07:00Z,N20
FIRMS_9D6B925E,9.09638,80.28468,4.43,332.31,60.0,2026-08-16T08:07:00Z,N20
FIRMS_64F17EDF,9.09691,80.28828,4.43,334.44,60.0,2026-08-16T08:07:00Z,N20
FIRMS_407403FC,9.45398,80.4773,3.75,342.76,60.0,2026-08-16T08:07:00Z,N20
FIRMS_F1205D9E,9.45736,80.4768,3.21,338.54,60.0,2026-08-16T08:07:00Z,N20
FIRMS_2D842EBE,9.46074,80.4763,3.21,341.12,60.0,2026-08-16T08:07:00Z,N20
FIRMS_F77D8BFA,9.65297,80.30935,4.87,339.6,60.0,2026-08-16T08:07:00Z,N20
FIRMS_3E23E5BD,9.76485,77.82865,10.08,346.29,60.0,2026-08-16T08:07:00Z,N20
FIRMS_594DE070,10.41348,78.82151,2.78,340.48,60.0,2026-08-16T08:07:00Z,N20
FIRMS_ECD47590,10.4347,77.16103,21.89,347.16,60.0,2026-08-16T08:07:00Z,N20
FIRMS_FA907066,10.50269,79.36618,3.9,330.64,60.0,2026-08-16T08:07:00Z,N20
FIRMS_69C7F26E,10.50322,79.3697,3.9,338.78,60.0,2026-08-16T08:07:00Z,N20
FIRMS_86F1C742,10.57658,79.36148,1.54,330.5,30.0,2026-08-16T08:07:00Z,N20
FIRMS_452DF2D2,10.74422,79.59622,2.48,335.18,60.0,2026-08-16T08:07:00Z,N20
FIRMS_5B29D327,10.95592,78.34754,1.51,336.49,60.0,2026-08-16T08:07:00Z,N20
FIRMS_C254F715,11.03142,76.76571,3.21,330.82,60.0,2026-08-16T08:07:00Z,N20
FIRMS_D23379A9,11.1945,79.81895,5.9,346.37,60.0,2026-08-16T08:07:00Z,N20
FIRMS_DAD7B067,11.24804,78.79435,3.28,338.86,60.0,2026-08-16T08:07:00Z,N20
FIRMS_A0052845,11.40161,79.70566,2.48,335.52,60.0,2026-08-16T08:07:00Z,N20
FIRMS_59CFD165,11.45258,79.22929,2.22,332.83,30.0,2026-08-16T08:07:00Z,N20
FIRMS_011648F5,11.46894,79.36105,3.28,337.89,60.0,2026-08-16T08:07:00Z,N20
FIRMS_7D340E6C,11.74016,79.31474,3.33,336.37,60.0,2026-08-16T08:09:00Z,N20
FIRMS_B7C2662B,11.76464,79.29637,4.33,339.61,60.0,2026-08-16T08:09:00Z,N20
FIRMS_C6484D41,11.94815,79.04884,1.2,331.42,30.0,2026-08-16T08:09:00Z,N20
FIRMS_7A68A238,12.03966,79.50204,1.93,333.34,30.0,2026-08-16T08:09:00Z,N20
FIRMS_2135A9EC,12.06248,79.60943,2.52,333.28,30.0,2026-08-16T08:09:00Z,N20
FIRMS_89819060,12.21702,79.85063,7.94,330.12,30.0,2026-08-16T08:09:00Z,N20
FIRMS_D7C789EE,12.21756,79.85431,4.79,331.85,60.0,2026-08-16T08:09:00Z,N20
FIRMS_A6B069C2,12.23862,79.08592,6.83,342.84,60.0,2026-08-16T08:09:00Z,N20
FIRMS_4D28AA74,12.39126,80.05555,3.27,336.82,60.0,2026-08-16T08:09:00Z,N20
FIRMS_EB271C45,12.55336,80.08884,3.09,337.4,60.0,2026-08-16T08:09:00Z,N20
FIRMS_336CA844,12.61728,80.07069,3.68,335.41,60.0,2026-08-16T08:09:00Z,N20
FIRMS_C5320196,13.70646,78.71186,3.36,336.81,60.0,2026-08-16T08:09:00Z,N20
FIRMS_66AD2044,14.64559,79.26608,5.44,337.61,60.0,2026-08-16T08:09:00Z,N20
FIRMS_8F765406,14.66595,79.14565,3.04,334.9,60.0,2026-08-16T08:09:00Z,N20
FIRMS_32016482,14.94035,79.35041,3.9,340.04,60.0,2026-08-16T08:09:00Z,N20
FIRMS_47F37BDA,15.07026,79.59407,1.91,334.89,60.0,2026-08-16T08:09:00Z,N20
FIRMS_65B264C9,17.15829,78.70078,3.02,330.48,60.0,2026-08-16T08:09:00Z,N20
FIRMS_EF348D48,22.37585,87.28014,4.03,326.83,60.0,2026-08-16T08:11:00Z,N20
FIRMS_A4AAAF8F,23.761,86.40435,7.07,327.5,60.0,2026-08-16T08:11:00Z,N20
FIRMS_224231D2,27.1974,68.4752,1.9,338.72,60.0,2026-08-16T08:13:00Z,N20
FIRMS_8E414C13,30.57894,74.01856,3.97,330.29,30.0,2026-08-16T08:13:00Z,N20
FIRMS_0E2EA935,30.65448,74.15956,2.37,335.32,60.0,2026-08-16T08:13:00Z,N20
FIRMS_E777D3B9,30.65545,74.09787,4.28,330.5,30.0,2026-08-16T08:13:00Z,N20
FIRMS_4657D898,30.67159,74.11517,5.65,330.4,30.0,2026-08-16T08:13:00Z,N20
FIRMS_FCC3DD46,30.80121,75.47137,2.36,334.22,60.0,2026-08-16T08:13:00Z,N20
FIRMS_D3345E7F,30.94833,74.42435,5.73,331.52,30.0,2026-08-16T08:13:00Z,N20
FIRMS_E3B1B813,30.96061,74.43853,3.63,330.21,30.0,2026-08-16T08:13:00Z,N20
FIRMS_355E5465,30.96451,74.44192,3.63,332.26,30.0,2026-08-16T08:13:00Z,N20
FIRMS_0A7E423A,30.99395,74.52837,4.18,330.83,30.0,2026-08-16T08:13:00Z,N20
FIRMS_89FD5A16,31.13501,74.91634,4.99,330.24,30.0,2026-08-16T08:13:00Z,N20
FIRMS_111D83CF,31.13776,74.91158,6.56,331.68,30.0,2026-08-16T08:13:00Z,N20
FIRMS_DAF0537E,31.14149,74.88973,5.03,330.12,30.0,2026-08-16T08:13:00Z,N20
FIRMS_F3060C0C,31.14698,74.88023,6.1,330.78,30.0,2026-08-16T08:13:00Z,N20
FIRMS_7D686EA4,31.14972,74.87548,5.25,331.94,30.0,2026-08-16T08:13:00Z,N20
FIRMS_64E86A2A,31.16676,72.50164,3.91,343.24,60.0,2026-08-16T08:13:00Z,N20
FIRMS_7F255E64,31.21954,73.84684,6.12,330.26,30.0,2026-08-16T08:13:00Z,N20
FIRMS_FD1E2A46,31.38743,72.49609,6.22,333.53,60.0,2026-08-16T08:13:00Z,N20
FIRMS_A885A7ED,31.68795,75.85299,2.13,338.05,60.0,2026-08-16T08:13:00Z,N20
FIRMS_9BCACE05,33.26762,71.30869,2.12,333.23,60.0,2026-08-16T08:16:00Z,N20
FIRMS_037B0FB5,27.37898,95.33293,2.55,305.35,60.0,2026-08-16T18:58:00Z,N20
FIRMS_7FC328C6,27.60829,95.40208,0.97,304.73,60.0,2026-08-16T18:58:00Z,N20
FIRMS_32474050,28.74395,76.92806,0.94,306.2,60.0,2026-08-16T20:38:00Z,N20
FIRMS_7012E024,29.47517,76.85713,1.79,306.58,60.0,2026-08-16T20:38:00Z,N20
FIRMS_53949661,29.97257,77.51968,0.41,296.97,60.0,2026-08-16T20:38:00Z,N20
FIRMS_801FDBC7,30.31769,74.11001,1.35,307.79,60.0,2026-08-16T20:38:00Z,N20
FIRMS_040EC8C8,32.08661,74.16381,4.71,311.09,60.0,2026-08-16T20:38:00Z,N20
FIRMS_EB37D216,32.08793,74.16605,2.06,307.12,60.0,2026-08-16T20:38:00Z,N20
FIRMS_C25C87A2,32.08856,74.1608,2.06,308.09,60.0,2026-08-16T20:38:00Z,N20
FIRMS_85D659F4,33.29591,71.18376,3.05,308.43,60.0,2026-08-16T20:38:00Z,N20
FIRMS_258A7BD8,35.96904,68.68302,1.35,306.05,60.0,2026-08-16T20:38:00Z,N20
FIRMS_1695C2DA,21.10499,72.63452,1.95,303.79,60.0,2026-08-16T20:40:00Z,N20
FIRMS_CFFF4EE0,21.10674,72.64793,0.92,297.73,60.0,2026-08-16T20:40:00Z,N20
FIRMS_BE5471E3,21.10734,72.64365,0.92,297.15,60.0,2026-08-16T20:40:00Z,N20
FIRMS_521FC90B,22.799,86.09106,1.56,304.14,60.0,2026-08-16T20:40:00Z,N20
FIRMS_A9CA2A27,23.75692,85.85303,0.9,298.55,60.0,2026-08-16T20:40:00Z,N20
FIRMS_FC2F4781,23.78708,85.55046,0.22,295.8,60.0,2026-08-16T20:40:00Z,N20
FIRMS_7A4D47E2,26.60652,73.68246,0.59,302.52,60.0,2026-08-16T20:40:00Z,N20
FIRMS_E07F9710,26.87851,73.51432,1.78,306.08,60.0,2026-08-16T20:40:00Z,N20
FIRMS_5DAECC5D,27.02486,77.7508,0.45,304.76,60.0,2026-08-16T20:40:00Z,N20
FIRMS_5911A7C6,27.79236,75.33102,0.82,306.99,60.0,2026-08-16T20:40:00Z,N20
FIRMS_83A79EA8,15.17104,76.3823,1.18,299.58,60.0,2026-08-16T20:42:00Z,N20
FIRMS_6CDBAF93,15.17454,76.65605,0.73,297.47,60.0,2026-08-16T20:42:00Z,N20
FIRMS_8F420E10,15.17549,76.69284,0.72,296.27,60.0,2026-08-16T20:42:00Z,N20
FIRMS_145A4012,15.17799,76.65668,1.34,304.93,60.0,2026-08-16T20:42:00Z,N20
FIRMS_CD5EA1B7,15.17814,76.67706,1.03,295.31,60.0,2026-08-16T20:42:00Z,N20
FIRMS_C09A018D,15.1788,76.67311,2.02,316.93,60.0,2026-08-16T20:42:00Z,N20
FIRMS_3297C34C,15.17896,77.10384,1.36,300.58,60.0,2026-08-16T20:42:00Z,N20
FIRMS_271B20AD,15.18013,76.66521,0.92,296.99,60.0,2026-08-16T20:42:00Z,N20
FIRMS_FA98BE57,15.18358,76.66583,1.02,309.47,60.0,2026-08-16T20:42:00Z,N20
FIRMS_F0AA0AD6,15.22637,76.76265,0.71,304.85,60.0,2026-08-16T20:42:00Z,N20
FIRMS_911951A0,15.3352,76.28461,0.74,305.17,60.0,2026-08-16T20:42:00Z,N20
FIRMS_26892FCE,15.659,73.98969,1.03,314.56,60.0,2026-08-16T20:42:00Z,N20
FIRMS_8DCBE68D,16.14073,78.94716,0.97,301.78,60.0,2026-08-16T20:42:00Z,N20
FIRMS_C51FFB08,16.6478,74.31516,1.71,317.34,60.0,2026-08-16T20:42:00Z,N20
FIRMS_E5F20D02,17.37053,77.44719,0.79,301.84,60.0,2026-08-16T20:42:00Z,N20
FIRMS_56ACB578,19.37248,71.35287,1.7,309.28,60.0,2026-08-16T20:42:00Z,N20
FIRMS_44DC8BAE,6.6843,81.03912,0.39,303.28,60.0,2026-08-16T20:44:00Z,N20
FIRMS_61588DF4,6.74178,81.02348,1.39,307.96,60.0,2026-08-16T20:44:00Z,N20
FIRMS_82FCDF9B,6.79819,81.49456,0.78,308.77,60.0,2026-08-16T20:44:00Z,N20
FIRMS_D5666D2E,6.8035,81.49557,0.78,307.67,60.0,2026-08-16T20:44:00Z,N20
FIRMS_DB054E26,7.35763,81.23615,0.81,303.83,60.0,2026-08-16T20:44:00Z,N20
FIRMS_7D49F175,7.36286,81.23676,1.22,311.82,60.0,2026-08-16T20:44:00Z,N20
FIRMS_C5EB3F84,7.38733,80.92654,0.85,302.67,60.0,2026-08-16T20:44:00Z,N20
FIRMS_95A48C7B,7.38804,80.92267,0.63,305.45,60.0,2026-08-16T20:44:00Z,N20
FIRMS_16D9D25D,7.52771,81.06921,1.45,313.09,60.0,2026-08-16T20:44:00Z,N20
FIRMS_38B33E4C,7.78367,80.49231,1.12,304.87,60.0,2026-08-16T20:44:00Z,N20
FIRMS_87D503A7,8.02839,81.26276,0.5,304.72,60.0,2026-08-16T20:44:00Z,N20
FIRMS_FE9139B0,9.55416,80.39754,2.38,315.71,60.0,2026-08-16T20:44:00Z,N20
FIRMS_11F1048B,10.92371,77.04568,1.28,305.87,60.0,2026-08-16T20:44:00Z,N20
FIRMS_815C51ED,11.10944,77.769,1.21,299.08,60.0,2026-08-16T20:44:00Z,N20
FIRMS_2828228E,12.14472,77.20074,0.38,302.06,60.0,2026-08-16T20:44:00Z,N20
FIRMS_50EB4A98,35.9674,68.68475,0.82,301.54,60.0,2026-08-16T22:18:00Z,N20
FIRMS_8B84EC08,7.07515,81.81499,5.29,331.86,30.0,2026-08-17T07:48:00Z,N20
FIRMS_B90FCD5A,7.10568,81.78248,8.72,344.14,30.0,2026-08-17T07:48:00Z,N20
FIRMS_6CE44A2F,7.13182,81.32586,7.16,333.92,60.0,2026-08-17T07:50:00Z,N20
FIRMS_68C134FC,7.15827,81.24368,4.47,333.56,60.0,2026-08-17T07:50:00Z,N20
FIRMS_077E6F66,7.20013,81.78346,4.88,333.52,30.0,2026-08-17T07:50:00Z,N20
FIRMS_725E64C7,7.20874,81.77023,3.04,333.14,30.0,2026-08-17T07:50:00Z,N20
FIRMS_E953F948,7.21296,81.79723,6.11,337.62,30.0,2026-08-17T07:50:00Z,N20
FIRMS_5D5DDCE6,7.35718,81.2418,7.32,350.59,60.0,2026-08-17T07:50:00Z,N20
FIRMS_32B1736B,7.3574,81.10756,10.9,347.19,30.0,2026-08-17T07:50:00Z,N20
FIRMS_BF1ED8BC,7.35765,81.24153,9.76,355.92,60.0,2026-08-17T07:50:00Z,N20
FIRMS_77C14DC2,7.36076,81.24135,3.51,342.78,60.0,2026-08-17T07:50:00Z,N20
FIRMS_05DD6F02,7.39328,80.91757,10.46,335.81,30.0,2026-08-17T07:50:00Z,N20
FIRMS_B47368D3,7.4022,80.90388,8.86,347.55,60.0,2026-08-17T07:50:00Z,N20
FIRMS_17357A4B,7.40284,80.9079,14.55,350.01,60.0,2026-08-17T07:50:00Z,N20
FIRMS_6BBF7F94,7.40346,80.9118,14.55,356.44,30.0,2026-08-17T07:50:00Z,N20
FIRMS_18B5749C,7.42758,81.13418,8.5,342.9,60.0,2026-08-17T07:50:00Z,N20
FIRMS_9A3BD4B5,7.4683,81.70966,11.57,333.68,30.0,2026-08-17T07:50:00Z,N20
FIRMS_3099A9B9,7.47116,81.70524,9.01,338.34,60.0,2026-08-17T07:50:00Z,N20
FIRMS_D97DF15A,7.50245,81.70025,5.13,330.25,30.0,2026-08-17T07:50:00Z,N20
FIRMS_A78E9466,7.52481,81.66099,6.43,331.26,30.0,2026-08-17T07:50:00Z,N20
FIRMS_916C84E5,7.52573,81.06846,34.39,337.4,30.0,2026-08-17T07:50:00Z,N20
FIRMS_B175F960,7.52829,81.66043,6.86,335.21,30.0,2026-08-17T07:50:00Z,N20
FIRMS_0BE1440E,7.5293,81.06789,23.62,347.71,30.0,2026-08-17T07:50:00Z,N20
FIRMS_A1661FDC,7.52996,81.07203,7.1,331.97,30.0,2026-08-17T07:50:00Z,N20
FIRMS_BE189433,7.53353,81.07146,7.1,347.57,60.0,2026-08-17T07:50:00Z,N20
FIRMS_0E5257CA,7.59304,80.9696,7.77,330.02,30.0,2026-08-17T07:50:00Z,N20
FIRMS_38919648,7.68937,81.14426,9.19,345.92,60.0,2026-08-17T07:50:00Z,N20
FIRMS_55D86C9A,7.69721,80.75635,7.15,341.38,60.0,2026-08-17T07:50:00Z,N20
FIRMS_E36F8867,7.79028,80.02679,6.05,331.98,60.0,2026-08-17T07:50:00Z,N20
FIRMS_EDD2FCEB,7.80788,81.38805,8.41,336.62,30.0,2026-08-17T07:50:00Z,N20
FIRMS_F4E38D9C,7.88629,81.46896,6.15,340.71,60.0,2026-08-17T07:50:00Z,N20
FIRMS_79872B68,7.9005,81.49075,11.96,340.49,30.0,2026-08-17T07:50:00Z,N20
FIRMS_FB63FB21,7.91303,81.45663,10.62,353.04,30.0,2026-08-17T07:50:00Z,N20
FIRMS_1750765A,8.00161,81.46611,21.53,340.17,30.0,2026-08-17T07:50:00Z,N20
FIRMS_D9708F33,8.24985,80.64635,4.22,339.47,60.0,2026-08-17T07:50:00Z,N20
FIRMS_0A86EF81,8.25054,80.65059,4.22,331.82,60.0,2026-08-17T07:50:00Z,N20
FIRMS_4427DD40,8.33296,80.32869,6.76,337.65,60.0,2026-08-17T07:50:00Z,N20
FIRMS_E64DD9F4,8.46856,80.49421,4.26,337.88,60.0,2026-08-17T07:50:00Z,N20
FIRMS_39C1A94C,8.56442,80.88216,15.18,341.05,30.0,2026-08-17T07:50:00Z,N20
FIRMS_0C80B9E3,8.77448,77.48844,1.97,333.78,60.0,2026-08-17T07:50:00Z,N20
FIRMS_DB33BB2A,8.83814,80.98487,8.35,342.97,30.0,2026-08-17T07:50:00Z,N20
FIRMS_AC11A84E,9.28788,78.06084,7.84,334.52,60.0,2026-08-17T07:50:00Z,N20
FIRMS_7D36413C,9.4059,78.81127,1.5,333.92,60.0,2026-08-17T07:50:00Z,N20
FIRMS_46D959E6,9.42815,77.81285,3.04,335.1,60.0,2026-08-17T07:50:00Z,N20
FIRMS_94C9E5FB,9.48396,78.08734,9.93,343.99,60.0,2026-08-17T07:50:00Z,N20
FIRMS_8D5EFD57,9.49715,77.61008,1.59,331.37,60.0,2026-08-17T07:50:00Z,N20
FIRMS_7AF0F7E1,9.7597,78.59876,6.23,343.24,60.0,2026-08-17T07:50:00Z,N20
FIRMS_BD88F9A2,9.88949,77.86798,2.61,343.7,60.0,2026-08-17T07:50:00Z,N20
FIRMS_9B794096,10.08603,77.82216,4.04,336.11,60.0,2026-08-17T07:50:00Z,N20
FIRMS_6EF12C57,10.77951,79.40924,5.01,335.92,60.0,2026-08-17T07:50:00Z,N20
FIRMS_C8EBC7F7,15.5401,76.73624,7.74,343.71,60.0,2026-08-17T07:52:00Z,N20
FIRMS_A9A3D1F9,29.50001,71.79128,3.01,333.18,60.0,2026-08-17T07:56:00Z,N20
FIRMS_B1F1F0E2,29.72278,72.10569,2.25,331.01,60.0,2026-08-17T07:56:00Z,N20
FIRMS_9CA796B4,29.85521,72.47169,3.52,332.05,60.0,2026-08-17T07:56:00Z,N20
FIRMS_E022AC19,29.8584,72.46646,8.58,345.35,60.0,2026-08-17T07:56:00Z,N20
FIRMS_5BB4BBE8,29.89199,72.04935,2.88,332.86,60.0,2026-08-17T07:56:00Z,N20
FIRMS_AD41ACAF,29.91514,71.71372,4.93,343.68,60.0,2026-08-17T07:56:00Z,N20
FIRMS_E6622909,29.93481,72.72177,2.83,332.98,60.0,2026-08-17T07:56:00Z,N20
FIRMS_846FFFBA,29.95939,72.65217,4.96,345.43,60.0,2026-08-17T07:56:00Z,N20
FIRMS_1B2BC8C4,29.96052,72.57477,6.31,341.02,60.0,2026-08-17T07:56:00Z,N20
FIRMS_BD530AAB,29.96135,72.57886,6.31,341.38,60.0,2026-08-17T07:56:00Z,N20
FIRMS_BDF5E1E9,30.43663,72.02257,2.88,330.41,60.0,2026-08-17T07:56:00Z,N20
FIRMS_B00655B5,30.61373,72.04368,5.98,342.11,60.0,2026-08-17T07:56:00Z,N20
FIRMS_91C68769,35.53028,73.64719,4.04,343.68,60.0,2026-08-17T07:56:00Z,N20
FIRMS_803D5B4F,32.08725,74.16573,6.7,306.66,60.0,2026-08-17T20:19:00Z,N20
FIRMS_34DFC1FE,32.88729,71.6134,3.4,303.52,60.0,2026-08-17T20:19:00Z,N20
FIRMS_0D474E24,19.92939,79.12095,0.89,304.87,60.0,2026-08-17T20:21:00Z,N20
FIRMS_83BF937E,21.10343,72.64525,2.68,304.25,60.0,2026-08-17T20:21:00Z,N20
FIRMS_B2540272,21.10465,72.63456,7.53,332.47,60.0,2026-08-17T20:21:00Z,N20
FIRMS_7E5FE131,21.10485,72.64671,1.8,312.79,60.0,2026-08-17T20:21:00Z,N20
FIRMS_73FECBF5,21.10542,72.64137,1.8,305.78,60.0,2026-08-17T20:21:00Z,N20
FIRMS_489E9EE8,21.106,72.636,3.09,308.2,60.0,2026-08-17T20:21:00Z,N20
FIRMS_C5B82C0F,21.10814,72.64586,2.68,321.87,60.0,2026-08-17T20:21:00Z,N20
FIRMS_7D56367D,21.10957,72.64733,1.8,310.48,60.0,2026-08-17T20:21:00Z,N20
FIRMS_FA880C4F,10.65612,78.70348,2.76,309.85,60.0,2026-08-17T20:23:00Z,N20
FIRMS_3889DA32,10.91836,78.14628,3.69,325.39,60.0,2026-08-17T20:23:00Z,N20
FIRMS_94305522,10.92198,77.06261,0.57,304.11,60.0,2026-08-17T20:23:00Z,N20
FIRMS_99D2007A,10.93194,77.06419,1.06,307.67,60.0,2026-08-17T20:23:00Z,N20
FIRMS_01487FD8,11.12606,79.288,3.61,312.9,60.0,2026-08-17T20:23:00Z,N20
FIRMS_46A784C7,11.46036,79.0536,2.88,309.79,60.0,2026-08-17T20:23:00Z,N20
FIRMS_3FBD16C2,11.81002,77.92554,1.86,319.98,60.0,2026-08-17T20:23:00Z,N20
FIRMS_3857C2DC,11.81057,77.92205,1.86,307.43,60.0,2026-08-17T20:23:00Z,N20
FIRMS_F16B7243,11.81497,77.91559,1.47,307.82,60.0,2026-08-17T20:23:00Z,N20
FIRMS_632274D9,11.81772,77.91962,1.47,308.04,60.0,2026-08-17T20:23:00Z,N20
FIRMS_84B72F6C,11.81827,77.91612,1.47,316.62,60.0,2026-08-17T20:23:00Z,N20
FIRMS_9006482E,12.74496,77.61843,1.12,307.09,60.0,2026-08-17T20:23:00Z,N20
FIRMS_432BE208,13.22706,80.0965,3.28,314.08,60.0,2026-08-17T20:23:00Z,N20
FIRMS_CD0E4421,13.39219,80.10155,2.93,312.05,60.0,2026-08-17T20:23:00Z,N20
FIRMS_16D27D41,15.024,78.01602,0.94,297.98,60.0,2026-08-17T20:23:00Z,N20
FIRMS_A16666E8,15.17424,76.69157,0.85,301.98,60.0,2026-08-17T20:23:00Z,N20
FIRMS_F3D9E369,15.17603,76.65577,1.07,304.84,60.0,2026-08-17T20:23:00Z,N20
FIRMS_258FE32B,15.17657,76.67589,1.38,305.77,60.0,2026-08-17T20:23:00Z,N20
FIRMS_B1EF6214,17.06293,76.98039,0.61,297.19,60.0,2026-08-17T20:23:00Z,N20
FIRMS_90F7F8A0,8.67144,77.99295,1.66,313.03,60.0,2026-08-17T20:25:00Z,N20
FIRMS_7BF84AEB,9.20862,77.45641,0.61,307.69,60.0,2026-08-17T20:25:00Z,N20
FIRMS_5491A857,10.3618,77.1484,1.87,322.49,60.0,2026-08-17T20:25:00Z,N20
FIRMS_1BB644CE,34.29453,68.30595,2.53,313.9,60.0,2026-08-17T21:57:00Z,N20
FIRMS_36CC55BA,32.29544,70.73125,3.12,304.34,60.0,2026-08-17T21:59:00Z,N20
FIRMS_18885C38,6.30873,81.13293,10.81,341.47,60.0,2026-08-18T07:29:00Z,N20
FIRMS_19F212E9,6.31054,81.13126,9.86,338.24,60.0,2026-08-18T07:29:00Z,N20
FIRMS_E37A91FE,6.31152,81.13679,9.86,332.49,60.0,2026-08-18T07:29:00Z,N20
FIRMS_FE2B18EB,6.41721,81.09442,4.61,332.16,60.0,2026-08-18T07:29:00Z,N20
FIRMS_D18645BE,6.69493,81.3867,25.17,352.98,60.0,2026-08-18T07:29:00Z,N20
FIRMS_0DB57EE8,6.69516,81.38488,13.0,337.49,60.0,2026-08-18T07:29:00Z,N20
FIRMS_F5583F16,6.69603,81.39015,13.0,330.8,60.0,2026-08-18T07:29:00Z,N20
FIRMS_7ABABE14,6.71442,81.35671,4.93,340.67,60.0,2026-08-18T07:29:00Z,N20
FIRMS_63BDD223,6.78797,81.44125,7.15,332.49,60.0,2026-08-18T07:29:00Z,N20
FIRMS_4172A224,6.8154,81.8036,5.2,339.52,60.0,2026-08-18T07:29:00Z,N20
FIRMS_756B213E,6.92661,81.50554,5.77,339.58,60.0,2026-08-18T07:29:00Z,N20
FIRMS_A79356F6,6.94766,81.59348,7.27,345.9,60.0,2026-08-18T07:29:00Z,N20
FIRMS_C0A61532,6.95129,81.59534,10.51,341.39,60.0,2026-08-18T07:29:00Z,N20
FIRMS_660F9B36,7.06365,81.82188,4.26,340.04,60.0,2026-08-18T07:29:00Z,N20
FIRMS_FDC1D91A,7.06447,81.82672,8.37,338.57,60.0,2026-08-18T07:29:00Z,N20
FIRMS_1A084ABD,7.0812,81.79192,8.51,344.36,60.0,2026-08-18T07:29:00Z,N20
FIRMS_02C8ED35,7.08274,81.79372,7.21,343.82,60.0,2026-08-18T07:29:00Z,N20
FIRMS_24F8D72C,7.16951,81.72186,6.41,342.12,60.0,2026-08-18T07:29:00Z,N20
FIRMS_9590FB14,7.25289,81.28288,4.82,330.39,60.0,2026-08-18T07:29:00Z,N20
FIRMS_7F8C3637,7.26098,81.21536,13.03,355.36,60.0,2026-08-18T07:29:00Z,N20
FIRMS_C137E261,7.26576,81.21438,13.03,330.83,60.0,2026-08-18T07:29:00Z,N20
FIRMS_F1611363,7.31976,81.13121,5.85,335.58,60.0,2026-08-18T07:29:00Z,N20
FIRMS_7C13734E,7.33655,81.45724,3.01,332.13,60.0,2026-08-18T07:29:00Z,N20
FIRMS_E79E758B,7.34127,81.45644,28.63,340.24,60.0,2026-08-18T07:29:00Z,N20
FIRMS_71FF5837,7.39094,81.22785,6.67,338.74,60.0,2026-08-18T07:29:00Z,N20
FIRMS_A48807C6,7.41511,81.65081,3.78,330.19,60.0,2026-08-18T07:29:00Z,N20
FIRMS_2629A44F,7.41641,81.74083,3.1,332.3,60.0,2026-08-18T07:29:00Z,N20
FIRMS_D905912C,7.43796,81.27306,3.35,336.91,60.0,2026-08-18T07:29:00Z,N20
FIRMS_E2D99A2A,7.43889,81.27663,6.55,338.93,60.0,2026-08-18T07:29:00Z,N20
FIRMS_3FA57C83,7.48463,81.6941,2.54,336.71,60.0,2026-08-18T07:29:00Z,N20
FIRMS_C099E673,7.49105,81.20856,5.26,330.65,60.0,2026-08-18T07:29:00Z,N20
FIRMS_18C86137,7.50332,81.69873,3.78,334.36,60.0,2026-08-18T07:29:00Z,N20
FIRMS_6EA4AF9A,7.57392,80.91578,6.08,331.82,60.0,2026-08-18T07:29:00Z,N20
FIRMS_0CCB8846,7.57644,80.91396,8.63,330.55,60.0,2026-08-18T07:29:00Z,N20
FIRMS_FCC680B2,7.61521,80.96294,10.43,351.68,60.0,2026-08-18T07:29:00Z,N20
FIRMS_E4FDEBE1,7.73471,81.25294,4.32,338.09,60.0,2026-08-18T07:29:00Z,N20
FIRMS_B4C5DBA7,7.87997,80.36097,3.17,336.06,60.0,2026-08-18T07:29:00Z,N20
FIRMS_FBCA947C,7.88049,80.36395,3.17,334.63,60.0,2026-08-18T07:29:00Z,N20
FIRMS_607F0B34,7.89367,81.47952,7.44,343.08,60.0,2026-08-18T07:29:00Z,N20
FIRMS_0E78E826,7.89519,81.47617,7.02,344.66,60.0,2026-08-18T07:29:00Z,N20
FIRMS_D25559AB,7.90336,81.37007,9.31,342.99,60.0,2026-08-18T07:29:00Z,N20
FIRMS_F3037C1F,7.90753,81.46383,4.62,334.95,60.0,2026-08-18T07:29:00Z,N20
FIRMS_ACC0930A,7.90854,81.48204,4.8,336.48,60.0,2026-08-18T07:29:00Z,N20
FIRMS_8E09D82C,7.91086,81.48363,5.97,335.68,60.0,2026-08-18T07:29:00Z,N20
FIRMS_BA8B1423,7.92046,81.49523,6.19,342.37,60.0,2026-08-18T07:29:00Z,N20
FIRMS_869B613E,7.92375,81.45905,5.84,348.22,60.0,2026-08-18T07:29:00Z,N20
FIRMS_89C0AC17,8.0151,80.36647,2.96,330.55,60.0,2026-08-18T07:29:00Z,N20
FIRMS_98248CEA,8.06998,80.65464,3.6,330.53,60.0,2026-08-18T07:29:00Z,N20
FIRMS_844CBF19,8.07832,80.34744,2.56,330.64,60.0,2026-08-18T07:29:00Z,N20
FIRMS_26A2AABA,8.13509,81.12002,6.72,338.7,60.0,2026-08-18T07:29:00Z,N20
FIRMS_3E263449,8.17402,81.3185,6.44,330.19,60.0,2026-08-18T07:29:00Z,N20
FIRMS_66C086F0,8.20358,80.04185,4.51,332.21,60.0,2026-08-18T07:29:00Z,N20
FIRMS_5F391C43,8.36244,81.0402,4.15,331.61,60.0,2026-08-18T07:29:00Z,N20
FIRMS_DC446273,8.36281,81.04249,3.81,331.11,60.0,2026-08-18T07:29:00Z,N20
FIRMS_4FC62437,8.36378,80.65327,10.57,342.96,60.0,2026-08-18T07:29:00Z,N20
FIRMS_037DF932,8.39651,80.42641,2.29,338.48,60.0,2026-08-18T07:29:00Z,N20
FIRMS_E9001D18,8.43929,80.60994,5.84,337.53,60.0,2026-08-18T07:29:00Z,N20
FIRMS_66E22E0C,8.44687,80.87776,10.56,337.14,60.0,2026-08-18T07:29:00Z,N20
FIRMS_AA19532E,8.44788,80.87907,6.74,341.81,60.0,2026-08-18T07:29:00Z,N20
FIRMS_3669BF2F,8.5272,80.38043,1.24,333.66,60.0,2026-08-18T07:29:00Z,N20
FIRMS_927DF04E,8.56473,80.90381,6.41,334.72,60.0,2026-08-18T07:29:00Z,N20
FIRMS_17592C6F,8.63658,80.44402,9.03,339.92,60.0,2026-08-18T07:29:00Z,N20
FIRMS_36D74012,8.64255,77.83568,4.54,333.36,60.0,2026-08-18T07:29:00Z,N20
FIRMS_BC148D89,8.64393,77.83443,3.67,332.19,60.0,2026-08-18T07:29:00Z,N20
FIRMS_DED5D3FC,8.7739,80.8611,5.39,330.65,60.0,2026-08-18T07:29:00Z,N20
FIRMS_69233C88,8.78819,80.48918,4.78,343.43,60.0,2026-08-18T07:29:00Z,N20
FIRMS_9C673E44,8.86755,80.66677,5.21,330.24,60.0,2026-08-18T07:29:00Z,N20
FIRMS_5971951E,8.87058,77.64359,8.71,367.0,90.0,2026-08-18T07:29:00Z,N20
FIRMS_A216DA48,8.88035,77.79259,1.59,330.85,60.0,2026-08-18T07:29:00Z,N20
FIRMS_25A1A1AE,8.92457,77.53795,2.19,337.15,60.0,2026-08-18T07:29:00Z,N20
FIRMS_D999CDF2,8.92738,77.53544,4.49,339.7,60.0,2026-08-18T07:29:00Z,N20
FIRMS_D4C3DAFC,8.95199,80.36332,23.59,336.74,60.0,2026-08-18T07:29:00Z,N20
FIRMS_C485209F,8.953,80.36903,23.59,342.75,60.0,2026-08-18T07:29:00Z,N20
FIRMS_F2412A3E,8.95751,80.78635,11.0,330.39,60.0,2026-08-18T07:29:00Z,N20
FIRMS_12C4A468,8.95847,80.79164,12.7,341.46,60.0,2026-08-18T07:29:00Z,N20
FIRMS_4FFA73C8,8.95864,80.78851,21.23,346.89,60.0,2026-08-18T07:29:00Z,N20
FIRMS_DF3481D1,9.27297,77.61015,3.71,333.52,60.0,2026-08-18T07:29:00Z,N20
FIRMS_F462C831,9.27815,80.73056,8.92,332.53,60.0,2026-08-18T07:29:00Z,N20
FIRMS_08309629,9.2783,80.73301,4.56,336.85,60.0,2026-08-18T07:29:00Z,N20
FIRMS_E0A46FD6,9.34194,78.71105,0.99,330.19,60.0,2026-08-18T07:29:00Z,N20
FIRMS_96B1493C,9.35471,78.81271,2.48,334.23,60.0,2026-08-18T07:29:00Z,N20
FIRMS_D02F1B49,9.53223,80.38228,5.97,339.34,60.0,2026-08-18T07:29:00Z,N20
FIRMS_C12C9758,9.53409,80.37993,5.24,341.62,60.0,2026-08-18T07:29:00Z,N20
FIRMS_1C5816BF,9.30694,77.47687,1.9,333.3,60.0,2026-08-18T07:31:00Z,N20
FIRMS_F58667F2,9.38653,77.3917,9.49,345.28,60.0,2026-08-18T07:31:00Z,N20
FIRMS_AC3C55AD,9.41546,77.51305,8.05,349.04,60.0,2026-08-18T07:31:00Z,N20
FIRMS_412EFACA,9.48994,78.58805,2.85,334.45,60.0,2026-08-18T07:31:00Z,N20
FIRMS_CC4A046B,9.74047,78.34674,2.85,334.46,60.0,2026-08-18T07:31:00Z,N20
FIRMS_487DD6A1,9.74118,78.35052,2.85,336.33,60.0,2026-08-18T07:31:00Z,N20
FIRMS_C3F629F5,10.12096,77.56938,2.67,336.63,60.0,2026-08-18T07:31:00Z,N20
FIRMS_5E72B5FD,10.14966,79.14445,1.94,340.25,60.0,2026-08-18T07:31:00Z,N20
FIRMS_15BB1277,10.27211,78.84418,3.58,330.88,60.0,2026-08-18T07:31:00Z,N20
FIRMS_B0ACAF46,10.47191,78.95943,1.58,336.3,60.0,2026-08-18T07:31:00Z,N20
FIRMS_8E19F6E4,10.47282,78.95932,1.61,337.07,60.0,2026-08-18T07:31:00Z,N20
FIRMS_D28A9927,10.53808,79.23013,2.3,334.54,60.0,2026-08-18T07:31:00Z,N20
FIRMS_D5D9758C,10.53918,79.22962,2.23,334.6,60.0,2026-08-18T07:31:00Z,N20
FIRMS_788850B1,10.56221,79.45248,5.73,342.0,60.0,2026-08-18T07:31:00Z,N20
FIRMS_1CEB1B6F,10.56489,79.45138,4.4,339.99,60.0,2026-08-18T07:31:00Z,N20
FIRMS_D5A5C226,10.57066,77.79511,1.86,332.07,60.0,2026-08-18T07:31:00Z,N20
FIRMS_2A82F60A,10.60104,79.33244,1.96,333.63,60.0,2026-08-18T07:31:00Z,N20
FIRMS_4CBF6801,10.77641,78.64904,4.65,336.14,60.0,2026-08-18T07:31:00Z,N20
FIRMS_145F628D,10.87521,77.78659,1.33,331.65,60.0,2026-08-18T07:31:00Z,N20
FIRMS_69B6F284,10.98517,78.24707,2.76,335.45,60.0,2026-08-18T07:31:00Z,N20
FIRMS_B8682782,10.98911,79.11748,1.7,333.48,60.0,2026-08-18T07:31:00Z,N20
FIRMS_6B6AE777,11.14397,78.58115,2.38,334.84,60.0,2026-08-18T07:31:00Z,N20
FIRMS_8E31B64A,11.70979,78.74386,4.04,335.07,60.0,2026-08-18T07:31:00Z,N20
FIRMS_E1F12874,11.7348,78.6478,4.37,335.23,60.0,2026-08-18T07:31:00Z,N20
FIRMS_4785E5E1,12.14322,77.04446,5.26,333.76,60.0,2026-08-18T07:31:00Z,N20
FIRMS_03DA5664,12.51511,80.06248,4.94,336.83,60.0,2026-08-18T07:31:00Z,N20
FIRMS_88A1485D,12.51642,80.06522,6.83,336.02,60.0,2026-08-18T07:31:00Z,N20
FIRMS_40AC23D9,12.9239,78.28851,3.9,330.52,60.0,2026-08-18T07:31:00Z,N20
FIRMS_4EEA1E9E,13.17513,78.8025,4.42,341.1,60.0,2026-08-18T07:31:00Z,N20
FIRMS_379A9943,13.37215,78.61613,2.63,339.53,60.0,2026-08-18T07:31:00Z,N20
FIRMS_E7B21372,13.82569,79.28007,7.61,340.25,60.0,2026-08-18T07:31:00Z,N20
FIRMS_5C6DC3B3,13.82664,79.285,7.61,334.08,60.0,2026-08-18T07:31:00Z,N20
FIRMS_AAFF5790,13.98261,77.39257,4.01,337.62,60.0,2026-08-18T07:31:00Z,N20
FIRMS_79CBF684,14.0267,79.94611,4.7,331.24,60.0,2026-08-18T07:31:00Z,N20
FIRMS_9C066CD1,14.02898,79.94829,3.46,333.71,60.0,2026-08-18T07:31:00Z,N20
FIRMS_BB09D17E,14.41142,78.21088,4.65,342.22,60.0,2026-08-18T07:31:00Z,N20
FIRMS_BF176229,22.09827,95.87068,3.9,340.9,60.0,2026-08-18T07:33:00Z,N20
FIRMS_57626196,30.59787,72.07693,5.18,346.57,60.0,2026-08-18T07:37:00Z,N20
FIRMS_9F3F8786,18.72046,74.42578,4.74,328.05,60.0,2026-08-18T09:13:00Z,N20
FIRMS_E4964F41,18.72185,74.42528,3.98,328.15,60.0,2026-08-18T09:13:00Z,N20
FIRMS_F6C99FD9,29.96532,71.81317,11.26,350.02,60.0,2026-08-18T09:17:00Z,N20
FIRMS_F19FE91C,30.08081,71.40284,2.46,330.73,60.0,2026-08-18T09:17:00Z,N20
FIRMS_92F845CD,21.59608,96.2255,3.65,296.83,60.0,2026-08-18T18:21:00Z,N20
FIRMS_62EB39E1,27.22125,95.34516,1.69,305.31,60.0,2026-08-18T20:00:00Z,N20
FIRMS_61F8ABAF,27.31913,95.26543,2.89,309.59,60.0,2026-08-18T20:00:00Z,N20
FIRMS_7228A4F3,27.32597,95.27937,2.14,305.62,60.0,2026-08-18T20:00:00Z,N20
FIRMS_38F362E5,27.37818,95.08637,2.1,309.36,60.0,2026-08-18T20:00:00Z,N20
FIRMS_3E171FD0,27.60403,95.40225,0.98,310.42,60.0,2026-08-18T20:00:00Z,N20
FIRMS_D9FF1327,23.7813,85.57607,0.41,298.28,60.0,2026-08-18T20:02:00Z,N20
FIRMS_6D570CFF,27.53035,77.65999,2.97,331.65,60.0,2026-08-18T20:02:00Z,N20
FIRMS_D1AB004A,28.37441,77.2247,0.33,306.28,60.0,2026-08-18T20:02:00Z,N20
FIRMS_DB8BE022,28.70777,76.8554,2.04,308.89,60.0,2026-08-18T20:02:00Z,N20
FIRMS_80E140E4,28.85306,77.14323,1.07,306.41,60.0,2026-08-18T20:02:00Z,N20
FIRMS_E87158AF,21.10796,72.64498,1.01,295.71,60.0,2026-08-18T20:04:00Z,N20
FIRMS_9CD974D9,7.26176,81.2065,1.34,314.86,60.0,2026-08-18T20:06:00Z,N20
FIRMS_B706F9EB,7.43459,81.01504,1.32,306.78,60.0,2026-08-18T20:06:00Z,N20
FIRMS_1E0EFA93,7.52076,81.09328,3.28,329.47,60.0,2026-08-18T20:06:00Z,N20
FIRMS_FEC33EC6,7.62143,81.77185,0.75,323.61,60.0,2026-08-18T20:06:00Z,N20
FIRMS_A7BB2C15,7.74359,80.72882,1.43,313.95,60.0,2026-08-18T20:06:00Z,N20
FIRMS_94373DE3,8.39237,81.05923,1.94,329.38,60.0,2026-08-18T20:06:00Z,N20
FIRMS_28454D76,8.39293,81.05569,1.94,314.57,60.0,2026-08-18T20:06:00Z,N20
FIRMS_CB819863,8.39315,80.7887,0.44,305.65,60.0,2026-08-18T20:06:00Z,N20
FIRMS_43B2A915,8.39571,81.05975,1.94,313.3,60.0,2026-08-18T20:06:00Z,N20
FIRMS_8DB3BE65,8.81273,80.58556,0.54,305.9,60.0,2026-08-18T20:06:00Z,N20
FIRMS_712C7063,9.31445,77.44357,0.99,314.49,60.0,2026-08-18T20:06:00Z,N20
FIRMS_826C717D,9.31494,77.44009,0.73,310.01,60.0,2026-08-18T20:06:00Z,N20
FIRMS_D946EE7F,10.48468,79.31949,2.3,308.8,60.0,2026-08-18T20:06:00Z,N20
FIRMS_E5BE4118,10.48831,79.32004,3.84,322.7,60.0,2026-08-18T20:06:00Z,N20
FIRMS_C03F6CF0,10.61726,77.42172,1.33,303.89,60.0,2026-08-18T20:06:00Z,N20
FIRMS_B244D845,11.02914,76.90601,1.32,316.92,60.0,2026-08-18T20:06:00Z,N20
FIRMS_BE2973C7,12.65806,78.78379,1.9,305.3,60.0,2026-08-18T20:06:00Z,N20
FIRMS_D139DD07,12.66009,78.78571,0.94,301.56,60.0,2026-08-18T20:06:00Z,N20
FIRMS_DB59E013,6.43231,80.86169,7.4,333.49,60.0,2026-08-18T20:08:00Z,N20
FIRMS_8074C686,6.43286,80.85818,7.4,331.36,60.0,2026-08-18T20:08:00Z,N20
FIRMS_9FD48108,6.68433,80.83665,0.47,303.36,60.0,2026-08-18T20:08:00Z,N20
FIRMS_281493B4,6.68489,80.83312,0.47,308.18,60.0,2026-08-18T20:08:00Z,N20
FIRMS_1ABEF07A,6.68931,80.82661,0.75,304.79,60.0,2026-08-18T20:08:00Z,N20
FIRMS_AF753804,6.69098,80.83774,1.04,312.64,60.0,2026-08-18T20:08:00Z,N20
FIRMS_FF9A77C3,6.69264,80.82714,0.75,314.64,60.0,2026-08-18T20:08:00Z,N20
FIRMS_249BE3B0,6.6943,80.83826,2.64,330.99,60.0,2026-08-18T20:08:00Z,N20
FIRMS_F6853625,6.86079,81.09808,1.76,316.17,60.0,2026-08-18T20:08:00Z,N20
FIRMS_4EFF463A,6.93796,81.60289,1.01,310.88,60.0,2026-08-18T20:08:00Z,N20
FIRMS_FB63157A,7.05137,80.81245,1.49,310.74,60.0,2026-08-18T20:08:00Z,N20
FIRMS_EADB3FC1,7.05526,80.8093,0.51,303.22,60.0,2026-08-18T20:08:00Z,N20
FIRMS_AB56AC28,7.20263,81.19383,0.9,305.63,60.0,2026-08-18T20:08:00Z,N20
FIRMS_1C3E4FF4,7.22459,81.14008,1.88,305.7,60.0,2026-08-18T20:08:00Z,N20
FIRMS_7264BE87,7.22681,81.14761,2.15,313.43,60.0,2026-08-18T20:08:00Z,N20
FIRMS_62ECAD34,7.22736,81.14416,1.88,335.88,60.0,2026-08-18T20:08:00Z,N20
FIRMS_A99F2A7D,7.2279,81.14065,1.88,320.4,60.0,2026-08-18T20:08:00Z,N20
FIRMS_E4FB1266,7.23013,81.14812,1.26,315.97,60.0,2026-08-18T20:08:00Z,N20
FIRMS_B6ADECA7,7.23067,81.14466,2.56,317.53,60.0,2026-08-18T20:08:00Z,N20
FIRMS_9C19948A,7.23177,81.13764,1.15,316.47,60.0,2026-08-18T20:08:00Z,N20
FIRMS_65F2770A,7.23345,81.14859,1.26,310.49,60.0,2026-08-18T20:08:00Z,N20
FIRMS_9075C207,7.23508,81.13815,1.15,312.26,60.0,2026-08-18T20:08:00Z,N20
FIRMS_C2FFD5BA,7.23786,81.14211,2.26,319.73,60.0,2026-08-18T20:08:00Z,N20
FIRMS_F7F5997A,32.29446,70.73275,3.01,307.81,60.0,2026-08-18T21:40:00Z,N20
FIRMS_0D8F46AF,32.88873,71.61457,4.38,313.17,60.0,2026-08-18T21:40:00Z,N20
FIRMS_66FA708F,35.96665,68.68819,1.21,311.9,60.0,2026-08-18T21:40:00Z,N20
FIRMS_1AAEA0C2,28.42497,69.69924,1.1,311.05,60.0,2026-08-18T21:42:00Z,N20
FIRMS_70AB3EAF,6.59752,80.92303,10.25,344.62,60.0,2026-08-19T07:12:00Z,N20
FIRMS_840F3652,6.60187,80.92393,9.62,342.85,60.0,2026-08-19T07:12:00Z,N20
FIRMS_35805C8E,6.73534,81.4035,4.97,333.64,60.0,2026-08-19T07:12:00Z,N20
FIRMS_E9146C46,6.77476,81.14842,10.21,352.39,60.0,2026-08-19T07:12:00Z,N20
FIRMS_79DCFC2F,6.77679,81.14886,12.72,350.03,60.0,2026-08-19T07:12:00Z,N20
FIRMS_ACCDA86C,7.00465,81.59283,5.44,334.08,60.0,2026-08-19T07:12:00Z,N20
FIRMS_F31BCD43,7.11824,81.73306,6.03,331.76,60.0,2026-08-19T07:12:00Z,N20
FIRMS_7B817F2C,7.18751,81.82574,9.18,352.81,60.0,2026-08-19T07:12:00Z,N20
FIRMS_28A517D2,7.1904,81.82525,6.87,347.9,60.0,2026-08-19T07:12:00Z,N20
FIRMS_4BF0117B,7.30715,81.83936,5.85,342.76,60.0,2026-08-19T07:12:00Z,N20
FIRMS_1ADED373,7.31016,81.84017,5.56,346.59,60.0,2026-08-19T07:12:00Z,N20
FIRMS_CA0F7200,7.38888,81.24447,9.59,352.97,60.0,2026-08-19T07:12:00Z,N20
FIRMS_7093F648,7.51086,81.65698,5.52,336.02,60.0,2026-08-19T07:12:00Z,N20
FIRMS_C525D7E5,7.51332,81.65535,6.56,334.54,60.0,2026-08-19T07:12:00Z,N20
FIRMS_5301EF7C,7.51753,81.10431,12.66,332.69,60.0,2026-08-19T07:12:00Z,N20
FIRMS_C576E022,7.52242,81.10145,20.2,367.0,90.0,2026-08-19T07:12:00Z,N20
FIRMS_A41BF0A6,7.52407,81.10311,17.16,367.0,90.0,2026-08-19T07:12:00Z,N20
FIRMS_40FCFD48,7.57517,81.38026,5.27,329.93,60.0,2026-08-19T07:12:00Z,N20
FIRMS_A55842D2,7.76251,81.55988,4.14,331.32,60.0,2026-08-19T07:12:00Z,N20
FIRMS_9BE6F336,7.86419,81.4954,8.91,349.66,60.0,2026-08-19T07:12:00Z,N20
FIRMS_EB2C1D88,7.87109,81.46167,3.99,330.78,60.0,2026-08-19T07:12:00Z,N20
FIRMS_0CA370D1,7.88433,81.48517,2.65,332.6,60.0,2026-08-19T07:12:00Z,N20
FIRMS_291A4FA2,7.88863,81.48544,4.85,333.76,60.0,2026-08-19T07:12:00Z,N20
FIRMS_241CA4D5,8.18483,81.203,5.93,329.36,60.0,2026-08-19T07:12:00Z,N20
FIRMS_63D468A4,8.49191,80.65971,5.44,333.98,60.0,2026-08-19T07:12:00Z,N20
FIRMS_69B41203,8.69154,80.86825,5.21,335.31,60.0,2026-08-19T07:12:00Z,N20
FIRMS_E21616A2,19.96858,95.31045,3.13,332.8,60.0,2026-08-19T07:14:00Z,N20
FIRMS_EDDE86A5,20.17187,95.02886,3.4,334.8,60.0,2026-08-19T07:14:00Z,N20
FIRMS_949EF680,20.79179,85.25556,4.96,332.73,60.0,2026-08-19T07:14:00Z,N20
FIRMS_E68900CB,20.79575,85.25475,8.12,342.63,60.0,2026-08-19T07:14:00Z,N20
FIRMS_30DA30DC,22.36498,87.30222,8.62,339.31,60.0,2026-08-19T07:16:00Z,N20
FIRMS_B22A9EAC,6.73601,81.63141,13.09,340.84,60.0,2026-08-19T08:52:00Z,N20
FIRMS_58CCC5F2,6.8116,81.56295,5.93,336.56,60.0,2026-08-19T08:52:00Z,N20
FIRMS_FC8B8C87,7.04413,81.77778,6.33,334.14,60.0,2026-08-19T08:52:00Z,N20
FIRMS_6E7028BD,7.32221,81.43565,12.82,351.4,60.0,2026-08-19T08:52:00Z,N20
FIRMS_CEA7B150,7.39012,81.2489,6.74,335.23,60.0,2026-08-19T08:52:00Z,N20
FIRMS_F977656C,7.41943,81.31561,10.96,367.0,90.0,2026-08-19T08:52:00Z,N20
FIRMS_A9CD6947,7.51221,81.1096,18.08,346.36,60.0,2026-08-19T08:52:00Z,N20
FIRMS_43AE9C52,7.52498,81.10204,10.31,335.92,60.0,2026-08-19T08:52:00Z,N20
FIRMS_4436A9CC,7.52576,81.10803,10.31,336.73,60.0,2026-08-19T08:52:00Z,N20
FIRMS_46118AC4,7.52654,81.11404,10.99,346.99,60.0,2026-08-19T08:52:00Z,N20
FIRMS_801761A6,7.53327,81.11289,10.99,343.78,60.0,2026-08-19T08:52:00Z,N20
FIRMS_8EB8919B,7.54104,80.72147,6.6,339.88,60.0,2026-08-19T08:52:00Z,N20
FIRMS_249915D2,7.90666,81.44457,4.64,330.51,60.0,2026-08-19T08:52:00Z,N20
FIRMS_3E5B7D53,8.56306,80.91306,7.39,335.61,60.0,2026-08-19T08:52:00Z,N20
FIRMS_8FEA6115,8.56533,80.91196,4.78,329.92,60.0,2026-08-19T08:52:00Z,N20
FIRMS_C90851EB,8.56605,80.918,4.78,330.51,60.0,2026-08-19T08:52:00Z,N20
FIRMS_E3AA351B,8.57193,80.41047,7.17,342.74,60.0,2026-08-19T08:52:00Z,N20
FIRMS_228DF0C9,8.62562,80.62465,8.0,332.84,60.0,2026-08-19T08:52:00Z,N20
FIRMS_77304360,8.63941,77.90063,6.62,339.32,60.0,2026-08-19T08:52:00Z,N20
FIRMS_87678832,8.63992,77.90443,6.22,337.42,60.0,2026-08-19T08:52:00Z,N20
FIRMS_BF3326AE,8.64316,77.89857,3.76,330.82,60.0,2026-08-19T08:52:00Z,N20
FIRMS_45D24CCE,8.64364,77.90237,4.95,344.29,60.0,2026-08-19T08:52:00Z,N20
FIRMS_2EC4C2D9,8.67812,80.46992,4.93,332.64,60.0,2026-08-19T08:52:00Z,N20
FIRMS_5C825D49,8.74034,77.6055,239.09,340.56,60.0,2026-08-19T08:52:00Z,N20
FIRMS_6AD203C2,8.82506,80.05516,8.01,348.82,60.0,2026-08-19T08:52:00Z,N20
FIRMS_89D38FFB,9.38984,80.58273,4.01,331.88,60.0,2026-08-19T08:52:00Z,N20
FIRMS_54B8BD42,9.52572,78.76215,5.93,341.98,60.0,2026-08-19T08:52:00Z,N20
FIRMS_45061D31,10.74717,78.63906,5.39,334.31,60.0,2026-08-19T08:52:00Z,N20
FIRMS_917ED81B,10.93393,78.49468,1.95,330.44,60.0,2026-08-19T08:52:00Z,N20
FIRMS_2F959020,10.95563,78.40146,4.21,332.42,60.0,2026-08-19T08:52:00Z,N20
FIRMS_FB9EA921,21.10254,72.63605,4.28,333.38,60.0,2026-08-19T08:56:00Z,N20
FIRMS_FC24EDF3,25.01628,68.23861,12.11,338.24,60.0,2026-08-19T08:58:00Z,N20
FIRMS_8379612C,25.38722,68.58453,2.32,332.08,60.0,2026-08-19T08:58:00Z,N20
FIRMS_814DFA4C,29.61575,71.6161,5.67,340.54,60.0,2026-08-19T08:58:00Z,N20
FIRMS_D2A08319,29.967,71.26864,4.51,333.34,60.0,2026-08-19T08:58:00Z,N20
FIRMS_E6CE46FA,29.96741,71.27094,3.64,334.01,60.0,2026-08-19T08:58:00Z,N20
FIRMS_94D849F5,29.97178,71.2681,4.51,336.95,60.0,2026-08-19T08:58:00Z,N20
FIRMS_1BF64F63,29.97219,71.27039,3.64,330.61,60.0,2026-08-19T08:58:00Z,N20
FIRMS_05916693,35.98966,94.82952,0.9,296.77,60.0,2026-08-19T19:40:00Z,N20
FIRMS_25659F22,24.6347,91.65878,2.58,311.58,60.0,2026-08-19T19:42:00Z,N20
FIRMS_CBAED5A9,25.61113,89.81218,2.25,317.83,60.0,2026-08-19T19:42:00Z,N20
FIRMS_50D77D7D,27.31678,95.26754,2.63,311.22,60.0,2026-08-19T19:42:00Z,N20
FIRMS_5A363994,20.7594,85.29646,2.8,312.84,60.0,2026-08-19T19:45:00Z,N20
FIRMS_C5F2E3EE,20.76076,85.30016,1.39,309.2,60.0,2026-08-19T19:45:00Z,N20
FIRMS_4A27E9C7,20.76146,85.29501,1.39,304.74,60.0,2026-08-19T19:45:00Z,N20
FIRMS_24A3146C,20.79224,85.25455,3.51,310.53,60.0,2026-08-19T19:45:00Z,N20
FIRMS_C3440150,20.79609,85.25515,3.51,330.5,60.0,2026-08-19T19:45:00Z,N20
FIRMS_79598FDA,20.79929,85.26081,1.91,304.96,60.0,2026-08-19T19:45:00Z,N20
FIRMS_8E63C8DA,20.86544,84.99534,3.47,319.0,60.0,2026-08-19T19:45:00Z,N20
FIRMS_D68C9F8E,20.86612,84.99014,3.47,316.88,60.0,2026-08-19T19:45:00Z,N20
FIRMS_79ED1C75,20.8871,84.98233,7.56,342.42,60.0,2026-08-19T19:45:00Z,N20
FIRMS_04813ED1,20.89102,84.9829,1.05,305.86,60.0,2026-08-19T19:45:00Z,N20
FIRMS_1DB24170,20.94882,86.04855,2.38,324.64,60.0,2026-08-19T19:45:00Z,N20
FIRMS_DF1E30A6,20.95251,86.04915,2.38,314.27,60.0,2026-08-19T19:45:00Z,N20
FIRMS_E748B26A,20.95314,86.04453,4.28,320.25,60.0,2026-08-19T19:45:00Z,N20
FIRMS_6D95BC39,20.96163,85.17625,1.87,306.18,60.0,2026-08-19T19:45:00Z,N20
FIRMS_31647B6C,20.96231,85.17104,1.87,314.77,60.0,2026-08-19T19:45:00Z,N20
FIRMS_915CCCC3,20.96358,86.05087,2.26,315.65,60.0,2026-08-19T19:45:00Z,N20
FIRMS_C928B61C,20.96414,85.18718,2.68,329.26,60.0,2026-08-19T19:45:00Z,N20
FIRMS_D3AB2FF6,20.96482,85.182,2.68,307.27,60.0,2026-08-19T19:45:00Z,N20
FIRMS_55431912,20.96619,85.17161,2.88,317.35,60.0,2026-08-19T19:45:00Z,N20
FIRMS_83ABB53A,20.96688,85.16637,3.25,309.23,60.0,2026-08-19T19:45:00Z,N20
FIRMS_D8EF5587,20.96871,86.01344,2.98,307.98,60.0,2026-08-19T19:45:00Z,N20
FIRMS_43CC8B97,20.96938,85.17738,2.88,324.77,60.0,2026-08-19T19:45:00Z,N20
FIRMS_00532702,20.96999,86.00407,2.78,327.37,60.0,2026-08-19T19:45:00Z,N20
FIRMS_3228840C,20.97007,85.17216,2.88,318.33,60.0,2026-08-19T19:45:00Z,N20
FIRMS_43456D66,20.97369,86.00464,2.78,317.65,60.0,2026-08-19T19:45:00Z,N20
FIRMS_DB75038E,20.97784,85.17326,2.69,306.79,60.0,2026-08-19T19:45:00Z,N20
FIRMS_5D940770,20.97853,85.16805,1.58,305.89,60.0,2026-08-19T19:45:00Z,N20
FIRMS_690DA0AD,20.97878,85.13621,3.01,305.9,60.0,2026-08-19T19:45:00Z,N20
FIRMS_7FAEDA1E,20.98905,85.12326,1.05,304.83,60.0,2026-08-19T19:45:00Z,N20
FIRMS_362F4042,20.99724,86.01566,2.25,322.16,60.0,2026-08-19T19:45:00Z,N20
FIRMS_4FF6B6B5,20.9997,86.02561,1.79,309.19,60.0,2026-08-19T19:45:00Z,N20
FIRMS_22348F29,21.07466,85.04465,1.56,304.62,60.0,2026-08-19T19:45:00Z,N20
FIRMS_3A0027F3,21.07858,85.04521,1.56,309.08,60.0,2026-08-19T19:45:00Z,N20
FIRMS_5E6CFA68,21.07927,85.03988,2.71,310.25,60.0,2026-08-19T19:45:00Z,N20
FIRMS_E793054A,21.07996,85.03458,2.71,307.48,60.0,2026-08-19T19:45:00Z,N20
FIRMS_70116D02,22.05307,88.12675,2.38,310.93,60.0,2026-08-19T19:45:00Z,N20
FIRMS_11F4AEFC,22.05502,85.46635,0.59,301.37,60.0,2026-08-19T19:45:00Z,N20
FIRMS_F3DD79BE,22.05706,88.12335,2.46,313.71,60.0,2026-08-19T19:45:00Z,N20
FIRMS_891B8D87,22.06446,88.12053,2.37,311.48,60.0,2026-08-19T19:45:00Z,N20
FIRMS_6B6A44A1,22.13304,85.38209,1.02,304.05,60.0,2026-08-19T19:45:00Z,N20
FIRMS_4F6D2018,22.35701,87.28933,1.49,309.0,60.0,2026-08-19T19:45:00Z,N20
FIRMS_77DDF671,22.36053,87.2899,1.49,305.78,60.0,2026-08-19T19:45:00Z,N20
FIRMS_127062C3,22.36126,87.01955,1.57,308.03,60.0,2026-08-19T19:45:00Z,N20
FIRMS_7BFF4FE4,22.36285,87.01693,1.69,313.65,60.0,2026-08-19T19:45:00Z,N20
FIRMS_4A344968,22.36542,87.01572,1.28,306.73,60.0,2026-08-19T19:45:00Z,N20
FIRMS_0FEA802D,22.3664,87.29961,3.15,318.07,60.0,2026-08-19T19:45:00Z,N20
FIRMS_C127040F,22.37644,87.27934,4.93,324.04,60.0,2026-08-19T19:45:00Z,N20
FIRMS_50843FE4,22.37997,87.27991,1.9,316.34,60.0,2026-08-19T19:45:00Z,N20
FIRMS_44329B9E,22.38057,87.27562,1.9,308.73,60.0,2026-08-19T19:45:00Z,N20
FIRMS_AD5BD771,22.38231,87.28905,2.32,305.9,60.0,2026-08-19T19:45:00Z,N20
FIRMS_CB2D5BF9,22.47965,90.71004,0.38,307.72,60.0,2026-08-19T19:45:00Z,N20
FIRMS_4D0465F8,22.57419,85.89626,1.39,310.24,60.0,2026-08-19T19:45:00Z,N20
FIRMS_4CC229B0,22.57485,85.89123,1.39,305.64,60.0,2026-08-19T19:45:00Z,N20
FIRMS_A7E15213,22.61008,85.91367,1.7,306.4,60.0,2026-08-19T19:45:00Z,N20
FIRMS_5E0781C9,22.78767,86.20531,2.63,307.42,60.0,2026-08-19T19:45:00Z,N20
FIRMS_63AD45B8,22.7884,86.20729,1.51,305.8,60.0,2026-08-19T19:45:00Z,N20
FIRMS_7CAC2515,22.78966,86.19751,4.37,311.22,60.0,2026-08-19T19:45:00Z,N20
FIRMS_EBCD0C78,22.79029,86.1926,1.92,308.82,60.0,2026-08-19T19:45:00Z,N20
FIRMS_060BA218,22.79077,86.21069,2.89,310.22,60.0,2026-08-19T19:45:00Z,N20
FIRMS_5FDFC08B,22.79141,86.20586,2.63,325.08,60.0,2026-08-19T19:45:00Z,N20
FIRMS_6C1D42EF,22.79152,86.2127,1.51,304.03,60.0,2026-08-19T19:45:00Z,N20
FIRMS_50815972,22.79215,86.20784,1.51,319.15,60.0,2026-08-19T19:45:00Z,N20
FIRMS_C028EF62,22.79272,86.19611,3.17,310.55,60.0,2026-08-19T19:45:00Z,N20
FIRMS_5004C52D,22.79647,86.19669,1.57,310.02,60.0,2026-08-19T19:45:00Z,N20
FIRMS_07EB25B0,22.79715,86.19865,1.42,311.6,60.0,2026-08-19T19:45:00Z,N20
FIRMS_E9F10694,22.86745,89.53738,1.53,306.95,60.0,2026-08-19T19:45:00Z,N20
FIRMS_4DCB5219,22.87644,86.06029,2.45,304.74,60.0,2026-08-19T19:45:00Z,N20
FIRMS_A693C1C1,23.60917,85.67301,0.84,301.79,60.0,2026-08-19T19:45:00Z,N20
FIRMS_27512AEE,23.60963,85.675,1.24,305.59,60.0,2026-08-19T19:45:00Z,N20
FIRMS_DBF045BA,23.66273,87.15408,2.05,308.91,60.0,2026-08-19T19:45:00Z,N20
FIRMS_8659B449,23.67219,86.10865,1.84,307.56,60.0,2026-08-19T19:45:00Z,N20
FIRMS_9B2BEAB9,23.67504,86.11079,1.87,305.56,60.0,2026-08-19T19:45:00Z,N20
FIRMS_1401E6D2,23.67645,86.40062,1.88,306.32,60.0,2026-08-19T19:45:00Z,N20
FIRMS_F2120255,23.67708,86.39573,0.95,302.66,60.0,2026-08-19T19:45:00Z,N20
FIRMS_9A2DC724,23.67823,86.08537,1.22,303.17,60.0,2026-08-19T19:45:00Z,N20
FIRMS_0FE0ED0F,23.67935,86.08384,0.83,303.33,60.0,2026-08-19T19:45:00Z,N20
FIRMS_BB384124,23.68076,86.09612,0.68,301.17,60.0,2026-08-19T19:45:00Z,N20
FIRMS_A1E18C75,23.68082,86.39635,0.81,299.78,60.0,2026-08-19T19:45:00Z,N20
FIRMS_851C73DD,23.6814,86.09103,2.21,302.15,60.0,2026-08-19T19:45:00Z,N20
FIRMS_B3FA1ABA,23.68269,86.08083,1.35,317.23,60.0,2026-08-19T19:45:00Z,N20
FIRMS_8CBE82E7,23.68438,87.12988,2.41,307.68,60.0,2026-08-19T19:45:00Z,N20
FIRMS_CDE0F0FC,23.68456,86.39696,0.81,296.71,60.0,2026-08-19T19:45:00Z,N20
FIRMS_0076BBFD,23.68521,86.392,0.81,303.69,60.0,2026-08-19T19:45:00Z,N20
FIRMS_57D8E234,23.6892,87.12139,3.81,312.33,60.0,2026-08-19T19:45:00Z,N20
FIRMS_2D5AE8A6,23.6914,86.40305,0.98,301.88,60.0,2026-08-19T19:45:00Z,N20
FIRMS_6B6D3251,23.69281,87.12199,2.81,307.96,60.0,2026-08-19T19:45:00Z,N20
FIRMS_16A541CD,23.69476,86.07745,0.95,306.39,60.0,2026-08-19T19:45:00Z,N20
FIRMS_9559FD61,23.69857,86.07803,0.86,310.92,60.0,2026-08-19T19:45:00Z,N20
FIRMS_0C096AB1,23.71062,86.43102,1.47,299.96,60.0,2026-08-19T19:45:00Z,N20
FIRMS_C885A3BD,23.73676,86.4352,1.1,303.04,60.0,2026-08-19T19:45:00Z,N20
FIRMS_A1D91EDE,23.73741,86.43033,1.1,302.84,60.0,2026-08-19T19:45:00Z,N20
FIRMS_43F3871E,23.73835,86.43285,1.3,309.16,60.0,2026-08-19T19:45:00Z,N20
FIRMS_130D2C8A,23.75207,86.41506,0.91,302.77,60.0,2026-08-19T19:45:00Z,N20
FIRMS_B1186336,23.75707,86.40581,1.01,300.21,60.0,2026-08-19T19:45:00Z,N20
FIRMS_B3910200,23.75834,86.3959,0.45,295.73,60.0,2026-08-19T19:45:00Z,N20
FIRMS_01C60890,23.76145,86.40147,1.01,302.7,60.0,2026-08-19T19:45:00Z,N20
FIRMS_5322EA4F,23.76455,86.40701,0.8,301.0,60.0,2026-08-19T19:45:00Z,N20
FIRMS_A1679AAF,23.76519,86.40205,0.8,300.36,60.0,2026-08-19T19:45:00Z,N20
FIRMS_A7D39C00,23.76894,86.40264,0.8,303.97,60.0,2026-08-19T19:45:00Z,N20
FIRMS_3AE242B6,23.77833,86.3891,1.39,307.41,60.0,2026-08-19T19:45:00Z,N20
FIRMS_EE63E8FA,23.78208,86.3897,0.83,300.95,60.0,2026-08-19T19:45:00Z,N20
FIRMS_C31C36D5,23.82477,84.57133,1.66,315.7,60.0,2026-08-19T19:45:00Z,N20
FIRMS_22096348,23.82895,84.57195,1.66,315.83,60.0,2026-08-19T19:45:00Z,N20
FIRMS_FED11321,24.92421,84.15677,1.67,303.69,60.0,2026-08-19T19:45:00Z,N20
FIRMS_C181358F,6.86276,81.59775,0.74,305.57,60.0,2026-08-19T19:47:00Z,N20
FIRMS_8BC176DB,6.86526,81.49728,0.95,298.82,60.0,2026-08-19T19:47:00Z,N20
FIRMS_B5B4646E,6.86575,81.49394,0.95,302.34,60.0,2026-08-19T19:47:00Z,N20
FIRMS_C29F1044,6.86929,81.49792,0.95,307.88,60.0,2026-08-19T19:47:00Z,N20
FIRMS_68B01F66,6.8698,81.49447,0.95,314.74,60.0,2026-08-19T19:47:00Z,N20
FIRMS_80D26160,7.22098,81.13754,0.82,304.05,60.0,2026-08-19T19:47:00Z,N20
FIRMS_1C7FC7BF,7.57108,80.92341,0.33,307.61,60.0,2026-08-19T19:47:00Z,N20
FIRMS_97E7E371,7.72861,81.15194,0.97,311.24,60.0,2026-08-19T19:47:00Z,N20
FIRMS_4433054C,7.73279,81.15255,0.97,307.73,60.0,2026-08-19T19:47:00Z,N20
FIRMS_BFE0297E,7.80172,80.72518,2.35,319.9,60.0,2026-08-19T19:47:00Z,N20
FIRMS_9997B97C,7.88216,80.3124,0.54,301.61,60.0,2026-08-19T19:47:00Z,N20
FIRMS_3312774C,8.07959,80.78295,2.17,316.9,60.0,2026-08-19T19:47:00Z,N20
FIRMS_0CAB9DFF,8.74219,77.60104,11.51,353.29,60.0,2026-08-19T19:47:00Z,N20
FIRMS_9523957E,8.74267,77.59756,11.51,367.0,90.0,2026-08-19T19:47:00Z,N20
FIRMS_B45584C7,15.29888,80.01089,0.86,302.36,60.0,2026-08-19T19:47:00Z,N20
FIRMS_0D318198,8.7441,77.60194,3.12,322.96,60.0,2026-08-19T19:49:00Z,N20
FIRMS_954A19A9,8.74455,77.59845,3.12,334.36,60.0,2026-08-19T19:49:00Z,N20
FIRMS_752C9730,9.76584,77.51328,1.12,308.24,60.0,2026-08-19T19:49:00Z,N20
FIRMS_E5449EB6,9.93416,78.31787,1.07,313.76,60.0,2026-08-19T19:49:00Z,N20
FIRMS_347C0D00,9.93454,78.31564,1.08,305.78,60.0,2026-08-19T19:49:00Z,N20
FIRMS_2321D6B7,25.38916,68.58264,2.67,323.54,60.0,2026-08-19T21:23:00Z,N20
FIRMS_059EB4A2,25.86239,68.9324,0.77,306.69,60.0,2026-08-19T21:23:00Z,N20
FIRMS_2595C64D,25.86245,68.93084,0.57,306.98,60.0,2026-08-19T21:23:00Z,N20
FIRMS_92A5888E,26.09472,68.87798,0.79,313.63,60.0,2026-08-19T21:23:00Z,N20
FIRMS_DD82F4C2,29.47378,76.85699,0.4,305.11,60.0,2026-08-19T21:23:00Z,N20
FIRMS_61B0F5E5,33.29802,71.18619,1.07,303.4,60.0,2026-08-19T21:23:00Z,N20
FIRMS_4997B1C9,18.69369,73.04151,1.18,301.77,60.0,2026-08-19T21:25:00Z,N20
FIRMS_9ED20753,26.2566,74.0971,1.03,305.83,60.0,2026-08-19T21:25:00Z,N20
FIRMS_371E7A17,26.25852,74.09779,1.19,304.08,60.0,2026-08-19T21:25:00Z,N20
FIRMS_4815AC85,26.87804,73.51413,0.89,299.8,60.0,2026-08-19T21:25:00Z,N20
FIRMS_D7AB6B9D,28.30466,68.08737,0.44,309.78,60.0,2026-08-19T21:25:00Z,N20
FIRMS_2DF74B0B,28.30649,68.08653,0.64,312.22,60.0,2026-08-19T21:25:00Z,N20
FIRMS_B40B326B,28.42418,69.69862,1.54,311.62,60.0,2026-08-19T21:25:00Z,N20
FIRMS_8BABE045,23.73539,86.43382,4.75,330.07,60.0,2026-08-20T06:57:00Z,N20
FIRMS_F33656DD,23.77213,86.3663,4.99,327.08,60.0,2026-08-20T06:57:00Z,N20
FIRMS_8C6965C6,23.77547,86.367,5.74,328.11,60.0,2026-08-20T06:57:00Z,N20
FIRMS_9F05212B,23.80376,86.32996,5.71,329.87,60.0,2026-08-20T06:57:00Z,N20
FIRMS_D0C67F2D,23.90567,96.08687,3.01,331.0,60.0,2026-08-20T06:57:00Z,N20
FIRMS_5A0D9B83,23.9782,97.77171,4.69,331.71,30.0,2026-08-20T06:57:00Z,N20
FIRMS_CA1FEA3B,26.26204,91.96658,2.87,331.64,60.0,2026-08-20T06:59:00Z,N20
FIRMS_FF736506,30.22273,97.92467,7.68,337.46,30.0,2026-08-20T06:59:00Z,N20
FIRMS_3712C8FF,6.3781,81.15506,24.53,341.31,60.0,2026-08-20T08:33:00Z,N20
FIRMS_B5B62ED0,6.38059,81.15331,22.14,354.25,60.0,2026-08-20T08:33:00Z,N20
FIRMS_EEC3D9E1,6.7323,81.06129,6.28,334.45,60.0,2026-08-20T08:33:00Z,N20
FIRMS_6990F044,6.75566,81.74679,5.35,335.77,60.0,2026-08-20T08:33:00Z,N20
FIRMS_23B93BC9,6.76253,81.79607,3.3,342.33,60.0,2026-08-20T08:33:00Z,N20
FIRMS_BC1EC8DD,6.81125,81.48624,3.09,342.01,60.0,2026-08-20T08:33:00Z,N20
FIRMS_2FB790ED,6.82384,81.5028,2.45,330.6,60.0,2026-08-20T08:33:00Z,N20
FIRMS_5F097B84,6.82861,81.76403,3.89,331.57,60.0,2026-08-20T08:33:00Z,N20
FIRMS_EFF6751C,6.96189,81.61313,2.43,343.26,60.0,2026-08-20T08:33:00Z,N20
FIRMS_E79BCF47,6.96701,81.6125,7.12,350.83,60.0,2026-08-20T08:33:00Z,N20
FIRMS_34A24E2D,7.05031,81.78026,3.42,343.59,60.0,2026-08-20T08:33:00Z,N20
FIRMS_CE23A1ED,7.05202,81.79282,7.23,367.0,90.0,2026-08-20T08:33:00Z,N20
FIRMS_EE648BA0,7.32244,81.72965,5.52,352.05,60.0,2026-08-20T08:33:00Z,N20
FIRMS_7406A59B,7.38799,81.11137,5.89,341.21,60.0,2026-08-20T08:33:00Z,N20
FIRMS_B336EF85,7.72858,81.25153,5.59,348.32,60.0,2026-08-20T08:35:00Z,N20
FIRMS_F03F5AB0,8.35815,80.20872,5.39,329.74,60.0,2026-08-20T08:35:00Z,N20
FIRMS_93F1EB8D,8.73457,78.0784,1.92,333.92,60.0,2026-08-20T08:35:00Z,N20
FIRMS_F7655BE6,8.73786,77.60059,15.4,352.24,60.0,2026-08-20T08:35:00Z,N20
FIRMS_97B742DF,8.73847,77.60493,5.83,351.61,60.0,2026-08-20T08:35:00Z,N20
FIRMS_DEAB2619,8.74184,77.60004,15.4,340.6,60.0,2026-08-20T08:35:00Z,N20
FIRMS_2C3A3828,8.82204,80.60933,11.38,345.65,60.0,2026-08-20T08:35:00Z,N20
FIRMS_248869F3,8.82577,77.81587,3.89,343.95,60.0,2026-08-20T08:35:00Z,N20
FIRMS_9789C13D,8.82652,77.81555,4.05,343.01,60.0,2026-08-20T08:35:00Z,N20
FIRMS_6293A54E,9.00337,79.87726,4.81,337.4,60.0,2026-08-20T08:35:00Z,N20
FIRMS_82C2D68F,9.00574,79.88022,4.89,337.67,60.0,2026-08-20T08:35:00Z,N20
FIRMS_88E7EA4E,9.01934,77.891,9.86,342.36,60.0,2026-08-20T08:35:00Z,N20
FIRMS_E7741F35,9.06651,77.75156,4.95,343.23,60.0,2026-08-20T08:35:00Z,N20
FIRMS_85D5FBFD,9.07037,77.43026,3.09,333.84,60.0,2026-08-20T08:35:00Z,N20
FIRMS_3B704474,9.37562,80.44118,6.23,330.24,60.0,2026-08-20T08:35:00Z,N20
FIRMS_47EB4642,9.4098,80.45162,13.47,343.6,60.0,2026-08-20T08:35:00Z,N20
FIRMS_06BFCB1F,9.41131,80.44777,7.76,342.83,60.0,2026-08-20T08:35:00Z,N20
FIRMS_07CD9ACD,9.41206,80.45326,6.37,333.11,60.0,2026-08-20T08:35:00Z,N20
FIRMS_1E093C77,9.43683,80.3926,7.0,333.27,60.0,2026-08-20T08:35:00Z,N20
FIRMS_3BF67F9F,10.13192,77.77665,1.71,333.73,60.0,2026-08-20T08:35:00Z,N20
FIRMS_C40D8EBC,11.56117,79.1529,6.71,336.28,60.0,2026-08-20T08:35:00Z,N20
FIRMS_71C54E20,11.65141,79.12849,4.74,336.72,60.0,2026-08-20T08:35:00Z,N20
FIRMS_87728990,11.72925,78.97382,2.44,332.49,60.0,2026-08-20T08:35:00Z,N20
FIRMS_C8E3DDF8,13.27826,79.15017,2.5,330.16,60.0,2026-08-20T08:35:00Z,N20
FIRMS_3F6D4070,13.30639,76.27603,3.58,331.69,60.0,2026-08-20T08:35:00Z,N20
FIRMS_3263B972,14.16944,77.45648,4.22,332.05,60.0,2026-08-20T08:35:00Z,N20
FIRMS_D56F8D4F,14.39635,78.58465,5.12,337.63,60.0,2026-08-20T08:35:00Z,N20
FIRMS_C186BBC2,17.56894,75.63644,4.39,334.34,60.0,2026-08-20T08:35:00Z,N20
FIRMS_FE04AEE4,14.90438,77.5486,3.01,337.93,60.0,2026-08-20T08:37:00Z,N20
FIRMS_79B4B908,17.50858,82.95274,8.28,341.91,60.0,2026-08-20T08:37:00Z,N20
FIRMS_3A78ABAF,21.10136,72.63664,7.25,343.8,60.0,2026-08-20T08:37:00Z,N20
FIRMS_2D719C2B,21.1025,72.64508,6.08,337.45,60.0,2026-08-20T08:37:00Z,N20
FIRMS_9F9F0B99,21.10601,72.64454,6.08,339.07,60.0,2026-08-20T08:37:00Z,N20
FIRMS_973F9A4E,21.10658,72.64876,7.86,341.75,60.0,2026-08-20T08:37:00Z,N20
FIRMS_54F7E802,25.99426,69.29754,2.65,338.06,60.0,2026-08-20T08:37:00Z,N20
FIRMS_5D4695F7,27.94023,68.98034,7.67,347.9,60.0,2026-08-20T08:39:00Z,N20
FIRMS_3C856005,28.42307,69.70316,3.23,335.13,60.0,2026-08-20T08:39:00Z,N20
FIRMS_949744D3,29.39208,74.30708,5.84,330.09,30.0,2026-08-20T08:39:00Z,N20
FIRMS_00FE3530,29.42752,71.11713,1.45,331.56,30.0,2026-08-20T08:39:00Z,N20
FIRMS_36396BEC,29.55018,71.79934,7.13,334.32,60.0,2026-08-20T08:39:00Z,N20
FIRMS_7A230A38,29.55079,71.8044,6.16,336.24,60.0,2026-08-20T08:39:00Z,N20
FIRMS_F532DD23,30.38646,73.2559,2.39,336.6,60.0,2026-08-20T08:39:00Z,N20
FIRMS_C16854E5,23.50349,87.32597,3.33,308.31,60.0,2026-08-20T19:23:00Z,N20
FIRMS_E42F40D1,23.55093,87.24238,2.87,317.38,60.0,2026-08-20T19:23:00Z,N20
FIRMS_71E05714,23.56105,87.23804,3.32,308.38,60.0,2026-08-20T19:23:00Z,N20
FIRMS_8BFCF969,23.56148,87.23978,2.61,307.52,60.0,2026-08-20T19:23:00Z,N20
FIRMS_1C176478,23.56301,87.08428,1.08,303.06,60.0,2026-08-20T19:23:00Z,N20
FIRMS_F1C7E315,23.64802,85.43788,1.71,324.05,60.0,2026-08-20T19:23:00Z,N20
FIRMS_81EC9C3B,23.64835,85.43425,1.71,310.77,60.0,2026-08-20T19:23:00Z,N20
FIRMS_7605E1BB,23.65019,85.43918,2.15,324.83,60.0,2026-08-20T19:23:00Z,N20
FIRMS_37384DA3,23.65054,85.43557,2.15,314.67,60.0,2026-08-20T19:23:00Z,N20
FIRMS_2B16DD52,23.65808,85.50532,0.59,300.06,60.0,2026-08-20T19:23:00Z,N20
FIRMS_ECC9512B,23.6622,87.15623,2.8,310.78,60.0,2026-08-20T19:23:00Z,N20
FIRMS_B28A418B,23.66463,84.99976,1.03,307.31,60.0,2026-08-20T19:23:00Z,N20
FIRMS_89999ECD,23.67049,84.99657,1.03,305.79,60.0,2026-08-20T19:23:00Z,N20
FIRMS_506F1425,23.6707,84.99498,0.93,307.3,60.0,2026-08-20T19:23:00Z,N20
FIRMS_11EE088A,23.67353,86.11418,1.21,315.17,60.0,2026-08-20T19:23:00Z,N20
FIRMS_66F6A43C,23.67652,86.08445,2.58,310.09,60.0,2026-08-20T19:23:00Z,N20
FIRMS_464FC1B3,23.67785,86.0712,0.74,305.14,60.0,2026-08-20T19:23:00Z,N20
FIRMS_1AF230A1,23.67882,86.0854,3.31,310.11,60.0,2026-08-20T19:23:00Z,N20
FIRMS_8DA93BE3,23.67969,86.39977,1.8,311.24,60.0,2026-08-20T19:23:00Z,N20
FIRMS_7A6EF494,23.67999,86.39662,1.83,313.66,60.0,2026-08-20T19:23:00Z,N20
FIRMS_4E13FD2D,23.68038,86.0688,1.4,303.18,60.0,2026-08-20T19:23:00Z,N20
FIRMS_920D38E1,23.68066,86.09496,1.34,313.73,60.0,2026-08-20T19:23:00Z,N20
FIRMS_EC066E54,23.681,86.09164,1.34,306.58,60.0,2026-08-20T19:23:00Z,N20
FIRMS_7EA3E2DD,23.682,86.08169,1.24,305.22,60.0,2026-08-20T19:23:00Z,N20
FIRMS_084FFCAA,23.68304,86.09592,2.0,304.76,60.0,2026-08-20T19:23:00Z,N20
FIRMS_38A3E3ED,23.68335,86.0926,2.0,316.53,60.0,2026-08-20T19:23:00Z,N20
FIRMS_251D067C,23.68398,87.12962,0.58,301.02,60.0,2026-08-20T19:23:00Z,N20
FIRMS_94A2A02E,23.68428,86.08263,2.63,314.32,60.0,2026-08-20T19:23:00Z,N20
FIRMS_9EF157E5,23.68534,86.39413,1.83,313.52,60.0,2026-08-20T19:23:00Z,N20
FIRMS_B9B62E93,23.68566,86.39085,1.82,311.86,60.0,2026-08-20T19:23:00Z,N20
FIRMS_223DFA5D,23.68715,86.08223,0.85,309.67,60.0,2026-08-20T19:23:00Z,N20
FIRMS_5FDCA2E3,23.68993,87.11884,2.71,307.32,60.0,2026-08-20T19:23:00Z,N20
FIRMS_BA003CB7,23.69046,87.1196,2.91,308.55,60.0,2026-08-20T19:23:00Z,N20
FIRMS_2ED252E8,23.69101,86.38829,1.89,322.7,60.0,2026-08-20T19:23:00Z,N20
FIRMS_9E9BD81D,23.69474,87.11948,3.13,307.93,60.0,2026-08-20T19:23:00Z,N20
FIRMS_E2BF3162,23.69527,87.12024,3.67,308.66,60.0,2026-08-20T19:23:00Z,N20
FIRMS_936ADDC8,23.69531,87.11382,1.59,304.39,60.0,2026-08-20T19:23:00Z,N20
FIRMS_4B663FEF,23.69589,87.10812,1.59,307.9,60.0,2026-08-20T19:23:00Z,N20
FIRMS_F2E0FA0E,23.69801,85.366,0.31,296.73,60.0,2026-08-20T19:23:00Z,N20
FIRMS_7A31E9D0,23.7105,86.44865,0.83,304.96,60.0,2026-08-20T19:23:00Z,N20
FIRMS_562DEE9D,23.71304,86.42333,1.29,308.81,60.0,2026-08-20T19:23:00Z,N20
FIRMS_B0C54DD4,23.7152,86.4525,1.07,314.34,60.0,2026-08-20T19:23:00Z,N20
FIRMS_4D85D9F5,23.71552,86.44933,1.07,305.94,60.0,2026-08-20T19:23:00Z,N20
FIRMS_62895FEC,23.71616,86.44299,1.99,305.45,60.0,2026-08-20T19:23:00Z,N20
FIRMS_DF0BD16F,23.71838,86.42081,1.02,310.37,60.0,2026-08-20T19:23:00Z,N20
FIRMS_A72287EF,23.7215,86.44048,1.82,306.23,60.0,2026-08-20T19:23:00Z,N20
FIRMS_92034381,23.72341,86.42146,1.02,305.21,60.0,2026-08-20T19:23:00Z,N20
FIRMS_E586889C,23.72652,86.44112,1.49,306.92,60.0,2026-08-20T19:23:00Z,N20
FIRMS_7B5681E0,23.73754,86.43292,3.64,331.81,60.0,2026-08-20T19:23:00Z,N20
FIRMS_35061BCB,23.73785,86.42977,1.76,305.94,60.0,2026-08-20T19:23:00Z,N20
FIRMS_D915CDAA,23.74441,85.50506,0.41,302.23,60.0,2026-08-20T19:23:00Z,N20
FIRMS_9ED7F899,23.7492,86.41847,1.02,304.39,60.0,2026-08-20T19:23:00Z,N20
FIRMS_C09F4C28,23.75368,86.41745,1.64,310.67,60.0,2026-08-20T19:23:00Z,N20
FIRMS_617447DA,23.75455,86.41599,1.02,312.07,60.0,2026-08-20T19:23:00Z,N20
FIRMS_389FB886,23.75582,86.395,1.49,309.07,60.0,2026-08-20T19:23:00Z,N20
FIRMS_F8BCD91B,23.75653,86.39675,1.41,309.74,60.0,2026-08-20T19:23:00Z,N20
FIRMS_B0C4DCEC,23.75686,86.39356,0.75,305.28,60.0,2026-08-20T19:23:00Z,N20
FIRMS_BFA7956F,23.76024,86.40215,2.3,311.01,60.0,2026-08-20T19:23:00Z,N20
FIRMS_8C98275B,23.76055,86.39892,1.49,317.79,60.0,2026-08-20T19:23:00Z,N20
FIRMS_DA87A27A,23.7609,86.40388,2.4,311.13,60.0,2026-08-20T19:23:00Z,N20
FIRMS_7CD8BE6E,23.76123,86.40065,2.07,315.37,60.0,2026-08-20T19:23:00Z,N20
FIRMS_5D8210C9,23.76497,86.40604,1.68,316.25,60.0,2026-08-20T19:23:00Z,N20
FIRMS_57470B54,23.76528,86.40279,1.68,322.87,60.0,2026-08-20T19:23:00Z,N20
FIRMS_A1EAECB5,23.76559,86.39957,2.87,304.72,60.0,2026-08-20T19:23:00Z,N20
FIRMS_22A2784F,23.76594,86.40452,2.4,331.77,60.0,2026-08-20T19:23:00Z,N20
FIRMS_FD1B6463,23.7662,86.39318,1.03,306.01,60.0,2026-08-20T19:23:00Z,N20
FIRMS_EDFBDE59,23.76627,86.40129,2.07,312.34,60.0,2026-08-20T19:23:00Z,N20
FIRMS_0DDC829B,23.76651,86.39001,1.03,306.97,60.0,2026-08-20T19:23:00Z,N20
FIRMS_03399874,23.76726,86.39173,2.0,306.31,60.0,2026-08-20T19:23:00Z,N20
FIRMS_040E8A64,23.77032,86.40342,1.68,316.13,60.0,2026-08-20T19:23:00Z,N20
FIRMS_2B61D116,23.774,86.36514,1.98,319.32,60.0,2026-08-20T19:23:00Z,N20
FIRMS_E7CA7EF7,23.77431,86.36192,1.51,310.16,60.0,2026-08-20T19:23:00Z,N20
FIRMS_8449EC7D,23.77616,85.99555,1.73,311.53,60.0,2026-08-20T19:23:00Z,N20
FIRMS_452AC718,23.77689,86.38827,1.56,321.22,60.0,2026-08-20T19:23:00Z,N20
FIRMS_F48FE7A5,23.7772,86.38509,1.56,312.07,60.0,2026-08-20T19:23:00Z,N20
FIRMS_8757CFC2,23.78092,86.34646,0.66,307.39,60.0,2026-08-20T19:23:00Z,N20
FIRMS_CB67693B,23.78163,86.39211,1.87,307.42,60.0,2026-08-20T19:23:00Z,N20
FIRMS_92CA0F05,23.78193,86.38895,1.56,322.21,60.0,2026-08-20T19:23:00Z,N20
FIRMS_4DB29053,23.79578,86.35166,1.34,314.03,60.0,2026-08-20T19:23:00Z,N20
FIRMS_0C5CA755,23.79609,86.34841,1.34,309.63,60.0,2026-08-20T19:23:00Z,N20
FIRMS_AEDAFB16,23.80115,86.34909,1.04,306.33,60.0,2026-08-20T19:23:00Z,N20
FIRMS_146232E8,23.80302,86.32994,3.2,330.01,60.0,2026-08-20T19:23:00Z,N20
FIRMS_FD75ED9D,23.80333,86.32668,1.58,304.86,60.0,2026-08-20T19:23:00Z,N20
FIRMS_C22FA920,23.80366,86.32339,1.58,314.84,60.0,2026-08-20T19:23:00Z,N20
FIRMS_9CB9492C,23.8237,84.57314,1.0,308.88,60.0,2026-08-20T19:23:00Z,N20
FIRMS_4E5A4EDE,23.82405,84.56894,1.0,303.8,60.0,2026-08-20T19:23:00Z,N20
FIRMS_FAABE006,23.8264,84.57446,1.88,303.91,60.0,2026-08-20T19:23:00Z,N20
FIRMS_FFFEC96D,23.82678,84.57025,1.88,314.18,60.0,2026-08-20T19:23:00Z,N20
FIRMS_B38F27DF,23.82936,84.57385,1.0,303.92,60.0,2026-08-20T19:23:00Z,N20
FIRMS_5870B1A2,23.82971,84.56965,1.0,305.91,60.0,2026-08-20T19:23:00Z,N20
FIRMS_C7769B9A,24.11533,86.85748,3.36,308.51,60.0,2026-08-20T19:23:00Z,N20
FIRMS_84EF4727,27.37876,95.0898,2.03,311.58,60.0,2026-08-20T19:23:00Z,N20
FIRMS_AEA7202B,27.37922,95.33605,2.32,314.35,60.0,2026-08-20T19:23:00Z,N20
FIRMS_83A6A4E4,21.75551,84.02298,2.89,307.28,60.0,2026-08-20T19:25:00Z,N20
FIRMS_C0C248A8,21.75726,84.02222,2.91,306.22,60.0,2026-08-20T19:25:00Z,N20
FIRMS_29E2BE1A,21.76537,85.57951,0.27,300.29,60.0,2026-08-20T19:25:00Z,N20
FIRMS_33044585,21.9578,83.80929,1.43,296.81,60.0,2026-08-20T19:25:00Z,N20
FIRMS_A139B715,14.82725,79.30776,7.02,303.63,60.0,2026-08-20T19:28:00Z,N20
FIRMS_BE5299F7,14.82782,79.30177,8.66,314.69,60.0,2026-08-20T19:28:00Z,N20
FIRMS_60C133E4,14.8294,79.30762,4.55,307.16,60.0,2026-08-20T19:28:00Z,N20
FIRMS_397B6241,14.83003,79.30145,4.55,306.86,60.0,2026-08-20T19:28:00Z,N20
FIRMS_FE3100F0,6.88168,81.53056,1.93,316.47,60.0,2026-08-20T19:30:00Z,N20
FIRMS_0015C5DF,6.91453,81.5808,0.49,296.73,60.0,2026-08-20T19:30:00Z,N20
FIRMS_A18FED0E,6.92008,81.5817,1.16,315.06,60.0,2026-08-20T19:30:00Z,N20
FIRMS_8F58AE86,6.92059,81.57804,1.16,313.98,60.0,2026-08-20T19:30:00Z,N20
FIRMS_3521A817,33.27534,72.14343,1.94,303.38,60.0,2026-08-20T21:01:00Z,N20
FIRMS_D167192E,25.94392,72.19305,1.41,308.63,60.0,2026-08-20T21:04:00Z,N20
FIRMS_CD7A83AA,26.87785,73.51696,1.67,306.36,60.0,2026-08-20T21:04:00Z,N20
FIRMS_EEE32343,26.92761,73.46851,1.38,305.3,60.0,2026-08-20T21:04:00Z,N20
FIRMS_7F81AC2D,27.28837,73.83765,1.14,305.67,60.0,2026-08-20T21:04:00Z,N20
FIRMS_3432B9F7,28.42563,69.70201,4.73,324.52,60.0,2026-08-20T21:04:00Z,N20
FIRMS_B333719F,28.74485,76.92733,3.42,310.37,60.0,2026-08-20T21:04:00Z,N20
FIRMS_7C884F4D,29.45761,76.86263,4.13,303.86,60.0,2026-08-20T21:04:00Z,N20
FIRMS_26254257,29.46148,76.86364,2.35,305.65,60.0,2026-08-20T21:04:00Z,N20
FIRMS_EA0FBA81,29.90844,74.95241,2.52,316.28,60.0,2026-08-20T21:04:00Z,N20
FIRMS_75C10231,29.90928,74.94781,2.52,321.89,60.0,2026-08-20T21:04:00Z,N20
FIRMS_64484C06,29.91172,74.95081,4.24,329.68,60.0,2026-08-20T21:04:00Z,N20
FIRMS_DDBC1871,32.10254,74.17455,2.69,305.06,60.0,2026-08-20T21:04:00Z,N20
FIRMS_8B4BA15A,32.28942,70.73875,2.66,314.17,60.0,2026-08-20T21:04:00Z,N20
FIRMS_92C11A51,32.29399,70.731,2.85,314.09,60.0,2026-08-20T21:04:00Z,N20
FIRMS_0C8A8038,32.57553,72.56419,2.2,311.4,60.0,2026-08-20T21:04:00Z,N20
FIRMS_71EB4647,32.57618,72.56014,1.61,309.79,60.0,2026-08-20T21:04:00Z,N20
FIRMS_40979018,19.07515,73.13273,3.38,306.98,60.0,2026-08-20T21:06:00Z,N20
FIRMS_260A9ED0,19.80188,78.86395,0.61,302.98,60.0,2026-08-20T21:06:00Z,N20
FIRMS_7D256039,19.80504,78.86545,0.61,303.93,60.0,2026-08-20T21:06:00Z,N20
FIRMS_261836EE,11.60833,77.55147,1.03,297.2,60.0,2026-08-20T21:08:00Z,N20
FIRMS_84D0D5A0,12.66981,76.85625,0.44,299.97,60.0,2026-08-20T21:08:00Z,N20
FIRMS_86CDFAC5,12.86719,78.89952,1.19,305.3,60.0,2026-08-20T21:08:00Z,N20
FIRMS_E57D0963,12.86819,78.8947,1.19,305.74,60.0,2026-08-20T21:08:00Z,N20
FIRMS_E52B04D6,15.13766,76.71173,0.52,301.79,60.0,2026-08-20T21:08:00Z,N20
FIRMS_49285C2C,15.13828,76.70865,0.52,305.75,60.0,2026-08-20T21:08:00Z,N20
FIRMS_1307ABA0,15.16292,76.37949,1.52,322.52,60.0,2026-08-20T21:08:00Z,N20
FIRMS_AC557C00,15.16786,76.38057,1.52,309.06,60.0,2026-08-20T21:08:00Z,N20
FIRMS_9CCB65F2,15.17281,76.38165,0.64,299.71,60.0,2026-08-20T21:08:00Z,N20
FIRMS_A147D2FC,15.17664,76.67516,1.09,304.87,60.0,2026-08-20T21:08:00Z,N20
FIRMS_C2A6A69B,15.17791,77.10345,0.39,301.74,60.0,2026-08-20T21:08:00Z,N20
FIRMS_FA7F4F67,15.18032,76.65672,1.33,302.56,60.0,2026-08-20T21:08:00Z,N20
FIRMS_450E351C,15.1829,76.67016,0.72,303.73,60.0,2026-08-20T21:08:00Z,N20
FIRMS_63E381D9,15.18351,76.66707,0.72,308.7,60.0,2026-08-20T21:08:00Z,N20
FIRMS_B586CAEB,15.18593,76.31431,0.7,311.46,60.0,2026-08-20T21:08:00Z,N20
FIRMS_3DD9D5DB,6.66432,80.97282,4.8,334.54,60.0,2026-08-21T08:13:00Z,N20
FIRMS_2B214F60,6.76112,81.5901,3.85,333.19,60.0,2026-08-21T08:13:00Z,N20
FIRMS_979D3CEF,6.82194,81.49696,7.23,341.0,60.0,2026-08-21T08:13:00Z,N20
FIRMS_19F6C73E,6.82281,81.49589,5.94,338.35,60.0,2026-08-21T08:13:00Z,N20
FIRMS_7C1811B5,6.85206,81.71836,12.64,349.13,60.0,2026-08-21T08:13:00Z,N20
FIRMS_994646C2,6.85354,81.71932,8.8,336.63,60.0,2026-08-21T08:13:00Z,N20
FIRMS_B8EA67ED,6.90773,81.61995,3.41,332.37,60.0,2026-08-21T08:13:00Z,N20
FIRMS_77C322DB,7.37495,81.18729,5.78,336.8,60.0,2026-08-21T08:13:00Z,N20
FIRMS_296A0EC7,7.37558,81.1916,5.78,338.32,60.0,2026-08-21T08:13:00Z,N20
FIRMS_B8C49FEE,7.38919,81.10665,3.31,336.28,60.0,2026-08-21T08:13:00Z,N20
FIRMS_4C97531F,7.3916,81.09778,7.0,353.09,60.0,2026-08-21T08:13:00Z,N20
FIRMS_3C77E75F,7.39221,81.10189,7.0,346.18,60.0,2026-08-21T08:13:00Z,N20
FIRMS_612D65B3,7.39523,81.09719,10.58,353.48,60.0,2026-08-21T08:13:00Z,N20
FIRMS_41D138E4,7.40406,81.28443,10.23,340.17,60.0,2026-08-21T08:13:00Z,N20
FIRMS_642D5A36,7.40781,81.18256,5.64,337.23,60.0,2026-08-21T08:13:00Z,N20
FIRMS_8A27A315,7.44756,81.2253,5.6,339.04,60.0,2026-08-21T08:13:00Z,N20
FIRMS_DADDDB29,7.45122,81.22476,5.6,342.46,60.0,2026-08-21T08:13:00Z,N20
FIRMS_14820701,7.45488,81.22421,3.92,336.75,60.0,2026-08-21T08:13:00Z,N20
FIRMS_148D95EA,7.50956,81.69228,8.53,341.35,60.0,2026-08-21T08:13:00Z,N20
FIRMS_78D0461B,7.51023,81.6927,8.8,345.53,60.0,2026-08-21T08:13:00Z,N20
FIRMS_9F2A539B,7.51204,81.6784,2.09,336.88,60.0,2026-08-21T08:13:00Z,N20
FIRMS_58412213,7.51666,81.23746,7.23,345.6,60.0,2026-08-21T08:13:00Z,N20
FIRMS_57D92E4F,7.72017,81.25028,13.47,339.08,60.0,2026-08-21T08:13:00Z,N20
FIRMS_3CDF618F,7.74478,81.36761,4.24,332.56,60.0,2026-08-21T08:13:00Z,N20
FIRMS_127FBF9D,7.77222,80.17418,3.55,335.54,60.0,2026-08-21T08:13:00Z,N20
FIRMS_94D3407D,7.77666,81.15051,4.91,333.62,60.0,2026-08-21T08:13:00Z,N20
FIRMS_64F49AD6,7.808,81.36939,5.13,339.17,60.0,2026-08-21T08:13:00Z,N20
FIRMS_7B0B3220,7.8117,81.36887,5.13,346.26,60.0,2026-08-21T08:13:00Z,N20
FIRMS_F0389B40,7.81234,81.37331,5.13,339.74,60.0,2026-08-21T08:13:00Z,N20
FIRMS_512EB242,7.85308,80.70116,5.01,335.43,60.0,2026-08-21T08:13:00Z,N20
FIRMS_709B19DD,7.86598,80.56587,1.63,330.58,60.0,2026-08-21T08:13:00Z,N20
FIRMS_B7BA36C1,7.87032,81.43333,3.94,338.56,60.0,2026-08-21T08:13:00Z,N20
FIRMS_6836D7C7,7.87315,80.58971,2.8,334.51,60.0,2026-08-21T08:13:00Z,N20
FIRMS_AD9FA3AD,7.88406,80.24549,3.73,334.42,60.0,2026-08-21T08:13:00Z,N20
FIRMS_D28AC49F,7.89445,80.31647,2.84,335.72,60.0,2026-08-21T08:13:00Z,N20
FIRMS_7A35C9E8,7.89662,81.28555,3.46,339.3,60.0,2026-08-21T08:13:00Z,N20
FIRMS_65ECFA21,7.90851,81.15897,3.92,331.23,30.0,2026-08-21T08:13:00Z,N20
FIRMS_F46780BF,7.99478,81.2407,3.7,336.01,60.0,2026-08-21T08:13:00Z,N20
FIRMS_D0F0953E,8.07808,80.08973,2.81,333.37,60.0,2026-08-21T08:13:00Z,N20
FIRMS_BD8DB8E9,8.07865,80.09361,2.81,332.01,60.0,2026-08-21T08:13:00Z,N20
FIRMS_235D01C3,8.10055,80.19431,4.94,335.12,60.0,2026-08-21T08:13:00Z,N20
FIRMS_E4E35002,8.11284,81.10007,9.21,340.12,60.0,2026-08-21T08:13:00Z,N20
FIRMS_AB8C3A9F,8.12287,80.5965,3.28,332.75,30.0,2026-08-21T08:13:00Z,N20
FIRMS_783F64C3,8.20705,80.67249,3.61,340.17,60.0,2026-08-21T08:13:00Z,N20
FIRMS_4292BAC9,8.39517,80.8047,10.23,349.18,60.0,2026-08-21T08:13:00Z,N20
FIRMS_50F353AA,8.3988,80.80419,11.72,342.51,60.0,2026-08-21T08:13:00Z,N20
FIRMS_2137B63A,8.43262,80.34088,3.93,335.35,60.0,2026-08-21T08:13:00Z,N20
FIRMS_15A4DAE5,8.4493,80.76242,3.74,332.47,60.0,2026-08-21T08:13:00Z,N20
FIRMS_CBE569B8,8.44989,80.76654,3.74,333.99,60.0,2026-08-21T08:13:00Z,N20
FIRMS_E74FED9D,8.45238,80.7664,4.72,334.76,60.0,2026-08-21T08:13:00Z,N20
FIRMS_E5F37B10,8.456,80.76593,4.72,340.69,60.0,2026-08-21T08:13:00Z,N20
FIRMS_C3D76B28,8.45714,80.76562,3.68,339.86,60.0,2026-08-21T08:13:00Z,N20
FIRMS_71FFFFB5,8.48849,80.77829,3.8,334.68,60.0,2026-08-21T08:13:00Z,N20
FIRMS_C5AABF69,8.49457,80.82062,4.16,335.05,60.0,2026-08-21T08:13:00Z,N20
FIRMS_8E598FFC,8.50357,80.40482,3.2,330.2,60.0,2026-08-21T08:13:00Z,N20
FIRMS_2AD37E1A,8.55501,80.71803,6.75,340.63,60.0,2026-08-21T08:13:00Z,N20
FIRMS_A00A6E4F,8.55702,80.71672,5.02,335.24,60.0,2026-08-21T08:13:00Z,N20
FIRMS_146EC639,8.5601,80.39727,3.27,331.08,60.0,2026-08-21T08:13:00Z,N20
FIRMS_64159F94,8.57728,80.39062,2.58,334.26,60.0,2026-08-21T08:13:00Z,N20
FIRMS_9E007B5B,8.58448,80.66669,3.07,334.56,60.0,2026-08-21T08:13:00Z,N20
FIRMS_51831F80,8.5921,80.41743,5.47,335.39,60.0,2026-08-21T08:13:00Z,N20
FIRMS_48E6CF76,8.62151,80.56802,5.67,333.46,60.0,2026-08-21T08:13:00Z,N20
FIRMS_758975A0,8.62816,80.42091,3.55,336.43,60.0,2026-08-21T08:13:00Z,N20
FIRMS_B0BB5435,8.6327,80.50378,10.29,340.13,60.0,2026-08-21T08:13:00Z,N20
FIRMS_1FEA063B,8.63388,80.50316,9.4,341.24,60.0,2026-08-21T08:13:00Z,N20
FIRMS_2DA69BDD,8.63436,80.88433,3.77,331.48,60.0,2026-08-21T08:13:00Z,N20
FIRMS_48565A22,8.63498,80.88863,3.77,331.47,60.0,2026-08-21T08:13:00Z,N20
FIRMS_2CB2C209,8.64303,80.39797,6.64,345.49,60.0,2026-08-21T08:13:00Z,N20
FIRMS_60D15192,8.64583,80.86079,3.13,330.48,60.0,2026-08-21T08:13:00Z,N20
FIRMS_389D6D57,8.64849,80.93053,4.5,335.51,60.0,2026-08-21T08:13:00Z,N20
FIRMS_A6CD41DA,8.65015,80.39697,14.24,349.14,60.0,2026-08-21T08:13:00Z,N20
FIRMS_6421BA10,8.65934,80.75034,8.34,336.51,60.0,2026-08-21T08:13:00Z,N20
FIRMS_D19ED1A6,8.67372,80.8481,5.05,336.86,60.0,2026-08-21T08:13:00Z,N20
FIRMS_EC0BC5BF,8.6787,78.06282,2.79,340.22,60.0,2026-08-21T08:13:00Z,N20
FIRMS_1006D0EF,8.69668,80.87614,12.49,336.78,60.0,2026-08-21T08:13:00Z,N20
FIRMS_7EA54604,8.73579,80.70982,3.67,334.74,60.0,2026-08-21T08:13:00Z,N20
FIRMS_CC905E04,8.7748,80.40866,4.07,338.21,60.0,2026-08-21T08:13:00Z,N20
FIRMS_8C84B87B,8.77769,80.89527,5.52,336.49,60.0,2026-08-21T08:13:00Z,N20
FIRMS_47750D93,8.81027,80.05561,3.93,338.75,60.0,2026-08-21T08:13:00Z,N20
FIRMS_C0EC31E0,8.81707,80.9616,2.87,330.46,60.0,2026-08-21T08:13:00Z,N20
FIRMS_641C2A84,8.82792,80.85413,34.32,346.27,60.0,2026-08-21T08:13:00Z,N20
FIRMS_20D026B9,8.83919,80.43325,4.39,336.79,60.0,2026-08-21T08:13:00Z,N20
FIRMS_F8F8F7A7,8.84024,80.43268,2.76,335.06,60.0,2026-08-21T08:13:00Z,N20
FIRMS_70D5CBC1,8.84226,81.00699,5.59,336.37,60.0,2026-08-21T08:13:00Z,N20
FIRMS_D3D825E9,9.24923,80.27115,6.26,337.79,60.0,2026-08-21T08:13:00Z,N20
FIRMS_2841ECC2,9.24991,80.27066,6.57,335.37,60.0,2026-08-21T08:13:00Z,N20
FIRMS_5A85D35C,9.3411,78.81241,6.08,343.64,60.0,2026-08-21T08:13:00Z,N20
FIRMS_D8C6A9E0,9.34447,78.8119,6.08,345.55,60.0,2026-08-21T08:13:00Z,N20
FIRMS_8EE9BCFD,9.36532,78.66089,6.32,339.1,60.0,2026-08-21T08:13:00Z,N20
FIRMS_3F31A9C9,9.36586,78.66449,6.32,340.59,60.0,2026-08-21T08:13:00Z,N20
FIRMS_EABE05BE,9.39964,78.7998,1.97,334.22,30.0,2026-08-21T08:13:00Z,N20
FIRMS_5CDCC8EF,9.46058,77.93517,3.24,338.91,60.0,2026-08-21T08:13:00Z,N20
FIRMS_5E175235,9.46111,77.93867,3.24,345.08,60.0,2026-08-21T08:13:00Z,N20
FIRMS_2406D2C8,9.55428,78.28836,8.67,348.21,60.0,2026-08-21T08:13:00Z,N20
FIRMS_9F601CA8,9.56629,78.77435,5.18,335.88,60.0,2026-08-21T08:13:00Z,N20
FIRMS_665DF97C,9.57466,78.31066,4.64,340.16,60.0,2026-08-21T08:13:00Z,N20
FIRMS_D8E5F188,9.57572,78.31776,5.01,338.87,60.0,2026-08-21T08:13:00Z,N20
FIRMS_1B05D995,9.57799,78.31016,4.79,340.05,60.0,2026-08-21T08:13:00Z,N20
FIRMS_B76D05C8,9.63681,77.75274,7.12,340.17,30.0,2026-08-21T08:13:00Z,N20
FIRMS_E29C6E82,9.63787,80.28299,4.24,334.96,60.0,2026-08-21T08:13:00Z,N20
FIRMS_30F760F4,9.6873,78.11195,1.97,334.47,30.0,2026-08-21T08:13:00Z,N20
FIRMS_AC548935,9.78254,80.18781,3.21,330.27,60.0,2026-08-21T08:13:00Z,N20
FIRMS_54062E28,9.83491,78.12406,2.45,330.57,30.0,2026-08-21T08:13:00Z,N20
FIRMS_8D92C464,9.91944,78.34734,3.79,343.05,60.0,2026-08-21T08:13:00Z,N20
FIRMS_965A06A5,9.91187,77.39479,1.93,333.92,60.0,2026-08-21T08:16:00Z,N20
FIRMS_60C83F26,9.91726,77.88062,4.56,340.62,60.0,2026-08-21T08:16:00Z,N20
FIRMS_AEB49501,9.94108,77.94887,3.52,338.99,60.0,2026-08-21T08:16:00Z,N20
FIRMS_F5281352,10.00594,78.04284,1.0,331.05,60.0,2026-08-21T08:16:00Z,N20
FIRMS_5F28B0E6,10.04691,77.9536,6.6,333.39,30.0,2026-08-21T08:16:00Z,N20
FIRMS_9C2BBC07,10.0497,77.94958,6.6,347.7,60.0,2026-08-21T08:16:00Z,N20
FIRMS_A3A85EBE,10.05023,77.95309,6.6,347.01,60.0,2026-08-21T08:16:00Z,N20
FIRMS_A8DCC728,10.40083,77.59858,2.3,336.57,60.0,2026-08-21T08:16:00Z,N20
FIRMS_4DDE3E37,10.40833,77.98684,3.38,340.67,60.0,2026-08-21T08:16:00Z,N20
FIRMS_1CA3B3D2,10.42592,77.87876,7.37,341.73,60.0,2026-08-21T08:16:00Z,N20
FIRMS_8CA38D07,10.8054,77.76113,4.65,340.48,60.0,2026-08-21T08:16:00Z,N20
FIRMS_B01F66DF,10.82362,78.51756,2.64,333.02,30.0,2026-08-21T08:16:00Z,N20
FIRMS_6EA33A5B,10.8357,78.05394,4.7,340.99,30.0,2026-08-21T08:16:00Z,N20
FIRMS_40B75E88,10.84437,78.89214,1.88,337.08,60.0,2026-08-21T08:16:00Z,N20
FIRMS_A614F42B,10.86226,78.60471,5.59,335.58,30.0,2026-08-21T08:16:00Z,N20
FIRMS_5247B2FE,10.8966,78.69748,3.04,336.22,30.0,2026-08-21T08:16:00Z,N20
FIRMS_BA05207E,10.90676,78.79072,3.79,337.1,30.0,2026-08-21T08:16:00Z,N20
FIRMS_7D69CCC4,11.04524,77.91196,4.75,345.73,60.0,2026-08-21T08:16:00Z,N20
FIRMS_FCD16FE8,11.10533,78.88292,1.82,337.62,60.0,2026-08-21T08:16:00Z,N20
FIRMS_A510EA68,11.10569,78.88302,3.81,340.59,60.0,2026-08-21T08:16:00Z,N20
FIRMS_36670ED7,11.10589,78.88667,1.82,338.26,60.0,2026-08-21T08:16:00Z,N20
FIRMS_A89836CA,11.1194,78.69011,7.32,339.67,60.0,2026-08-21T08:16:00Z,N20
FIRMS_CBF72CD6,11.17897,76.86507,3.47,331.84,30.0,2026-08-21T08:16:00Z,N20
FIRMS_3593539B,11.21367,77.60988,4.34,338.37,30.0,2026-08-21T08:16:00Z,N20
FIRMS_4CED7D7C,11.25254,77.55219,4.97,338.94,60.0,2026-08-21T08:16:00Z,N20
FIRMS_13F218FF,11.34971,77.56582,2.44,335.42,60.0,2026-08-21T08:16:00Z,N20
FIRMS_57B8677F,11.42352,77.76451,3.96,339.77,60.0,2026-08-21T08:16:00Z,N20
FIRMS_729A5B87,11.42366,77.74271,3.7,337.5,30.0,2026-08-21T08:16:00Z,N20
FIRMS_D3CC79B3,11.52446,77.66854,5.77,337.79,60.0,2026-08-21T08:16:00Z,N20
FIRMS_FA32B442,11.52499,77.67209,5.68,339.7,60.0,2026-08-21T08:16:00Z,N20
FIRMS_2487F94B,11.71043,79.12439,8.99,333.44,60.0,2026-08-21T08:16:00Z,N20
FIRMS_E686697F,11.71099,79.12828,30.85,348.21,60.0,2026-08-21T08:16:00Z,N20
FIRMS_4E8CE792,11.81027,77.92296,3.37,343.83,60.0,2026-08-21T08:16:00Z,N20
FIRMS_A08D0605,12.05095,79.61237,5.05,343.91,60.0,2026-08-21T08:16:00Z,N20
FIRMS_A43C172A,12.31031,78.07397,2.61,331.42,60.0,2026-08-21T08:16:00Z,N20
FIRMS_4E7FB43F,12.72135,79.78169,3.63,335.43,60.0,2026-08-21T08:16:00Z,N20
FIRMS_240EB977,12.79142,79.90376,2.83,332.75,60.0,2026-08-21T08:16:00Z,N20
FIRMS_9180118B,12.85799,79.29736,3.16,334.29,60.0,2026-08-21T08:16:00Z,N20
FIRMS_665985D9,12.86152,79.29686,8.07,336.55,60.0,2026-08-21T08:16:00Z,N20
FIRMS_8339D8C5,13.09303,77.44754,2.67,334.14,60.0,2026-08-21T08:16:00Z,N20
FIRMS_297E9E35,13.26471,77.34718,19.62,341.7,60.0,2026-08-21T08:16:00Z,N20
FIRMS_10B2F788,14.52269,77.43584,4.98,335.59,60.0,2026-08-21T08:16:00Z,N20
FIRMS_4DC1117E,14.60375,79.65997,5.52,333.91,60.0,2026-08-21T08:16:00Z,N20
FIRMS_1E6AC1B3,14.68298,79.69458,6.93,344.78,60.0,2026-08-21T08:16:00Z,N20
FIRMS_A32A428B,14.68322,79.69376,7.5,341.06,60.0,2026-08-21T08:16:00Z,N20
FIRMS_9078F996,14.68579,79.73881,2.18,336.96,60.0,2026-08-21T08:16:00Z,N20
FIRMS_9576AE4A,14.72149,79.72996,3.0,336.1,60.0,2026-08-21T08:16:00Z,N20
FIRMS_E586761F,14.72931,79.92735,3.95,336.28,60.0,2026-08-21T08:16:00Z,N20
FIRMS_B911367D,14.73303,79.92682,3.95,336.47,60.0,2026-08-21T08:16:00Z,N20
FIRMS_BFFEC4D5,15.10593,79.37793,16.95,341.84,60.0,2026-08-21T08:16:00Z,N20
FIRMS_0040E9C1,15.41208,79.59715,2.69,335.37,60.0,2026-08-21T08:16:00Z,N20
FIRMS_0A518DF5,15.4127,79.60164,4.21,337.37,60.0,2026-08-21T08:16:00Z,N20
FIRMS_DE7B4B9F,15.60369,77.62315,3.09,334.52,60.0,2026-08-21T08:16:00Z,N20
FIRMS_043FE29F,15.69083,79.12525,6.67,334.57,60.0,2026-08-21T08:16:00Z,N20
FIRMS_1086812B,15.76875,73.70028,115.94,253.68,30.0,2026-08-21T08:16:00Z,N20
FIRMS_54732FB9,15.76939,73.70415,115.94,207.93,30.0,2026-08-21T08:16:00Z,N20
FIRMS_6BE3351B,15.77281,73.70358,135.46,337.78,30.0,2026-08-21T08:16:00Z,N20
FIRMS_BC0E466F,15.80123,79.52772,14.67,340.5,60.0,2026-08-21T08:16:00Z,N20
FIRMS_39BC3EFE,15.94305,78.95891,4.95,332.2,30.0,2026-08-21T08:16:00Z,N20
FIRMS_DA4BF404,16.01146,80.31809,10.58,339.73,60.0,2026-08-21T08:16:00Z,N20
FIRMS_124DA356,16.04546,79.40362,4.21,338.7,60.0,2026-08-21T08:16:00Z,N20
FIRMS_8D5659D3,16.30597,78.48191,3.14,336.18,60.0,2026-08-21T08:16:00Z,N20
FIRMS_2088A15F,16.38151,78.17361,1.71,334.6,60.0,2026-08-21T08:16:00Z,N20
FIRMS_C78AC241,16.39512,78.57832,3.81,338.95,60.0,2026-08-21T08:16:00Z,N20
FIRMS_E2E55EAB,16.70696,78.27788,3.8,338.78,60.0,2026-08-21T08:16:00Z,N20
FIRMS_2867F82C,17.34807,80.77615,4.11,336.74,60.0,2026-08-21T08:16:00Z,N20
FIRMS_9524EB2E,17.61271,78.17559,1.89,330.62,60.0,2026-08-21T08:16:00Z,N20
FIRMS_937E7ACB,18.68543,73.03734,5.13,336.4,30.0,2026-08-21T08:18:00Z,N20
FIRMS_B5AB8ED9,18.68586,73.04067,11.47,338.76,60.0,2026-08-21T08:18:00Z,N20
FIRMS_7304D07A,18.68608,73.04124,5.13,335.45,60.0,2026-08-21T08:18:00Z,N20
FIRMS_0094E72B,29.56631,69.60405,17.44,335.7,30.0,2026-08-21T08:20:00Z,N20
FIRMS_5F79E619,29.82514,72.83802,3.2,344.23,60.0,2026-08-21T08:20:00Z,N20
FIRMS_F1013CAE,29.94164,72.75433,4.59,333.25,30.0,2026-08-21T08:20:00Z,N20
FIRMS_8593BD79,30.07554,72.71671,2.45,332.01,60.0,2026-08-21T08:20:00Z,N20
FIRMS_3A9BA153,30.13323,73.24683,1.56,336.12,60.0,2026-08-21T08:20:00Z,N20
FIRMS_06E48FDE,30.4856,71.85634,12.52,346.53,60.0,2026-08-21T08:20:00Z,N20
FIRMS_42C6CA6A,30.63774,73.43209,3.84,342.69,60.0,2026-08-21T08:20:00Z,N20
FIRMS_ABF0D1B5,30.64097,72.79604,2.89,334.96,60.0,2026-08-21T08:20:00Z,N20
FIRMS_F3A60D16,30.69669,73.50935,1.79,332.73,60.0,2026-08-21T08:20:00Z,N20
FIRMS_941874BF,30.70003,73.50871,6.08,345.22,60.0,2026-08-21T08:20:00Z,N20
FIRMS_CD3CD350,31.04245,72.29745,9.06,338.8,60.0,2026-08-21T08:22:00Z,N20
FIRMS_3B338070,31.39865,72.49902,4.52,344.6,60.0,2026-08-21T08:22:00Z,N20
FIRMS_A4B96C78,32.88853,71.6191,2.82,333.5,30.0,2026-08-21T08:22:00Z,N20
FIRMS_5BA08CA6,33.29505,71.18509,2.45,331.83,30.0,2026-08-21T08:22:00Z,N20
FIRMS_B20877AE,33.55928,70.22367,4.92,341.31,30.0,2026-08-21T08:22:00Z,N20
FIRMS_151C0486,34.09185,72.00816,1.45,333.88,60.0,2026-08-21T08:22:00Z,N20
FIRMS_8171032A,34.09492,72.00819,2.2,335.11,60.0,2026-08-21T08:22:00Z,N20
FIRMS_A293774B,25.54232,91.23663,0.68,300.15,60.0,2026-08-21T19:04:00Z,N20
FIRMS_0E37D8B7,22.24438,87.38752,0.61,299.85,60.0,2026-08-21T19:06:00Z,N20
FIRMS_14E6E4E2,32.08471,74.16291,2.47,309.51,60.0,2026-08-21T20:44:00Z,N20
FIRMS_FB8C1AB6,32.10429,74.17586,2.61,307.51,60.0,2026-08-21T20:44:00Z,N20
FIRMS_4FD54E90,32.57686,72.56309,2.33,314.09,60.0,2026-08-21T20:44:00Z,N20
FIRMS_6886034A,35.50665,71.27689,1.5,310.13,60.0,2026-08-21T20:44:00Z,N20
FIRMS_30C86DD4,35.62956,72.92472,2.31,309.56,60.0,2026-08-21T20:44:00Z,N20
FIRMS_6ACACEB7,35.78144,71.34359,2.89,326.32,60.0,2026-08-21T20:44:00Z,N20
FIRMS_6C52611F,35.7818,71.34015,2.89,312.43,60.0,2026-08-21T20:44:00Z,N20
FIRMS_4836EAE1,22.36782,87.30148,1.25,299.16,60.0,2026-08-21T20:46:00Z,N20
FIRMS_074C1178,22.37672,87.2793,1.69,308.26,60.0,2026-08-21T20:46:00Z,N20
FIRMS_DE222931,22.37936,87.28155,1.29,301.83,60.0,2026-08-21T20:46:00Z,N20
FIRMS_29BF6454,22.38068,87.27615,1.29,299.45,60.0,2026-08-21T20:46:00Z,N20
FIRMS_E4550B06,23.31474,70.489,2.75,305.06,60.0,2026-08-21T20:46:00Z,N20
FIRMS_072AF4E1,23.31622,70.48621,2.39,306.24,60.0,2026-08-21T20:46:00Z,N20
FIRMS_878D1976,23.66597,87.15978,1.35,298.35,60.0,2026-08-21T20:46:00Z,N20
FIRMS_AC21B9FA,23.66717,87.15483,1.35,301.16,60.0,2026-08-21T20:46:00Z,N20
FIRMS_BBA7F8F9,23.67524,86.10297,1.08,304.36,60.0,2026-08-21T20:46:00Z,N20
FIRMS_83C8F3C5,23.79865,86.35276,0.6,296.89,60.0,2026-08-21T20:46:00Z,N20
FIRMS_882CA002,23.80517,86.32483,0.59,299.37,60.0,2026-08-21T20:46:00Z,N20
FIRMS_29CB41EC,24.76429,74.6105,0.9,305.21,60.0,2026-08-21T20:46:00Z,N20
FIRMS_6DF61017,24.76488,74.60672,0.9,305.82,60.0,2026-08-21T20:46:00Z,N20
FIRMS_14010D5A,24.92892,84.14816,0.96,300.73,60.0,2026-08-21T20:46:00Z,N20
FIRMS_0C9F667E,24.93433,74.63345,1.19,309.55,60.0,2026-08-21T20:46:00Z,N20
FIRMS_99DFE5E0,26.60544,73.68332,0.72,305.83,60.0,2026-08-21T20:46:00Z,N20
FIRMS_4F891683,26.87782,73.51673,1.6,305.41,60.0,2026-08-21T20:46:00Z,N20
FIRMS_CCA2483C,27.79147,75.33251,1.11,308.88,60.0,2026-08-21T20:46:00Z,N20
FIRMS_6048C009,16.87272,80.02097,2.46,306.6,60.0,2026-08-21T20:49:00Z,N20
FIRMS_3FA2F1B8,17.29276,78.40978,0.63,307.97,60.0,2026-08-21T20:49:00Z,N20
FIRMS_A6D033D3,17.37239,77.44447,1.08,303.3,60.0,2026-08-21T20:49:00Z,N20
FIRMS_E98C65FA,8.74148,77.59866,2.36,313.01,60.0,2026-08-21T20:51:00Z,N20
FIRMS_5BB1C725,9.24611,77.32486,2.05,312.59,60.0,2026-08-21T20:51:00Z,N20
FIRMS_A8FF764C,9.25068,77.32387,2.05,328.2,60.0,2026-08-21T20:51:00Z,N20
FIRMS_EFD3E030,10.04989,77.95342,1.5,306.01,60.0,2026-08-21T20:51:00Z,N20
FIRMS_F0A183D2,10.0881,77.23328,1.44,303.94,60.0,2026-08-21T20:51:00Z,N20
FIRMS_BB3C8A33,10.09197,77.23583,1.44,313.81,60.0,2026-08-21T20:51:00Z,N20
FIRMS_4998B972,10.24284,77.21765,1.08,304.8,60.0,2026-08-21T20:51:00Z,N20
FIRMS_09B1AD6F,10.24635,77.22222,1.08,299.68,60.0,2026-08-21T20:51:00Z,N20
FIRMS_8771D15D,10.24693,77.2189,1.08,300.98,60.0,2026-08-21T20:51:00Z,N20
FIRMS_6A08319C,10.24748,77.21574,3.35,338.27,60.0,2026-08-21T20:51:00Z,N20
FIRMS_17FBA098,10.24804,77.21256,3.35,317.5,60.0,2026-08-21T20:51:00Z,N20
FIRMS_E1B5D14F,10.25036,77.22395,1.04,296.03,60.0,2026-08-21T20:51:00Z,N20
FIRMS_21F0C2A1,10.25207,77.21416,1.82,309.08,60.0,2026-08-21T20:51:00Z,N20
FIRMS_AFC195BC,15.0239,78.01542,0.69,303.84,60.0,2026-08-21T20:51:00Z,N20
FIRMS_845AF08A,15.072,76.86435,1.57,304.88,60.0,2026-08-21T20:51:00Z,N20
FIRMS_FD9FC1A3,15.13799,76.7103,0.82,303.41,60.0,2026-08-21T20:51:00Z,N20
FIRMS_FE59C101,15.16905,76.6702,1.59,304.24,60.0,2026-08-21T20:51:00Z,N20
FIRMS_3F1B27B8,15.17028,76.68485,0.55,304.26,60.0,2026-08-21T20:51:00Z,N20
FIRMS_82615A3B,15.17318,76.69025,1.05,309.94,60.0,2026-08-21T20:51:00Z,N20
FIRMS_A443D41B,15.17424,77.10195,1.03,302.77,60.0,2026-08-21T20:51:00Z,N20
FIRMS_E733EF76,15.17469,76.65448,1.16,311.08,60.0,2026-08-21T20:51:00Z,N20
FIRMS_D8AE22AD,15.17528,76.65698,3.34,318.44,60.0,2026-08-21T20:51:00Z,N20
FIRMS_884DED98,15.17567,76.67632,2.05,307.26,60.0,2026-08-21T20:51:00Z,N20
FIRMS_3C146F0B,15.17806,77.1027,1.27,300.75,60.0,2026-08-21T20:51:00Z,N20
FIRMS_41D9314F,15.17901,76.65769,2.73,314.31,60.0,2026-08-21T20:51:00Z,N20
FIRMS_F79CF337,15.17984,76.65304,2.44,303.59,60.0,2026-08-21T20:51:00Z,N20
FIRMS_A1D796E4,15.18023,76.67239,2.05,304.81,60.0,2026-08-21T20:51:00Z,N20
FIRMS_0CB07CBD,15.18107,76.66773,2.05,327.9,60.0,2026-08-21T20:51:00Z,N20
FIRMS_C5E5C138,15.1848,76.66843,1.6,312.5,60.0,2026-08-21T20:51:00Z,N20
FIRMS_C8D7C240,15.18605,76.63982,2.21,311.57,60.0,2026-08-21T20:51:00Z,N20
FIRMS_0A8E46B6,15.226,76.76328,1.85,314.41,60.0,2026-08-21T20:51:00Z,N20
FIRMS_92121FCF,15.33529,76.28797,0.81,301.39,60.0,2026-08-21T20:51:00Z,N20
FIRMS_409B28C0,15.33759,76.27462,1.74,307.51,60.0,2026-08-21T20:51:00Z,N20
FIRMS_A85E647C,15.34123,76.27532,1.74,314.56,60.0,2026-08-21T20:51:00Z,N20
FIRMS_A677F664,15.34147,76.27382,1.78,319.07,60.0,2026-08-21T20:51:00Z,N20
FIRMS_79294E3D,15.65858,73.9884,0.84,298.11,60.0,2026-08-21T20:51:00Z,N20
FIRMS_D9F529A1,25.21876,96.48211,5.9,338.9,60.0,2026-08-22T06:20:00Z,N20
FIRMS_6042B3F2,29.34966,89.29689,4.85,328.36,60.0,2026-08-22T06:20:00Z,N20
FIRMS_0E57A6A8,29.35015,89.29906,6.57,336.7,60.0,2026-08-22T06:20:00Z,N20
FIRMS_C96F6D57,6.35246,81.34572,4.29,335.61,30.0,2026-08-22T07:56:00Z,N20
FIRMS_77D95352,6.36031,81.3519,3.6,332.71,30.0,2026-08-22T07:56:00Z,N20
FIRMS_358B2FC8,6.71429,81.05537,7.71,345.54,30.0,2026-08-22T07:56:00Z,N20
FIRMS_A13CBC34,6.75315,81.36985,5.11,333.3,30.0,2026-08-22T07:56:00Z,N20
FIRMS_AD9D351A,6.75439,81.74723,5.25,331.25,30.0,2026-08-22T07:56:00Z,N20
FIRMS_2FF8D561,6.78089,81.52583,12.38,348.83,30.0,2026-08-22T07:56:00Z,N20
FIRMS_2A7FFAE6,6.86259,81.72272,7.12,337.45,30.0,2026-08-22T07:56:00Z,N20
FIRMS_93C430F2,6.91652,81.76443,3.94,339.36,60.0,2026-08-22T07:56:00Z,N20
FIRMS_D3436389,6.93095,80.96205,7.65,344.94,60.0,2026-08-22T07:56:00Z,N20
FIRMS_92D31111,7.11508,81.29052,6.09,342.74,60.0,2026-08-22T07:56:00Z,N20
FIRMS_B954E880,7.15899,81.37486,2.38,334.6,60.0,2026-08-22T07:56:00Z,N20
FIRMS_DFB16D68,7.18748,81.34443,2.99,335.13,30.0,2026-08-22T07:56:00Z,N20
FIRMS_57E86ED3,7.2369,81.44209,9.26,348.47,30.0,2026-08-22T07:56:00Z,N20
FIRMS_CBEFF420,7.32691,81.73827,3.09,330.27,30.0,2026-08-22T07:56:00Z,N20
FIRMS_A0BF3F6B,7.33014,81.75928,4.57,330.05,30.0,2026-08-22T07:56:00Z,N20
FIRMS_042F6319,7.34834,81.56927,4.66,339.39,30.0,2026-08-22T07:56:00Z,N20
FIRMS_8135AFA2,7.36662,81.57726,6.11,338.1,30.0,2026-08-22T07:56:00Z,N20
FIRMS_F534E971,7.38476,81.78277,3.85,335.96,30.0,2026-08-22T07:56:00Z,N20
FIRMS_630E3F67,7.39094,81.75674,5.92,333.55,30.0,2026-08-22T07:56:00Z,N20
FIRMS_9AF1963C,7.40637,81.06717,5.87,344.09,60.0,2026-08-22T07:56:00Z,N20
FIRMS_4E9D9FCA,7.43077,81.75056,10.07,343.3,60.0,2026-08-22T07:56:00Z,N20
FIRMS_6BB08BE9,7.44028,81.32969,3.1,339.21,60.0,2026-08-22T07:56:00Z,N20
FIRMS_6732EF7C,7.44909,81.38652,3.49,338.8,30.0,2026-08-22T07:56:00Z,N20
FIRMS_30E4F5EA,7.44964,81.39007,3.49,340.92,30.0,2026-08-22T07:56:00Z,N20
FIRMS_B10B3658,7.45298,81.38954,20.04,337.1,30.0,2026-08-22T07:56:00Z,N20
FIRMS_19705B74,7.50507,81.42064,5.05,336.06,30.0,2026-08-22T07:56:00Z,N20
FIRMS_33557C32,7.51855,81.26562,4.29,345.98,30.0,2026-08-22T07:56:00Z,N20
FIRMS_E975FF6C,7.5191,81.26919,4.29,335.82,30.0,2026-08-22T07:56:00Z,N20
FIRMS_5FF931D6,7.54812,81.25739,5.27,338.96,30.0,2026-08-22T07:56:00Z,N20
FIRMS_FBFE3138,7.57218,81.67693,4.02,335.65,60.0,2026-08-22T07:56:00Z,N20
FIRMS_3498E026,7.70696,80.76958,4.86,333.98,30.0,2026-08-22T07:56:00Z,N20
FIRMS_C57B437C,7.9789,80.26825,6.6,346.02,60.0,2026-08-22T07:56:00Z,N20
FIRMS_C81170F4,8.30642,80.83015,7.93,337.9,30.0,2026-08-22T07:56:00Z,N20
FIRMS_6D48FD04,8.33268,80.33104,4.19,331.32,30.0,2026-08-22T07:56:00Z,N20
FIRMS_C5A6F15C,8.62908,80.89583,5.16,338.11,30.0,2026-08-22T07:56:00Z,N20
FIRMS_B957E7E4,9.20352,78.30371,1.62,333.68,60.0,2026-08-22T07:56:00Z,N20
FIRMS_D967DBC8,9.2829,77.33524,17.53,345.97,60.0,2026-08-22T07:56:00Z,N20
FIRMS_C9BBA719,9.28679,77.33433,6.25,330.81,60.0,2026-08-22T07:56:00Z,N20
FIRMS_ED33EE32,9.29291,77.32247,11.93,336.47,60.0,2026-08-22T07:56:00Z,N20
FIRMS_FB2212AB,9.2991,77.3353,5.79,337.3,60.0,2026-08-22T07:56:00Z,N20
FIRMS_9BD36091,9.40846,80.46185,3.77,334.28,60.0,2026-08-22T07:56:00Z,N20
FIRMS_20092205,10.95061,76.98169,2.18,331.47,60.0,2026-08-22T07:56:00Z,N20
FIRMS_9BACDD64,11.32219,78.36883,10.39,334.58,60.0,2026-08-22T07:56:00Z,N20
FIRMS_F5EDA3D4,11.72647,78.68995,3.48,333.28,60.0,2026-08-22T07:56:00Z,N20
FIRMS_6D45BAC0,11.77874,79.49855,3.48,330.79,30.0,2026-08-22T07:56:00Z,N20
FIRMS_C39F1C3B,12.45388,79.08898,3.62,334.18,30.0,2026-08-22T07:56:00Z,N20
FIRMS_8AD60176,15.20262,77.16927,11.0,336.63,30.0,2026-08-22T07:58:00Z,N20
FIRMS_FC7C82FE,15.2055,77.16421,11.1,342.71,60.0,2026-08-22T07:58:00Z,N20
FIRMS_053BCD73,15.20626,77.16861,8.04,336.29,30.0,2026-08-22T07:58:00Z,N20
FIRMS_FCB0F63D,27.42161,70.90594,4.14,342.23,60.0,2026-08-22T08:01:00Z,N20
FIRMS_51AD8CFD,27.43431,70.793,4.25,336.22,60.0,2026-08-22T08:01:00Z,N20
FIRMS_797DC4D9,27.97875,69.44168,6.51,339.96,60.0,2026-08-22T08:01:00Z,N20
FIRMS_DC14692A,29.2226,88.35178,4.63,329.61,60.0,2026-08-22T08:01:00Z,N20
FIRMS_5B8A41C7,29.45857,76.8695,29.94,339.11,60.0,2026-08-22T08:01:00Z,N20
FIRMS_229C3085,29.46125,76.86491,29.94,337.25,60.0,2026-08-22T08:01:00Z,N20
FIRMS_AA773C66,29.703,68.51967,1.34,330.64,30.0,2026-08-22T08:01:00Z,N20
FIRMS_1CE8887B,31.2423,70.68906,2.99,336.11,60.0,2026-08-22T08:01:00Z,N20
FIRMS_C1060A50,35.78046,71.34105,7.7,340.73,60.0,2026-08-22T08:03:00Z,N20
FIRMS_13C332B5,35.78124,71.34523,6.5,337.57,60.0,2026-08-22T08:03:00Z,N20
FIRMS_F1EC8409,27.32765,95.27467,3.06,308.85,60.0,2026-08-22T18:45:00Z,N20
FIRMS_A37FA961,28.33879,77.21997,0.61,300.38,60.0,2026-08-22T20:25:00Z,N20
FIRMS_17FEC6C6,28.42768,69.69906,1.11,305.02,60.0,2026-08-22T20:25:00Z,N20
FIRMS_E6C65808,29.4581,76.86677,3.32,312.68,60.0,2026-08-22T20:25:00Z,N20
FIRMS_0DA99A5A,20.86397,84.99087,1.38,305.36,60.0,2026-08-22T20:27:00Z,N20
FIRMS_6D7994D2,20.86482,84.9866,1.38,305.73,60.0,2026-08-22T20:27:00Z,N20
FIRMS_5101D2B6,20.96815,86.00194,1.79,305.77,60.0,2026-08-22T20:27:00Z,N20
FIRMS_ED4FA226,20.96893,86.00884,0.91,299.75,60.0,2026-08-22T20:27:00Z,N20
FIRMS_2269A572,20.96992,86.00403,0.91,304.73,60.0,2026-08-22T20:27:00Z,N20
FIRMS_DCF66622,21.00268,86.02658,1.06,302.8,60.0,2026-08-22T20:27:00Z,N20
FIRMS_05D678F2,21.10335,72.63428,5.75,339.93,60.0,2026-08-22T20:27:00Z,N20
FIRMS_81121175,21.10608,72.64758,6.91,314.44,60.0,2026-08-22T20:27:00Z,N20
FIRMS_57E893C4,21.10659,72.64334,10.55,339.42,60.0,2026-08-22T20:27:00Z,N20
FIRMS_EAAC1227,21.11185,72.63547,2.42,306.57,60.0,2026-08-22T20:27:00Z,N20
FIRMS_0301C8F7,21.75515,83.8454,1.12,296.76,60.0,2026-08-22T20:27:00Z,N20
FIRMS_2775B687,21.92231,83.34942,1.9,303.87,60.0,2026-08-22T20:27:00Z,N20
FIRMS_2B2354CB,22.00303,82.67159,0.95,297.66,60.0,2026-08-22T20:27:00Z,N20
FIRMS_E30D9786,22.00384,82.66708,1.15,303.09,60.0,2026-08-22T20:27:00Z,N20
FIRMS_6F213369,22.01529,83.75329,1.78,305.48,60.0,2026-08-22T20:27:00Z,N20
FIRMS_32B93FF9,22.13482,85.38378,0.5,296.32,60.0,2026-08-22T20:27:00Z,N20
FIRMS_5BA0FB81,22.32,82.56749,0.68,298.3,60.0,2026-08-22T20:27:00Z,N20
FIRMS_E4FE804B,22.3208,82.56306,0.68,301.62,60.0,2026-08-22T20:27:00Z,N20
FIRMS_027FADCA,22.80076,86.0909,2.11,311.78,60.0,2026-08-22T20:27:00Z,N20
FIRMS_20ABE007,22.87493,86.06339,0.99,307.34,60.0,2026-08-22T20:27:00Z,N20
FIRMS_37F6729D,23.64876,85.43883,2.37,317.96,60.0,2026-08-22T20:27:00Z,N20
FIRMS_CDB5B239,23.65643,85.50846,0.71,301.58,60.0,2026-08-22T20:27:00Z,N20
FIRMS_7F0DD266,23.67979,86.39445,0.66,296.27,60.0,2026-08-22T20:27:00Z,N20
FIRMS_0422F9CC,23.68413,86.39545,0.66,295.78,60.0,2026-08-22T20:27:00Z,N20
FIRMS_CEE441B0,23.6965,85.3699,1.61,313.84,60.0,2026-08-22T20:27:00Z,N20
FIRMS_06B2DBCD,23.71044,86.44514,2.3,298.48,60.0,2026-08-22T20:27:00Z,N20
FIRMS_851E014C,23.72109,85.00806,0.74,305.36,60.0,2026-08-22T20:27:00Z,N20
FIRMS_7EB8ADCB,23.73578,86.4348,2.34,298.59,60.0,2026-08-22T20:27:00Z,N20
FIRMS_49CE2013,23.74022,86.43286,2.53,298.64,60.0,2026-08-22T20:27:00Z,N20
FIRMS_C11ACC68,23.74177,85.00876,1.97,306.46,60.0,2026-08-22T20:27:00Z,N20
FIRMS_DFDFCCD9,23.75485,85.85135,1.26,305.09,60.0,2026-08-22T20:27:00Z,N20
FIRMS_D8FCD267,23.75904,85.8523,1.26,301.91,60.0,2026-08-22T20:27:00Z,N20
FIRMS_F5EEE1D9,23.76075,86.40213,1.05,300.03,60.0,2026-08-22T20:27:00Z,N20
FIRMS_9CFE0F6F,23.76508,86.40316,1.05,303.43,60.0,2026-08-22T20:27:00Z,N20
FIRMS_FB3D59DE,23.7804,86.20914,2.25,318.35,60.0,2026-08-22T20:27:00Z,N20
FIRMS_73381B07,23.78159,86.345,1.65,305.43,60.0,2026-08-22T20:27:00Z,N20
FIRMS_EC41F75C,23.78274,86.20814,1.46,314.32,60.0,2026-08-22T20:27:00Z,N20
FIRMS_F0D36B04,23.78721,85.55401,0.8,307.75,60.0,2026-08-22T20:27:00Z,N20
FIRMS_C227513E,23.79524,86.23467,0.42,300.12,60.0,2026-08-22T20:27:00Z,N20
FIRMS_0B9C0D33,23.79793,86.35358,2.19,312.09,60.0,2026-08-22T20:27:00Z,N20
FIRMS_CB6D156E,23.80258,86.33081,3.4,319.81,60.0,2026-08-22T20:27:00Z,N20
FIRMS_3D27815A,23.80441,86.32185,3.96,314.37,60.0,2026-08-22T20:27:00Z,N20
FIRMS_5DB727F4,24.661,74.63132,1.23,303.41,60.0,2026-08-22T20:27:00Z,N20
FIRMS_A6A86651,24.76343,74.60846,1.66,309.22,60.0,2026-08-22T20:27:00Z,N20
FIRMS_0206519C,26.25696,74.09583,0.22,299.44,60.0,2026-08-22T20:27:00Z,N20
FIRMS_1E3C8072,16.07088,79.09984,2.05,317.51,60.0,2026-08-22T20:29:00Z,N20
FIRMS_FC6AD0F0,6.5943,81.25613,3.16,329.41,60.0,2026-08-22T20:32:00Z,N20
FIRMS_6A0319B7,6.81139,81.30589,1.35,297.24,60.0,2026-08-22T20:32:00Z,N20
FIRMS_C1A374A2,6.81204,81.30344,0.99,304.46,60.0,2026-08-22T20:32:00Z,N20
FIRMS_6AFC3C32,6.87871,81.59168,0.6,300.41,60.0,2026-08-22T20:32:00Z,N20
FIRMS_BE278815,6.88375,81.58827,0.6,299.26,60.0,2026-08-22T20:32:00Z,N20
FIRMS_53C3700F,6.93954,80.96085,1.08,304.63,60.0,2026-08-22T20:32:00Z,N20
FIRMS_95CE3BC5,6.96272,81.59321,1.77,315.71,60.0,2026-08-22T20:32:00Z,N20
FIRMS_9840C896,7.45575,80.96867,1.61,313.29,60.0,2026-08-22T20:32:00Z,N20
FIRMS_AB6F4AA3,8.06269,80.76733,6.24,343.25,60.0,2026-08-22T20:32:00Z,N20
FIRMS_B58B3B74,8.74051,77.59778,0.78,296.69,60.0,2026-08-22T20:32:00Z,N20
FIRMS_D5AFA25A,10.23901,77.21459,1.0,316.59,60.0,2026-08-22T20:32:00Z,N20
FIRMS_5DA4EB62,10.23955,77.2112,1.0,300.55,60.0,2026-08-22T20:32:00Z,N20
FIRMS_95C0A378,10.24232,77.21516,1.0,301.37,60.0,2026-08-22T20:32:00Z,N20
FIRMS_61E7214E,10.61762,77.42123,0.95,308.25,60.0,2026-08-22T20:32:00Z,N20
FIRMS_41E74EC1,10.68492,77.50858,1.24,312.86,60.0,2026-08-22T20:32:00Z,N20
FIRMS_2E1D0FC7,10.92371,77.06046,0.32,303.12,60.0,2026-08-22T20:32:00Z,N20
FIRMS_46A77008,10.92976,77.06505,0.81,307.27,60.0,2026-08-22T20:32:00Z,N20
FIRMS_85B9E2A1,11.18339,79.09859,0.93,303.85,60.0,2026-08-22T20:32:00Z,N20
FIRMS_B44F26F1,11.25874,77.70227,0.33,301.2,60.0,2026-08-22T20:32:00Z,N20
FIRMS_6D9E1593,11.8086,77.92253,1.3,314.27,60.0,2026-08-22T20:32:00Z,N20
FIRMS_1DF7093B,11.81195,77.92308,0.85,308.09,60.0,2026-08-22T20:32:00Z,N20
FIRMS_AC681D23,11.81588,77.92001,0.85,304.56,60.0,2026-08-22T20:32:00Z,N20
FIRMS_962D498B,11.81647,77.9164,1.24,309.18,60.0,2026-08-22T20:32:00Z,N20
FIRMS_DC179449,6.31517,81.29012,4.89,330.1,60.0,2026-08-23T07:35:00Z,N20
FIRMS_4D408AB5,6.33536,81.03026,36.1,344.29,60.0,2026-08-23T07:35:00Z,N20
FIRMS_9FC7F445,6.33813,81.02659,58.22,303.61,30.0,2026-08-23T07:35:00Z,N20
FIRMS_871EC1BA,6.33888,81.03094,52.18,342.65,60.0,2026-08-23T07:35:00Z,N20
FIRMS_61B382AA,6.3398,81.0295,36.1,344.93,60.0,2026-08-23T07:35:00Z,N20
FIRMS_F7A7E67C,6.34828,80.95207,3.05,332.7,60.0,2026-08-23T07:35:00Z,N20
FIRMS_4A802677,6.55634,81.00748,3.05,331.23,60.0,2026-08-23T07:35:00Z,N20
FIRMS_FB6D72C0,6.55703,81.00613,3.97,332.88,60.0,2026-08-23T07:35:00Z,N20
FIRMS_23A3AD0F,6.6987,81.32035,4.98,332.23,60.0,2026-08-23T07:35:00Z,N20
FIRMS_A9445D62,6.71475,81.49844,2.87,330.79,30.0,2026-08-23T07:35:00Z,N20
FIRMS_A6D6DE41,6.73983,81.28932,7.27,339.53,60.0,2026-08-23T07:35:00Z,N20
FIRMS_8260D135,6.74791,81.38956,2.55,336.69,60.0,2026-08-23T07:35:00Z,N20
FIRMS_BFEBCE4E,6.75221,81.38889,2.55,331.4,60.0,2026-08-23T07:35:00Z,N20
FIRMS_264FDD9F,6.75599,81.35888,7.54,344.78,60.0,2026-08-23T07:35:00Z,N20
FIRMS_A4235C97,6.84109,81.78936,5.82,335.38,60.0,2026-08-23T07:35:00Z,N20
FIRMS_5542BE0C,6.86273,81.73821,4.81,335.56,60.0,2026-08-23T07:35:00Z,N20
FIRMS_D7BC71E6,6.86629,81.73367,5.94,330.67,60.0,2026-08-23T07:35:00Z,N20
FIRMS_B34F32DC,6.88657,81.06085,4.15,338.52,60.0,2026-08-23T07:35:00Z,N20
FIRMS_77001FB1,6.8866,81.06376,4.48,337.36,60.0,2026-08-23T07:35:00Z,N20
FIRMS_9510FC5A,6.96991,81.59953,7.29,339.01,60.0,2026-08-23T07:35:00Z,N20
FIRMS_3B104006,7.01256,81.18917,4.4,330.09,60.0,2026-08-23T07:35:00Z,N20
FIRMS_39FE884D,7.04487,81.78691,4.88,335.2,60.0,2026-08-23T07:35:00Z,N20
FIRMS_7F7924E8,7.07767,81.51814,5.11,335.18,60.0,2026-08-23T07:35:00Z,N20
FIRMS_18084228,7.07812,81.51768,5.9,337.2,60.0,2026-08-23T07:35:00Z,N20
FIRMS_6DE5E904,7.11624,81.66873,3.05,330.52,30.0,2026-08-23T07:35:00Z,N20
FIRMS_5AFBE05E,7.12043,81.66808,4.74,341.97,60.0,2026-08-23T07:35:00Z,N20
FIRMS_2E3E6CA0,7.14783,81.13628,12.85,342.68,60.0,2026-08-23T07:35:00Z,N20
FIRMS_0DA7B695,7.23374,81.72089,4.81,340.87,60.0,2026-08-23T07:35:00Z,N20
FIRMS_AC6C9095,7.2684,81.67165,1.66,332.97,60.0,2026-08-23T07:35:00Z,N20
FIRMS_61E031CC,7.27224,81.20474,2.86,331.47,60.0,2026-08-23T07:35:00Z,N20
FIRMS_E0274916,7.27656,81.204,2.73,332.09,30.0,2026-08-23T07:35:00Z,N20
FIRMS_6D7DFF93,7.28807,81.7901,8.94,349.5,60.0,2026-08-23T07:35:00Z,N20
FIRMS_F9464553,7.30011,81.8114,3.09,332.81,60.0,2026-08-23T07:35:00Z,N20
FIRMS_A5660B1E,7.30136,81.81894,2.98,331.53,60.0,2026-08-23T07:35:00Z,N20
FIRMS_AEDC3CBF,7.30151,81.1142,9.0,344.83,60.0,2026-08-23T07:35:00Z,N20
FIRMS_A2E86F00,7.30222,81.11842,5.35,342.07,60.0,2026-08-23T07:35:00Z,N20
FIRMS_686C3344,7.30403,81.78355,6.88,342.7,60.0,2026-08-23T07:35:00Z,N20
FIRMS_158E4D43,7.30654,81.11765,2.59,339.13,60.0,2026-08-23T07:35:00Z,N20
FIRMS_FAC4B768,7.30674,81.82579,3.08,336.45,60.0,2026-08-23T07:35:00Z,N20
FIRMS_E4C88169,7.30756,81.77906,3.22,333.7,60.0,2026-08-23T07:35:00Z,N20
FIRMS_942200F2,7.30818,81.78284,3.22,336.52,60.0,2026-08-23T07:35:00Z,N20
FIRMS_B1D8DBDF,7.31046,81.84834,2.93,331.06,60.0,2026-08-23T07:35:00Z,N20
FIRMS_E89C0B17,7.32162,81.83877,3.28,338.64,60.0,2026-08-23T07:35:00Z,N20
FIRMS_F5A38305,7.33094,81.81787,2.83,334.58,60.0,2026-08-23T07:35:00Z,N20
FIRMS_4A49F980,7.34449,81.83492,4.59,342.03,60.0,2026-08-23T07:35:00Z,N20
FIRMS_EBAD5123,7.3464,81.83462,5.93,342.29,60.0,2026-08-23T07:35:00Z,N20
FIRMS_3FD1A213,7.35397,81.40369,8.97,349.65,60.0,2026-08-23T07:35:00Z,N20
FIRMS_69466F6A,7.37513,81.71319,4.1,336.91,60.0,2026-08-23T07:35:00Z,N20
FIRMS_9F07F553,7.41816,81.16299,3.92,332.52,30.0,2026-08-23T07:35:00Z,N20
FIRMS_3B4B31B9,7.43746,81.3318,3.36,334.06,60.0,2026-08-23T07:35:00Z,N20
FIRMS_FCB68E8F,7.44489,81.68541,3.46,330.77,60.0,2026-08-23T07:35:00Z,N20
FIRMS_795A096A,7.45035,81.69235,2.18,332.77,60.0,2026-08-23T07:35:00Z,N20
FIRMS_789FA58F,7.52429,81.14999,6.86,330.13,60.0,2026-08-23T07:35:00Z,N20
FIRMS_32EAB5D0,7.54559,81.66483,3.54,334.48,60.0,2026-08-23T07:35:00Z,N20
FIRMS_E32424EF,7.56229,81.71291,4.82,343.49,60.0,2026-08-23T07:35:00Z,N20
FIRMS_D305A109,7.72671,81.24757,6.54,332.15,30.0,2026-08-23T07:35:00Z,N20
FIRMS_521AD17E,7.7274,81.25163,10.14,344.46,60.0,2026-08-23T07:35:00Z,N20
FIRMS_F15EBB1C,7.73098,81.24683,6.54,349.97,60.0,2026-08-23T07:35:00Z,N20
FIRMS_80D2B719,7.80608,81.38302,8.05,332.86,60.0,2026-08-23T07:35:00Z,N20
FIRMS_E14AB601,7.80628,81.04959,1.87,330.85,60.0,2026-08-23T07:35:00Z,N20
FIRMS_316502CE,7.80654,81.38605,7.33,348.06,60.0,2026-08-23T07:35:00Z,N20
FIRMS_0FFFC11A,7.80676,81.38696,9.48,346.66,60.0,2026-08-23T07:35:00Z,N20
FIRMS_086334E7,7.87271,81.39196,15.46,343.23,60.0,2026-08-23T07:35:00Z,N20
FIRMS_BDDABE7E,7.88367,81.35361,4.0,338.66,60.0,2026-08-23T07:35:00Z,N20
FIRMS_54C4720C,7.90035,81.47977,4.91,336.5,60.0,2026-08-23T07:35:00Z,N20
FIRMS_2115FDF4,7.90807,81.42229,3.81,331.41,60.0,2026-08-23T07:35:00Z,N20
FIRMS_08EB6FEA,7.92421,81.46774,12.99,367.0,90.0,2026-08-23T07:35:00Z,N20
FIRMS_80F06B38,7.93976,81.32716,3.23,340.81,60.0,2026-08-23T07:35:00Z,N20
FIRMS_DD30A48C,7.94226,81.36741,3.18,330.95,60.0,2026-08-23T07:35:00Z,N20
FIRMS_A6397749,8.06061,80.65894,3.65,330.04,60.0,2026-08-23T07:35:00Z,N20
FIRMS_47331C11,8.07549,80.77242,26.84,347.14,60.0,2026-08-23T07:35:00Z,N20
FIRMS_2928ECB1,8.07623,80.77672,19.91,340.82,60.0,2026-08-23T07:35:00Z,N20
FIRMS_F68A0FF9,8.13021,80.6172,5.23,340.53,60.0,2026-08-23T07:35:00Z,N20
FIRMS_050687CD,8.13237,81.33608,6.02,331.15,60.0,2026-08-23T07:35:00Z,N20
FIRMS_75073E90,8.25849,81.33619,7.59,335.65,60.0,2026-08-23T07:35:00Z,N20
FIRMS_9324066E,8.35998,80.63805,3.33,331.25,60.0,2026-08-23T07:35:00Z,N20
FIRMS_60CCBB67,8.43912,80.65124,1.06,336.31,60.0,2026-08-23T07:37:00Z,N20
FIRMS_412F872B,8.43922,80.65229,1.53,331.07,60.0,2026-08-23T07:37:00Z,N20
FIRMS_0D043A4C,8.44259,77.65411,2.73,340.55,60.0,2026-08-23T07:37:00Z,N20
FIRMS_F0500B8A,8.46599,80.16749,7.87,343.0,60.0,2026-08-23T07:37:00Z,N20
FIRMS_E2317F03,8.46752,80.16967,14.91,343.23,60.0,2026-08-23T07:37:00Z,N20
FIRMS_050D88DF,8.47518,80.67726,25.09,342.78,60.0,2026-08-23T07:37:00Z,N20
FIRMS_ED01D54A,8.53536,80.8451,1.27,330.6,60.0,2026-08-23T07:37:00Z,N20
FIRMS_6EAEDB17,8.56108,80.62408,6.66,349.16,60.0,2026-08-23T07:37:00Z,N20
FIRMS_17C7B251,8.57061,80.62693,11.3,350.55,60.0,2026-08-23T07:37:00Z,N20
FIRMS_1FF51E96,8.57135,80.6312,11.3,345.2,60.0,2026-08-23T07:37:00Z,N20
FIRMS_39189F59,8.57974,80.7642,1.12,331.5,60.0,2026-08-23T07:37:00Z,N20
FIRMS_D9AE7996,8.58122,80.76549,2.07,332.04,60.0,2026-08-23T07:37:00Z,N20
FIRMS_F42E27AB,8.62965,80.81326,5.91,338.13,60.0,2026-08-23T07:37:00Z,N20
FIRMS_114A6BC8,8.65805,80.53242,6.72,341.25,60.0,2026-08-23T07:37:00Z,N20
FIRMS_E6681C27,8.70305,80.36964,7.33,342.94,60.0,2026-08-23T07:37:00Z,N20
FIRMS_4E102E6B,8.70381,80.37412,7.33,341.37,60.0,2026-08-23T07:37:00Z,N20
FIRMS_CEE10CAE,8.77189,80.37843,9.54,338.07,60.0,2026-08-23T07:37:00Z,N20
FIRMS_8A94385D,8.77634,80.3777,9.54,339.18,60.0,2026-08-23T07:37:00Z,N20
FIRMS_20C61B54,8.90679,80.93283,7.33,343.2,60.0,2026-08-23T07:37:00Z,N20
FIRMS_D6C9B22C,9.15564,80.34692,5.63,331.08,60.0,2026-08-23T07:37:00Z,N20
FIRMS_AE0D0516,9.9144,78.20298,5.55,338.69,60.0,2026-08-23T07:37:00Z,N20
FIRMS_3513B62C,10.90437,78.53344,10.56,340.56,60.0,2026-08-23T07:37:00Z,N20
FIRMS_66085C90,10.90538,78.5389,10.05,341.88,60.0,2026-08-23T07:37:00Z,N20
FIRMS_D7579919,10.90665,78.5351,19.65,345.92,60.0,2026-08-23T07:37:00Z,N20
FIRMS_DAF6AD59,12.66366,79.68339,3.51,333.57,60.0,2026-08-23T07:37:00Z,N20
FIRMS_3D089365,12.83614,79.93994,7.06,330.37,60.0,2026-08-23T07:37:00Z,N20
FIRMS_D65507D5,15.13026,77.57384,3.87,332.19,60.0,2026-08-23T07:37:00Z,N20
FIRMS_87326192,15.18056,77.62939,7.16,339.76,60.0,2026-08-23T07:37:00Z,N20
FIRMS_D2E8F77A,18.70828,74.36279,4.53,342.67,60.0,2026-08-23T07:39:00Z,N20
FIRMS_4EC01050,21.1777,81.38538,6.9,334.02,30.0,2026-08-23T07:39:00Z,N20
FIRMS_4EA38595,21.1971,81.41568,4.41,330.6,30.0,2026-08-23T07:39:00Z,N20
FIRMS_6AF7B0DE,23.67718,86.3996,8.98,334.56,60.0,2026-08-23T07:39:00Z,N20
FIRMS_CBD4B507,23.67965,86.09396,7.89,336.48,60.0,2026-08-23T07:39:00Z,N20
FIRMS_AF17A217,23.68365,86.39413,4.46,342.21,60.0,2026-08-23T07:39:00Z,N20
FIRMS_0689B11D,23.68718,86.39358,4.46,330.24,60.0,2026-08-23T07:39:00Z,N20
FIRMS_BDB9720D,23.73584,86.43473,6.75,337.91,60.0,2026-08-23T07:39:00Z,N20
FIRMS_813C9B07,23.75711,86.40475,5.23,335.49,60.0,2026-08-23T07:39:00Z,N20
FIRMS_08D439F7,23.76064,86.4042,5.23,333.93,60.0,2026-08-23T07:39:00Z,N20
FIRMS_B788F659,23.78134,86.21207,2.2,330.46,60.0,2026-08-23T07:39:00Z,N20
FIRMS_22D42284,23.80126,86.33157,3.63,336.99,60.0,2026-08-23T07:39:00Z,N20
FIRMS_8C8206E2,23.80175,86.3328,2.54,333.09,60.0,2026-08-23T07:39:00Z,N20
FIRMS_4AAED5C8,29.45724,76.86423,5.74,336.34,60.0,2026-08-23T07:41:00Z,N20
FIRMS_2C08C454,29.45937,76.86541,1.98,330.47,60.0,2026-08-23T07:41:00Z,N20
FIRMS_FB873375,30.39251,73.78191,7.84,341.76,60.0,2026-08-23T07:44:00Z,N20
FIRMS_43CAB516,30.39399,73.87405,6.34,344.72,60.0,2026-08-23T07:44:00Z,N20
FIRMS_F5DEEE18,30.39611,73.87531,4.72,336.71,60.0,2026-08-23T07:44:00Z,N20
FIRMS_BFDA2A47,30.39734,73.8893,17.96,347.63,60.0,2026-08-23T07:44:00Z,N20
FIRMS_52B1609E,26.65864,68.42383,2.42,333.5,60.0,2026-08-23T09:22:00Z,N20
FIRMS_D2A323CC,30.48839,71.85309,9.37,342.79,60.0,2026-08-23T09:24:00Z,N20
FIRMS_DC49569B,30.49198,71.85381,12.86,336.41,60.0,2026-08-23T09:24:00Z,N20
FIRMS_57CD18EC,35.99133,94.8298,1.33,305.99,60.0,2026-08-23T20:04:00Z,N20
FIRMS_0A3C3855,31.26112,76.91966,0.92,300.98,60.0,2026-08-23T20:06:00Z,N20
FIRMS_B1757F0A,32.08967,74.1619,1.02,307.06,60.0,2026-08-23T20:06:00Z,N20
FIRMS_68198585,32.89101,71.61274,2.18,306.76,60.0,2026-08-23T20:06:00Z,N20
FIRMS_C6DB40A1,33.29054,75.72936,0.62,299.87,60.0,2026-08-23T20:06:00Z,N20
FIRMS_E3D7D920,33.29941,71.18185,0.93,303.22,60.0,2026-08-23T20:06:00Z,N20
FIRMS_CDB64B72,22.05326,88.12505,2.69,307.4,60.0,2026-08-23T20:08:00Z,N20
FIRMS_BD79C1E6,22.35769,87.28828,1.02,307.75,60.0,2026-08-23T20:08:00Z,N20
FIRMS_090D683D,22.3622,87.01669,1.0,307.52,60.0,2026-08-23T20:08:00Z,N20
FIRMS_60A2EC4C,22.36325,87.29866,0.94,304.0,60.0,2026-08-23T20:08:00Z,N20
FIRMS_C5ECA199,22.36573,87.01741,1.01,307.35,60.0,2026-08-23T20:08:00Z,N20
FIRMS_7831377E,22.36603,87.30385,1.72,304.35,60.0,2026-08-23T20:08:00Z,N20
FIRMS_78263537,22.36682,87.2994,2.08,315.55,60.0,2026-08-23T20:08:00Z,N20
FIRMS_B5EA126B,22.37793,87.27869,5.81,334.11,60.0,2026-08-23T20:08:00Z,N20
FIRMS_241E5AF2,23.54998,86.54199,0.75,298.65,60.0,2026-08-23T20:08:00Z,N20
FIRMS_1C47114E,23.5534,86.54269,0.75,298.62,60.0,2026-08-23T20:08:00Z,N20
FIRMS_E91C37AE,23.67624,86.40308,1.53,309.51,60.0,2026-08-23T20:08:00Z,N20
FIRMS_026CC7B1,23.67694,86.39905,1.7,319.92,60.0,2026-08-23T20:08:00Z,N20
FIRMS_46CF73FE,23.67764,86.39501,1.7,317.98,60.0,2026-08-23T20:08:00Z,N20
FIRMS_360BD0AB,23.68035,86.39971,1.7,304.64,60.0,2026-08-23T20:08:00Z,N20
FIRMS_35927C7B,23.6919,87.12032,1.86,302.54,60.0,2026-08-23T20:08:00Z,N20
FIRMS_292F81F6,23.69465,87.12528,2.37,306.24,60.0,2026-08-23T20:08:00Z,N20
FIRMS_0B899404,23.6954,87.12105,2.35,304.06,60.0,2026-08-23T20:08:00Z,N20
FIRMS_9CB0C204,23.73746,86.43626,1.32,305.19,60.0,2026-08-23T20:08:00Z,N20
FIRMS_E22BD51B,23.73815,86.43221,1.32,314.1,60.0,2026-08-23T20:08:00Z,N20
FIRMS_D37C96AA,23.75112,86.41814,1.82,307.83,60.0,2026-08-23T20:08:00Z,N20
FIRMS_6F7978E5,23.75456,86.39803,2.74,305.9,60.0,2026-08-23T20:08:00Z,N20
FIRMS_5057C462,23.75659,86.40674,1.89,302.49,60.0,2026-08-23T20:08:00Z,N20
FIRMS_64AB5994,23.75728,86.40272,1.89,319.82,60.0,2026-08-23T20:08:00Z,N20
FIRMS_0EB31A8B,23.76068,86.4034,1.63,312.84,60.0,2026-08-23T20:08:00Z,N20
FIRMS_B121DC65,23.76136,86.39938,1.31,305.61,60.0,2026-08-23T20:08:00Z,N20
FIRMS_88F8DF44,24.11545,86.86011,2.03,314.86,60.0,2026-08-23T20:08:00Z,N20
FIRMS_2ED870C4,24.12066,86.86448,1.33,311.8,60.0,2026-08-23T20:08:00Z,N20
FIRMS_5495DC0C,24.12162,86.86566,1.56,304.33,60.0,2026-08-23T20:08:00Z,N20
FIRMS_5EB4EB94,24.66073,74.6358,1.07,299.51,60.0,2026-08-23T20:08:00Z,N20
FIRMS_6750455D,24.66104,74.63218,1.07,300.17,60.0,2026-08-23T20:08:00Z,N20
FIRMS_03FC75C1,26.26939,74.18853,0.91,303.21,60.0,2026-08-23T20:08:00Z,N20
FIRMS_EF52B7F6,27.31631,95.26515,0.28,296.82,60.0,2026-08-23T20:08:00Z,N20
FIRMS_47A47CBB,27.32492,95.27525,0.65,299.75,60.0,2026-08-23T20:08:00Z,N20
FIRMS_B370667E,27.37927,95.08714,0.49,301.67,60.0,2026-08-23T20:08:00Z,N20
FIRMS_84B7F1D2,28.35041,77.25633,2.99,305.0,60.0,2026-08-23T20:08:00Z,N20
FIRMS_723A8E3C,28.35195,77.25737,3.28,303.02,60.0,2026-08-23T20:08:00Z,N20
FIRMS_C84E37D4,28.83727,77.13653,2.26,303.18,60.0,2026-08-23T20:08:00Z,N20
FIRMS_8BD1AA81,29.45618,76.86398,3.9,333.18,60.0,2026-08-23T20:08:00Z,N20
FIRMS_DB0D2848,29.45866,76.86417,6.75,337.19,60.0,2026-08-23T20:08:00Z,N20
FIRMS_D1FAE44A,29.46107,76.86459,3.9,308.59,60.0,2026-08-23T20:08:00Z,N20
FIRMS_636D4CE6,29.46122,76.88956,3.65,307.93,60.0,2026-08-23T20:08:00Z,N20
FIRMS_7A389C0A,18.68086,73.03121,1.5,297.68,60.0,2026-08-23T20:10:00Z,N20
FIRMS_D346EED4,18.68132,73.03327,1.48,296.61,60.0,2026-08-23T20:10:00Z,N20
FIRMS_4A1F67F8,21.10242,72.63674,1.66,303.85,60.0,2026-08-23T20:10:00Z,N20
FIRMS_AF46BF7E,21.10283,72.63239,1.66,315.35,60.0,2026-08-23T20:10:00Z,N20
FIRMS_16A6B6B5,8.90815,80.43465,0.5,299.83,60.0,2026-08-23T20:12:00Z,N20
FIRMS_42A02068,10.07212,77.25668,2.6,332.29,60.0,2026-08-23T20:12:00Z,N20
FIRMS_2C231517,10.07273,77.25261,2.32,322.31,60.0,2026-08-23T20:12:00Z,N20
FIRMS_98C49361,10.07459,77.25485,1.31,309.07,60.0,2026-08-23T20:12:00Z,N20
FIRMS_CBC9FFAC,10.07588,77.25687,2.6,302.63,60.0,2026-08-23T20:12:00Z,N20
FIRMS_F62BE39F,10.88856,78.48952,3.34,318.63,60.0,2026-08-23T20:12:00Z,N20
FIRMS_18673AEB,6.73967,81.20266,2.21,325.15,60.0,2026-08-23T20:14:00Z,N20
FIRMS_E8515D2B,6.78998,81.03683,0.91,300.91,60.0,2026-08-23T20:14:00Z,N20
FIRMS_48FADA20,6.79329,81.03738,0.91,310.56,60.0,2026-08-23T20:14:00Z,N20
FIRMS_454E53A8,6.85778,81.54543,0.6,297.13,60.0,2026-08-23T20:14:00Z,N20
FIRMS_4C2F40D0,7.05689,81.0047,1.27,304.68,60.0,2026-08-23T20:14:00Z,N20
FIRMS_472F3ACC,7.05745,81.0012,1.27,321.82,60.0,2026-08-23T20:14:00Z,N20
FIRMS_B2EC80C6,7.09711,81.07207,2.3,315.41,60.0,2026-08-23T20:14:00Z,N20
FIRMS_075F024D,7.10042,81.07267,2.3,330.59,60.0,2026-08-23T20:14:00Z,N20
FIRMS_90089A4D,7.16655,81.71968,3.94,329.69,60.0,2026-08-23T20:14:00Z,N20
FIRMS_673717B8,7.17652,81.74345,1.42,305.7,60.0,2026-08-23T20:14:00Z,N20
FIRMS_D419C8B6,7.2779,81.28176,1.78,314.14,60.0,2026-08-23T20:14:00Z,N20
FIRMS_089949DE,7.43022,80.92258,0.82,303.53,60.0,2026-08-23T20:14:00Z,N20
FIRMS_15A8F4E4,7.90587,81.13864,0.49,301.76,60.0,2026-08-23T20:14:00Z,N20
FIRMS_78A940AC,8.31071,80.30001,0.66,307.18,60.0,2026-08-23T20:14:00Z,N20
FIRMS_2251CD9A,8.39102,81.05941,0.84,309.5,60.0,2026-08-23T20:14:00Z,N20
FIRMS_22AD63A6,31.25682,76.92467,1.46,299.45,60.0,2026-08-23T21:46:00Z,N20
FIRMS_DE4C1E8D,32.88778,71.61631,2.69,320.18,60.0,2026-08-23T21:46:00Z,N20
FIRMS_14F57AC2,32.88943,71.6162,2.58,324.71,60.0,2026-08-23T21:46:00Z,N20
FIRMS_56AF6C19,33.2994,71.18489,0.74,307.06,60.0,2026-08-23T21:46:00Z,N20
FIRMS_D0EB7ABD,33.54492,71.54877,0.97,305.75,60.0,2026-08-23T21:46:00Z,N20
FIRMS_9A51478D,33.80155,72.09739,0.77,304.47,60.0,2026-08-23T21:46:00Z,N20
FIRMS_957873A5,33.82777,72.82995,0.66,304.01,60.0,2026-08-23T21:46:00Z,N20
FIRMS_75AB7191,28.42388,69.69981,1.29,309.27,60.0,2026-08-23T21:48:00Z,N20
FIRMS_E15D1E6E,6.47197,81.11274,5.51,330.91,60.0,2026-08-24T07:18:00Z,N20
FIRMS_E055B68E,6.74889,81.35938,3.22,341.05,60.0,2026-08-24T07:18:00Z,N20
FIRMS_A8269C88,6.74966,81.36375,3.22,327.62,60.0,2026-08-24T07:18:00Z,N20
FIRMS_EFDC063F,6.75308,81.36101,4.92,345.34,60.0,2026-08-24T07:18:00Z,N20
FIRMS_2C9161F0,6.80059,81.55444,9.2,343.71,60.0,2026-08-24T07:18:00Z,N20
FIRMS_D89C01D1,6.8017,81.55667,7.19,343.17,60.0,2026-08-24T07:18:00Z,N20
FIRMS_CDE2D1D4,7.00006,81.4677,3.3,330.63,60.0,2026-08-24T07:18:00Z,N20
FIRMS_5DEBB30E,7.0971,81.07424,5.28,330.51,60.0,2026-08-24T07:18:00Z,N20
FIRMS_9C18B09A,7.15308,81.74905,2.04,331.35,60.0,2026-08-24T07:18:00Z,N20
FIRMS_0C85DD93,7.15777,81.74757,3.19,332.19,60.0,2026-08-24T07:18:00Z,N20
FIRMS_BD179528,7.16109,81.79283,2.59,332.68,60.0,2026-08-24T07:18:00Z,N20
FIRMS_07B09232,7.28014,81.83306,4.3,332.42,60.0,2026-08-24T07:18:00Z,N20
FIRMS_3D52839B,7.29492,81.83794,6.93,330.85,60.0,2026-08-24T07:18:00Z,N20
FIRMS_077AC8F5,7.29635,81.8458,5.42,342.57,60.0,2026-08-24T07:18:00Z,N20
FIRMS_BF76F5C9,7.31624,81.82598,6.33,331.39,60.0,2026-08-24T07:18:00Z,N20
FIRMS_BB4E8AFE,7.32406,81.83678,8.61,340.48,60.0,2026-08-24T07:18:00Z,N20
FIRMS_8EAAEA53,7.38912,81.76433,3.65,332.9,60.0,2026-08-24T07:18:00Z,N20
FIRMS_39349665,7.6086,80.96409,4.45,330.39,60.0,2026-08-24T07:18:00Z,N20
FIRMS_8ADB7263,7.61053,80.94074,9.16,347.57,60.0,2026-08-24T07:18:00Z,N20
FIRMS_F9C5C669,7.81332,81.36693,8.4,337.45,60.0,2026-08-24T07:18:00Z,N20
FIRMS_3E49CFF3,8.57232,80.63769,5.38,330.12,60.0,2026-08-24T07:18:00Z,N20
FIRMS_2B541FBE,8.64573,80.44996,3.05,329.18,60.0,2026-08-24T07:18:00Z,N20
FIRMS_DC06F7B3,8.64628,80.44923,3.77,329.25,60.0,2026-08-24T07:18:00Z,N20
FIRMS_6ADB1D3B,9.14568,80.51594,4.87,330.96,60.0,2026-08-24T07:18:00Z,N20
FIRMS_F75B4F7B,20.95841,94.86646,6.36,332.96,60.0,2026-08-24T07:20:00Z,N20
FIRMS_72642059,28.78677,80.20897,3.79,340.9,60.0,2026-08-24T07:24:00Z,N20
FIRMS_602F1442,28.79093,80.20787,3.79,333.93,60.0,2026-08-24T07:24:00Z,N20
FIRMS_2A4B0DF1,29.44623,71.34816,4.94,330.18,60.0,2026-08-24T07:24:00Z,N20
FIRMS_9778F5F2,29.44842,71.34847,3.39,331.34,60.0,2026-08-24T07:24:00Z,N20
FIRMS_065F1570,32.00023,78.53627,8.91,343.6,60.0,2026-08-24T07:24:00Z,N20
FIRMS_9AA30DEE,24.86607,68.06541,3.87,343.44,60.0,2026-08-24T09:05:00Z,N20
FIRMS_6E50F548,24.86664,68.06484,4.56,343.5,60.0,2026-08-24T09:05:00Z,N20
FIRMS_206F24DF,30.81013,71.99578,3.13,335.36,60.0,2026-08-24T09:05:00Z,N20
FIRMS_83D2DD8C,33.29322,71.18797,3.16,332.85,60.0,2026-08-24T09:05:00Z,N20
FIRMS_551182E0,31.64338,72.19141,3.78,335.59,60.0,2026-08-24T09:07:00Z,N20
FIRMS_9B8AD9EA,31.64609,72.19376,2.41,330.53,60.0,2026-08-24T09:07:00Z,N20
FIRMS_94F60659,22.3584,87.29185,1.39,309.63,60.0,2026-08-24T19:49:00Z,N20
FIRMS_8E298E17,22.35897,87.28802,1.39,314.13,60.0,2026-08-24T19:49:00Z,N20
FIRMS_09A7C5DC,22.36395,87.30066,2.36,327.09,60.0,2026-08-24T19:49:00Z,N20
FIRMS_712BC835,22.36729,87.30124,2.36,307.56,60.0,2026-08-24T19:49:00Z,N20
FIRMS_1009437C,22.37741,87.27945,3.79,342.9,60.0,2026-08-24T19:49:00Z,N20
FIRMS_168DF428,22.37798,87.27563,3.79,312.37,60.0,2026-08-24T19:49:00Z,N20
FIRMS_70A8C094,23.55629,87.24419,2.3,306.97,60.0,2026-08-24T19:49:00Z,N20
FIRMS_DAEFC420,23.55686,87.24026,2.3,330.3,60.0,2026-08-24T19:49:00Z,N20
FIRMS_DEF237DC,23.56024,87.24084,2.15,317.79,60.0,2026-08-24T19:49:00Z,N20
FIRMS_9D937C67,23.65687,85.50671,0.68,300.76,60.0,2026-08-24T19:49:00Z,N20
FIRMS_F68D2714,23.65765,85.50914,1.35,301.62,60.0,2026-08-24T19:49:00Z,N20
FIRMS_D52BEBE3,23.66972,84.99499,1.35,300.78,60.0,2026-08-24T19:49:00Z,N20
FIRMS_4B9D0E2C,23.68914,87.10023,0.92,300.3,60.0,2026-08-24T19:49:00Z,N20
FIRMS_53A4769E,23.75644,85.85175,1.51,306.19,60.0,2026-08-24T19:49:00Z,N20
FIRMS_76AF82DE,23.7594,85.85674,1.51,309.62,60.0,2026-08-24T19:49:00Z,N20
FIRMS_54FE44AD,23.76,85.85234,1.51,302.56,60.0,2026-08-24T19:49:00Z,N20
FIRMS_3BCE18D1,23.80593,86.32925,1.14,301.64,60.0,2026-08-24T19:49:00Z,N20
FIRMS_B70C390C,15.17738,76.65565,2.18,301.94,60.0,2026-08-24T19:51:00Z,N20
FIRMS_1BF51593,15.17784,76.65171,1.57,302.12,60.0,2026-08-24T19:51:00Z,N20
FIRMS_CA6DDF32,15.17831,76.67545,1.34,302.22,60.0,2026-08-24T19:51:00Z,N20
FIRMS_4BD199A5,15.17959,76.6636,1.44,300.38,60.0,2026-08-24T19:51:00Z,N20
FIRMS_08E49680,15.18214,76.66415,3.62,322.33,60.0,2026-08-24T19:51:00Z,N20
FIRMS_ABA4DE9A,15.18397,76.67608,1.58,307.12,60.0,2026-08-24T19:51:00Z,N20
FIRMS_BFD2D8BD,15.18525,76.66425,2.67,317.21,60.0,2026-08-24T19:51:00Z,N20
FIRMS_A7D52569,15.18643,76.67658,2.84,305.01,60.0,2026-08-24T19:51:00Z,N20
FIRMS_46F59508,15.18871,76.6569,2.33,301.81,60.0,2026-08-24T19:51:00Z,N20
FIRMS_DDC015C9,17.60995,83.20184,2.91,302.24,60.0,2026-08-24T19:51:00Z,N20
FIRMS_D580AF19,6.51576,80.92601,1.8,310.83,60.0,2026-08-24T19:53:00Z,N20
FIRMS_D5815FAB,6.87969,81.58598,3.68,308.64,60.0,2026-08-24T19:53:00Z,N20
FIRMS_00B2C576,7.03616,79.88816,2.76,330.51,60.0,2026-08-24T19:53:00Z,N20
FIRMS_29C17C99,7.2703,81.28139,1.57,305.55,60.0,2026-08-24T19:53:00Z,N20
FIRMS_3AAE868A,7.27208,81.28002,1.4,307.05,60.0,2026-08-24T19:53:00Z,N20
FIRMS_4F59B490,7.63807,80.96845,1.67,309.2,60.0,2026-08-24T19:53:00Z,N20
FIRMS_B7557BE8,7.63881,80.97121,0.96,304.76,60.0,2026-08-24T19:53:00Z,N20
FIRMS_62F84457,7.63952,80.96649,0.96,305.42,60.0,2026-08-24T19:53:00Z,N20
FIRMS_BB25E830,31.25751,76.92367,0.81,302.19,60.0,2026-08-24T21:27:00Z,N20
FIRMS_F0C02FD0,32.09037,74.16152,2.44,307.69,60.0,2026-08-24T21:27:00Z,N20
FIRMS_183E14B8,32.29195,70.73803,2.0,307.89,60.0,2026-08-24T21:27:00Z,N20
FIRMS_100F3FE5,32.29299,70.73278,2.0,310.0,60.0,2026-08-24T21:27:00Z,N20
FIRMS_BFEDAEA6,32.89028,71.61712,4.21,318.66,60.0,2026-08-24T21:27:00Z,N20
FIRMS_71D0366D,33.29638,71.18524,1.21,313.1,60.0,2026-08-24T21:27:00Z,N20
FIRMS_0C633EE5,33.54535,71.55087,0.81,307.33,60.0,2026-08-24T21:27:00Z,N20
FIRMS_E6283498,33.90976,71.46368,1.12,309.72,60.0,2026-08-24T21:27:00Z,N20
FIRMS_7378C6E6,35.96545,68.6872,1.46,304.67,60.0,2026-08-24T21:27:00Z,N20
FIRMS_AA5FC011,24.68919,73.00189,0.68,304.95,60.0,2026-08-24T21:29:00Z,N20
FIRMS_B253E8BF,24.82048,73.09338,0.84,302.31,60.0,2026-08-24T21:29:00Z,N20
FIRMS_B3D17107,24.8207,73.09208,0.73,303.71,60.0,2026-08-24T21:29:00Z,N20
FIRMS_874ABE32,25.94493,72.19168,1.55,307.22,60.0,2026-08-24T21:29:00Z,N20
FIRMS_C65BE106,26.09461,68.88082,0.85,306.19,60.0,2026-08-24T21:29:00Z,N20
FIRMS_D939862D,26.25711,74.09373,0.65,303.31,60.0,2026-08-24T21:29:00Z,N20
FIRMS_756DA1C7,28.20507,69.49628,1.02,307.9,60.0,2026-08-24T21:29:00Z,N20
FIRMS_A050CF18,21.1045,72.63617,5.37,337.36,60.0,2026-08-24T21:31:00Z,N20
FIRMS_D9AE6C70,21.10742,72.64774,3.22,320.64,60.0,2026-08-24T21:31:00Z,N20
FIRMS_9BF995AE,21.10818,72.64432,3.22,328.48,60.0,2026-08-24T21:31:00Z,N20
FIRMS_0F63A437,22.34236,69.87119,5.31,331.0,60.0,2026-08-24T21:31:00Z,N20
FIRMS_93473D8C,22.92938,70.10797,1.57,307.66,60.0,2026-08-24T21:31:00Z,N20
FIRMS_9CFF9F3B,22.93402,69.69881,2.18,314.16,60.0,2026-08-24T21:31:00Z,N20
FIRMS_F6EE38F0,29.45627,76.8924,4.73,327.41,60.0,2026-08-25T07:05:00Z,N20
FIRMS_4E5ABAFC,6.70556,81.21626,5.43,343.0,60.0,2026-08-25T08:39:00Z,N20
FIRMS_84D97205,6.70572,81.2174,9.83,350.03,60.0,2026-08-25T08:39:00Z,N20
FIRMS_FD1E7A8B,6.70604,81.21987,5.43,336.95,60.0,2026-08-25T08:39:00Z,N20
FIRMS_E3B4D5DF,6.70652,81.22351,28.12,339.24,60.0,2026-08-25T08:39:00Z,N20
FIRMS_44DDE308,6.70673,81.22464,27.48,351.13,60.0,2026-08-25T08:39:00Z,N20
FIRMS_A8276009,6.707,81.22719,28.12,353.82,60.0,2026-08-25T08:39:00Z,N20
FIRMS_4F1BCBC2,6.70725,81.22833,27.48,367.0,90.0,2026-08-25T08:39:00Z,N20
FIRMS_CE1A5EEA,6.70749,81.23083,23.03,337.35,60.0,2026-08-25T08:39:00Z,N20
FIRMS_9B8A7DBB,6.71252,81.2264,15.06,367.0,90.0,2026-08-25T08:39:00Z,N20
FIRMS_6B0BF3DA,6.71277,81.22758,27.48,367.0,90.0,2026-08-25T08:39:00Z,N20
FIRMS_2358473D,6.8396,81.49413,6.04,340.52,60.0,2026-08-25T08:39:00Z,N20
FIRMS_4E5DE3C7,6.85099,81.46588,5.59,339.8,60.0,2026-08-25T08:39:00Z,N20
FIRMS_7B8C5779,6.85277,81.46524,3.11,339.61,60.0,2026-08-25T08:39:00Z,N20
FIRMS_32B274DB,6.90525,81.48623,5.48,352.64,60.0,2026-08-25T08:39:00Z,N20
FIRMS_AF00F3DD,7.06184,81.81427,4.85,335.51,60.0,2026-08-25T08:39:00Z,N20
FIRMS_8725FD46,7.36444,81.26173,4.81,338.15,60.0,2026-08-25T08:39:00Z,N20
FIRMS_D61E7947,7.36859,81.26053,4.53,336.67,60.0,2026-08-25T08:39:00Z,N20
FIRMS_8EB2BC5F,7.44606,81.71892,3.94,337.68,60.0,2026-08-25T08:39:00Z,N20
FIRMS_D1AA5A77,7.57693,81.39883,10.74,340.38,60.0,2026-08-25T08:39:00Z,N20
FIRMS_E3D9DD58,7.57743,81.40275,11.65,356.17,30.0,2026-08-25T08:39:00Z,N20
FIRMS_BF5597BB,8.33277,81.0308,1.13,326.93,60.0,2026-08-25T08:39:00Z,N20
FIRMS_282DAACD,8.35598,80.23265,5.31,349.37,60.0,2026-08-25T08:39:00Z,N20
FIRMS_283C3DAC,8.35643,80.23595,5.31,341.37,60.0,2026-08-25T08:39:00Z,N20
FIRMS_89589ACC,8.4222,80.56379,3.84,333.08,60.0,2026-08-25T08:39:00Z,N20
FIRMS_2F33B677,8.66043,80.43851,3.8,332.98,60.0,2026-08-25T08:39:00Z,N20
FIRMS_353275C8,8.66442,80.46942,3.42,330.26,60.0,2026-08-25T08:39:00Z,N20
FIRMS_59795C67,14.86755,79.73705,3.45,337.02,60.0,2026-08-25T08:41:00Z,N20
FIRMS_2CEE0E53,15.38928,75.22285,3.57,331.45,60.0,2026-08-25T08:41:00Z,N20
FIRMS_1FCDEAEE,17.08532,79.68513,4.27,332.03,60.0,2026-08-25T08:41:00Z,N20
FIRMS_353882DA,18.70882,74.45466,3.57,336.09,60.0,2026-08-25T08:41:00Z,N20
FIRMS_7D08C19D,19.36854,71.35598,5.54,339.9,60.0,2026-08-25T08:43:00Z,N20
FIRMS_E181B44F,21.10028,72.63832,6.64,336.63,60.0,2026-08-25T08:43:00Z,N20
FIRMS_7B9A8D50,21.10536,72.64783,6.03,332.66,60.0,2026-08-25T08:43:00Z,N20
FIRMS_E60DD5BC,22.93576,69.1861,0.9,331.31,60.0,2026-08-25T08:43:00Z,N20
FIRMS_165B88FE,24.96003,68.29343,11.94,346.04,60.0,2026-08-25T08:43:00Z,N20
FIRMS_D5CC527C,25.38883,68.58194,1.93,333.09,60.0,2026-08-25T08:43:00Z,N20
FIRMS_626692EF,26.09337,68.87978,3.11,331.86,30.0,2026-08-25T08:45:00Z,N20
FIRMS_691C8D4D,26.83839,68.12151,3.38,331.51,30.0,2026-08-25T08:45:00Z,N20
FIRMS_71AA3F4F,28.42337,69.70033,4.54,334.43,30.0,2026-08-25T08:45:00Z,N20
FIRMS_135DBBD1,29.82046,72.60643,3.52,332.85,30.0,2026-08-25T08:45:00Z,N20
FIRMS_7067D574,29.94383,72.05908,2.03,331.82,30.0,2026-08-25T08:45:00Z,N20
FIRMS_C3801986,30.1649,72.4173,5.26,342.06,60.0,2026-08-25T08:45:00Z,N20
FIRMS_4DD2CA2C,30.89147,73.20195,14.19,332.29,30.0,2026-08-25T08:45:00Z,N20
FIRMS_0F98BCDF,30.89391,73.18082,11.6,333.16,30.0,2026-08-25T08:45:00Z,N20
FIRMS_74372E2C,31.02832,73.36803,4.72,330.66,30.0,2026-08-25T08:45:00Z,N20
FIRMS_531F6C5C,31.02979,73.37043,9.86,330.64,30.0,2026-08-25T08:45:00Z,N20
FIRMS_BE6279AA,31.0935,72.58533,3.13,332.53,60.0,2026-08-25T08:45:00Z,N20
FIRMS_593FD433,32.57404,72.56461,2.85,330.26,30.0,2026-08-25T08:45:00Z,N20
FIRMS_0C820723,32.88762,71.61745,4.11,336.07,30.0,2026-08-25T08:45:00Z,N20
FIRMS_E263C084,26.75963,83.19836,1.23,301.32,60.0,2026-08-25T19:30:00Z,N20
FIRMS_DBEF9FC1,17.60567,83.19904,1.83,306.36,60.0,2026-08-25T19:32:00Z,N20
FIRMS_AD45DE17,17.6105,83.20296,1.83,318.58,60.0,2026-08-25T19:32:00Z,N20
FIRMS_3F4DF282,21.19596,81.41667,2.93,327.82,60.0,2026-08-25T19:32:00Z,N20
FIRMS_E4F4B882,21.19639,81.41189,2.93,307.28,60.0,2026-08-25T19:32:00Z,N20
FIRMS_7AF37B4F,21.3352,78.96751,2.37,301.03,60.0,2026-08-25T19:32:00Z,N20
FIRMS_682CA942,21.37752,81.67648,1.85,303.65,60.0,2026-08-25T19:32:00Z,N20
FIRMS_9255B0FD,21.39248,81.64462,0.73,301.02,60.0,2026-08-25T19:32:00Z,N20
FIRMS_A3AC7AB9,21.59307,96.22826,2.57,309.07,60.0,2026-08-25T19:32:00Z,N20
FIRMS_8148868E,21.74762,83.84057,0.68,298.87,60.0,2026-08-25T19:32:00Z,N20
FIRMS_3C98A88E,22.35725,87.29079,1.92,305.1,60.0,2026-08-25T19:32:00Z,N20
FIRMS_01297EE2,22.36469,87.30035,3.38,317.29,60.0,2026-08-25T19:32:00Z,N20
FIRMS_7B499078,22.3689,87.30096,2.38,305.95,60.0,2026-08-25T19:32:00Z,N20
FIRMS_A9A56858,22.78875,86.20664,0.92,298.14,60.0,2026-08-25T19:32:00Z,N20
FIRMS_0BCEA036,22.7893,86.20161,0.92,298.23,60.0,2026-08-25T19:32:00Z,N20
FIRMS_8AA5C885,22.78985,86.19658,1.59,299.79,60.0,2026-08-25T19:32:00Z,N20
FIRMS_B3319FA6,22.80134,86.09074,2.73,308.76,60.0,2026-08-25T19:32:00Z,N20
FIRMS_5E6B0F4E,23.56146,87.23864,0.59,298.85,60.0,2026-08-25T19:32:00Z,N20
FIRMS_2D0D6335,23.61165,87.14617,0.41,298.73,60.0,2026-08-25T19:32:00Z,N20
FIRMS_982CB3E8,23.66496,87.15575,1.93,310.24,60.0,2026-08-25T19:32:00Z,N20
FIRMS_2998B032,34.47186,73.85632,1.3,298.24,60.0,2026-08-25T21:08:00Z,N20
FIRMS_6604AF1E,34.47445,73.86165,6.61,303.5,60.0,2026-08-25T21:08:00Z,N20
FIRMS_9590DDFF,34.47523,73.85731,6.61,331.54,60.0,2026-08-25T21:08:00Z,N20
FIRMS_3C758D73,34.47789,73.86224,6.61,296.97,60.0,2026-08-25T21:08:00Z,N20
FIRMS_4E0A8323,28.42387,69.70198,1.37,325.04,60.0,2026-08-25T21:10:00Z,N20
FIRMS_F4AF150B,32.10382,74.17498,3.64,314.39,60.0,2026-08-25T21:10:00Z,N20
FIRMS_4B797244,32.29352,70.72925,2.11,310.17,60.0,2026-08-25T21:10:00Z,N20
FIRMS_9F9A75FF,32.57477,72.56184,3.51,313.48,60.0,2026-08-25T21:10:00Z,N20
FIRMS_3491197A,32.64478,72.97533,2.12,310.23,60.0,2026-08-25T21:10:00Z,N20
FIRMS_F7EA4E90,32.88736,71.61475,2.4,311.4,60.0,2026-08-25T21:10:00Z,N20
FIRMS_50F16388,32.89065,71.61553,3.14,315.82,60.0,2026-08-25T21:10:00Z,N20
FIRMS_52645268,33.26807,71.3083,0.87,315.95,60.0,2026-08-25T21:10:00Z,N20
FIRMS_ED0A9355,33.29754,71.1881,0.7,312.97,60.0,2026-08-25T21:10:00Z,N20
FIRMS_CB61A882,33.54626,71.55049,1.21,315.2,60.0,2026-08-25T21:10:00Z,N20
FIRMS_CFD2585A,33.69022,72.71217,0.82,308.47,60.0,2026-08-25T21:10:00Z,N20
FIRMS_B5C7A2B5,33.90315,71.91451,0.9,310.74,60.0,2026-08-25T21:10:00Z,N20
FIRMS_66972F3E,20.9112,71.45757,0.57,302.1,60.0,2026-08-25T21:12:00Z,N20
FIRMS_C5D54C75,21.10278,72.63721,5.36,322.81,60.0,2026-08-25T21:12:00Z,N20
FIRMS_0A582D31,21.10566,72.6433,9.44,330.23,60.0,2026-08-25T21:12:00Z,N20
FIRMS_54A62B1C,21.18221,81.38339,3.38,302.23,60.0,2026-08-25T21:12:00Z,N20
FIRMS_2058E983,22.33997,69.85574,3.06,308.37,60.0,2026-08-25T21:12:00Z,N20
FIRMS_0F87B13A,22.3412,69.85442,2.19,306.8,60.0,2026-08-25T21:12:00Z,N20
FIRMS_97C5A748,22.41745,69.03764,0.7,310.21,60.0,2026-08-25T21:12:00Z,N20
FIRMS_16DC2C46,22.42014,69.04203,0.79,302.36,60.0,2026-08-25T21:12:00Z,N20
FIRMS_FDF83324,22.92693,69.82433,2.03,307.02,60.0,2026-08-25T21:12:00Z,N20
FIRMS_DEFAB107,22.92767,70.10764,1.1,315.24,60.0,2026-08-25T21:12:00Z,N20
FIRMS_48628E2D,22.9311,69.69724,1.76,306.28,60.0,2026-08-25T21:12:00Z,N20
FIRMS_946F60C4,22.9338,69.70174,2.97,317.05,60.0,2026-08-25T21:12:00Z,N20
FIRMS_669E7CAF,22.93445,69.69788,3.76,330.6,60.0,2026-08-25T21:12:00Z,N20
FIRMS_0F717B45,23.49973,68.57806,0.72,299.67,60.0,2026-08-25T21:12:00Z,N20
FIRMS_EC27ACAC,25.38767,68.58335,1.44,322.1,60.0,2026-08-25T21:12:00Z,N20
FIRMS_C4855409,25.9438,72.19157,0.77,304.35,60.0,2026-08-25T21:12:00Z,N20
FIRMS_6437EB6F,15.10937,76.80316,2.57,296.23,60.0,2026-08-25T21:14:00Z,N20
FIRMS_798F8582,15.11204,76.8075,2.02,300.58,60.0,2026-08-25T21:14:00Z,N20
FIRMS_B3E15865,15.33927,76.27831,2.0,307.71,60.0,2026-08-25T21:14:00Z,N20
FIRMS_29183D13,15.34013,76.27901,1.89,303.12,60.0,2026-08-25T21:14:00Z,N20
FIRMS_58DC0D08,17.95897,80.78802,3.86,301.14,60.0,2026-08-25T21:14:00Z,N20
FIRMS_A27C1CC2,17.95949,80.79189,2.56,304.32,60.0,2026-08-25T21:14:00Z,N20
FIRMS_DC05D622,18.57772,72.24317,3.93,315.9,60.0,2026-08-25T21:14:00Z,N20
FIRMS_C97F49CC,18.57839,72.23957,4.86,315.38,60.0,2026-08-25T21:14:00Z,N20
FIRMS_B88B29D2,19.17601,70.94729,3.27,310.13,60.0,2026-08-25T21:14:00Z,N20
FIRMS_04CD4B27,28.49703,97.02328,4.99,345.19,60.0,2026-08-26T06:46:00Z,N20
FIRMS_E04B492C,29.55459,90.96119,5.28,328.88,60.0,2026-08-26T06:46:00Z,N20
FIRMS_2CD0BB42,7.86461,79.9641,2.47,335.7,60.0,2026-08-26T08:20:00Z,N20
FIRMS_355FE6E3,8.01057,81.09593,6.4,331.49,60.0,2026-08-26T08:20:00Z,N20
FIRMS_DE962A84,8.1289,80.0549,5.51,338.64,60.0,2026-08-26T08:20:00Z,N20
FIRMS_17B66054,8.20856,81.02636,4.4,332.46,60.0,2026-08-26T08:20:00Z,N20
FIRMS_B38E6584,8.28923,80.15002,3.92,330.6,60.0,2026-08-26T08:20:00Z,N20
FIRMS_CB54FE6D,8.36776,80.28935,4.52,331.15,60.0,2026-08-26T08:20:00Z,N20
FIRMS_5C0A6FE5,8.45122,80.81182,4.62,333.38,60.0,2026-08-26T08:20:00Z,N20
FIRMS_F99A7AE2,8.47738,80.69013,3.52,330.69,60.0,2026-08-26T08:20:00Z,N20
FIRMS_C18F05CF,8.53845,80.41251,6.76,341.52,60.0,2026-08-26T08:20:00Z,N20
FIRMS_C9E7A461,8.57087,80.89142,4.4,334.75,60.0,2026-08-26T08:20:00Z,N20
FIRMS_F114F6FA,8.62436,80.88211,4.69,339.35,60.0,2026-08-26T08:20:00Z,N20
FIRMS_32ED0B76,8.66584,80.63694,4.08,336.35,60.0,2026-08-26T08:20:00Z,N20
FIRMS_618076D6,8.69085,80.84747,1.88,330.61,60.0,2026-08-26T08:20:00Z,N20
FIRMS_9BC07581,8.73697,80.79823,7.13,343.3,60.0,2026-08-26T08:20:00Z,N20
FIRMS_12EDB3EA,8.74096,80.79766,5.41,341.85,60.0,2026-08-26T08:20:00Z,N20
FIRMS_E7EFFCBC,8.74453,80.65204,13.98,334.42,60.0,2026-08-26T08:20:00Z,N20
FIRMS_2E1A1483,8.74527,80.65717,10.18,334.43,60.0,2026-08-26T08:20:00Z,N20
FIRMS_828FD039,8.77647,80.87511,5.23,343.14,60.0,2026-08-26T08:20:00Z,N20
FIRMS_CA8FA580,8.7949,81.09161,2.88,340.56,60.0,2026-08-26T08:20:00Z,N20
FIRMS_63B7A8EB,8.80649,80.58329,8.83,335.29,60.0,2026-08-26T08:20:00Z,N20
FIRMS_7DED55AD,8.80721,80.58835,17.72,349.01,60.0,2026-08-26T08:20:00Z,N20
FIRMS_E57032EE,8.81115,80.5878,11.02,347.39,60.0,2026-08-26T08:20:00Z,N20
FIRMS_EDAE8CF0,8.83608,80.67843,8.44,338.57,60.0,2026-08-26T08:20:00Z,N20
FIRMS_3E233D76,8.87436,80.67086,10.18,352.69,60.0,2026-08-26T08:22:00Z,N20
FIRMS_105B2D21,8.87502,80.66782,10.19,340.41,60.0,2026-08-26T08:22:00Z,N20
FIRMS_1BDCD5CF,8.87576,80.67297,15.06,351.91,60.0,2026-08-26T08:22:00Z,N20
FIRMS_1D4DDA12,8.87833,80.67032,10.18,336.94,60.0,2026-08-26T08:22:00Z,N20
FIRMS_A64E3B25,8.89322,80.57399,4.31,335.88,60.0,2026-08-26T08:22:00Z,N20
FIRMS_020B3ED4,8.95257,80.36842,4.33,331.42,60.0,2026-08-26T08:22:00Z,N20
FIRMS_A5898E05,8.95326,80.37337,4.33,331.91,60.0,2026-08-26T08:22:00Z,N20
FIRMS_3DFDD534,8.99573,80.83981,2.25,335.46,60.0,2026-08-26T08:22:00Z,N20
FIRMS_1F284A55,9.00394,80.68155,7.59,336.08,60.0,2026-08-26T08:22:00Z,N20
FIRMS_0A8FA7BC,9.03975,80.67662,7.94,336.58,60.0,2026-08-26T08:22:00Z,N20
FIRMS_D3CF84B9,9.07868,80.46973,4.93,333.04,60.0,2026-08-26T08:22:00Z,N20
FIRMS_EC299F47,9.21554,78.64903,3.51,336.71,60.0,2026-08-26T08:22:00Z,N20
FIRMS_D75CA6AE,9.21909,78.64851,2.52,335.48,60.0,2026-08-26T08:22:00Z,N20
FIRMS_3FD8C502,9.28148,80.71458,4.77,337.78,60.0,2026-08-26T08:22:00Z,N20
FIRMS_6886CACD,9.30177,77.47569,5.73,336.04,60.0,2026-08-26T08:22:00Z,N20
FIRMS_CFD974D4,9.38962,78.88501,21.77,347.44,60.0,2026-08-26T08:22:00Z,N20
FIRMS_3BB03E35,9.43152,80.36105,4.04,335.92,60.0,2026-08-26T08:22:00Z,N20
FIRMS_C99C27D8,9.45475,80.49753,10.63,343.43,60.0,2026-08-26T08:22:00Z,N20
FIRMS_507F603D,9.48116,80.4004,3.64,335.58,60.0,2026-08-26T08:22:00Z,N20
FIRMS_268C6E70,9.48141,80.40318,5.07,336.22,60.0,2026-08-26T08:22:00Z,N20
FIRMS_B643B234,9.61096,80.29897,1.4,336.79,60.0,2026-08-26T08:22:00Z,N20
FIRMS_80162F47,9.8038,78.17648,4.38,340.06,60.0,2026-08-26T08:22:00Z,N20
FIRMS_0F497980,10.05029,77.95355,7.84,349.07,60.0,2026-08-26T08:22:00Z,N20
FIRMS_2BB5215D,10.05376,77.95303,7.84,343.77,60.0,2026-08-26T08:22:00Z,N20
FIRMS_92028960,10.93808,79.54315,4.04,336.15,60.0,2026-08-26T08:22:00Z,N20
FIRMS_4C399AC9,11.35922,77.2625,1.86,330.28,60.0,2026-08-26T08:22:00Z,N20
FIRMS_CCD873C3,11.42405,78.16054,4.18,332.79,60.0,2026-08-26T08:22:00Z,N20
FIRMS_8FD20F40,11.46199,77.46516,5.71,341.29,60.0,2026-08-26T08:22:00Z,N20
FIRMS_29D34633,11.53354,78.71278,4.61,341.68,60.0,2026-08-26T08:22:00Z,N20
FIRMS_5D03EBF7,11.55913,79.62791,4.14,336.44,60.0,2026-08-26T08:22:00Z,N20
FIRMS_AE035334,11.67362,78.43934,2.19,330.64,60.0,2026-08-26T08:22:00Z,N20
FIRMS_588F6BC0,12.05793,76.91864,1.61,331.26,30.0,2026-08-26T08:22:00Z,N20
FIRMS_5CBB92D5,12.13018,79.65379,13.42,342.13,60.0,2026-08-26T08:22:00Z,N20
FIRMS_4579CD18,12.26599,77.0015,2.81,335.46,60.0,2026-08-26T08:22:00Z,N20
FIRMS_79AD4FDF,12.30538,76.84256,1.44,330.79,60.0,2026-08-26T08:22:00Z,N20
FIRMS_C8B47E66,12.83705,79.94056,2.86,330.38,30.0,2026-08-26T08:22:00Z,N20
FIRMS_4FC17DF0,12.95476,79.27879,3.78,334.78,60.0,2026-08-26T08:22:00Z,N20
FIRMS_0BC7339C,13.09371,78.80157,4.44,334.78,60.0,2026-08-26T08:22:00Z,N20
FIRMS_A4AFB401,13.973,78.2289,3.09,331.1,60.0,2026-08-26T08:22:00Z,N20
FIRMS_7D529E81,14.15628,77.23994,3.71,339.33,60.0,2026-08-26T08:22:00Z,N20
FIRMS_3B087264,14.23911,79.66386,3.12,333.76,60.0,2026-08-26T08:22:00Z,N20
FIRMS_3E22059E,15.00306,76.99864,4.52,337.96,60.0,2026-08-26T08:22:00Z,N20
FIRMS_AC3E32B3,15.01841,79.74989,5.67,340.98,60.0,2026-08-26T08:22:00Z,N20
FIRMS_35032EC0,15.17506,76.65867,4.09,334.39,60.0,2026-08-26T08:22:00Z,N20
FIRMS_491D6DED,15.17785,76.67822,4.7,336.4,60.0,2026-08-26T08:22:00Z,N20
FIRMS_CE4DCBD9,15.17841,76.68213,5.5,338.03,60.0,2026-08-26T08:22:00Z,N20
FIRMS_EA82F532,15.18318,76.64153,4.17,337.25,60.0,2026-08-26T08:22:00Z,N20
FIRMS_97DA57CC,15.44035,76.97665,1.86,332.95,60.0,2026-08-26T08:22:00Z,N20
FIRMS_EAC8542E,15.74739,77.78989,4.12,337.15,60.0,2026-08-26T08:22:00Z,N20
FIRMS_F070A7AD,15.97756,78.4123,2.89,330.46,60.0,2026-08-26T08:22:00Z,N20
FIRMS_3BBBD099,16.0065,77.04945,3.84,340.97,60.0,2026-08-26T08:22:00Z,N20
FIRMS_433D60EB,16.83671,79.16844,2.33,333.57,60.0,2026-08-26T08:24:00Z,N20
FIRMS_2F9D184E,19.99819,74.01125,3.21,333.16,60.0,2026-08-26T08:24:00Z,N20
FIRMS_E259BC95,21.10113,72.63656,8.04,342.14,60.0,2026-08-26T08:24:00Z,N20
FIRMS_D01876B8,21.10283,72.64758,11.92,339.05,60.0,2026-08-26T08:24:00Z,N20
FIRMS_3B668756,21.10612,72.647,11.92,344.97,60.0,2026-08-26T08:24:00Z,N20
FIRMS_E8D619F9,21.74298,83.84299,11.6,346.9,60.0,2026-08-26T08:24:00Z,N20
FIRMS_7B75D0FE,21.74881,83.84253,5.28,346.63,60.0,2026-08-26T08:24:00Z,N20
FIRMS_2D2BD0B7,21.74921,83.84696,5.28,326.92,60.0,2026-08-26T08:24:00Z,N20
FIRMS_63E2F311,21.75503,83.8465,5.28,334.17,60.0,2026-08-26T08:24:00Z,N20
FIRMS_563F22C1,21.9208,83.35326,2.84,326.38,60.0,2026-08-26T08:24:00Z,N20
FIRMS_3B7953CC,22.35542,82.30332,7.35,334.63,60.0,2026-08-26T08:24:00Z,N20
FIRMS_B0EF81D9,22.35975,82.30282,8.21,333.19,60.0,2026-08-26T08:24:00Z,N20
FIRMS_0356D30D,22.92799,70.10835,6.26,334.26,30.0,2026-08-26T08:26:00Z,N20
FIRMS_D09968F7,29.75521,72.58524,1.43,330.69,30.0,2026-08-26T08:28:00Z,N20
FIRMS_39064897,29.75555,71.19326,3.2,338.7,60.0,2026-08-26T08:28:00Z,N20
FIRMS_6F744796,29.76845,72.26132,4.79,339.23,60.0,2026-08-26T08:28:00Z,N20
FIRMS_84DCD765,29.90841,72.08109,12.85,343.34,60.0,2026-08-26T08:28:00Z,N20
FIRMS_08ED14F5,29.93687,72.9943,3.13,335.83,60.0,2026-08-26T08:28:00Z,N20
FIRMS_655739EF,29.95284,72.59747,3.11,331.09,30.0,2026-08-26T08:28:00Z,N20
FIRMS_173D5E32,29.95621,72.59685,3.11,338.88,60.0,2026-08-26T08:28:00Z,N20
FIRMS_3491A103,30.07844,71.96696,6.61,339.62,60.0,2026-08-26T08:28:00Z,N20
FIRMS_51D90690,30.08177,71.96634,2.14,336.0,60.0,2026-08-26T08:28:00Z,N20
FIRMS_3035EB1E,30.33941,73.0291,2.54,337.17,60.0,2026-08-26T08:28:00Z,N20
FIRMS_B9555CC9,30.35612,73.65794,3.06,334.6,60.0,2026-08-26T08:28:00Z,N20
FIRMS_4116BDF1,30.51083,72.14,1.28,336.55,60.0,2026-08-26T08:28:00Z,N20
FIRMS_4220B34A,30.53793,71.68966,2.47,330.55,30.0,2026-08-26T08:28:00Z,N20
FIRMS_E310C0CF,30.70773,71.90141,2.38,332.47,60.0,2026-08-26T08:28:00Z,N20
FIRMS_6CCFF7CE,31.30204,72.22087,3.08,334.75,60.0,2026-08-26T08:28:00Z,N20
FIRMS_A5ED334E,31.76711,74.16125,3.52,332.21,30.0,2026-08-26T08:28:00Z,N20
FIRMS_5B0BD72F,31.98062,70.32509,10.89,343.51,60.0,2026-08-26T08:28:00Z,N20
FIRMS_DAD6CF8A,32.57503,72.56444,4.69,333.78,30.0,2026-08-26T08:28:00Z,N20
FIRMS_B5385E23,32.79342,72.26131,6.0,338.9,60.0,2026-08-26T08:28:00Z,N20
FIRMS_655B14B7,32.88766,71.61832,2.91,336.39,30.0,2026-08-26T08:28:00Z,N20
FIRMS_E66F3D7B,33.62799,73.01943,2.76,333.58,60.0,2026-08-26T08:28:00Z,N20
FIRMS_A3B9173B,30.06887,96.97642,0.89,304.58,60.0,2026-08-26T19:10:00Z,N20
FIRMS_732A25FA,20.79373,85.25214,1.95,303.88,60.0,2026-08-26T19:13:00Z,N20
FIRMS_9DC7A96F,20.86702,96.39068,1.76,307.67,60.0,2026-08-26T19:13:00Z,N20
FIRMS_7CE0F32E,20.96356,85.1699,2.19,297.9,60.0,2026-08-26T19:13:00Z,N20
FIRMS_1B002E79,20.96951,85.17609,3.1,305.91,60.0,2026-08-26T19:13:00Z,N20
FIRMS_B6AFC224,21.57795,96.23352,2.12,306.36,60.0,2026-08-26T19:13:00Z,N20
FIRMS_9594153E,22.47517,91.73435,2.17,305.85,60.0,2026-08-26T19:13:00Z,N20
FIRMS_2F335B0D,20.76191,85.29632,1.85,305.1,60.0,2026-08-26T19:15:00Z,N20
FIRMS_943267FF,20.76239,85.29076,1.44,299.33,60.0,2026-08-26T19:15:00Z,N20
FIRMS_8B42CE5E,20.76468,85.29327,2.11,303.89,60.0,2026-08-26T19:15:00Z,N20
FIRMS_ECCE4920,20.79809,85.25024,2.09,301.94,60.0,2026-08-26T19:15:00Z,N20
FIRMS_7F1ABF83,32.08615,74.16393,1.57,315.28,60.0,2026-08-26T20:49:00Z,N20
FIRMS_C76A20FE,32.13151,74.1764,1.58,320.32,60.0,2026-08-26T20:49:00Z,N20
FIRMS_8152C5DF,32.57768,72.56239,2.45,312.81,60.0,2026-08-26T20:49:00Z,N20
FIRMS_BFD19CAB,32.64449,72.97614,2.02,308.74,60.0,2026-08-26T20:49:00Z,N20
FIRMS_99FAD189,32.65508,70.47259,1.73,311.74,60.0,2026-08-26T20:49:00Z,N20
FIRMS_7AC85EDC,32.88863,71.6162,4.12,316.27,60.0,2026-08-26T20:49:00Z,N20
FIRMS_D4DBB6FB,33.29755,71.18687,0.9,309.27,60.0,2026-08-26T20:49:00Z,N20
FIRMS_0EAFC7BB,33.90435,71.91553,1.12,308.79,60.0,2026-08-26T20:49:00Z,N20
FIRMS_F506601C,35.96973,68.68405,1.62,306.16,60.0,2026-08-26T20:49:00Z,N20
FIRMS_EA5FC182,23.61789,86.78893,1.9,305.36,60.0,2026-08-26T20:51:00Z,N20
FIRMS_71719019,23.93222,72.36194,1.69,322.77,60.0,2026-08-26T20:51:00Z,N20
FIRMS_C80F6006,26.76138,83.19917,0.93,301.41,60.0,2026-08-26T20:51:00Z,N20
FIRMS_C838A3E6,26.87866,73.51471,1.11,303.59,60.0,2026-08-26T20:51:00Z,N20
FIRMS_B705A181,26.92686,73.4677,1.1,305.99,60.0,2026-08-26T20:51:00Z,N20
FIRMS_B74D2CA1,28.0541,69.37069,0.64,311.29,60.0,2026-08-26T20:51:00Z,N20
FIRMS_8C089B37,28.42557,69.69781,1.67,313.35,60.0,2026-08-26T20:51:00Z,N20
FIRMS_FD2FCD8F,29.47616,76.85736,1.89,306.91,60.0,2026-08-26T20:51:00Z,N20
FIRMS_57FEE06C,18.68135,73.03658,1.56,308.6,60.0,2026-08-26T20:53:00Z,N20
FIRMS_8333925D,18.68196,73.03288,1.56,302.89,60.0,2026-08-26T20:53:00Z,N20
FIRMS_FE881613,18.68589,73.02978,0.74,301.74,60.0,2026-08-26T20:53:00Z,N20
FIRMS_C9C115A7,18.95677,73.94353,2.58,329.4,60.0,2026-08-26T20:53:00Z,N20
FIRMS_C9E0AED1,20.78307,85.26205,1.07,301.72,60.0,2026-08-26T20:53:00Z,N20
FIRMS_D7EE6D07,20.78438,85.25655,1.07,302.13,60.0,2026-08-26T20:53:00Z,N20
FIRMS_A3149780,20.78934,85.26369,1.07,304.73,60.0,2026-08-26T20:53:00Z,N20
FIRMS_A5ECAB8B,20.79822,85.25431,1.25,308.68,60.0,2026-08-26T20:53:00Z,N20
FIRMS_62793CC1,20.80444,85.25613,1.25,301.92,60.0,2026-08-26T20:53:00Z,N20
FIRMS_837808DE,20.81066,85.25798,2.64,303.54,60.0,2026-08-26T20:53:00Z,N20
FIRMS_95FF05B9,20.91049,71.45941,1.26,312.46,60.0,2026-08-26T20:53:00Z,N20
FIRMS_CCA47902,21.1065,72.64651,0.55,300.89,60.0,2026-08-26T20:53:00Z,N20
FIRMS_1FCB837D,22.32085,69.8827,1.41,311.16,60.0,2026-08-26T20:53:00Z,N20
FIRMS_F636A849,22.32132,69.88142,1.49,317.54,60.0,2026-08-26T20:53:00Z,N20
FIRMS_CEDB680D,22.41633,69.0387,2.63,309.0,60.0,2026-08-26T20:53:00Z,N20
FIRMS_12130104,23.31464,70.48708,1.62,307.11,60.0,2026-08-26T20:53:00Z,N20
FIRMS_1E348DD3,23.31667,70.48634,1.21,308.92,60.0,2026-08-26T20:53:00Z,N20
FIRMS_CE14B0F5,11.80962,77.92208,0.74,298.71,60.0,2026-08-26T20:55:00Z,N20
FIRMS_28622F6D,13.71163,79.62034,1.07,301.42,60.0,2026-08-26T20:55:00Z,N20
FIRMS_D09BF6D0,13.71613,79.62455,0.91,302.5,60.0,2026-08-26T20:55:00Z,N20
FIRMS_61D569C7,13.84566,79.25454,1.01,303.89,60.0,2026-08-26T20:55:00Z,N20
FIRMS_A43C8239,13.84619,79.25174,1.27,311.52,60.0,2026-08-26T20:55:00Z,N20
FIRMS_F47266A4,15.17025,76.38171,0.89,304.26,60.0,2026-08-26T20:55:00Z,N20
FIRMS_58C58A66,15.17336,76.66246,1.14,301.82,60.0,2026-08-26T20:55:00Z,N20
FIRMS_51749E1A,15.17477,76.65479,1.55,318.72,60.0,2026-08-26T20:55:00Z,N20
FIRMS_32E011A0,15.17542,77.10057,1.32,302.32,60.0,2026-08-26T20:55:00Z,N20
FIRMS_082782FD,15.17816,76.65945,1.55,310.09,60.0,2026-08-26T20:55:00Z,N20
FIRMS_76D38C53,15.17886,76.65562,1.55,312.26,60.0,2026-08-26T20:55:00Z,N20
FIRMS_B50F2482,15.17946,76.67565,1.65,307.05,60.0,2026-08-26T20:55:00Z,N20
FIRMS_62205BA8,15.18357,76.67648,1.65,309.53,60.0,2026-08-26T20:55:00Z,N20
FIRMS_0AF75C2D,15.18496,76.66879,2.38,312.05,60.0,2026-08-26T20:55:00Z,N20
FIRMS_E228735C,15.30119,76.21846,0.8,301.59,60.0,2026-08-26T20:55:00Z,N20
FIRMS_4E5239C6,15.33309,76.24698,0.78,309.09,60.0,2026-08-26T20:55:00Z,N20
FIRMS_560DFA2C,15.33449,76.28466,1.15,307.06,60.0,2026-08-26T20:55:00Z,N20
FIRMS_CFEDDDD3,19.35905,97.98763,3.68,328.39,60.0,2026-08-27T06:22:00Z,N20
FIRMS_95FD2900,24.00065,90.30868,4.91,333.25,60.0,2026-08-27T06:25:00Z,N20
FIRMS_90494BB5,28.49947,97.02498,4.28,328.87,60.0,2026-08-27T06:25:00Z,N20
FIRMS_E2EE20E1,28.51055,97.02303,5.7,332.8,60.0,2026-08-27T06:25:00Z,N20
FIRMS_9B4EAADC,7.58183,80.84846,4.66,335.67,60.0,2026-08-27T08:03:00Z,N20
FIRMS_59CF5023,7.69086,81.6126,2.22,330.97,60.0,2026-08-27T08:03:00Z,N20
FIRMS_B8F1E79B,7.7792,80.71798,4.18,331.68,60.0,2026-08-27T08:03:00Z,N20
FIRMS_109F4641,7.77945,81.41298,2.58,336.78,60.0,2026-08-27T08:03:00Z,N20
FIRMS_22420C31,7.77998,81.41646,2.58,336.76,60.0,2026-08-27T08:03:00Z,N20
FIRMS_779BCBB9,7.78276,81.41248,10.06,346.07,60.0,2026-08-27T08:03:00Z,N20
FIRMS_CF5BEF94,7.79438,81.55692,7.89,340.14,60.0,2026-08-27T08:03:00Z,N20
FIRMS_03816385,7.89037,81.42777,3.48,338.27,60.0,2026-08-27T08:03:00Z,N20
FIRMS_1CAAF20E,7.90572,81.4397,9.96,347.99,60.0,2026-08-27T08:03:00Z,N20
FIRMS_40FA2170,7.92814,81.38641,3.44,339.35,60.0,2026-08-27T08:03:00Z,N20
FIRMS_82689280,7.93423,81.38191,3.47,335.39,60.0,2026-08-27T08:03:00Z,N20
FIRMS_862C4B2B,7.99497,81.44678,2.31,336.87,60.0,2026-08-27T08:03:00Z,N20
FIRMS_FE2535CF,7.99843,80.3773,2.58,333.38,60.0,2026-08-27T08:03:00Z,N20
FIRMS_CD164EB9,8.00174,80.37679,2.58,330.92,60.0,2026-08-27T08:03:00Z,N20
FIRMS_2F47A82C,8.07855,81.34753,5.76,347.57,60.0,2026-08-27T08:03:00Z,N20
FIRMS_B2A142DB,8.1266,81.32954,2.35,332.51,30.0,2026-08-27T08:03:00Z,N20
FIRMS_F9951D6D,8.15307,81.32552,5.7,336.44,60.0,2026-08-27T08:03:00Z,N20
FIRMS_5306F8CF,8.15969,81.32451,5.72,338.73,60.0,2026-08-27T08:03:00Z,N20
FIRMS_D0F9E1A2,8.16075,81.33147,2.18,332.99,60.0,2026-08-27T08:03:00Z,N20
FIRMS_9D31998B,8.18756,81.21635,3.74,338.58,60.0,2026-08-27T08:03:00Z,N20
FIRMS_42F6B68D,8.37496,80.5052,3.16,334.35,60.0,2026-08-27T08:03:00Z,N20
FIRMS_628FF25A,8.89727,80.48201,9.27,340.98,60.0,2026-08-27T08:03:00Z,N20
FIRMS_F52B1F9A,8.95087,77.90591,2.82,336.68,30.0,2026-08-27T08:03:00Z,N20
FIRMS_E4C17371,9.12931,77.84509,5.56,337.52,30.0,2026-08-27T08:03:00Z,N20
FIRMS_ADCB4F11,9.23964,77.81049,8.89,339.38,30.0,2026-08-27T08:03:00Z,N20
FIRMS_7FB74CA5,9.27336,77.94791,10.83,337.78,30.0,2026-08-27T08:03:00Z,N20
FIRMS_8DA7A7BC,9.45227,80.48818,3.08,340.55,60.0,2026-08-27T08:03:00Z,N20
FIRMS_4E098C6C,9.46229,80.46529,0.91,332.31,30.0,2026-08-27T08:03:00Z,N20
FIRMS_C1B8E751,9.82798,77.77052,6.26,338.56,30.0,2026-08-27T08:03:00Z,N20
FIRMS_82C6C1D9,9.9415,78.59012,2.2,334.4,60.0,2026-08-27T08:03:00Z,N20
FIRMS_26E055CA,11.03126,77.58949,4.28,337.59,60.0,2026-08-27T08:03:00Z,N20
FIRMS_6901A6E0,11.03474,77.58891,4.86,337.28,60.0,2026-08-27T08:03:00Z,N20
FIRMS_16D09BA8,11.70355,78.596,6.34,334.69,30.0,2026-08-27T08:05:00Z,N20
FIRMS_B48B28FD,12.05728,79.84831,2.33,333.91,60.0,2026-08-27T08:05:00Z,N20
FIRMS_47A42626,12.09427,77.76483,9.48,335.49,30.0,2026-08-27T08:05:00Z,N20
FIRMS_22B01601,12.1972,79.71706,2.8,332.4,60.0,2026-08-27T08:05:00Z,N20
FIRMS_57042816,12.29649,78.82146,3.56,334.91,60.0,2026-08-27T08:05:00Z,N20
FIRMS_C154D3C1,15.81279,79.73833,3.1,335.02,60.0,2026-08-27T08:05:00Z,N20
FIRMS_74225475,17.36462,75.19918,8.72,335.39,30.0,2026-08-27T08:05:00Z,N20
FIRMS_C3B4E706,22.7993,86.09131,2.85,332.6,60.0,2026-08-27T08:05:00Z,N20
FIRMS_638742D9,20.79344,85.25465,11.97,352.45,60.0,2026-08-27T08:07:00Z,N20
FIRMS_82CD7808,20.79426,85.25369,9.18,341.39,60.0,2026-08-27T08:07:00Z,N20
FIRMS_BE719706,20.96309,85.18516,9.71,332.56,60.0,2026-08-27T08:07:00Z,N20
FIRMS_695943C0,20.96367,85.19029,6.6,330.49,60.0,2026-08-27T08:07:00Z,N20
FIRMS_A5AA8460,26.6315,70.38902,6.8,341.86,60.0,2026-08-27T08:07:00Z,N20
FIRMS_AABEBC1F,27.72701,68.73575,5.0,339.62,60.0,2026-08-27T08:07:00Z,N20
FIRMS_81F97994,27.73136,68.7346,5.0,343.99,60.0,2026-08-27T08:07:00Z,N20
FIRMS_00AF5D6B,28.05137,69.36835,4.2,332.37,30.0,2026-08-27T08:07:00Z,N20
FIRMS_A5CC9C58,31.07058,74.00562,7.28,334.77,60.0,2026-08-27T08:07:00Z,N20
FIRMS_394D2EB3,31.58428,75.88541,7.07,336.5,60.0,2026-08-27T08:07:00Z,N20
FIRMS_DFD82737,35.52793,68.23533,1.68,335.11,30.0,2026-08-27T08:09:00Z,N20
FIRMS_10598C3B,25.01756,92.04456,4.29,296.28,60.0,2026-08-27T20:32:00Z,N20
FIRMS_6F5162BD,29.45695,76.86645,2.18,325.0,60.0,2026-08-27T20:32:00Z,N20
FIRMS_7A4491E0,29.90619,74.94877,1.73,309.91,60.0,2026-08-27T20:32:00Z,N20
FIRMS_F9840CDA,29.90931,74.95467,2.55,310.35,60.0,2026-08-27T20:32:00Z,N20
FIRMS_C800821F,29.90996,74.94939,15.45,349.11,60.0,2026-08-27T20:32:00Z,N20
FIRMS_469BE6A0,29.91061,74.94411,15.45,315.32,60.0,2026-08-27T20:32:00Z,N20
FIRMS_93EF64E9,29.91374,74.95001,15.45,317.18,60.0,2026-08-27T20:32:00Z,N20
FIRMS_BAAAC25B,32.10194,74.17519,1.04,310.2,60.0,2026-08-27T20:32:00Z,N20
FIRMS_D3354785,32.57524,72.56094,3.78,309.93,60.0,2026-08-27T20:32:00Z,N20
FIRMS_F18EDDB9,32.57745,72.56151,3.46,309.4,60.0,2026-08-27T20:32:00Z,N20
FIRMS_309C904B,32.89027,71.61696,4.33,310.28,60.0,2026-08-27T20:32:00Z,N20
FIRMS_3CE329F3,33.29906,71.18397,0.86,306.52,60.0,2026-08-27T20:32:00Z,N20
FIRMS_F1F9CE80,35.78201,71.34005,1.65,304.0,60.0,2026-08-27T20:32:00Z,N20
FIRMS_4298842A,35.9672,68.68427,1.08,307.11,60.0,2026-08-27T20:32:00Z,N20
FIRMS_1FAEDB02,21.11086,72.63392,0.95,297.67,60.0,2026-08-27T20:34:00Z,N20
FIRMS_AA54CF4C,22.36412,87.30086,1.91,309.14,60.0,2026-08-27T20:34:00Z,N20
FIRMS_31862601,22.37007,87.29873,1.6,302.4,60.0,2026-08-27T20:34:00Z,N20
FIRMS_F7278653,22.37985,87.27941,1.3,320.47,60.0,2026-08-27T20:34:00Z,N20
FIRMS_03E9D263,22.38062,87.27596,1.3,304.0,60.0,2026-08-27T20:34:00Z,N20
FIRMS_E72F17C5,23.11632,70.08329,1.73,303.57,60.0,2026-08-27T20:34:00Z,N20
FIRMS_6FBE8708,23.55796,87.23771,1.5,309.96,60.0,2026-08-27T20:34:00Z,N20
FIRMS_0A48D76C,23.55943,87.2403,0.64,303.16,60.0,2026-08-27T20:34:00Z,N20
FIRMS_2B0BBEEF,23.56014,87.23705,0.64,302.58,60.0,2026-08-27T20:34:00Z,N20
FIRMS_011E359D,23.56168,87.08423,0.31,296.94,60.0,2026-08-27T20:34:00Z,N20
FIRMS_5D51148D,25.94402,72.18896,1.26,306.37,60.0,2026-08-27T20:34:00Z,N20
FIRMS_51EE590D,26.095,68.87718,0.57,306.59,60.0,2026-08-27T20:34:00Z,N20
FIRMS_F53990B2,28.42546,69.69883,0.83,313.97,60.0,2026-08-27T20:34:00Z,N20
FIRMS_90CE10E3,13.39338,80.10246,1.67,309.41,60.0,2026-08-27T20:36:00Z,N20
FIRMS_CEFE827B,13.39423,80.09978,1.02,310.06,60.0,2026-08-27T20:36:00Z,N20
FIRMS_1CE26A2C,13.82722,79.25863,1.24,311.67,60.0,2026-08-27T20:36:00Z,N20
FIRMS_ABF2DBF2,15.16878,76.38122,1.21,305.46,60.0,2026-08-27T20:36:00Z,N20
FIRMS_318EB07B,15.16954,76.67191,2.47,312.8,60.0,2026-08-27T20:36:00Z,N20
FIRMS_FEDE41C1,15.17311,76.69072,1.07,304.56,60.0,2026-08-27T20:36:00Z,N20
FIRMS_09563370,15.17506,76.65783,1.42,308.19,60.0,2026-08-27T20:36:00Z,N20
FIRMS_7B4BA9C7,15.17565,76.65424,1.3,313.9,60.0,2026-08-27T20:36:00Z,N20
FIRMS_99EA3807,15.17837,76.6584,1.42,305.75,60.0,2026-08-27T20:36:00Z,N20
FIRMS_7338FC35,15.17896,76.65481,1.3,304.88,60.0,2026-08-27T20:36:00Z,N20
FIRMS_E3376789,15.18383,76.66673,2.11,310.39,60.0,2026-08-27T20:36:00Z,N20
FIRMS_E1FB6A2F,15.3337,76.28465,0.98,314.4,60.0,2026-08-27T20:36:00Z,N20
FIRMS_9D264B74,15.33814,76.27811,3.12,331.25,60.0,2026-08-27T20:36:00Z,N20
FIRMS_710B4B3C,15.84314,79.77197,1.41,313.9,60.0,2026-08-27T20:36:00Z,N20
FIRMS_03F81413,15.84508,79.77524,1.2,311.52,60.0,2026-08-27T20:36:00Z,N20
FIRMS_7D514515,15.93414,78.26305,2.6,311.11,60.0,2026-08-27T20:36:00Z,N20
FIRMS_7B055184,15.99172,78.39793,2.61,311.61,60.0,2026-08-27T20:36:00Z,N20
FIRMS_E17C56A8,16.65075,74.31296,1.22,303.68,60.0,2026-08-27T20:36:00Z,N20
FIRMS_0B5196C2,17.06305,76.97786,1.5,312.97,60.0,2026-08-27T20:36:00Z,N20
FIRMS_D88BF5D2,17.13972,77.17654,1.22,308.27,60.0,2026-08-27T20:36:00Z,N20
FIRMS_85B17104,17.14186,77.1844,1.4,313.21,60.0,2026-08-27T20:36:00Z,N20
FIRMS_93AADF11,17.37144,77.44598,0.9,308.66,60.0,2026-08-27T20:36:00Z,N20
FIRMS_B449460A,17.46451,80.65163,1.53,306.31,60.0,2026-08-27T20:36:00Z,N20
FIRMS_3374479F,17.95691,80.79494,3.85,321.04,60.0,2026-08-27T20:36:00Z,N20
FIRMS_FB3C436E,17.95779,80.79296,2.27,325.37,60.0,2026-08-27T20:36:00Z,N20
FIRMS_39F389A2,17.95781,80.79008,1.44,305.78,60.0,2026-08-27T20:36:00Z,N20
FIRMS_271CCA65,17.95866,80.7881,2.27,307.84,60.0,2026-08-27T20:36:00Z,N20
FIRMS_CFDC5FC2,17.9587,80.7852,1.44,305.22,60.0,2026-08-27T20:36:00Z,N20
FIRMS_93742947,8.30496,77.64027,2.34,311.47,60.0,2026-08-27T20:38:00Z,N20
FIRMS_5C65FCAF,8.40881,80.75497,1.51,310.77,60.0,2026-08-27T20:38:00Z,N20
FIRMS_537A25BD,9.00222,80.67443,0.24,299.44,60.0,2026-08-27T20:38:00Z,N20
FIRMS_D8B54E21,9.49392,77.62406,1.32,314.42,60.0,2026-08-27T20:38:00Z,N20
FIRMS_457B2ADD,10.59377,77.43021,0.34,304.6,60.0,2026-08-27T20:38:00Z,N20
FIRMS_053360ED,10.61681,77.42193,0.58,304.47,60.0,2026-08-27T20:38:00Z,N20
FIRMS_A43A5918,11.1106,77.76625,0.44,305.12,60.0,2026-08-27T20:38:00Z,N20
FIRMS_A042ED6F,11.1818,79.10095,2.46,308.51,60.0,2026-08-27T20:38:00Z,N20
FIRMS_EADEB31B,11.26873,80.00504,1.49,316.33,60.0,2026-08-27T20:38:00Z,N20
FIRMS_2030FDD3,11.80997,77.92491,0.98,298.4,60.0,2026-08-27T20:38:00Z,N20
FIRMS_9DE0E457,11.81067,77.92082,0.98,315.05,60.0,2026-08-27T20:38:00Z,N20
FIRMS_C000C601,11.81491,77.91734,1.2,307.82,60.0,2026-08-27T20:38:00Z,N20
FIRMS_1C20ACA7,11.81844,77.91795,0.67,306.9,60.0,2026-08-27T20:38:00Z,N20
FIRMS_01DB947C,12.24076,78.06161,1.02,315.57,60.0,2026-08-27T20:38:00Z,N20
FIRMS_53E6BCF8,12.64644,77.78779,0.22,297.84,60.0,2026-08-27T20:38:00Z,N20
FIRMS_BD6225BD,12.91795,77.42487,0.66,300.73,60.0,2026-08-27T20:38:00Z,N20
FIRMS_78A4B872,33.29565,71.18529,1.31,303.8,60.0,2026-08-27T22:12:00Z,N20
FIRMS_7314B0CB,35.96931,68.68378,0.77,303.52,60.0,2026-08-27T22:12:00Z,N20
FIRMS_EAF11ED3,6.26881,81.05707,4.56,338.48,60.0,2026-08-28T07:41:00Z,N20
FIRMS_5E4CC9B2,6.72007,81.53424,3.29,334.44,60.0,2026-08-28T07:41:00Z,N20
FIRMS_91D5A55C,6.73925,81.50663,1.81,329.68,60.0,2026-08-28T07:41:00Z,N20
FIRMS_18234605,6.83283,81.43922,3.79,332.62,60.0,2026-08-28T07:41:00Z,N20
FIRMS_A286E7B4,6.86529,81.49329,5.0,336.07,60.0,2026-08-28T07:41:00Z,N20
FIRMS_19104857,6.87605,81.46192,3.51,331.09,60.0,2026-08-28T07:41:00Z,N20
FIRMS_ECCF39D2,7.04752,81.47235,5.41,333.89,60.0,2026-08-28T07:41:00Z,N20
FIRMS_4D506EBD,7.11799,81.8344,6.87,337.63,60.0,2026-08-28T07:41:00Z,N20
FIRMS_81F363C5,7.12175,81.83376,6.01,338.9,60.0,2026-08-28T07:41:00Z,N20
FIRMS_1CD05881,7.20403,81.81302,9.28,338.67,60.0,2026-08-28T07:44:00Z,N20
FIRMS_CE56352F,7.29577,81.8278,3.31,337.03,30.0,2026-08-28T07:44:00Z,N20
FIRMS_BA5EAE8F,7.35641,81.8226,5.45,334.2,30.0,2026-08-28T07:44:00Z,N20
FIRMS_6DDCE5C5,7.59177,81.69086,2.51,335.23,60.0,2026-08-28T07:44:00Z,N20
FIRMS_589CF52C,7.93357,80.61695,3.95,339.43,60.0,2026-08-28T07:44:00Z,N20
FIRMS_664B4C05,8.40984,80.82601,3.22,331.05,60.0,2026-08-28T07:44:00Z,N20
FIRMS_269DCBCA,8.41011,80.82766,5.41,330.65,60.0,2026-08-28T07:44:00Z,N20
FIRMS_34C0DCE0,8.42591,80.33542,3.26,331.13,60.0,2026-08-28T07:44:00Z,N20
FIRMS_1077D4F3,8.52512,80.81857,3.59,335.07,60.0,2026-08-28T07:44:00Z,N20
FIRMS_40B5D760,8.52595,80.82137,5.61,338.38,60.0,2026-08-28T07:44:00Z,N20
FIRMS_29CEACBB,8.55052,80.77623,2.27,330.48,60.0,2026-08-28T07:44:00Z,N20
FIRMS_4008D78C,8.56677,78.0841,5.17,336.43,60.0,2026-08-28T07:44:00Z,N20
FIRMS_6C9B3D13,8.6437,80.92892,21.2,348.1,60.0,2026-08-28T07:44:00Z,N20
FIRMS_5ED69F65,8.64431,80.92615,28.26,339.34,60.0,2026-08-28T07:44:00Z,N20
FIRMS_00901B61,8.67631,80.2558,5.4,344.31,60.0,2026-08-28T07:44:00Z,N20
FIRMS_B9AF4967,8.68003,80.75702,10.73,332.99,60.0,2026-08-28T07:44:00Z,N20
FIRMS_1D3F29EB,8.71066,77.97169,3.26,336.06,60.0,2026-08-28T07:44:00Z,N20
FIRMS_BFD59C6A,8.71155,77.97672,3.26,334.12,60.0,2026-08-28T07:44:00Z,N20
FIRMS_1EB9588F,8.71625,77.97591,4.69,332.03,60.0,2026-08-28T07:44:00Z,N20
FIRMS_5C510809,8.72698,80.74916,6.65,330.03,60.0,2026-08-28T07:44:00Z,N20
FIRMS_00E40805,8.72984,78.1073,5.48,341.09,60.0,2026-08-28T07:44:00Z,N20
FIRMS_A6E4D181,8.78832,78.11234,2.63,330.5,30.0,2026-08-28T07:44:00Z,N20
FIRMS_C573B64D,8.84528,78.0387,3.18,334.87,60.0,2026-08-28T07:44:00Z,N20
FIRMS_5962377D,8.90563,80.35099,5.92,350.09,60.0,2026-08-28T07:44:00Z,N20
FIRMS_A9624244,8.90787,80.43686,2.31,330.25,60.0,2026-08-28T07:44:00Z,N20
FIRMS_7D1EFEC8,8.90886,80.58608,7.44,332.23,60.0,2026-08-28T07:44:00Z,N20
FIRMS_6AFE2B2C,8.98831,77.81923,1.85,339.23,60.0,2026-08-28T07:44:00Z,N20
FIRMS_900F4F99,8.98947,77.82053,3.48,338.15,60.0,2026-08-28T07:44:00Z,N20
FIRMS_27AB5037,9.00048,80.67468,5.74,336.14,60.0,2026-08-28T07:44:00Z,N20
FIRMS_0678054C,9.05492,80.49566,6.56,337.59,60.0,2026-08-28T07:44:00Z,N20
FIRMS_325346B5,9.1417,80.26675,2.82,332.33,60.0,2026-08-28T07:44:00Z,N20
FIRMS_358183A6,9.15226,80.71832,33.78,336.19,60.0,2026-08-28T07:44:00Z,N20
FIRMS_A276800A,9.15345,80.72108,71.88,336.5,60.0,2026-08-28T07:44:00Z,N20
FIRMS_8545473F,9.15616,80.71767,33.78,336.09,60.0,2026-08-28T07:44:00Z,N20
FIRMS_4EE2FB12,9.18515,77.78957,8.65,336.57,60.0,2026-08-28T07:44:00Z,N20
FIRMS_FBD77EB5,9.18577,77.78692,9.06,337.19,60.0,2026-08-28T07:44:00Z,N20
FIRMS_868904FA,9.23738,80.79314,4.51,332.94,60.0,2026-08-28T07:44:00Z,N20
FIRMS_A9D16B26,9.28004,78.3948,7.43,344.7,60.0,2026-08-28T07:44:00Z,N20
FIRMS_1F15F59B,9.28083,78.39944,2.22,338.08,60.0,2026-08-28T07:44:00Z,N20
FIRMS_806564EF,9.28536,78.39864,2.22,332.63,60.0,2026-08-28T07:44:00Z,N20
FIRMS_EAD7FD97,9.30402,78.39236,3.83,330.72,60.0,2026-08-28T07:44:00Z,N20
FIRMS_802BA2BC,9.37273,78.62408,3.75,336.3,60.0,2026-08-28T07:44:00Z,N20
FIRMS_C73D475F,9.42936,80.42011,5.18,334.71,60.0,2026-08-28T07:44:00Z,N20
FIRMS_030B040F,9.57007,80.37499,5.04,339.05,60.0,2026-08-28T07:44:00Z,N20
FIRMS_14D64BF4,9.60042,79.98769,2.72,335.71,60.0,2026-08-28T07:44:00Z,N20
FIRMS_288BEB6B,9.7363,78.57832,2.12,337.02,60.0,2026-08-28T07:44:00Z,N20
FIRMS_F1A3883C,9.73857,78.34991,5.67,341.77,60.0,2026-08-28T07:44:00Z,N20
FIRMS_D60EC187,9.73959,78.34672,5.32,340.85,60.0,2026-08-28T07:44:00Z,N20
FIRMS_C77DA05B,9.76033,80.26269,1.63,330.11,60.0,2026-08-28T07:44:00Z,N20
FIRMS_95112C2D,9.88019,78.4741,1.87,337.89,60.0,2026-08-28T07:44:00Z,N20
FIRMS_F90C957D,9.93117,78.07159,5.4,339.46,60.0,2026-08-28T07:44:00Z,N20
FIRMS_B09B97F9,9.94673,78.18559,2.94,332.32,60.0,2026-08-28T07:44:00Z,N20
FIRMS_25577DEB,9.96105,78.39642,0.94,330.65,60.0,2026-08-28T07:44:00Z,N20
FIRMS_88748FA6,9.96297,78.39445,1.75,330.37,30.0,2026-08-28T07:44:00Z,N20
FIRMS_DFED1219,10.06681,78.36839,1.8,330.13,30.0,2026-08-28T07:44:00Z,N20
FIRMS_6E236286,10.59022,78.85231,2.93,333.44,60.0,2026-08-28T07:44:00Z,N20
FIRMS_654DE11D,10.81325,78.80896,2.33,331.45,60.0,2026-08-28T07:44:00Z,N20
FIRMS_EB5A47FE,11.24627,77.77045,3.3,337.19,60.0,2026-08-28T07:44:00Z,N20
FIRMS_7A3C7D03,11.24631,77.76821,3.18,335.77,60.0,2026-08-28T07:44:00Z,N20
FIRMS_77A5429C,11.62135,79.67422,3.31,342.53,60.0,2026-08-28T07:44:00Z,N20
FIRMS_3D174C5A,11.97214,79.74477,2.69,343.23,60.0,2026-08-28T07:44:00Z,N20
FIRMS_99240BB6,11.9761,79.74409,3.39,340.97,60.0,2026-08-28T07:44:00Z,N20
FIRMS_6E639C02,12.63144,79.54516,1.88,330.25,60.0,2026-08-28T07:44:00Z,N20
FIRMS_B1936E11,14.49,79.71088,6.55,344.64,60.0,2026-08-28T07:44:00Z,N20
FIRMS_1FDB5EC0,14.59493,77.66154,3.27,334.05,60.0,2026-08-28T07:46:00Z,N20
FIRMS_2F61A5A7,14.65638,75.65396,12.07,339.8,60.0,2026-08-28T07:46:00Z,N20
FIRMS_493E17AA,14.66031,75.6534,12.84,336.45,60.0,2026-08-28T07:46:00Z,N20
FIRMS_60970B1A,14.66086,75.65631,12.84,367.0,90.0,2026-08-28T07:46:00Z,N20
FIRMS_740A44EB,14.66129,75.6529,8.89,330.09,60.0,2026-08-28T07:46:00Z,N20
FIRMS_19D58C88,14.66463,79.55208,3.81,332.52,30.0,2026-08-28T07:46:00Z,N20
FIRMS_75C6145F,15.08822,79.77559,14.93,344.05,60.0,2026-08-28T07:46:00Z,N20
FIRMS_99B4B902,15.089,79.77787,21.57,336.56,60.0,2026-08-28T07:46:00Z,N20
FIRMS_850D1808,15.32899,78.96827,4.34,332.13,60.0,2026-08-28T07:46:00Z,N20
FIRMS_9248C45B,15.63525,79.5853,7.27,340.53,60.0,2026-08-28T07:46:00Z,N20
FIRMS_1FE66129,15.73366,79.84308,4.96,335.64,60.0,2026-08-28T07:46:00Z,N20
FIRMS_030D243D,15.99496,78.3997,1.68,331.18,60.0,2026-08-28T07:46:00Z,N20
FIRMS_E50F7895,16.13124,77.82779,10.46,354.31,60.0,2026-08-28T07:46:00Z,N20
FIRMS_93E58DF0,16.13541,77.827,6.35,340.62,60.0,2026-08-28T07:46:00Z,N20
FIRMS_F8FF3814,20.9654,86.01233,3.23,334.34,60.0,2026-08-28T07:46:00Z,N20
FIRMS_AEE2BEEC,20.96903,86.01181,3.23,331.01,60.0,2026-08-28T07:46:00Z,N20
FIRMS_DD88F3F1,21.74363,83.84044,5.74,332.72,60.0,2026-08-28T07:46:00Z,N20
FIRMS_997A1F3F,21.74418,83.84429,5.74,334.37,60.0,2026-08-28T07:46:00Z,N20
FIRMS_9E8633EE,21.74754,83.84375,5.74,344.84,60.0,2026-08-28T07:46:00Z,N20
FIRMS_DA6E219E,21.75426,83.84266,4.53,336.85,60.0,2026-08-28T07:46:00Z,N20
FIRMS_943CD1DA,21.76207,83.84924,4.28,333.38,60.0,2026-08-28T07:46:00Z,N20
FIRMS_626F6E28,22.37538,87.27899,10.47,330.44,60.0,2026-08-28T07:46:00Z,N20
FIRMS_1DD78A27,23.80325,86.33153,5.56,341.8,60.0,2026-08-28T07:48:00Z,N20
FIRMS_D972D180,25.03555,87.38821,3.03,331.96,60.0,2026-08-28T07:48:00Z,N20
FIRMS_E008802E,27.43482,70.8578,2.03,340.0,60.0,2026-08-28T07:50:00Z,N20
FIRMS_6E9ABE94,33.23374,71.51796,2.26,332.14,60.0,2026-08-28T07:50:00Z,N20
FIRMS_613B4387,33.23682,71.51154,0.97,307.55,60.0,2026-08-28T20:12:00Z,N20
FIRMS_3CC9A5A8,33.29786,71.18157,1.2,304.59,60.0,2026-08-28T20:12:00Z,N20
FIRMS_96CBED24,24.54276,97.73833,2.97,298.8,60.0,2026-08-28T20:14:00Z,N20
FIRMS_22C379C7,25.03661,87.38615,0.69,304.83,60.0,2026-08-28T20:14:00Z,N20
FIRMS_9B51C8F7,25.94442,72.18835,1.62,312.48,60.0,2026-08-28T20:14:00Z,N20
FIRMS_8AAED70D,26.26645,74.18758,0.62,305.63,60.0,2026-08-28T20:14:00Z,N20
FIRMS_2B38BC0D,26.26726,74.18773,1.44,305.62,60.0,2026-08-28T20:14:00Z,N20
FIRMS_402507F5,27.37636,95.08469,2.8,301.57,60.0,2026-08-28T20:14:00Z,N20
FIRMS_7A5FCA09,32.57872,72.56083,2.8,308.46,60.0,2026-08-28T20:14:00Z,N20
FIRMS_DF79F8A1,32.88945,71.6142,2.61,306.16,60.0,2026-08-28T20:14:00Z,N20
FIRMS_6939D115,11.04049,77.71588,0.56,304.81,60.0,2026-08-28T20:17:00Z,N20
FIRMS_BD3C86E0,11.14093,77.35009,0.38,300.35,60.0,2026-08-28T20:17:00Z,N20
FIRMS_6BB36262,11.18338,79.09915,0.49,298.56,60.0,2026-08-28T20:17:00Z,N20
FIRMS_B1A3DC1E,11.26826,80.00521,0.45,304.97,60.0,2026-08-28T20:17:00Z,N20
FIRMS_936AE39D,11.53513,77.22146,0.36,301.93,60.0,2026-08-28T20:17:00Z,N20
FIRMS_34FA0498,11.8118,77.92049,1.99,315.54,60.0,2026-08-28T20:17:00Z,N20
FIRMS_6EF6CC12,11.81577,77.91728,1.06,304.87,60.0,2026-08-28T20:17:00Z,N20
FIRMS_E70C707C,12.25146,79.63464,0.53,300.56,60.0,2026-08-28T20:17:00Z,N20
FIRMS_118CEFB6,13.71189,79.61842,1.23,305.98,60.0,2026-08-28T20:17:00Z,N20
FIRMS_C837BE56,13.71465,79.62251,1.61,310.35,60.0,2026-08-28T20:17:00Z,N20
FIRMS_ECA86FB2,13.89451,77.03326,0.97,305.16,60.0,2026-08-28T20:17:00Z,N20
FIRMS_F295DB1A,13.89907,76.56499,0.8,301.18,60.0,2026-08-28T20:17:00Z,N20
FIRMS_736060DC,17.95662,80.79441,3.13,331.26,60.0,2026-08-28T20:17:00Z,N20
FIRMS_6C2CA661,17.95774,80.78719,0.9,307.39,60.0,2026-08-28T20:17:00Z,N20
FIRMS_E11CED6A,19.82014,79.23772,0.73,295.83,60.0,2026-08-28T20:17:00Z,N20
FIRMS_4E660625,19.93703,73.71011,1.25,308.78,60.0,2026-08-28T20:17:00Z,N20
FIRMS_8C8F1406,19.96314,79.33248,1.21,308.63,60.0,2026-08-28T20:17:00Z,N20
FIRMS_A896CC2A,21.10835,72.64621,1.08,304.31,60.0,2026-08-28T20:17:00Z,N20
FIRMS_85D4AA56,21.10869,72.64594,1.78,317.01,60.0,2026-08-28T20:17:00Z,N20
FIRMS_0BAECA89,21.10871,72.64282,1.08,299.25,60.0,2026-08-28T20:17:00Z,N20
FIRMS_06C19D01,21.10903,72.64254,1.78,308.26,60.0,2026-08-28T20:17:00Z,N20
FIRMS_BFCFC3F8,21.10907,72.63943,1.98,302.13,60.0,2026-08-28T20:17:00Z,N20
FIRMS_B698B43D,21.1097,72.63574,2.49,301.04,60.0,2026-08-28T20:17:00Z,N20
FIRMS_0F648484,22.26705,75.13366,0.85,303.97,60.0,2026-08-28T20:17:00Z,N20
FIRMS_7460B180,6.84606,81.45916,1.72,307.24,60.0,2026-08-28T20:19:00Z,N20
FIRMS_227118F5,7.97165,81.09951,1.8,305.99,60.0,2026-08-28T20:19:00Z,N20
FIRMS_71B0ED26,8.12189,80.80357,1.72,315.03,60.0,2026-08-28T20:19:00Z,N20
FIRMS_DD30AE8C,8.66846,77.99356,0.44,309.13,60.0,2026-08-28T20:19:00Z,N20
FIRMS_F7D66664,8.6718,77.99409,0.44,309.52,60.0,2026-08-28T20:19:00Z,N20
FIRMS_90C97655,8.85032,78.13471,0.43,308.67,60.0,2026-08-28T20:19:00Z,N20
FIRMS_2CCEE3D1,10.61592,77.42117,0.45,301.41,60.0,2026-08-28T20:19:00Z,N20
FIRMS_A9110338,14.60621,78.52273,1.33,308.2,60.0,2026-08-28T20:19:00Z,N20
FIRMS_1D46EFDB,15.11159,76.8063,0.89,303.23,60.0,2026-08-28T20:19:00Z,N20
FIRMS_F935836A,15.13364,79.95895,1.59,311.16,60.0,2026-08-28T20:19:00Z,N20
FIRMS_FC99A512,15.17368,76.78575,1.18,304.27,60.0,2026-08-28T20:19:00Z,N20
FIRMS_ACBB434A,15.1754,76.69256,1.87,315.2,60.0,2026-08-28T20:19:00Z,N20
FIRMS_4B5CB59F,15.17683,76.65511,2.43,332.64,60.0,2026-08-28T20:19:00Z,N20
FIRMS_046AD884,15.17731,77.1031,1.81,305.59,60.0,2026-08-28T20:19:00Z,N20
FIRMS_C30B4323,15.17739,77.10064,1.3,305.28,60.0,2026-08-28T20:19:00Z,N20
FIRMS_F6F8DE5D,15.17798,76.6741,1.45,305.04,60.0,2026-08-28T20:19:00Z,N20
FIRMS_8F122D8E,15.18056,76.65565,2.43,306.01,60.0,2026-08-28T20:19:00Z,N20
FIRMS_06F2D09D,15.1825,76.64178,4.32,330.42,60.0,2026-08-28T20:19:00Z,N20
FIRMS_45F393B1,15.183,76.66542,2.73,321.1,60.0,2026-08-28T20:19:00Z,N20
FIRMS_45957BD3,15.33618,76.28429,1.01,304.01,60.0,2026-08-28T20:19:00Z,N20
FIRMS_6CA140F8,15.89742,79.43373,0.61,298.3,60.0,2026-08-28T20:19:00Z,N20
FIRMS_6DDD20A6,15.98432,79.14418,1.04,304.46,60.0,2026-08-28T20:19:00Z,N20
FIRMS_DDF1D5AC,16.09608,79.16954,0.87,307.79,60.0,2026-08-28T20:19:00Z,N20
FIRMS_20BD3725,17.0624,76.98022,1.3,307.14,60.0,2026-08-28T20:19:00Z,N20
FIRMS_DE33EB09,17.14009,77.17446,1.09,305.66,60.0,2026-08-28T20:19:00Z,N20
FIRMS_A76F8606,17.14254,77.18425,0.8,305.29,60.0,2026-08-28T20:19:00Z,N20
FIRMS_24065B28,25.9405,72.1935,0.95,303.76,60.0,2026-08-28T21:55:00Z,N20
FIRMS_F6F6164E,25.9441,72.19492,1.16,304.05,60.0,2026-08-28T21:55:00Z,N20
FIRMS_13671A12,31.77044,70.10559,0.45,309.07,60.0,2026-08-28T21:55:00Z,N20
FIRMS_EF6E5C15,32.28932,70.73684,2.64,307.7,60.0,2026-08-28T21:55:00Z,N20
FIRMS_F6CEAF9B,32.29645,70.73111,2.25,306.97,60.0,2026-08-28T21:55:00Z,N20
FIRMS_7741197E,32.88903,71.61543,3.03,314.37,60.0,2026-08-28T21:55:00Z,N20
FIRMS_F131FBF3,33.23701,71.51503,2.92,309.68,60.0,2026-08-28T21:55:00Z,N20
FIRMS_DE121BDA,33.24471,71.2981,2.3,311.46,60.0,2026-08-28T21:55:00Z,N20
FIRMS_140EF71D,33.2984,71.18697,1.71,307.0,60.0,2026-08-28T21:55:00Z,N20
FIRMS_395A10FE,6.56933,80.85204,2.2,330.7,60.0,2026-08-29T07:24:00Z,N20
FIRMS_7319E9F7,6.70309,81.34322,3.28,339.33,60.0,2026-08-29T07:24:00Z,N20
FIRMS_4950C587,6.70525,81.34303,2.2,329.64,60.0,2026-08-29T07:24:00Z,N20
FIRMS_9472A3FA,6.75893,81.37865,3.5,328.14,60.0,2026-08-29T07:24:00Z,N20
FIRMS_AD46DE92,6.81772,80.87768,2.08,331.41,60.0,2026-08-29T07:24:00Z,N20
FIRMS_5FFDB6F3,7.49351,81.01079,5.21,340.0,60.0,2026-08-29T07:24:00Z,N20
FIRMS_514DA91A,8.87915,80.72496,5.66,351.42,60.0,2026-08-29T07:24:00Z,N20
FIRMS_6D1DC1B1,8.88152,80.72383,4.23,354.5,60.0,2026-08-29T07:24:00Z,N20
FIRMS_B5E6F382,8.88215,80.72724,4.23,334.54,60.0,2026-08-29T07:24:00Z,N20
FIRMS_D4B22D9A,9.01955,80.17964,2.22,328.45,60.0,2026-08-29T07:24:00Z,N20
FIRMS_37BD8536,9.07926,80.12955,1.67,331.22,60.0,2026-08-29T07:24:00Z,N20
FIRMS_2780F880,9.3622,78.73381,4.63,332.95,60.0,2026-08-29T07:24:00Z,N20
FIRMS_6C15D615,10.40738,79.5165,6.75,354.22,60.0,2026-08-29T07:26:00Z,N20
FIRMS_46529D66,10.98918,78.7616,3.86,330.06,60.0,2026-08-29T07:26:00Z,N20
FIRMS_2BED8367,12.20977,79.82823,2.73,332.09,60.0,2026-08-29T07:26:00Z,N20
FIRMS_90A7D2E8,13.56609,79.58166,2.31,331.28,60.0,2026-08-29T07:26:00Z,N20
FIRMS_8C38B582,14.54888,79.80931,3.21,348.89,60.0,2026-08-29T07:26:00Z,N20
FIRMS_1AFEE530,14.55055,79.80936,4.3,349.62,60.0,2026-08-29T07:26:00Z,N20
FIRMS_0A917BFF,14.65011,77.66823,5.27,336.82,60.0,2026-08-29T07:26:00Z,N20
FIRMS_18ED7252,14.6517,77.66785,4.18,340.19,60.0,2026-08-29T07:26:00Z,N20
FIRMS_45D00934,22.06989,95.91976,1.44,331.7,60.0,2026-08-29T07:29:00Z,N20
FIRMS_56D8629F,23.68707,87.12255,3.21,331.22,60.0,2026-08-29T07:29:00Z,N20
FIRMS_4864E7EF,25.03602,87.38899,3.58,335.28,60.0,2026-08-29T07:29:00Z,N20
FIRMS_C88A94C9,26.66728,86.18171,2.53,335.89,60.0,2026-08-29T07:31:00Z,N20
FIRMS_11384333,28.26528,94.83472,4.26,346.8,60.0,2026-08-29T07:31:00Z,N20
FIRMS_259832EA,31.50436,72.20116,4.41,332.76,60.0,2026-08-29T07:31:00Z,N20
FIRMS_714A5018,31.65889,78.40624,5.95,336.85,30.0,2026-08-29T07:31:00Z,N20
FIRMS_06A5AC8D,8.64795,77.84141,3.16,330.38,60.0,2026-08-29T09:05:00Z,N20
FIRMS_F2E51DB4,27.62436,69.46843,7.14,367.0,90.0,2026-08-29T09:09:00Z,N20
FIRMS_B3714BFA,27.62856,69.46902,5.98,339.83,60.0,2026-08-29T09:09:00Z,N20
FIRMS_8B84C15B,27.75547,68.69614,9.46,352.59,60.0,2026-08-29T09:09:00Z,N20
FIRMS_3A3781F3,28.05085,69.3709,3.19,334.76,60.0,2026-08-29T09:09:00Z,N20
FIRMS_CF9DD49D,29.46308,76.88765,1.01,309.87,60.0,2026-08-29T19:53:00Z,N20
FIRMS_6371EE2B,29.46341,76.88279,1.01,298.15,60.0,2026-08-29T19:53:00Z,N20
FIRMS_7BC17DFB,21.76632,97.13945,1.27,312.36,60.0,2026-08-29T19:55:00Z,N20
FIRMS_35D88A6F,22.36086,87.01711,0.68,305.35,60.0,2026-08-29T19:55:00Z,N20
FIRMS_8EB301DB,22.36415,87.0177,0.68,300.28,60.0,2026-08-29T19:55:00Z,N20
FIRMS_ECABF237,22.36679,87.29976,0.5,303.34,60.0,2026-08-29T19:55:00Z,N20
FIRMS_24D9467B,22.37691,87.27876,2.35,322.63,60.0,2026-08-29T19:55:00Z,N20
FIRMS_B798E3BD,23.54915,86.54485,0.93,302.9,60.0,2026-08-29T19:55:00Z,N20
FIRMS_D3049E20,28.66509,77.57698,0.68,306.44,60.0,2026-08-29T19:55:00Z,N20
FIRMS_915634D6,7.43693,81.32146,0.56,304.96,60.0,2026-08-29T20:00:00Z,N20
FIRMS_75D1A540,7.47999,81.08849,0.8,303.42,60.0,2026-08-29T20:00:00Z,N20
FIRMS_CCF33813,8.77298,78.1974,2.2,326.43,60.0,2026-08-29T20:00:00Z,N20
FIRMS_B4402414,9.30498,77.40442,1.74,309.28,60.0,2026-08-29T20:00:00Z,N20
FIRMS_1C07B4AA,9.75463,77.51933,9.74,333.11,60.0,2026-08-29T20:00:00Z,N20
FIRMS_E17839D5,9.75909,77.51995,9.74,355.55,60.0,2026-08-29T20:00:00Z,N20
FIRMS_2DA82574,9.79408,78.39436,1.2,313.48,60.0,2026-08-29T20:00:00Z,N20
FIRMS_46B87963,10.08053,77.3137,0.74,303.46,60.0,2026-08-29T20:00:00Z,N20
FIRMS_924B1CDF,10.32693,79.23083,0.51,303.13,60.0,2026-08-29T20:00:00Z,N20
FIRMS_BD6613F2,10.61798,77.41872,0.93,305.55,60.0,2026-08-29T20:00:00Z,N20
FIRMS_FCDFA667,10.93958,78.46883,2.72,338.63,60.0,2026-08-29T20:00:00Z,N20
FIRMS_B6C7871A,10.94012,78.46482,2.72,300.86,60.0,2026-08-29T20:00:00Z,N20
FIRMS_DA919C66,10.94382,78.46944,0.31,298.61,60.0,2026-08-29T20:00:00Z,N20
FIRMS_D5199F31,11.17766,79.08904,0.51,301.17,60.0,2026-08-29T20:00:00Z,N20
FIRMS_480B3824,11.47617,77.50427,0.54,301.06,60.0,2026-08-29T20:00:00Z,N20
FIRMS_B2A7F985,11.47695,77.50159,0.36,298.16,60.0,2026-08-29T20:00:00Z,N20
FIRMS_BF9CD2B0,11.56324,78.73071,1.9,319.18,60.0,2026-08-29T20:00:00Z,N20
FIRMS_694DD2B6,13.83427,79.34254,1.24,308.41,60.0,2026-08-29T20:00:00Z,N20
FIRMS_C5F2B336,13.8353,79.33482,1.42,308.27,60.0,2026-08-29T20:00:00Z,N20
FIRMS_E0419B17,13.83898,79.33909,1.24,308.77,60.0,2026-08-29T20:00:00Z,N20
FIRMS_14A09D6F,13.8395,79.33519,1.42,305.55,60.0,2026-08-29T20:00:00Z,N20
FIRMS_13D22C19,32.29177,70.7382,1.41,310.83,60.0,2026-08-29T21:33:00Z,N20
FIRMS_51B5569E,32.29354,70.72985,1.23,311.48,60.0,2026-08-29T21:33:00Z,N20
FIRMS_D92E2432,33.23467,71.51348,1.46,308.32,60.0,2026-08-29T21:33:00Z,N20
FIRMS_E940DDA9,33.29679,71.18534,1.79,309.22,60.0,2026-08-29T21:33:00Z,N20
FIRMS_B5783536,35.2242,72.93111,0.92,296.64,60.0,2026-08-29T21:33:00Z,N20
FIRMS_4D5D7561,25.38635,68.58437,1.77,306.77,60.0,2026-08-29T21:36:00Z,N20
FIRMS_50723D6D,25.94203,72.1932,0.39,304.41,60.0,2026-08-29T21:36:00Z,N20
FIRMS_0B05C03D,28.42397,69.69864,2.33,312.55,60.0,2026-08-29T21:36:00Z,N20
FIRMS_B04E7971,29.45783,76.893,5.21,315.97,60.0,2026-08-29T21:36:00Z,N20
FIRMS_8B775D3D,29.45884,76.89159,4.41,331.32,60.0,2026-08-29T21:36:00Z,N20
FIRMS_DDF4A917,29.45926,76.88767,5.21,330.18,60.0,2026-08-29T21:36:00Z,N20
FIRMS_EFA54F08,29.46024,76.88624,4.2,304.02,60.0,2026-08-29T21:36:00Z,N20
FIRMS_A8FC8E8F,7.80942,81.36557,8.5,334.4,60.0,2026-08-30T07:05:00Z,N20
FIRMS_3973D259,7.89105,81.46039,5.88,336.39,60.0,2026-08-30T07:05:00Z,N20
FIRMS_A7FF79CD,7.89295,81.46114,6.87,334.69,60.0,2026-08-30T07:05:00Z,N20
FIRMS_D5E2939D,14.50168,79.70076,6.06,336.4,60.0,2026-08-30T07:07:00Z,N20
FIRMS_E6F4C2D7,14.50181,79.70016,4.28,338.54,60.0,2026-08-30T07:07:00Z,N20
FIRMS_E7EDDFA2,23.55893,87.23925,14.28,343.58,60.0,2026-08-30T07:09:00Z,N20
FIRMS_19725E5E,23.64829,85.43843,6.73,333.96,60.0,2026-08-30T07:09:00Z,N20
FIRMS_10832806,23.76081,86.4027,7.03,330.6,60.0,2026-08-30T07:09:00Z,N20
FIRMS_493DCC8B,23.80394,86.33237,3.43,333.77,60.0,2026-08-30T07:09:00Z,N20
FIRMS_DD8660C6,27.98966,94.22114,6.97,339.7,60.0,2026-08-30T07:09:00Z,N20
FIRMS_432781D3,28.1259,95.46807,3.18,330.19,60.0,2026-08-30T07:09:00Z,N20
FIRMS_892BC700,28.92377,86.34815,2.55,330.88,60.0,2026-08-30T07:09:00Z,N20
FIRMS_D421F60E,29.1543,88.47652,2.38,329.13,60.0,2026-08-30T07:09:00Z,N20
FIRMS_D34C1262,29.16352,88.53256,2.7,331.57,60.0,2026-08-30T07:09:00Z,N20
FIRMS_4A9D609E,29.29201,88.86295,3.33,326.13,60.0,2026-08-30T07:09:00Z,N20
FIRMS_7E2FD106,29.55622,90.99968,6.43,330.68,60.0,2026-08-30T07:09:00Z,N20
FIRMS_5E5319B2,29.63485,90.98108,2.08,335.89,60.0,2026-08-30T07:09:00Z,N20
FIRMS_CA58013C,29.63542,90.98508,2.08,335.78,60.0,2026-08-30T07:09:00Z,N20
FIRMS_97061B53,29.64221,87.67156,2.91,334.86,60.0,2026-08-30T07:12:00Z,N20
FIRMS_58079890,6.45568,81.09361,3.95,334.67,60.0,2026-08-30T08:45:00Z,N20
FIRMS_2EA5D55C,6.4563,81.09817,3.95,344.88,60.0,2026-08-30T08:45:00Z,N20
FIRMS_F8454169,6.70969,81.53863,10.26,367.0,90.0,2026-08-30T08:45:00Z,N20
FIRMS_FB1CE734,6.77071,81.56642,3.45,334.0,60.0,2026-08-30T08:45:00Z,N20
FIRMS_6DE92FB9,6.81459,81.52832,2.36,336.07,60.0,2026-08-30T08:45:00Z,N20
FIRMS_092D0DDB,7.10899,81.68916,7.81,334.5,60.0,2026-08-30T08:45:00Z,N20
FIRMS_61D894C3,7.27461,81.65147,9.0,340.35,60.0,2026-08-30T08:45:00Z,N20
FIRMS_24D805B9,7.27653,81.15067,5.03,338.24,60.0,2026-08-30T08:45:00Z,N20
FIRMS_565B9695,7.31452,81.10784,4.17,338.34,60.0,2026-08-30T08:45:00Z,N20
FIRMS_5F80C0C1,7.33402,81.20899,7.18,342.35,60.0,2026-08-30T08:45:00Z,N20
FIRMS_C7160093,7.33465,81.2114,7.71,337.87,60.0,2026-08-30T08:45:00Z,N20
FIRMS_069A99A1,7.34516,81.19805,8.43,334.52,60.0,2026-08-30T08:45:00Z,N20
FIRMS_7436E164,7.34572,81.20043,5.8,332.08,60.0,2026-08-30T08:45:00Z,N20
FIRMS_2A21B98B,7.3532,81.20939,6.25,331.91,60.0,2026-08-30T08:45:00Z,N20
FIRMS_A66A755C,7.40399,81.77965,3.79,331.31,60.0,2026-08-30T08:45:00Z,N20
FIRMS_7D8B5C85,7.41334,81.2877,2.27,338.92,60.0,2026-08-30T08:45:00Z,N20
FIRMS_62CAD3D2,7.61477,81.15652,111.8,351.21,60.0,2026-08-30T08:45:00Z,N20
FIRMS_29B8F80B,7.61601,81.16604,50.36,367.0,90.0,2026-08-30T08:45:00Z,N20
FIRMS_3279D68A,7.8102,81.4497,6.8,344.67,60.0,2026-08-30T08:45:00Z,N20
FIRMS_64DAB885,7.81421,81.45215,8.01,354.59,60.0,2026-08-30T08:45:00Z,N20
FIRMS_174D974B,8.88266,77.78847,1.91,339.64,60.0,2026-08-30T08:45:00Z,N20
FIRMS_74A4BFAC,8.93221,77.96577,8.66,367.0,90.0,2026-08-30T08:45:00Z,N20
FIRMS_B79882A5,9.11021,77.77234,4.69,350.61,60.0,2026-08-30T08:45:00Z,N20
FIRMS_555EAE09,9.44333,77.66908,3.8,335.62,60.0,2026-08-30T08:45:00Z,N20
FIRMS_B89A3B04,9.4436,77.67059,3.65,330.78,60.0,2026-08-30T08:45:00Z,N20
FIRMS_E0A56C22,9.44872,77.67133,3.88,331.78,60.0,2026-08-30T08:45:00Z,N20
FIRMS_D678D0B6,9.99573,77.29134,9.26,349.42,60.0,2026-08-30T08:45:00Z,N20
FIRMS_2563BF27,21.10281,72.6347,5.36,341.97,60.0,2026-08-30T08:50:00Z,N20
FIRMS_3434F3F4,21.1033,72.63883,5.36,334.9,60.0,2026-08-30T08:50:00Z,N20
FIRMS_C5455669,21.10428,72.64712,9.54,347.97,60.0,2026-08-30T08:50:00Z,N20
FIRMS_E8AC646B,25.29089,68.31947,1.92,331.29,30.0,2026-08-30T08:52:00Z,N20
FIRMS_2269EB08,27.3954,71.0371,4.08,343.46,60.0,2026-08-30T08:52:00Z,N20
FIRMS_6290510C,27.39587,71.04128,3.65,339.04,60.0,2026-08-30T08:52:00Z,N20
FIRMS_A693EE6A,27.91149,68.73803,6.16,335.11,30.0,2026-08-30T08:52:00Z,N20
FIRMS_32EFC0A6,28.60951,68.63565,10.18,340.94,30.0,2026-08-30T08:52:00Z,N20
FIRMS_62EEBF10,29.89493,69.47095,4.6,338.67,60.0,2026-08-30T08:52:00Z,N20
FIRMS_685A4387,30.49334,73.83079,12.23,367.0,90.0,2026-08-30T08:52:00Z,N20
FIRMS_B11C3246,31.57862,74.81806,3.13,332.74,60.0,2026-08-30T08:52:00Z,N20
FIRMS_DCABDBF6,15.18226,76.66277,7.11,300.4,60.0,2026-08-30T19:40:00Z,N20
FIRMS_25AA41EC,6.88087,81.13799,2.0,315.81,60.0,2026-08-30T19:42:00Z,N20
FIRMS_17E234D0,6.90351,81.84157,1.37,305.85,60.0,2026-08-30T19:42:00Z,N20
FIRMS_CCD80A06,6.93705,81.57001,1.16,303.93,60.0,2026-08-30T19:42:00Z,N20
FIRMS_4B3455BE,6.93874,81.57184,1.15,304.71,60.0,2026-08-30T19:42:00Z,N20
FIRMS_84E16680,6.96007,79.95422,0.39,304.13,60.0,2026-08-30T19:42:00Z,N20
FIRMS_743089D9,6.96022,79.95305,1.45,307.88,60.0,2026-08-30T19:42:00Z,N20
FIRMS_BC8E997C,7.11781,81.15183,1.14,307.72,60.0,2026-08-30T19:42:00Z,N20
FIRMS_CAC1C627,7.1214,81.153,3.78,332.73,60.0,2026-08-30T19:42:00Z,N20
FIRMS_7DB00E22,7.12192,81.14934,3.78,304.91,60.0,2026-08-30T19:42:00Z,N20
FIRMS_C60D94E3,7.12566,81.15621,1.29,298.77,60.0,2026-08-30T19:42:00Z,N20
FIRMS_10C9BE35,7.13786,81.13663,2.47,314.38,60.0,2026-08-30T19:42:00Z,N20
FIRMS_5B19AB5A,7.28855,81.1665,2.42,308.12,60.0,2026-08-30T19:42:00Z,N20
FIRMS_E07B3D07,8.86762,81.02596,1.51,316.64,60.0,2026-08-30T19:42:00Z,N20
FIRMS_B1DDBF8E,10.10931,77.46021,0.64,303.47,60.0,2026-08-30T19:42:00Z,N20
FIRMS_B54A3561,28.74474,76.9258,1.53,302.82,60.0,2026-08-30T21:16:00Z,N20
FIRMS_8F81EF31,29.47735,76.8579,7.34,334.37,60.0,2026-08-30T21:16:00Z,N20
FIRMS_A2F61E6C,31.76995,70.10969,2.1,309.63,60.0,2026-08-30T21:16:00Z,N20
FIRMS_1DBE8493,32.28938,70.73977,2.78,310.01,60.0,2026-08-30T21:16:00Z,N20
FIRMS_42BE9294,32.29412,70.73228,2.95,311.83,60.0,2026-08-30T21:16:00Z,N20
FIRMS_2C356119,32.88957,71.61657,4.11,319.41,60.0,2026-08-30T21:16:00Z,N20
FIRMS_1205AB79,33.29668,71.18558,0.95,311.4,60.0,2026-08-30T21:16:00Z,N20
FIRMS_1329E7E8,35.96838,68.68542,1.47,310.6,60.0,2026-08-30T21:16:00Z,N20
FIRMS_9427DFA2,22.38943,73.11754,0.91,310.63,60.0,2026-08-30T21:18:00Z,N20
FIRMS_B3222DED,25.94213,72.19216,2.51,318.98,60.0,2026-08-30T21:18:00Z,N20
FIRMS_71501B6E,26.09575,68.88025,0.76,308.95,60.0,2026-08-30T21:18:00Z,N20
FIRMS_581DDA6A,26.87585,73.51497,0.99,303.97,60.0,2026-08-30T21:18:00Z,N20
FIRMS_2DE7BCAF,27.08151,73.8162,0.92,304.34,60.0,2026-08-30T21:18:00Z,N20
FIRMS_F42F36BF,28.35154,70.13226,1.8,323.1,60.0,2026-08-30T21:18:00Z,N20
FIRMS_2592DF53,28.42507,69.70189,1.73,323.25,60.0,2026-08-30T21:18:00Z,N20
FIRMS_FCB35F3A,28.42697,69.7014,0.61,307.9,60.0,2026-08-30T21:18:00Z,N20
FIRMS_FAEC74F5,17.54469,73.15681,3.59,334.72,60.0,2026-08-30T21:21:00Z,N20
FIRMS_0CC0F73F,18.49127,74.60493,0.53,301.0,60.0,2026-08-30T21:21:00Z,N20
FIRMS_B1326A80,18.54775,74.2534,0.82,306.65,60.0,2026-08-30T21:21:00Z,N20
FIRMS_9FF5F8C7,19.49014,85.20157,3.14,329.54,60.0,2026-08-01T06:57:00Z,N21
FIRMS_BE33775D,23.08371,96.0169,3.16,337.03,60.0,2026-08-01T06:59:00Z,N21
FIRMS_5853B80C,23.80213,86.32997,5.27,333.41,60.0,2026-08-01T06:59:00Z,N21
FIRMS_627865EA,8.57383,80.6482,5.37,330.93,60.0,2026-08-01T08:35:00Z,N21
FIRMS_FF58EA65,8.62967,80.92211,5.74,339.73,60.0,2026-08-01T08:35:00Z,N21
FIRMS_92E9970A,8.83546,80.98647,7.21,345.38,60.0,2026-08-01T08:35:00Z,N21
FIRMS_7E8341E7,8.83563,80.98785,4.3,340.78,60.0,2026-08-01T08:35:00Z,N21
FIRMS_271603DB,8.84098,80.98576,7.21,343.0,60.0,2026-08-01T08:35:00Z,N21
FIRMS_1FBD55E9,8.84116,80.98713,8.01,343.38,60.0,2026-08-01T08:35:00Z,N21
FIRMS_CF48F508,10.93222,78.44296,6.47,337.15,60.0,2026-08-01T08:37:00Z,N21
FIRMS_4DF67BD2,11.21864,78.20132,4.35,331.58,60.0,2026-08-01T08:37:00Z,N21
FIRMS_18EB6123,11.29002,79.78289,3.65,331.9,60.0,2026-08-01T08:37:00Z,N21
FIRMS_41B37E52,11.32136,79.04636,3.44,333.21,60.0,2026-08-01T08:37:00Z,N21
FIRMS_203B1646,11.80317,78.73422,15.02,340.2,60.0,2026-08-01T08:37:00Z,N21
FIRMS_2595769D,11.88981,79.31049,1.68,330.05,60.0,2026-08-01T08:37:00Z,N21
FIRMS_658C02C3,11.95934,79.44656,2.4,332.88,60.0,2026-08-01T08:37:00Z,N21
FIRMS_E60CBE93,11.96078,79.44628,2.33,333.69,60.0,2026-08-01T08:37:00Z,N21
FIRMS_6ED92AC2,12.05169,79.67051,3.22,332.24,60.0,2026-08-01T08:37:00Z,N21
FIRMS_A970E43D,12.0521,79.67383,3.22,334.67,60.0,2026-08-01T08:37:00Z,N21
FIRMS_99F7B775,12.32935,79.62632,7.9,341.51,60.0,2026-08-01T08:37:00Z,N21
FIRMS_94D83DC4,25.51577,68.51863,8.06,333.73,60.0,2026-08-01T08:39:00Z,N21
FIRMS_94955D94,25.59719,68.35353,3.37,336.0,60.0,2026-08-01T08:39:00Z,N21
FIRMS_128571A8,27.51347,71.62677,16.12,343.41,60.0,2026-08-01T08:39:00Z,N21
FIRMS_023F5BE9,27.89358,68.02008,9.48,339.83,60.0,2026-08-01T08:39:00Z,N21
FIRMS_7728D7AB,28.61104,68.62675,10.37,340.13,60.0,2026-08-01T08:39:00Z,N21
FIRMS_A73353A3,30.28292,73.21113,2.98,335.98,60.0,2026-08-01T08:39:00Z,N21
FIRMS_5738430C,35.99155,94.83124,1.06,300.96,60.0,2026-08-01T19:21:00Z,N21
FIRMS_E6C7EAE8,20.79359,85.25661,2.1,303.71,60.0,2026-08-01T19:25:00Z,N21
FIRMS_2269DB54,20.7942,85.25123,5.54,321.61,60.0,2026-08-01T19:25:00Z,N21
FIRMS_B1FA0E4D,20.79498,85.2541,6.33,324.05,60.0,2026-08-01T19:25:00Z,N21
FIRMS_5F328BC2,20.86213,84.98734,1.64,299.02,60.0,2026-08-01T19:25:00Z,N21
FIRMS_8AA4C260,21.33668,78.96526,3.32,298.71,60.0,2026-08-01T19:25:00Z,N21
FIRMS_C666371F,21.62323,81.79317,0.64,299.31,60.0,2026-08-01T19:25:00Z,N21
FIRMS_54E8BEED,21.80114,82.03998,1.56,304.74,60.0,2026-08-01T19:25:00Z,N21
FIRMS_8FD40C03,21.96928,85.31577,1.5,299.15,60.0,2026-08-01T19:25:00Z,N21
FIRMS_1647F96B,21.96972,85.31415,1.78,298.3,60.0,2026-08-01T19:25:00Z,N21
FIRMS_96213EC5,22.24599,87.38873,1.16,303.48,60.0,2026-08-01T19:25:00Z,N21
FIRMS_A179F35C,22.31883,82.56562,0.94,300.18,60.0,2026-08-01T19:25:00Z,N21
FIRMS_43BC32AC,22.32615,82.5489,0.76,295.48,60.0,2026-08-01T19:25:00Z,N21
FIRMS_CF6B9685,22.32828,82.60777,1.58,297.45,60.0,2026-08-01T19:25:00Z,N21
FIRMS_936C29D6,22.3326,82.6057,1.59,296.22,60.0,2026-08-01T19:25:00Z,N21
FIRMS_9D9A1F72,22.3566,87.29153,0.35,295.14,60.0,2026-08-01T19:25:00Z,N21
FIRMS_56DF3792,22.3571,87.28727,0.35,295.35,60.0,2026-08-01T19:25:00Z,N21
FIRMS_206D2324,22.36408,87.30119,1.9,309.23,60.0,2026-08-01T19:25:00Z,N21
FIRMS_277C4058,22.37511,87.28098,1.47,308.59,60.0,2026-08-01T19:25:00Z,N21
FIRMS_A762EF0C,22.37561,87.2767,1.52,304.21,60.0,2026-08-01T19:25:00Z,N21
FIRMS_D3C7F7F7,22.37987,87.27727,1.16,304.11,60.0,2026-08-01T19:25:00Z,N21
FIRMS_E7ACBF35,23.6476,85.43916,2.09,307.3,60.0,2026-08-01T19:25:00Z,N21
FIRMS_63C680AB,23.66203,84.99958,1.4,311.85,60.0,2026-08-01T19:25:00Z,N21
FIRMS_566C973D,23.66735,84.99706,1.18,301.58,60.0,2026-08-01T19:25:00Z,N21
FIRMS_3F263BC1,23.67513,86.40295,1.87,305.11,60.0,2026-08-01T19:25:00Z,N21
FIRMS_932CD1C9,23.67569,86.39787,1.87,308.54,60.0,2026-08-01T19:25:00Z,N21
FIRMS_6648E790,23.67587,86.4011,1.95,308.72,60.0,2026-08-01T19:25:00Z,N21
FIRMS_2C0E9097,23.67639,86.39605,1.95,306.27,60.0,2026-08-01T19:25:00Z,N21
FIRMS_CA29833D,23.68083,86.39339,0.53,300.39,60.0,2026-08-01T19:25:00Z,N21
FIRMS_9C1BB8A8,23.68097,86.39668,1.95,304.24,60.0,2026-08-01T19:25:00Z,N21
FIRMS_A29306B5,23.6854,86.39404,0.53,298.67,60.0,2026-08-01T19:25:00Z,N21
FIRMS_D84CBB16,23.68608,86.39214,1.34,297.12,60.0,2026-08-01T19:25:00Z,N21
FIRMS_F8ED7E2E,23.68786,87.12221,1.43,297.45,60.0,2026-08-01T19:25:00Z,N21
FIRMS_09EA651F,23.71215,86.45232,0.93,306.47,60.0,2026-08-01T19:25:00Z,N21
FIRMS_52AED6EC,23.7178,86.44274,2.09,299.0,60.0,2026-08-01T19:25:00Z,N21
FIRMS_796F248F,23.72291,86.43824,1.63,302.22,60.0,2026-08-01T19:25:00Z,N21
FIRMS_3EFDBCC0,23.7275,85.00492,0.69,301.25,60.0,2026-08-01T19:25:00Z,N21
FIRMS_6F188BAD,23.73716,86.43492,2.08,310.45,60.0,2026-08-01T19:25:00Z,N21
FIRMS_C9C2B44D,23.75932,86.40166,1.53,299.18,60.0,2026-08-01T19:25:00Z,N21
FIRMS_77F9DAC2,24.11519,86.85891,2.16,315.68,60.0,2026-08-01T19:25:00Z,N21
FIRMS_9CD67696,6.81824,80.89883,0.8,300.65,60.0,2026-08-01T19:30:00Z,N21
FIRMS_8E79FC97,7.03487,81.24124,1.92,318.66,60.0,2026-08-01T19:30:00Z,N21
FIRMS_C659D30D,7.03779,81.24424,1.52,305.39,60.0,2026-08-01T19:30:00Z,N21
FIRMS_8DE6365E,7.03829,81.24075,1.84,315.15,60.0,2026-08-01T19:30:00Z,N21
FIRMS_2D677AD7,7.03878,81.2373,1.84,298.76,60.0,2026-08-01T19:30:00Z,N21
FIRMS_0BC2D274,7.04045,81.23892,1.92,303.12,60.0,2026-08-01T19:30:00Z,N21
FIRMS_D5B41ABB,7.04342,81.17724,1.43,303.98,60.0,2026-08-01T19:30:00Z,N21
FIRMS_CC2F248B,7.04374,81.17485,1.89,295.39,60.0,2026-08-01T19:30:00Z,N21
FIRMS_633D05C8,7.04733,81.17659,1.56,314.44,60.0,2026-08-01T19:30:00Z,N21
FIRMS_72BF2104,8.81307,80.95118,0.51,304.77,60.0,2026-08-01T19:30:00Z,N21
FIRMS_B45D07E6,8.82653,78.08564,5.65,322.58,60.0,2026-08-01T19:30:00Z,N21
FIRMS_2033FD72,8.82677,78.08688,7.1,335.43,60.0,2026-08-01T19:30:00Z,N21
FIRMS_761E204C,9.14897,78.30833,5.14,307.01,60.0,2026-08-01T19:30:00Z,N21
FIRMS_DA561335,32.13052,74.17869,1.46,318.48,60.0,2026-08-01T21:04:00Z,N21
FIRMS_606323F6,32.72146,72.92582,1.4,304.38,60.0,2026-08-01T21:04:00Z,N21
FIRMS_5E68F4E8,32.88828,71.61488,2.98,312.46,60.0,2026-08-01T21:04:00Z,N21
FIRMS_81B95A46,33.40627,71.9398,0.72,312.93,60.0,2026-08-01T21:04:00Z,N21
FIRMS_7EC21497,33.90258,71.91556,1.89,309.94,60.0,2026-08-01T21:04:00Z,N21
FIRMS_AAC66ABB,35.96806,68.68426,2.97,308.5,60.0,2026-08-01T21:04:00Z,N21
FIRMS_2AB6F5B7,21.18809,81.38752,1.76,301.08,60.0,2026-08-01T21:06:00Z,N21
FIRMS_E941A4E8,26.64306,79.48007,0.43,298.97,60.0,2026-08-01T21:06:00Z,N21
FIRMS_6787BD3F,26.87533,73.51517,2.89,307.6,60.0,2026-08-01T21:06:00Z,N21
FIRMS_6C365809,27.75187,68.73214,0.58,302.19,60.0,2026-08-01T21:06:00Z,N21
FIRMS_199DFDE6,21.24856,79.20657,0.74,297.73,60.0,2026-08-01T21:08:00Z,N21
FIRMS_B2F5938D,22.9327,69.6986,1.15,302.59,60.0,2026-08-01T21:08:00Z,N21
FIRMS_C09C2A0D,29.5532,90.96255,6.56,330.87,30.0,2026-08-02T06:40:00Z,N21
FIRMS_0FDF8E7D,29.55489,90.99162,15.21,331.68,30.0,2026-08-02T06:40:00Z,N21
FIRMS_B91101DB,29.5626,90.98975,6.24,330.84,30.0,2026-08-02T06:40:00Z,N21
FIRMS_37C4BA47,29.67487,90.91909,10.02,331.44,30.0,2026-08-02T06:40:00Z,N21
FIRMS_C0EDFBE5,29.68702,90.89845,14.3,339.42,60.0,2026-08-02T06:40:00Z,N21
FIRMS_D369503E,6.47313,81.0164,16.57,345.29,60.0,2026-08-02T08:16:00Z,N21
FIRMS_0B5B74D7,6.92598,81.49361,3.34,336.36,60.0,2026-08-02T08:16:00Z,N21
FIRMS_E29951C5,7.17124,81.73142,4.24,333.79,60.0,2026-08-02T08:16:00Z,N21
FIRMS_C19791B3,7.22221,81.79605,6.73,340.76,60.0,2026-08-02T08:16:00Z,N21
FIRMS_46D43F46,7.5902,81.33868,4.08,330.78,60.0,2026-08-02T08:16:00Z,N21
FIRMS_C71D526D,7.67695,81.45063,4.24,335.25,60.0,2026-08-02T08:16:00Z,N21
FIRMS_48E5EE93,7.67967,81.29349,3.82,336.8,60.0,2026-08-02T08:16:00Z,N21
FIRMS_17316C1B,7.68017,81.29702,3.82,343.7,60.0,2026-08-02T08:16:00Z,N21
FIRMS_866E5858,7.75778,81.52411,2.73,342.03,60.0,2026-08-02T08:16:00Z,N21
FIRMS_BA49DA7B,7.83519,81.45326,5.5,342.85,60.0,2026-08-02T08:16:00Z,N21
FIRMS_6E2ACE42,7.87877,81.3766,9.88,342.05,60.0,2026-08-02T08:16:00Z,N21
FIRMS_EEA372E4,7.92274,81.30835,8.89,334.33,60.0,2026-08-02T08:16:00Z,N21
FIRMS_6DC4D15A,7.92324,81.3119,8.89,342.24,60.0,2026-08-02T08:16:00Z,N21
FIRMS_D47A9827,8.02081,81.47144,3.54,333.36,60.0,2026-08-02T08:16:00Z,N21
FIRMS_FCA11242,8.13865,79.84195,2.17,331.67,60.0,2026-08-02T08:16:00Z,N21
FIRMS_CA5220E7,8.39127,81.14273,3.81,331.66,60.0,2026-08-02T08:16:00Z,N21
FIRMS_2D7964CD,8.39528,81.14217,4.36,342.31,60.0,2026-08-02T08:16:00Z,N21
FIRMS_681EE9EB,8.64283,81.18996,3.37,341.24,60.0,2026-08-02T08:16:00Z,N21
FIRMS_0BF5B268,8.66535,80.89526,11.81,334.33,60.0,2026-08-02T08:16:00Z,N21
FIRMS_A27D3A7C,8.66606,80.90042,12.03,334.56,60.0,2026-08-02T08:16:00Z,N21
FIRMS_65D9E3AC,8.66665,80.89759,24.68,345.41,60.0,2026-08-02T08:16:00Z,N21
FIRMS_70371394,8.90865,78.03073,6.96,335.95,60.0,2026-08-02T08:16:00Z,N21
FIRMS_AAB1C698,8.98023,80.87531,7.97,351.2,60.0,2026-08-02T08:16:00Z,N21
FIRMS_9821CF4A,8.98291,80.87405,3.29,339.98,60.0,2026-08-02T08:16:00Z,N21
FIRMS_FA834ED9,9.29566,77.94614,4.7,331.31,60.0,2026-08-02T08:16:00Z,N21
FIRMS_149F9550,11.41002,79.68708,9.41,337.58,60.0,2026-08-02T08:16:00Z,N21
FIRMS_DB24A32D,11.41031,79.68512,4.76,334.76,60.0,2026-08-02T08:16:00Z,N21
FIRMS_51D6B7AE,11.41098,79.68989,4.76,333.04,60.0,2026-08-02T08:16:00Z,N21
FIRMS_7C95CE8D,12.06339,78.75342,3.61,334.98,60.0,2026-08-02T08:16:00Z,N21
FIRMS_3B99DCBD,12.45999,78.99902,2.19,332.43,60.0,2026-08-02T08:16:00Z,N21
FIRMS_DA184C06,12.82108,76.97945,1.65,330.87,60.0,2026-08-02T08:16:00Z,N21
FIRMS_8FB00E55,13.78007,76.9473,3.16,334.73,60.0,2026-08-02T08:18:00Z,N21
FIRMS_3C32E2B0,13.93042,77.46671,6.94,340.84,60.0,2026-08-02T08:18:00Z,N21
FIRMS_3DEB181E,14.1473,77.31364,4.65,340.31,60.0,2026-08-02T08:18:00Z,N21
FIRMS_982A64CC,14.24963,77.45737,6.45,348.53,60.0,2026-08-02T08:18:00Z,N21
FIRMS_9AD835AC,14.25021,77.46139,6.45,346.32,60.0,2026-08-02T08:18:00Z,N21
FIRMS_8E27B063,14.25091,77.45769,7.82,354.81,60.0,2026-08-02T08:18:00Z,N21
FIRMS_75AF52A2,14.25147,77.46172,7.82,336.97,60.0,2026-08-02T08:18:00Z,N21
FIRMS_FCDA0ED6,14.2796,77.4329,7.53,355.65,30.0,2026-08-02T08:18:00Z,N21
FIRMS_D0EBE941,14.28016,77.4369,5.58,355.66,30.0,2026-08-02T08:18:00Z,N21
FIRMS_D8BC732D,14.2831,77.43237,7.53,337.28,60.0,2026-08-02T08:18:00Z,N21
FIRMS_E94A0CDB,14.28366,77.43639,5.58,339.4,60.0,2026-08-02T08:18:00Z,N21
FIRMS_ACBBB9A4,14.28422,77.4404,5.58,339.75,60.0,2026-08-02T08:18:00Z,N21
FIRMS_49D90774,14.28716,77.43586,5.01,339.95,60.0,2026-08-02T08:18:00Z,N21
FIRMS_16AED650,14.29065,77.43534,5.01,345.25,60.0,2026-08-02T08:18:00Z,N21
FIRMS_AABCFFCA,14.29415,77.43482,5.22,335.4,60.0,2026-08-02T08:18:00Z,N21
FIRMS_79A2CF6A,14.30635,77.44534,6.31,345.39,60.0,2026-08-02T08:18:00Z,N21
FIRMS_59EC8842,14.31928,77.41059,11.28,340.78,60.0,2026-08-02T08:18:00Z,N21
FIRMS_19CED66E,14.32278,77.41007,11.28,355.7,30.0,2026-08-02T08:18:00Z,N21
FIRMS_1A9CFBC9,14.32392,77.41814,8.53,339.29,60.0,2026-08-02T08:18:00Z,N21
FIRMS_0DD527E8,14.32627,77.40955,7.03,355.76,30.0,2026-08-02T08:18:00Z,N21
FIRMS_DEF6C7F7,14.32684,77.41357,8.01,350.11,60.0,2026-08-02T08:18:00Z,N21
FIRMS_AEACA553,14.32919,77.40501,7.03,337.21,60.0,2026-08-02T08:18:00Z,N21
FIRMS_9890A495,14.32976,77.40903,7.03,349.66,60.0,2026-08-02T08:18:00Z,N21
FIRMS_1C5B9EF9,14.33034,77.41304,8.01,342.3,60.0,2026-08-02T08:18:00Z,N21
FIRMS_9F039FAC,14.41843,78.30199,3.92,335.73,60.0,2026-08-02T08:18:00Z,N21
FIRMS_1D0C0DD3,14.44477,78.46677,5.81,337.66,60.0,2026-08-02T08:18:00Z,N21
FIRMS_D0085AB6,14.71503,79.55192,2.24,334.21,60.0,2026-08-02T08:18:00Z,N21
FIRMS_4C0D116E,15.17476,76.65627,1.57,332.61,60.0,2026-08-02T08:18:00Z,N21
FIRMS_B9187226,15.17531,76.66013,1.57,331.73,60.0,2026-08-02T08:18:00Z,N21
FIRMS_D540FB73,15.18325,76.66679,5.73,337.63,60.0,2026-08-02T08:18:00Z,N21
FIRMS_6BD47C4C,16.27069,76.4569,4.17,335.55,60.0,2026-08-02T08:18:00Z,N21
FIRMS_A1C4FF57,17.35036,80.8483,2.69,335.36,60.0,2026-08-02T08:18:00Z,N21
FIRMS_6DE0591F,17.58144,76.11646,2.48,339.62,60.0,2026-08-02T08:18:00Z,N21
FIRMS_C3C2CF33,17.79687,83.16254,1.93,331.55,60.0,2026-08-02T08:18:00Z,N21
FIRMS_DFF7B4F4,21.74094,83.84197,9.01,343.05,60.0,2026-08-02T08:20:00Z,N21
FIRMS_EB9BD339,21.74668,83.84146,20.84,355.66,30.0,2026-08-02T08:20:00Z,N21
FIRMS_675D28A0,21.74854,83.84187,23.16,356.0,30.0,2026-08-02T08:20:00Z,N21
FIRMS_F24AD5A8,21.75464,83.84567,13.4,328.33,60.0,2026-08-02T08:20:00Z,N21
FIRMS_D1968B62,21.75855,83.84472,6.3,329.58,60.0,2026-08-02T08:20:00Z,N21
FIRMS_8347AFEA,22.36064,82.3024,7.07,345.05,60.0,2026-08-02T08:20:00Z,N21
FIRMS_A1F44039,22.36106,82.30148,7.08,338.37,60.0,2026-08-02T08:20:00Z,N21
FIRMS_BC527848,29.75295,72.50399,11.22,345.98,60.0,2026-08-02T08:22:00Z,N21
FIRMS_5A21826F,29.77226,72.32482,6.02,335.53,60.0,2026-08-02T08:22:00Z,N21
FIRMS_82B3FE7F,29.78363,72.67542,2.78,332.38,60.0,2026-08-02T08:22:00Z,N21
FIRMS_58F5D068,29.78985,72.69545,4.42,332.65,60.0,2026-08-02T08:22:00Z,N21
FIRMS_A6EF0F38,29.80418,72.62508,3.08,335.95,60.0,2026-08-02T08:22:00Z,N21
FIRMS_037EB179,29.81754,72.77114,6.41,334.21,60.0,2026-08-02T08:22:00Z,N21
FIRMS_62C420A7,29.82507,72.36558,5.14,339.06,60.0,2026-08-02T08:22:00Z,N21
FIRMS_D83437F8,29.86605,72.82204,4.45,333.94,60.0,2026-08-02T08:22:00Z,N21
FIRMS_5B806BBA,29.98173,72.46349,3.03,330.51,60.0,2026-08-02T08:22:00Z,N21
FIRMS_CAABDF07,30.16872,73.34613,2.06,333.92,60.0,2026-08-02T08:22:00Z,N21
FIRMS_A2FA90F4,30.23714,73.46981,2.42,334.83,60.0,2026-08-02T08:22:00Z,N21
FIRMS_09F34F5E,30.31104,73.73487,3.3,334.86,60.0,2026-08-02T08:22:00Z,N21
FIRMS_562E5F08,30.41596,71.88348,5.38,333.34,60.0,2026-08-02T08:22:00Z,N21
FIRMS_6EE21D1F,30.42647,71.88561,3.94,333.95,60.0,2026-08-02T08:22:00Z,N21
FIRMS_1891372C,30.57905,72.43254,4.42,330.99,60.0,2026-08-02T08:22:00Z,N21
FIRMS_E10215D8,30.58299,72.43606,4.42,333.26,60.0,2026-08-02T08:22:00Z,N21
FIRMS_1C589968,30.60086,71.60908,6.78,336.4,60.0,2026-08-02T08:22:00Z,N21
FIRMS_69231012,30.60207,72.54796,2.82,330.37,30.0,2026-08-02T08:22:00Z,N21
FIRMS_263ACCC4,30.60386,73.65196,12.9,343.43,60.0,2026-08-02T08:22:00Z,N21
FIRMS_927D429C,30.60434,72.1075,3.05,332.84,60.0,2026-08-02T08:22:00Z,N21
FIRMS_F7D59B6A,30.60735,73.65136,3.47,332.82,60.0,2026-08-02T08:22:00Z,N21
FIRMS_6696CBE7,30.60998,72.51785,5.51,331.72,60.0,2026-08-02T08:22:00Z,N21
FIRMS_7389908C,30.62516,72.25533,6.53,337.44,60.0,2026-08-02T08:22:00Z,N21
FIRMS_0519C0E7,30.65363,72.26266,9.2,337.42,60.0,2026-08-02T08:22:00Z,N21
FIRMS_46F05734,30.71638,72.86647,9.97,331.69,60.0,2026-08-02T08:22:00Z,N21
FIRMS_E673B952,31.07977,74.70936,5.24,330.43,60.0,2026-08-02T08:22:00Z,N21
FIRMS_016B6FDA,31.14965,74.86246,7.07,330.78,60.0,2026-08-02T08:22:00Z,N21
FIRMS_A6E108F9,32.8076,71.49461,4.64,330.53,30.0,2026-08-02T08:22:00Z,N21
FIRMS_FC19691C,23.67496,86.08327,1.58,300.1,60.0,2026-08-02T19:06:00Z,N21
FIRMS_750CC182,23.67882,86.08529,3.1,304.22,60.0,2026-08-02T19:06:00Z,N21
FIRMS_F475F45F,23.68126,86.08372,1.58,301.66,60.0,2026-08-02T19:06:00Z,N21
FIRMS_7F596C91,23.76082,86.39972,0.99,295.1,60.0,2026-08-02T19:06:00Z,N21
FIRMS_A7C2CDB4,23.76132,86.40104,2.03,295.28,60.0,2026-08-02T19:06:00Z,N21
FIRMS_27F07972,23.7666,86.40562,0.99,300.1,60.0,2026-08-02T19:06:00Z,N21
FIRMS_9A46240B,23.76707,86.4069,0.96,295.17,60.0,2026-08-02T19:06:00Z,N21
FIRMS_AD79D61C,23.77589,86.36446,0.6,295.69,60.0,2026-08-02T19:06:00Z,N21
FIRMS_1D23F21D,23.78011,86.39131,2.19,302.76,60.0,2026-08-02T19:06:00Z,N21
FIRMS_ED05B873,23.79565,86.35047,1.62,304.07,60.0,2026-08-02T19:06:00Z,N21
FIRMS_00D55E46,23.80342,86.33029,0.84,298.77,60.0,2026-08-02T19:06:00Z,N21
FIRMS_0EB923D3,24.25499,91.37896,1.73,309.8,60.0,2026-08-02T19:06:00Z,N21
FIRMS_3DF0EB4D,24.25843,91.37724,1.3,307.5,60.0,2026-08-02T19:06:00Z,N21
FIRMS_4A5306E9,17.60904,83.20269,2.72,308.19,60.0,2026-08-02T19:08:00Z,N21
FIRMS_8834C409,20.76097,85.29532,2.13,303.32,60.0,2026-08-02T19:08:00Z,N21
FIRMS_FE17A526,20.78523,85.25827,4.37,306.93,60.0,2026-08-02T19:08:00Z,N21
FIRMS_BBEF2996,20.79208,85.25346,4.6,315.02,60.0,2026-08-02T19:08:00Z,N21
FIRMS_EC307C9A,20.79685,85.25352,2.82,309.33,60.0,2026-08-02T19:08:00Z,N21
FIRMS_060E0F41,20.86573,84.98525,2.27,309.26,60.0,2026-08-02T19:08:00Z,N21
FIRMS_191FCAA8,20.88583,84.98076,2.57,308.88,60.0,2026-08-02T19:08:00Z,N21
FIRMS_7939F136,20.95002,86.04748,1.77,305.04,60.0,2026-08-02T19:08:00Z,N21
FIRMS_437B3B54,20.95044,86.04678,0.92,303.22,60.0,2026-08-02T19:08:00Z,N21
FIRMS_C4E773A3,20.96288,85.16257,2.71,302.68,60.0,2026-08-02T19:08:00Z,N21
FIRMS_E7A54C33,20.96841,85.17459,4.71,300.94,60.0,2026-08-02T19:08:00Z,N21
FIRMS_78ACF3BC,22.05437,88.12376,1.77,307.49,60.0,2026-08-02T19:08:00Z,N21
FIRMS_C0E073E6,35.96422,68.6877,1.3,305.63,60.0,2026-08-02T20:44:00Z,N21
FIRMS_95DCEBF7,19.08717,82.17645,0.8,301.83,60.0,2026-08-02T20:46:00Z,N21
FIRMS_9955FBAF,19.09483,82.16678,1.05,306.18,60.0,2026-08-02T20:46:00Z,N21
FIRMS_7E955DE2,19.09667,82.1686,2.09,304.31,60.0,2026-08-02T20:46:00Z,N21
FIRMS_4ABA2BD1,19.10018,82.16814,1.27,307.03,60.0,2026-08-02T20:46:00Z,N21
FIRMS_96C7DBB5,19.10094,82.16447,1.27,311.6,60.0,2026-08-02T20:46:00Z,N21
FIRMS_26841D64,19.80054,78.86392,1.02,301.41,60.0,2026-08-02T20:46:00Z,N21
FIRMS_98F20324,21.24589,79.22108,1.43,300.02,60.0,2026-08-02T20:46:00Z,N21
FIRMS_18783110,21.2485,79.20795,1.46,305.82,60.0,2026-08-02T20:46:00Z,N21
FIRMS_A63E6F8B,21.37593,81.67974,1.11,296.02,60.0,2026-08-02T20:46:00Z,N21
FIRMS_188408DE,21.48706,81.76894,0.58,301.77,60.0,2026-08-02T20:46:00Z,N21
FIRMS_6A3D9766,23.31381,70.48843,1.24,305.38,60.0,2026-08-02T20:46:00Z,N21
FIRMS_63E708A6,23.802,86.32772,1.8,298.01,60.0,2026-08-02T20:46:00Z,N21
FIRMS_C97418EF,27.66697,76.12926,1.92,306.57,60.0,2026-08-02T20:46:00Z,N21
FIRMS_2801CB34,29.47461,76.85748,0.59,306.47,60.0,2026-08-02T20:46:00Z,N21
FIRMS_C07BD899,31.61373,74.37486,0.74,311.92,60.0,2026-08-02T20:46:00Z,N21
FIRMS_DD04B23C,32.72137,72.92329,1.48,309.12,60.0,2026-08-02T20:46:00Z,N21
FIRMS_8E0256E8,32.72758,73.13873,1.16,308.78,60.0,2026-08-02T20:46:00Z,N21
FIRMS_9484907E,32.82701,71.60337,3.62,308.23,60.0,2026-08-02T20:46:00Z,N21
FIRMS_F4709413,33.17278,70.45117,1.56,315.92,60.0,2026-08-02T20:46:00Z,N21
FIRMS_E551F9E3,15.33446,76.28731,0.98,301.95,60.0,2026-08-02T20:49:00Z,N21
FIRMS_972D4564,17.61058,83.20332,5.28,330.32,60.0,2026-08-02T20:49:00Z,N21
FIRMS_230BCFA6,22.37991,87.27733,5.48,301.08,60.0,2026-08-02T20:49:00Z,N21
FIRMS_CCB09B83,24.57784,74.80232,0.65,304.11,60.0,2026-08-02T20:49:00Z,N21
FIRMS_83873E95,24.71447,75.95454,1.6,304.2,60.0,2026-08-02T20:49:00Z,N21
FIRMS_1CB6434E,20.12372,95.01103,10.2,337.2,60.0,2026-08-03T06:20:00Z,N21
FIRMS_54A840FE,20.14077,95.01983,9.8,340.94,60.0,2026-08-03T06:20:00Z,N21
FIRMS_B4EDCAB0,10.87581,79.09857,6.92,335.72,60.0,2026-08-03T07:58:00Z,N21
FIRMS_FFA35C82,11.08548,79.41801,9.08,334.32,30.0,2026-08-03T07:58:00Z,N21
FIRMS_77F08BFD,12.09229,79.56733,2.51,334.91,30.0,2026-08-03T07:58:00Z,N21
FIRMS_15AE004D,12.38051,79.98348,4.21,333.36,60.0,2026-08-03T07:58:00Z,N21
FIRMS_520CDDB7,16.97776,81.59511,3.22,334.38,60.0,2026-08-03T07:58:00Z,N21
FIRMS_7EFD0047,17.12715,81.31397,3.01,332.81,60.0,2026-08-03T07:58:00Z,N21
FIRMS_E7113FB5,17.22134,81.39058,2.52,332.56,60.0,2026-08-03T08:01:00Z,N21
FIRMS_43E7FCF9,17.39471,81.24567,4.28,334.55,60.0,2026-08-03T08:01:00Z,N21
FIRMS_E4798C41,17.60866,83.20518,6.22,335.4,60.0,2026-08-03T08:01:00Z,N21
FIRMS_81889132,17.70182,82.58089,4.04,333.41,60.0,2026-08-03T08:01:00Z,N21
FIRMS_AC554D66,17.82471,83.11395,5.25,331.47,60.0,2026-08-03T08:01:00Z,N21
FIRMS_A2C0ACDC,20.69543,78.63831,4.43,330.95,60.0,2026-08-03T08:01:00Z,N21
FIRMS_FCFB2D55,21.10393,72.6449,4.25,339.03,60.0,2026-08-03T08:01:00Z,N21
FIRMS_7DE2955D,35.98954,94.82948,1.58,302.53,60.0,2026-08-03T20:23:00Z,N21
FIRMS_3FEF5705,35.99,94.82951,1.31,300.51,60.0,2026-08-03T20:23:00Z,N21
FIRMS_1C2CECA4,22.356,87.28971,0.36,295.41,60.0,2026-08-03T20:27:00Z,N21
FIRMS_6A4CB34C,22.35978,87.01757,0.7,304.33,60.0,2026-08-03T20:27:00Z,N21
FIRMS_4710ABBD,22.36363,87.29984,1.71,299.05,60.0,2026-08-03T20:27:00Z,N21
FIRMS_C2738D3E,22.36401,87.30257,1.73,299.58,60.0,2026-08-03T20:27:00Z,N21
FIRMS_16B41285,22.36484,87.01883,0.7,302.53,60.0,2026-08-03T20:27:00Z,N21
FIRMS_5F88BBD2,22.37437,87.28019,1.05,302.67,60.0,2026-08-03T20:27:00Z,N21
FIRMS_0D0CEC44,22.37511,87.27681,1.27,304.51,60.0,2026-08-03T20:27:00Z,N21
FIRMS_07B8562A,22.38024,87.27814,0.89,299.57,60.0,2026-08-03T20:27:00Z,N21
FIRMS_A2D91537,22.87237,86.06178,1.32,297.77,60.0,2026-08-03T20:27:00Z,N21
FIRMS_7C1BFD45,25.38751,68.58198,0.82,303.83,60.0,2026-08-03T20:27:00Z,N21
FIRMS_E8833123,17.60374,83.19969,1.48,304.48,60.0,2026-08-03T20:29:00Z,N21
FIRMS_11BB7D46,17.60727,83.20505,3.08,323.43,60.0,2026-08-03T20:29:00Z,N21
FIRMS_5662B9EC,17.60796,83.20346,2.5,321.6,60.0,2026-08-03T20:29:00Z,N21
FIRMS_DD1BCBAC,17.61163,83.20602,3.08,314.34,60.0,2026-08-03T20:29:00Z,N21
FIRMS_765C24B9,17.61232,83.2044,2.5,308.24,60.0,2026-08-03T20:29:00Z,N21
FIRMS_40FE1777,19.09685,82.16862,1.28,300.24,60.0,2026-08-03T20:29:00Z,N21
FIRMS_AA739CC4,19.56608,71.35574,1.66,301.32,60.0,2026-08-03T20:29:00Z,N21
FIRMS_09FB4CCD,19.57019,71.3563,2.63,327.59,60.0,2026-08-03T20:29:00Z,N21
FIRMS_E0E48BC2,19.57069,71.3524,2.63,308.84,60.0,2026-08-03T20:29:00Z,N21
FIRMS_3A19C732,15.02134,78.01474,1.5,307.59,60.0,2026-08-03T20:32:00Z,N21
FIRMS_1239EC48,8.27811,80.1395,3.92,331.22,60.0,2026-08-04T07:37:00Z,N21
FIRMS_FF6C40D9,8.28225,80.13884,3.92,343.22,60.0,2026-08-04T07:37:00Z,N21
FIRMS_8152E1DF,8.32448,80.21307,10.47,340.65,60.0,2026-08-04T07:37:00Z,N21
FIRMS_2A93949A,8.53172,80.72676,12.14,342.65,60.0,2026-08-04T07:37:00Z,N21
FIRMS_F416927D,8.5323,80.73022,10.32,339.85,60.0,2026-08-04T07:37:00Z,N21
FIRMS_FCB81F55,8.77262,78.11182,16.78,346.79,60.0,2026-08-04T07:37:00Z,N21
FIRMS_E877A914,9.26775,77.75093,2.1,332.06,60.0,2026-08-04T07:37:00Z,N21
FIRMS_2474A620,9.26788,77.7543,1.97,330.3,60.0,2026-08-04T07:37:00Z,N21
FIRMS_8F7A13D6,12.21231,79.97163,7.02,334.84,60.0,2026-08-04T07:39:00Z,N21
FIRMS_8D26DD55,13.47575,78.73293,3.36,330.9,60.0,2026-08-04T07:39:00Z,N21
FIRMS_17B2AF26,14.42292,80.16588,7.64,338.51,60.0,2026-08-04T07:39:00Z,N21
FIRMS_9293EA25,14.46557,78.84572,5.01,330.57,60.0,2026-08-04T07:39:00Z,N21
FIRMS_152BFF47,14.46649,78.8485,6.32,331.93,60.0,2026-08-04T07:39:00Z,N21
FIRMS_339ECC41,20.79527,85.25335,6.25,332.4,60.0,2026-08-04T07:41:00Z,N21
FIRMS_9E720FD5,20.9693,85.17296,7.04,336.85,60.0,2026-08-04T07:41:00Z,N21
FIRMS_F9E8BB73,20.96986,85.17702,5.22,334.02,60.0,2026-08-04T07:41:00Z,N21
FIRMS_5C8F1359,22.21098,84.86469,3.46,331.67,60.0,2026-08-04T07:41:00Z,N21
FIRMS_616DD8E3,22.358,82.30145,3.67,332.57,60.0,2026-08-04T07:41:00Z,N21
FIRMS_72306C42,22.57145,85.89578,6.38,330.71,60.0,2026-08-04T07:41:00Z,N21
FIRMS_0EA1BD78,30.42993,71.76266,9.76,342.28,60.0,2026-08-04T07:44:00Z,N21
FIRMS_5867BC7F,30.58496,72.22855,4.35,330.8,60.0,2026-08-04T07:44:00Z,N21
FIRMS_8943AB5C,30.64524,72.25792,3.77,335.38,60.0,2026-08-04T07:44:00Z,N21
FIRMS_6D856C32,35.99144,94.83041,1.48,300.0,60.0,2026-08-04T20:06:00Z,N21
FIRMS_275C47AB,27.19168,79.73158,0.72,295.0,60.0,2026-08-04T20:08:00Z,N21
FIRMS_C63C4401,28.77298,76.6991,1.78,305.86,60.0,2026-08-04T20:08:00Z,N21
FIRMS_0F87C206,29.78696,91.60451,1.35,299.16,60.0,2026-08-04T20:08:00Z,N21
FIRMS_047FEECF,29.7886,91.6059,1.17,296.08,60.0,2026-08-04T20:08:00Z,N21
FIRMS_DD1319DC,30.94835,97.36259,1.24,298.71,60.0,2026-08-04T20:08:00Z,N21
FIRMS_3733AF7C,32.05558,74.20868,3.56,304.95,60.0,2026-08-04T20:08:00Z,N21
FIRMS_013EF10A,32.13081,74.17696,4.42,308.74,60.0,2026-08-04T20:08:00Z,N21
FIRMS_035E23D8,19.09317,82.16869,0.72,300.44,60.0,2026-08-04T20:10:00Z,N21
FIRMS_4B67FA90,19.09704,82.16565,0.72,298.05,60.0,2026-08-04T20:10:00Z,N21
FIRMS_07549F9A,19.10033,82.16623,0.86,296.6,60.0,2026-08-04T20:10:00Z,N21
FIRMS_542FA5B4,19.10304,82.17044,0.86,297.57,60.0,2026-08-04T20:10:00Z,N21
FIRMS_85BA5EF0,19.10362,82.16681,0.86,317.65,60.0,2026-08-04T20:10:00Z,N21
FIRMS_AE87151E,21.192,81.39223,1.25,297.26,60.0,2026-08-04T20:10:00Z,N21
FIRMS_52533936,15.17472,76.65987,3.66,308.26,60.0,2026-08-04T20:12:00Z,N21
FIRMS_E6FB8CC2,15.17535,76.65519,3.15,312.48,60.0,2026-08-04T20:12:00Z,N21
FIRMS_D7EA8053,15.17777,77.1018,0.9,302.82,60.0,2026-08-04T20:12:00Z,N21
FIRMS_28B2E819,15.33301,76.28802,0.91,302.55,60.0,2026-08-04T20:12:00Z,N21
FIRMS_73370C05,15.33818,76.27869,1.73,302.18,60.0,2026-08-04T20:12:00Z,N21
FIRMS_91BF2A54,17.46366,80.65296,0.84,304.88,60.0,2026-08-04T20:12:00Z,N21
FIRMS_830FBA60,17.95613,80.79372,1.1,304.69,60.0,2026-08-04T20:12:00Z,N21
FIRMS_564A95F5,32.82825,71.60271,2.2,306.58,60.0,2026-08-04T21:48:00Z,N21
FIRMS_F5C704EA,32.82831,71.60136,2.23,309.29,60.0,2026-08-04T21:48:00Z,N21
FIRMS_5735F220,33.17376,70.45081,1.19,312.66,60.0,2026-08-04T21:48:00Z,N21
FIRMS_73B138AE,26.09187,68.87862,0.77,304.24,60.0,2026-08-04T21:50:00Z,N21
FIRMS_2B396C64,9.28358,78.23943,8.3,334.36,60.0,2026-08-05T07:20:00Z,N21
FIRMS_9E7206CF,9.28603,78.23457,6.23,340.3,60.0,2026-08-05T07:20:00Z,N21
FIRMS_0709530F,9.55889,77.60223,17.21,342.66,60.0,2026-08-05T07:20:00Z,N21
FIRMS_A6EAFBEB,9.68459,78.8849,6.74,334.14,60.0,2026-08-05T07:20:00Z,N21
FIRMS_8D42B88D,13.3994,80.28709,5.49,346.61,60.0,2026-08-05T07:20:00Z,N21
FIRMS_0CC6914A,14.67887,79.54193,3.21,338.81,60.0,2026-08-05T07:20:00Z,N21
FIRMS_DAE48455,15.31598,79.434,3.41,337.51,60.0,2026-08-05T07:22:00Z,N21
FIRMS_8C073492,15.5178,79.46233,1.61,335.0,60.0,2026-08-05T07:22:00Z,N21
FIRMS_2BCEEBE4,29.74556,91.62575,6.37,349.91,60.0,2026-08-05T07:24:00Z,N21
FIRMS_327A1399,29.74976,91.62549,6.37,335.75,60.0,2026-08-05T07:24:00Z,N21
FIRMS_A57662DF,29.99279,72.50904,5.89,335.39,60.0,2026-08-05T07:26:00Z,N21
FIRMS_A36534FF,30.38588,71.71049,5.81,333.83,60.0,2026-08-05T07:26:00Z,N21
FIRMS_29229E71,30.39035,71.70788,10.17,335.64,60.0,2026-08-05T07:26:00Z,N21
FIRMS_639920B8,32.11846,72.34637,3.61,331.85,60.0,2026-08-05T07:26:00Z,N21
FIRMS_53D47477,30.49988,71.8271,4.02,330.95,60.0,2026-08-05T09:05:00Z,N21
FIRMS_05381658,30.6305,71.75894,6.07,336.03,60.0,2026-08-05T09:05:00Z,N21
FIRMS_79DAB705,30.6374,71.90611,5.08,340.89,60.0,2026-08-05T09:05:00Z,N21
FIRMS_EEE0CC41,30.72773,71.91393,6.6,333.81,60.0,2026-08-05T09:05:00Z,N21
FIRMS_DD0A986F,27.40973,70.82902,4.72,347.24,60.0,2026-08-05T09:07:00Z,N21
FIRMS_25809F2B,35.99085,94.83333,0.84,299.93,60.0,2026-08-05T19:47:00Z,N21
FIRMS_FD949D30,27.31863,95.26627,2.04,305.84,60.0,2026-08-05T19:49:00Z,N21
FIRMS_061A3272,27.37692,95.08621,2.91,312.84,60.0,2026-08-05T19:49:00Z,N21
FIRMS_66FD5FEF,27.37869,95.33633,3.95,317.73,60.0,2026-08-05T19:49:00Z,N21
FIRMS_F9EACFA9,27.46,95.47563,0.78,308.05,60.0,2026-08-05T19:49:00Z,N21
FIRMS_09DA345D,15.1743,76.65644,1.13,312.1,60.0,2026-08-05T19:53:00Z,N21
FIRMS_CB1668A6,15.17468,76.65333,1.13,298.71,60.0,2026-08-05T19:53:00Z,N21
FIRMS_08C8414C,15.1771,76.65773,1.46,309.85,60.0,2026-08-05T19:53:00Z,N21
FIRMS_06BDEB47,15.17746,76.6546,1.46,307.47,60.0,2026-08-05T19:53:00Z,N21
FIRMS_6EE8F903,15.17982,76.65388,1.07,301.36,60.0,2026-08-05T19:53:00Z,N21
FIRMS_03F3AE43,15.18117,76.66769,1.61,306.29,60.0,2026-08-05T19:53:00Z,N21
FIRMS_3A6A264B,15.18344,76.66692,2.02,313.64,60.0,2026-08-05T19:53:00Z,N21
FIRMS_459E0FFB,15.18458,76.65756,1.07,304.58,60.0,2026-08-05T19:53:00Z,N21
FIRMS_4271B554,15.18738,76.65887,1.85,301.84,60.0,2026-08-05T19:53:00Z,N21
FIRMS_31EB4984,15.3308,76.28545,0.92,303.98,60.0,2026-08-05T19:53:00Z,N21
FIRMS_E1AFB369,15.33105,76.28522,0.88,303.86,60.0,2026-08-05T19:53:00Z,N21
FIRMS_6AD144A4,7.62642,81.16857,0.87,304.48,60.0,2026-08-05T19:55:00Z,N21
FIRMS_4FB7FACE,7.62702,81.16465,0.87,304.16,60.0,2026-08-05T19:55:00Z,N21
FIRMS_A6138B43,7.62761,81.16072,1.14,307.8,60.0,2026-08-05T19:55:00Z,N21
FIRMS_41FC2EB7,9.46924,78.57292,2.72,319.4,60.0,2026-08-05T19:55:00Z,N21
FIRMS_611B20F3,9.89176,78.10775,1.55,310.6,60.0,2026-08-05T19:55:00Z,N21
FIRMS_9FA97A44,33.54507,71.54923,3.63,310.25,60.0,2026-08-05T21:27:00Z,N21
FIRMS_3E918558,35.96622,68.68591,1.15,308.19,60.0,2026-08-05T21:27:00Z,N21
FIRMS_2E49EB1C,28.42247,69.70168,1.2,311.65,60.0,2026-08-05T21:29:00Z,N21
FIRMS_D44B0C02,31.25879,76.92562,0.95,299.13,60.0,2026-08-05T21:29:00Z,N21
FIRMS_436D7EC0,32.29179,70.73009,1.92,310.65,60.0,2026-08-05T21:29:00Z,N21
FIRMS_647BF6D5,33.27172,71.58986,1.66,314.82,60.0,2026-08-05T21:29:00Z,N21
FIRMS_02F5669A,24.94367,74.94578,1.09,303.76,60.0,2026-08-05T21:31:00Z,N21
FIRMS_6F19178B,25.94169,72.19534,7.97,328.87,60.0,2026-08-05T21:31:00Z,N21
FIRMS_1CDF5A5A,25.94243,72.19208,5.3,355.4,60.0,2026-08-05T21:31:00Z,N21
FIRMS_DB47FC6A,25.94316,72.18882,5.3,307.88,60.0,2026-08-05T21:31:00Z,N21
FIRMS_4AED2E66,26.25877,74.09599,1.37,304.69,60.0,2026-08-05T21:31:00Z,N21
FIRMS_8356E202,7.17476,81.75413,6.49,327.92,60.0,2026-08-06T06:59:00Z,N21
FIRMS_DBEA331A,27.69906,96.24122,4.19,336.95,60.0,2026-08-06T07:03:00Z,N21
FIRMS_8359C0DD,27.69966,96.2416,4.05,330.18,60.0,2026-08-06T07:03:00Z,N21
FIRMS_2EECA03D,29.55301,91.00056,4.33,337.28,60.0,2026-08-06T07:05:00Z,N21
FIRMS_4E2F0D36,29.6427,91.29497,8.65,347.23,60.0,2026-08-06T07:05:00Z,N21
FIRMS_251E9D9E,29.64487,91.28642,5.83,339.78,60.0,2026-08-06T07:05:00Z,N21
FIRMS_1DCF6BAB,29.64544,91.29041,5.83,346.27,60.0,2026-08-06T07:05:00Z,N21
FIRMS_C9658000,29.64818,91.28581,3.59,335.66,30.0,2026-08-06T07:05:00Z,N21
FIRMS_91D97AC9,29.64875,91.28983,3.59,338.05,30.0,2026-08-06T07:05:00Z,N21
FIRMS_8D087239,29.66844,91.21214,11.75,339.43,60.0,2026-08-06T07:05:00Z,N21
FIRMS_471E46D4,29.67117,91.20744,2.9,335.94,60.0,2026-08-06T07:05:00Z,N21
FIRMS_B1A59C17,29.67444,91.32661,4.12,342.23,60.0,2026-08-06T07:05:00Z,N21
FIRMS_1BCC3948,29.73141,90.79956,2.91,336.19,30.0,2026-08-06T07:05:00Z,N21
FIRMS_1E444797,7.30802,81.20086,7.58,330.09,60.0,2026-08-06T08:39:00Z,N21
FIRMS_CA58241C,7.30893,81.19938,10.54,333.1,60.0,2026-08-06T08:39:00Z,N21
FIRMS_C8E362A7,7.31416,81.20045,6.35,331.56,60.0,2026-08-06T08:39:00Z,N21
FIRMS_452EA347,8.7289,80.6994,4.61,327.16,60.0,2026-08-06T08:39:00Z,N21
FIRMS_C905C920,21.102,72.63545,5.05,341.81,60.0,2026-08-06T08:43:00Z,N21
FIRMS_9F958F4D,21.10344,72.64756,3.89,332.9,60.0,2026-08-06T08:43:00Z,N21
FIRMS_9C86A6C5,21.1076,72.647,17.01,346.94,60.0,2026-08-06T08:43:00Z,N21
FIRMS_E1F67C8E,23.30582,70.19529,4.63,330.6,60.0,2026-08-06T08:45:00Z,N21
FIRMS_A9E3BD9D,23.30643,70.20004,4.63,336.67,60.0,2026-08-06T08:45:00Z,N21
FIRMS_1089146A,23.51308,69.2734,5.87,337.8,60.0,2026-08-06T08:45:00Z,N21
FIRMS_DE7FB1DA,25.71442,68.3322,9.67,345.52,60.0,2026-08-06T08:45:00Z,N21
FIRMS_356CED7F,29.53836,72.10784,5.24,334.72,60.0,2026-08-06T08:45:00Z,N21
FIRMS_190C7F21,29.73745,71.41114,14.9,367.0,90.0,2026-08-06T08:45:00Z,N21
FIRMS_50275B04,29.8728,72.34472,4.27,342.56,60.0,2026-08-06T08:45:00Z,N21
FIRMS_2002ABE7,29.92372,72.73862,6.07,333.43,60.0,2026-08-06T08:45:00Z,N21
FIRMS_574BE9EB,30.03128,72.00207,2.94,333.04,60.0,2026-08-06T08:45:00Z,N21
FIRMS_05963D80,30.06258,73.19939,6.07,332.52,60.0,2026-08-06T08:45:00Z,N21
FIRMS_D9885566,30.34345,72.20473,4.06,333.23,60.0,2026-08-06T08:45:00Z,N21
FIRMS_AF27FC54,30.47439,73.74611,2.09,333.21,60.0,2026-08-06T08:45:00Z,N21
FIRMS_36A5B884,30.417,71.74889,7.34,337.12,60.0,2026-08-06T08:48:00Z,N21
FIRMS_E85CC223,30.49037,71.81102,7.19,343.55,60.0,2026-08-06T08:48:00Z,N21
FIRMS_19767C0A,30.60411,71.69618,7.07,338.61,60.0,2026-08-06T08:48:00Z,N21
FIRMS_180F90EF,30.62928,71.73104,3.5,330.8,60.0,2026-08-06T08:48:00Z,N21
FIRMS_04B0D935,30.63719,72.01174,9.51,342.92,60.0,2026-08-06T08:48:00Z,N21
FIRMS_C4092A1C,30.63955,72.00853,12.33,340.72,60.0,2026-08-06T08:48:00Z,N21
FIRMS_C64D2A0F,35.98915,94.83188,2.01,311.86,60.0,2026-08-06T19:28:00Z,N21
FIRMS_2B734B80,27.46139,95.47704,4.27,319.72,60.0,2026-08-06T19:30:00Z,N21
FIRMS_06A56625,28.26501,95.6101,4.74,319.72,60.0,2026-08-06T19:30:00Z,N21
FIRMS_839B33FB,29.22275,88.35091,1.37,295.02,60.0,2026-08-06T19:30:00Z,N21
FIRMS_8F01E1DE,29.26321,91.92596,2.57,317.57,60.0,2026-08-06T19:30:00Z,N21
FIRMS_77E918F6,29.37434,91.14847,1.55,298.94,60.0,2026-08-06T19:30:00Z,N21
FIRMS_7BB0B91F,29.6567,90.89809,1.0,297.43,60.0,2026-08-06T19:30:00Z,N21
FIRMS_22C161D5,23.62121,86.89039,1.9,305.7,60.0,2026-08-06T19:32:00Z,N21
FIRMS_0C9E2411,23.68803,87.10007,4.11,303.95,60.0,2026-08-06T19:32:00Z,N21
FIRMS_11EBAA63,23.68902,87.09872,4.05,304.86,60.0,2026-08-06T19:32:00Z,N21
FIRMS_6C7E4A60,23.69134,87.10617,3.4,302.05,60.0,2026-08-06T19:32:00Z,N21
FIRMS_E5D66A09,23.69229,87.1048,2.61,304.72,60.0,2026-08-06T19:32:00Z,N21
FIRMS_4B97F39A,23.69332,87.1233,2.22,301.74,60.0,2026-08-06T19:32:00Z,N21
FIRMS_6EC460F3,23.69398,87.11777,2.22,302.47,60.0,2026-08-06T19:32:00Z,N21
FIRMS_30787B11,23.69417,87.12189,2.28,300.78,60.0,2026-08-06T19:32:00Z,N21
FIRMS_922F8FA5,23.69486,87.11637,3.9,303.18,60.0,2026-08-06T19:32:00Z,N21
FIRMS_C480AAA5,23.69529,87.10673,4.06,303.84,60.0,2026-08-06T19:32:00Z,N21
FIRMS_72657E7F,23.69595,87.1012,2.93,301.83,60.0,2026-08-06T19:32:00Z,N21
FIRMS_A1DA1959,23.69624,87.10535,2.61,304.04,60.0,2026-08-06T19:32:00Z,N21
FIRMS_F2417359,24.11815,86.35008,2.39,306.14,60.0,2026-08-06T19:32:00Z,N21
FIRMS_CD039345,25.43771,86.06867,2.35,305.29,60.0,2026-08-06T19:32:00Z,N21
FIRMS_AAB2E306,7.75211,80.15947,0.6,299.13,60.0,2026-08-06T19:36:00Z,N21
FIRMS_C9A15F6B,33.29695,71.18707,1.34,303.48,60.0,2026-08-06T21:10:00Z,N21
FIRMS_E7C8E15B,24.69057,73.00171,1.05,304.96,60.0,2026-08-06T21:12:00Z,N21
FIRMS_7FD639AE,25.94118,72.19417,2.22,306.24,60.0,2026-08-06T21:12:00Z,N21
FIRMS_9F130005,26.25738,74.0966,1.39,308.1,60.0,2026-08-06T21:12:00Z,N21
FIRMS_38DE05E2,26.25792,74.09449,1.22,307.13,60.0,2026-08-06T21:12:00Z,N21
FIRMS_E23F3E96,28.42327,69.70071,3.25,317.74,60.0,2026-08-06T21:12:00Z,N21
FIRMS_DA331030,18.95641,73.94267,1.2,295.04,60.0,2026-08-06T21:14:00Z,N21
FIRMS_4D0FECA1,22.97807,72.56618,1.16,308.43,60.0,2026-08-06T21:14:00Z,N21
FIRMS_FDF76FBF,22.99959,72.34648,5.79,338.06,60.0,2026-08-06T21:14:00Z,N21
FIRMS_DE3C467E,25.08186,97.23336,3.94,332.66,60.0,2026-08-07T06:46:00Z,N21
FIRMS_89C64DD0,25.74802,96.69415,4.24,333.4,60.0,2026-08-07T06:46:00Z,N21
FIRMS_7A814C25,26.5324,96.45271,2.34,330.63,60.0,2026-08-07T06:46:00Z,N21
FIRMS_92A6283E,27.95391,95.5974,7.99,330.46,30.0,2026-08-07T06:46:00Z,N21
FIRMS_20782D19,29.28349,88.86467,4.16,341.73,60.0,2026-08-07T06:46:00Z,N21
FIRMS_EB1503CD,29.28819,88.86725,5.56,336.63,60.0,2026-08-07T06:46:00Z,N21
FIRMS_20A95FD2,29.29136,88.86219,5.56,339.85,60.0,2026-08-07T06:46:00Z,N21
FIRMS_48514F01,29.29216,88.86618,5.56,342.85,60.0,2026-08-07T06:46:00Z,N21
FIRMS_334D15F6,31.4827,93.6703,4.79,331.51,30.0,2026-08-07T06:48:00Z,N21
FIRMS_ABD9CFCE,8.22116,80.59781,6.18,340.67,60.0,2026-08-07T08:22:00Z,N21
FIRMS_AB3195D7,8.38659,80.26898,7.55,341.11,60.0,2026-08-07T08:22:00Z,N21
FIRMS_37641426,8.57461,78.00533,6.19,337.4,60.0,2026-08-07T08:22:00Z,N21
FIRMS_4E5FD779,8.58022,80.32362,5.66,340.57,60.0,2026-08-07T08:22:00Z,N21
FIRMS_3CC621BE,8.64737,80.43751,5.29,337.09,60.0,2026-08-07T08:22:00Z,N21
FIRMS_389B4BFF,8.64815,80.43694,4.12,330.25,60.0,2026-08-07T08:22:00Z,N21
FIRMS_FF577255,8.67345,80.405,8.43,335.91,60.0,2026-08-07T08:22:00Z,N21
FIRMS_B7D3389F,8.75746,78.18224,11.02,345.81,60.0,2026-08-07T08:22:00Z,N21
FIRMS_F18AFB37,8.76012,78.18311,20.04,346.37,60.0,2026-08-07T08:22:00Z,N21
FIRMS_C8D621DE,8.76117,78.18171,11.02,339.41,60.0,2026-08-07T08:22:00Z,N21
FIRMS_96F5175F,29.49468,71.78867,4.28,338.88,60.0,2026-08-07T08:28:00Z,N21
FIRMS_28363F3C,29.81903,71.34294,3.89,333.68,60.0,2026-08-07T08:28:00Z,N21
FIRMS_1D30D0E4,29.82241,71.34234,3.89,336.88,60.0,2026-08-07T08:28:00Z,N21
FIRMS_1FBD05F4,29.8246,72.77927,3.04,330.87,60.0,2026-08-07T08:28:00Z,N21
FIRMS_CF5DDE26,29.85171,71.3723,8.43,341.28,60.0,2026-08-07T08:28:00Z,N21
FIRMS_3DBD233E,29.91521,72.58057,4.09,333.1,60.0,2026-08-07T08:28:00Z,N21
FIRMS_75D5233A,29.93269,72.1593,5.84,341.61,60.0,2026-08-07T08:28:00Z,N21
FIRMS_9DCC01B9,29.97493,72.62267,1.87,333.45,60.0,2026-08-07T08:28:00Z,N21
FIRMS_B2E008B8,30.03959,72.59446,5.11,337.31,60.0,2026-08-07T08:28:00Z,N21
FIRMS_6776350C,30.16747,73.29735,6.36,343.33,60.0,2026-08-07T08:28:00Z,N21
FIRMS_2A70060F,30.48943,71.98983,1.88,332.58,60.0,2026-08-07T08:28:00Z,N21
FIRMS_8C17CB44,30.49519,71.87016,7.44,345.44,60.0,2026-08-07T08:28:00Z,N21
FIRMS_50B3588D,30.57941,72.27127,2.83,333.62,60.0,2026-08-07T08:28:00Z,N21
FIRMS_91641BE8,30.58178,72.28969,20.16,344.87,60.0,2026-08-07T08:28:00Z,N21
FIRMS_4CAE12D0,30.5853,72.28909,20.16,337.13,60.0,2026-08-07T08:28:00Z,N21
FIRMS_AC2CA2EB,30.61404,72.14536,2.43,335.17,60.0,2026-08-07T08:28:00Z,N21
FIRMS_736E6DE2,30.61524,72.09865,1.82,331.46,60.0,2026-08-07T08:28:00Z,N21
FIRMS_6DB6DFE6,30.62629,72.01805,3.96,337.29,60.0,2026-08-07T08:28:00Z,N21
FIRMS_10C480AC,30.64086,71.75068,3.3,334.12,60.0,2026-08-07T08:28:00Z,N21
FIRMS_CEA41638,25.43574,86.06752,1.48,304.88,60.0,2026-08-07T19:10:00Z,N21
FIRMS_379E90CA,22.78345,86.00488,2.4,300.33,60.0,2026-08-07T19:13:00Z,N21
FIRMS_ECCD6B86,23.70858,86.43064,3.04,301.44,60.0,2026-08-07T19:13:00Z,N21
FIRMS_BF4CE9DD,23.71242,86.45171,2.94,304.08,60.0,2026-08-07T19:13:00Z,N21
FIRMS_D9D9561F,23.72464,86.44072,4.21,303.87,60.0,2026-08-07T19:13:00Z,N21
FIRMS_AE5658F4,23.72499,86.43662,3.52,299.92,60.0,2026-08-07T19:13:00Z,N21
FIRMS_68A78D78,23.76737,86.40423,1.65,300.51,60.0,2026-08-07T19:13:00Z,N21
FIRMS_4BB8111D,23.76774,86.40008,3.94,303.88,60.0,2026-08-07T19:13:00Z,N21
FIRMS_D9170C01,23.771,86.36326,2.29,304.06,60.0,2026-08-07T19:13:00Z,N21
FIRMS_B344DED5,23.77419,85.99416,1.57,299.81,60.0,2026-08-07T19:13:00Z,N21
FIRMS_3A366DC5,23.77423,86.19609,2.23,302.55,60.0,2026-08-07T19:13:00Z,N21
FIRMS_C9F03D20,23.77442,86.38854,3.47,301.25,60.0,2026-08-07T19:13:00Z,N21
FIRMS_97756548,23.77479,86.38445,2.56,304.63,60.0,2026-08-07T19:13:00Z,N21
FIRMS_64728113,23.77662,86.36382,2.29,310.34,60.0,2026-08-07T19:13:00Z,N21
FIRMS_D1013186,23.7788,86.20943,2.7,303.86,60.0,2026-08-07T19:13:00Z,N21
FIRMS_BECB7E6C,23.77966,86.39324,3.54,307.65,60.0,2026-08-07T19:13:00Z,N21
FIRMS_AC50384F,23.78002,86.3892,3.54,327.33,60.0,2026-08-07T19:13:00Z,N21
FIRMS_46BB0F08,23.78389,86.39212,2.51,298.82,60.0,2026-08-07T19:13:00Z,N21
FIRMS_C22FCEF7,23.79666,86.63983,0.95,308.5,60.0,2026-08-07T19:13:00Z,N21
FIRMS_0877B005,24.11616,86.34906,2.15,298.6,60.0,2026-08-07T19:13:00Z,N21
FIRMS_CCD4E6AB,27.32373,95.27661,2.43,310.36,60.0,2026-08-07T19:13:00Z,N21
FIRMS_88140456,27.37623,95.33397,1.99,312.13,60.0,2026-08-07T19:13:00Z,N21
FIRMS_BA43E2C4,27.46889,95.42281,1.97,305.61,60.0,2026-08-07T19:13:00Z,N21
FIRMS_342C1763,29.26427,91.92797,1.94,295.39,60.0,2026-08-07T19:13:00Z,N21
FIRMS_6BCCB957,29.37432,91.15253,1.44,306.62,60.0,2026-08-07T19:13:00Z,N21
FIRMS_9897687A,29.65604,90.90077,2.53,297.9,60.0,2026-08-07T19:13:00Z,N21
FIRMS_F2E3E32F,29.65924,90.89761,2.16,296.09,60.0,2026-08-07T19:13:00Z,N21
FIRMS_E22EF60E,35.96626,68.6851,1.77,307.28,60.0,2026-08-07T20:51:00Z,N21
FIRMS_30EBCE62,25.38838,68.58256,2.26,321.9,60.0,2026-08-07T20:53:00Z,N21
FIRMS_295E2EF6,26.6412,79.48167,0.53,302.59,60.0,2026-08-07T20:53:00Z,N21
FIRMS_6E6C2D2E,26.75785,83.19983,3.06,307.56,60.0,2026-08-07T20:53:00Z,N21
FIRMS_1EE3A4FA,28.42357,69.69882,5.43,311.11,60.0,2026-08-07T20:53:00Z,N21
FIRMS_2DE6B3C1,29.45735,76.87064,1.8,307.61,60.0,2026-08-07T20:53:00Z,N21
FIRMS_780144F9,31.61421,74.37446,0.61,308.52,60.0,2026-08-07T20:53:00Z,N21
FIRMS_2D7BE210,32.57544,72.55984,1.81,308.69,60.0,2026-08-07T20:53:00Z,N21
FIRMS_70DC9BD3,32.65285,70.47202,3.51,306.75,60.0,2026-08-07T20:53:00Z,N21
FIRMS_20786C08,32.72052,72.92208,0.83,311.28,60.0,2026-08-07T20:53:00Z,N21
FIRMS_6716B83C,32.82767,71.59998,2.21,309.79,60.0,2026-08-07T20:53:00Z,N21
FIRMS_4826373B,32.8887,71.6163,2.45,309.81,60.0,2026-08-07T20:53:00Z,N21
FIRMS_1A2DCA70,33.17038,70.4515,1.05,320.27,60.0,2026-08-07T20:53:00Z,N21
FIRMS_81C7A3D6,33.17265,70.449,0.93,313.34,60.0,2026-08-07T20:53:00Z,N21
FIRMS_99787C2F,33.23474,71.51628,0.59,304.49,60.0,2026-08-07T20:53:00Z,N21
FIRMS_8BDE778D,33.54513,71.54974,1.35,308.48,60.0,2026-08-07T20:53:00Z,N21
FIRMS_98DE8A4F,18.68641,73.03136,2.1,305.25,60.0,2026-08-07T20:55:00Z,N21
FIRMS_63154CF1,23.67698,86.4007,2.88,299.4,60.0,2026-08-07T20:55:00Z,N21
FIRMS_B261EA64,23.67704,86.40203,5.07,297.95,60.0,2026-08-07T20:55:00Z,N21
FIRMS_F8FFE12E,23.77619,86.20954,3.25,303.29,60.0,2026-08-07T20:55:00Z,N21
FIRMS_B7F142A6,23.7775,86.21114,2.35,301.29,60.0,2026-08-07T20:55:00Z,N21
FIRMS_60031B85,23.77923,86.20446,2.35,302.51,60.0,2026-08-07T20:55:00Z,N21
FIRMS_0947008A,25.94341,72.19024,1.35,312.4,60.0,2026-08-07T20:55:00Z,N21
FIRMS_DB686D01,26.09255,68.87693,0.97,311.23,60.0,2026-08-07T20:55:00Z,N21
FIRMS_D71614C9,6.81796,81.80293,3.14,332.06,60.0,2026-08-08T08:01:00Z,N21
FIRMS_7C3CF1F6,6.8214,81.80241,9.08,348.33,60.0,2026-08-08T08:01:00Z,N21
FIRMS_C2F9899B,6.82195,81.80621,9.08,348.93,60.0,2026-08-08T08:01:00Z,N21
FIRMS_BD14DC8F,6.82484,81.8019,9.08,347.08,60.0,2026-08-08T08:01:00Z,N21
FIRMS_32F335B2,6.82539,81.80568,9.08,338.79,60.0,2026-08-08T08:01:00Z,N21
FIRMS_57B245BB,6.82617,81.76311,4.89,332.86,60.0,2026-08-08T08:01:00Z,N21
FIRMS_C1D96DBB,6.84249,81.82634,4.29,339.47,60.0,2026-08-08T08:01:00Z,N21
FIRMS_BC12F8CD,6.91608,81.82692,7.87,344.87,60.0,2026-08-08T08:01:00Z,N21
FIRMS_B6579204,7.06066,81.57113,2.61,332.51,60.0,2026-08-08T08:01:00Z,N21
FIRMS_45C4F20C,7.1172,81.71611,3.37,333.62,60.0,2026-08-08T08:01:00Z,N21
FIRMS_D678BCC7,7.19076,81.62044,4.91,339.43,60.0,2026-08-08T08:01:00Z,N21
FIRMS_1CD40F55,7.23206,81.26175,4.5,341.02,60.0,2026-08-08T08:01:00Z,N21
FIRMS_C3307A77,7.43158,81.28093,3.73,337.53,60.0,2026-08-08T08:01:00Z,N21
FIRMS_94003DDA,7.45434,81.24754,2.77,333.26,60.0,2026-08-08T08:01:00Z,N21
FIRMS_6FC9D0EC,7.4563,81.66222,0.86,331.49,60.0,2026-08-08T08:01:00Z,N21
FIRMS_2B0142FE,7.56902,81.26382,4.11,338.34,60.0,2026-08-08T08:01:00Z,N21
FIRMS_926AF61A,7.61153,80.98206,8.68,342.23,60.0,2026-08-08T08:01:00Z,N21
FIRMS_364A4201,7.63614,81.28799,4.75,335.58,60.0,2026-08-08T08:01:00Z,N21
FIRMS_50A383CE,7.64524,81.2791,4.99,336.49,60.0,2026-08-08T08:01:00Z,N21
FIRMS_A726E8C6,7.6619,81.11172,2.55,334.4,60.0,2026-08-08T08:01:00Z,N21
FIRMS_F9A1FFC6,7.66245,81.11536,6.57,343.64,60.0,2026-08-08T08:01:00Z,N21
FIRMS_FEC3363D,7.66419,81.10391,3.58,333.21,60.0,2026-08-08T08:01:00Z,N21
FIRMS_87D5A173,7.74334,81.23028,8.54,346.69,60.0,2026-08-08T08:01:00Z,N21
FIRMS_43C5F777,7.82874,81.3803,2.61,332.49,60.0,2026-08-08T08:01:00Z,N21
FIRMS_B83D6F1D,7.89536,81.3589,4.33,332.94,60.0,2026-08-08T08:01:00Z,N21
FIRMS_84F52582,7.90171,81.47279,11.96,351.42,60.0,2026-08-08T08:01:00Z,N21
FIRMS_316529AB,7.90468,81.44547,5.49,342.72,60.0,2026-08-08T08:01:00Z,N21
FIRMS_FC9C4BD6,8.21625,80.98682,4.69,335.97,60.0,2026-08-08T08:01:00Z,N21
FIRMS_E4B68E62,9.35078,78.64883,6.34,340.7,60.0,2026-08-08T08:03:00Z,N21
FIRMS_69622AE1,9.46694,78.60876,5.81,342.2,60.0,2026-08-08T08:03:00Z,N21
FIRMS_2F05583B,9.72193,77.87727,5.2,336.02,30.0,2026-08-08T08:03:00Z,N21
FIRMS_424CD118,12.18139,79.57864,3.71,330.57,60.0,2026-08-08T08:03:00Z,N21
FIRMS_FF5D514B,13.77714,79.96498,4.38,340.03,60.0,2026-08-08T08:03:00Z,N21
FIRMS_F27F2C5D,14.14061,79.64134,5.33,338.07,60.0,2026-08-08T08:03:00Z,N21
FIRMS_5DD3736D,14.66399,80.13791,2.95,330.41,60.0,2026-08-08T08:03:00Z,N21
FIRMS_FDC6081A,14.73576,79.83199,4.18,334.67,60.0,2026-08-08T08:03:00Z,N21
FIRMS_135360A6,30.16529,73.30387,2.93,334.48,60.0,2026-08-08T08:09:00Z,N21
FIRMS_F08EEA0A,33.74198,70.22688,5.53,335.58,30.0,2026-08-08T08:09:00Z,N21
FIRMS_B854A07B,33.74276,70.23135,8.42,337.0,30.0,2026-08-08T08:09:00Z,N21
FIRMS_99ABB4A5,34.44868,71.26322,5.59,346.87,60.0,2026-08-08T08:09:00Z,N21
FIRMS_04526789,34.61386,71.12454,7.49,343.96,60.0,2026-08-08T08:09:00Z,N21
FIRMS_4047525E,30.06883,96.97729,1.03,296.35,60.0,2026-08-08T18:51:00Z,N21
FIRMS_698ACEA3,22.35898,87.0153,3.22,302.37,60.0,2026-08-08T18:53:00Z,N21
FIRMS_9EAAFE5A,20.24184,86.60018,2.41,308.01,60.0,2026-08-08T18:56:00Z,N21
FIRMS_FD0283A8,35.9877,94.82776,1.42,295.63,60.0,2026-08-08T20:29:00Z,N21
FIRMS_F94215D1,29.7857,91.60193,1.58,295.44,60.0,2026-08-08T20:32:00Z,N21
FIRMS_9DF97310,32.1293,74.17741,1.57,305.23,60.0,2026-08-08T20:32:00Z,N21
FIRMS_EF34728E,33.40616,71.93925,1.71,308.01,60.0,2026-08-08T20:32:00Z,N21
FIRMS_DE38A583,22.05463,88.12354,4.76,316.12,60.0,2026-08-08T20:34:00Z,N21
FIRMS_2F34322C,22.24258,87.38795,1.57,302.61,60.0,2026-08-08T20:34:00Z,N21
FIRMS_FFE67FE3,22.36584,87.29999,2.28,297.28,60.0,2026-08-08T20:34:00Z,N21
FIRMS_E1F56891,22.81087,86.08997,1.33,295.19,60.0,2026-08-08T20:34:00Z,N21
FIRMS_9CD7BC1D,23.55595,87.23958,3.67,314.1,60.0,2026-08-08T20:34:00Z,N21
FIRMS_88774146,23.56249,87.08484,2.9,313.39,60.0,2026-08-08T20:34:00Z,N21
FIRMS_55739ACF,23.66155,87.15603,2.44,308.74,60.0,2026-08-08T20:34:00Z,N21
FIRMS_A1861109,23.66246,87.1521,2.44,311.75,60.0,2026-08-08T20:34:00Z,N21
FIRMS_C4742369,23.6635,86.91859,1.6,301.95,60.0,2026-08-08T20:34:00Z,N21
FIRMS_1CC09860,23.66546,86.93528,0.98,303.93,60.0,2026-08-08T20:34:00Z,N21
FIRMS_8412807B,23.66804,86.92381,1.36,301.79,60.0,2026-08-08T20:34:00Z,N21
FIRMS_E1F80AD4,24.12002,86.86525,1.14,309.77,60.0,2026-08-08T20:34:00Z,N21
FIRMS_37FFC8CF,24.18275,82.65568,1.7,305.15,60.0,2026-08-08T20:34:00Z,N21
FIRMS_65874977,25.03664,87.38859,1.96,310.62,60.0,2026-08-08T20:34:00Z,N21
FIRMS_28BFE754,25.3861,68.57966,2.46,313.13,60.0,2026-08-08T20:34:00Z,N21
FIRMS_7A4F58CE,25.38619,68.58131,2.45,312.67,60.0,2026-08-08T20:34:00Z,N21
FIRMS_105A38BD,26.60358,73.68365,1.83,304.97,60.0,2026-08-08T20:34:00Z,N21
FIRMS_488A44C0,26.64189,79.4817,1.39,319.52,60.0,2026-08-08T20:34:00Z,N21
FIRMS_91B51677,26.64261,79.47755,1.39,310.6,60.0,2026-08-08T20:34:00Z,N21
FIRMS_06776505,27.07989,73.8157,2.06,304.22,60.0,2026-08-08T20:34:00Z,N21
FIRMS_D57BBCC6,28.42269,69.6983,7.13,309.45,60.0,2026-08-08T20:34:00Z,N21
FIRMS_11EC9EC0,28.85394,77.1468,2.27,306.44,60.0,2026-08-08T20:34:00Z,N21
FIRMS_5662807B,18.42307,73.94807,1.21,309.27,60.0,2026-08-08T20:36:00Z,N21
FIRMS_801FB1C3,18.9574,73.94349,1.23,307.27,60.0,2026-08-08T20:36:00Z,N21
FIRMS_D0F6C938,19.93574,73.7124,1.3,308.7,60.0,2026-08-08T20:36:00Z,N21
FIRMS_A65946C7,20.86419,84.98952,2.74,313.26,60.0,2026-08-08T20:36:00Z,N21
FIRMS_94B94E57,20.88652,84.98494,2.78,304.5,60.0,2026-08-08T20:36:00Z,N21
FIRMS_1AB9DC80,20.88721,84.98166,2.78,332.49,60.0,2026-08-08T20:36:00Z,N21
FIRMS_1E12D601,20.96215,85.16977,1.37,295.1,60.0,2026-08-08T20:36:00Z,N21
FIRMS_62989331,20.96373,85.18775,3.1,318.43,60.0,2026-08-08T20:36:00Z,N21
FIRMS_16F6C2B9,20.96444,85.18437,2.69,301.56,60.0,2026-08-08T20:36:00Z,N21
FIRMS_A308D0B9,20.96559,86.01157,1.27,302.02,60.0,2026-08-08T20:36:00Z,N21
FIRMS_1AFE301F,20.99624,86.02747,1.19,305.57,60.0,2026-08-08T20:36:00Z,N21
FIRMS_C11A0921,21.10116,72.63488,2.75,318.77,60.0,2026-08-08T20:36:00Z,N21
FIRMS_98BBED24,21.10472,72.63543,2.75,308.99,60.0,2026-08-08T20:36:00Z,N21
FIRMS_275BD58E,21.92552,85.22231,1.78,295.7,60.0,2026-08-08T20:36:00Z,N21
FIRMS_AC9C4FA2,22.93208,69.69513,3.08,309.23,60.0,2026-08-08T20:36:00Z,N21
FIRMS_C9EDB830,23.01004,70.10314,1.27,307.02,60.0,2026-08-08T20:36:00Z,N21
FIRMS_F1A20839,9.75829,77.62124,1.81,318.35,60.0,2026-08-08T20:38:00Z,N21
FIRMS_F5E8EAD6,9.76219,77.6217,1.81,302.62,60.0,2026-08-08T20:38:00Z,N21
FIRMS_F2A24CED,10.00389,78.03165,0.85,310.65,60.0,2026-08-08T20:38:00Z,N21
FIRMS_D1547A8A,11.26836,80.00569,2.81,319.06,60.0,2026-08-08T20:38:00Z,N21
FIRMS_54D76F0D,12.54902,77.33131,0.89,296.34,60.0,2026-08-08T20:38:00Z,N21
FIRMS_DAFED594,12.54925,77.32909,0.59,299.7,60.0,2026-08-08T20:38:00Z,N21
FIRMS_CB71C976,12.98322,74.85109,0.98,307.8,60.0,2026-08-08T20:38:00Z,N21
FIRMS_5CC37C71,15.02414,78.01672,1.19,300.68,60.0,2026-08-08T20:38:00Z,N21
FIRMS_D088ED99,15.17243,76.69172,1.17,306.63,60.0,2026-08-08T20:38:00Z,N21
FIRMS_80E06CE2,15.17359,76.66376,0.74,295.01,60.0,2026-08-08T20:38:00Z,N21
FIRMS_1E4A0686,15.17425,76.65985,1.44,306.74,60.0,2026-08-08T20:38:00Z,N21
FIRMS_8E501669,15.17488,76.66106,1.89,302.35,60.0,2026-08-08T20:38:00Z,N21
FIRMS_6A94A1BB,15.17491,76.65594,1.44,316.56,60.0,2026-08-08T20:38:00Z,N21
FIRMS_3D3F7253,15.17506,76.67611,0.71,299.22,60.0,2026-08-08T20:38:00Z,N21
FIRMS_8B7ABF60,15.17553,76.65714,1.89,320.47,60.0,2026-08-08T20:38:00Z,N21
FIRMS_449A85B6,15.17556,77.09921,1.07,302.45,60.0,2026-08-08T20:38:00Z,N21
FIRMS_DA0A06B4,15.17557,76.65204,1.17,305.07,60.0,2026-08-08T20:38:00Z,N21
FIRMS_E6DFE14D,15.17617,76.65323,1.46,310.09,60.0,2026-08-08T20:38:00Z,N21
FIRMS_92FE9D6A,15.17835,76.65656,1.44,300.6,60.0,2026-08-08T20:38:00Z,N21
FIRMS_C6949C88,15.17838,77.10391,1.33,304.88,60.0,2026-08-08T20:38:00Z,N21
FIRMS_C843789E,15.1785,76.67673,1.37,301.05,60.0,2026-08-08T20:38:00Z,N21
FIRMS_AAD8A1B9,15.18391,76.66562,1.46,304.3,60.0,2026-08-08T20:38:00Z,N21
FIRMS_3E16749D,15.18523,76.6578,1.43,306.58,60.0,2026-08-08T20:38:00Z,N21
FIRMS_32FE28FA,15.33554,76.28046,2.54,327.93,60.0,2026-08-08T20:38:00Z,N21
FIRMS_A24190B6,15.33955,76.27728,1.78,302.74,60.0,2026-08-08T20:38:00Z,N21
FIRMS_9BA44DE4,16.6499,74.31506,1.02,309.29,60.0,2026-08-08T20:38:00Z,N21
FIRMS_525E5BF1,7.1941,81.22928,0.67,305.73,60.0,2026-08-08T20:40:00Z,N21
FIRMS_C712D5AA,7.19728,81.22999,0.85,305.89,60.0,2026-08-08T20:40:00Z,N21
FIRMS_37C9AA96,7.63962,80.96317,3.16,321.37,60.0,2026-08-08T20:40:00Z,N21
FIRMS_D600805B,7.64464,80.96404,3.16,325.99,60.0,2026-08-08T20:40:00Z,N21
FIRMS_4CB4C80E,27.45892,95.47669,3.05,335.63,60.0,2026-08-09T06:08:00Z,N21
FIRMS_7F71B51E,28.06259,95.35578,7.63,327.84,60.0,2026-08-09T06:08:00Z,N21
FIRMS_FF740F57,28.0676,95.37768,10.25,327.96,60.0,2026-08-09T06:08:00Z,N21
FIRMS_34EAFEFA,6.3305,81.34068,12.33,335.57,60.0,2026-08-09T07:44:00Z,N21
FIRMS_8D614839,6.37327,81.35529,2.48,333.01,60.0,2026-08-09T07:44:00Z,N21
FIRMS_413B7846,6.37555,81.35514,3.56,331.98,60.0,2026-08-09T07:44:00Z,N21
FIRMS_17C72651,6.83167,81.75579,2.78,334.21,30.0,2026-08-09T07:44:00Z,N21
FIRMS_00D65531,7.65762,81.13107,7.67,343.41,60.0,2026-08-09T07:44:00Z,N21
FIRMS_8DABA935,7.65828,81.13516,7.67,349.65,60.0,2026-08-09T07:44:00Z,N21
FIRMS_5E7E28F3,7.65895,81.13925,7.14,333.86,60.0,2026-08-09T07:44:00Z,N21
FIRMS_F9B85D9E,7.66186,81.1346,8.59,334.12,60.0,2026-08-09T07:44:00Z,N21
FIRMS_64A9D0B4,7.66609,81.13812,6.69,339.8,60.0,2026-08-09T07:44:00Z,N21
FIRMS_DEA0429A,8.58729,80.33571,14.42,333.68,60.0,2026-08-09T07:44:00Z,N21
FIRMS_E91D2E15,8.78993,80.38203,5.34,332.51,60.0,2026-08-09T07:44:00Z,N21
FIRMS_C10C6B5E,8.84041,78.0078,5.35,339.33,60.0,2026-08-09T07:44:00Z,N21
FIRMS_6963383A,8.84773,77.97353,3.57,335.7,60.0,2026-08-09T07:44:00Z,N21
FIRMS_E871C4E6,8.89804,78.03916,9.0,338.29,60.0,2026-08-09T07:44:00Z,N21
FIRMS_9AA7B609,8.89873,78.04314,8.12,339.38,60.0,2026-08-09T07:44:00Z,N21
FIRMS_6FBB5331,8.90703,77.70632,2.55,331.98,60.0,2026-08-09T07:44:00Z,N21
FIRMS_000ABD50,9.01122,77.96381,10.73,343.82,60.0,2026-08-09T07:44:00Z,N21
FIRMS_E0A701BC,9.2356,78.68808,2.75,334.55,60.0,2026-08-09T07:44:00Z,N21
FIRMS_4A7546B0,9.23963,78.68742,2.67,331.0,60.0,2026-08-09T07:44:00Z,N21
FIRMS_CA13441F,9.46624,77.55146,3.99,331.55,60.0,2026-08-09T07:44:00Z,N21
FIRMS_8FC06B4A,9.57627,78.52619,4.52,334.42,60.0,2026-08-09T07:44:00Z,N21
FIRMS_74C12389,9.61507,78.63419,2.62,331.9,60.0,2026-08-09T07:44:00Z,N21
FIRMS_CFBA53AC,9.63756,77.60527,8.74,341.83,60.0,2026-08-09T07:44:00Z,N21
FIRMS_3606668A,9.64483,78.78864,5.44,341.2,60.0,2026-08-09T07:44:00Z,N21
FIRMS_C5FFF347,9.66437,78.79135,4.75,334.31,60.0,2026-08-09T07:44:00Z,N21
FIRMS_581A758E,9.71018,77.92914,12.76,348.62,60.0,2026-08-09T07:44:00Z,N21
FIRMS_B0880977,9.71372,77.9245,5.96,334.87,60.0,2026-08-09T07:44:00Z,N21
FIRMS_9BDAE361,9.71438,77.92844,5.96,343.43,60.0,2026-08-09T07:44:00Z,N21
FIRMS_AA71A649,10.96326,78.16092,2.54,335.63,60.0,2026-08-09T07:46:00Z,N21
FIRMS_F1D7751C,11.65351,79.12866,6.5,336.89,60.0,2026-08-09T07:46:00Z,N21
FIRMS_455857ED,11.66286,78.62783,27.03,332.08,60.0,2026-08-09T07:46:00Z,N21
FIRMS_9E6DAA58,12.46548,79.024,6.97,333.21,60.0,2026-08-09T07:46:00Z,N21
FIRMS_FF4B75B8,22.78788,86.2058,4.86,330.24,60.0,2026-08-09T07:48:00Z,N21
FIRMS_2ED6E5C8,23.79523,86.35397,6.79,333.56,60.0,2026-08-09T07:48:00Z,N21
FIRMS_D882CDB6,23.80311,86.3294,10.59,339.03,60.0,2026-08-09T07:48:00Z,N21
FIRMS_1ED23476,23.80526,86.33165,2.31,330.93,60.0,2026-08-09T07:48:00Z,N21
FIRMS_2283C954,25.94204,72.18732,2.84,331.32,60.0,2026-08-09T07:50:00Z,N21
FIRMS_00CD95E6,25.9431,72.19236,3.6,341.14,60.0,2026-08-09T07:50:00Z,N21
FIRMS_821C335D,29.61551,71.60603,2.79,341.65,60.0,2026-08-09T07:50:00Z,N21
FIRMS_15805545,29.62571,72.08048,4.17,333.93,60.0,2026-08-09T07:50:00Z,N21
FIRMS_E0237EC7,29.66173,71.76288,13.42,341.65,60.0,2026-08-09T07:50:00Z,N21
FIRMS_08ED7DFF,29.91461,72.17483,2.86,330.21,60.0,2026-08-09T07:50:00Z,N21
FIRMS_6B55F857,30.00726,73.11401,3.61,332.59,60.0,2026-08-09T07:50:00Z,N21
FIRMS_937566EC,30.3289,72.90323,3.08,336.26,60.0,2026-08-09T07:50:00Z,N21
FIRMS_96EF9377,30.56196,71.61984,54.52,347.91,60.0,2026-08-09T07:50:00Z,N21
FIRMS_31A331F8,30.62774,72.06779,4.26,331.75,60.0,2026-08-09T07:50:00Z,N21
FIRMS_870A3666,30.62861,72.07212,8.49,337.78,60.0,2026-08-09T07:50:00Z,N21
FIRMS_E38E4A54,30.62989,72.06789,4.56,339.93,60.0,2026-08-09T07:50:00Z,N21
FIRMS_9E07E6D2,30.63931,71.71442,5.83,337.5,60.0,2026-08-09T07:50:00Z,N21
FIRMS_68F30F2C,30.66342,71.87365,4.77,332.29,60.0,2026-08-09T07:50:00Z,N21
FIRMS_6C68C2F9,30.684,71.9101,4.75,331.61,60.0,2026-08-09T07:50:00Z,N21
FIRMS_326E9A78,30.6849,71.91451,4.75,337.02,60.0,2026-08-09T07:50:00Z,N21
FIRMS_AB8C10D6,30.70714,71.95956,3.93,340.39,60.0,2026-08-09T07:50:00Z,N21
FIRMS_048493A9,30.71035,71.94524,5.72,337.82,60.0,2026-08-09T07:50:00Z,N21
FIRMS_B6C3BADA,30.71269,71.94415,5.95,342.05,60.0,2026-08-09T07:50:00Z,N21
FIRMS_A4B16D9E,30.7364,71.92427,1.79,330.42,60.0,2026-08-09T07:50:00Z,N21
FIRMS_164A87F4,30.94302,71.85622,4.64,337.5,60.0,2026-08-09T07:50:00Z,N21
FIRMS_44E4ACF0,30.98252,71.98374,3.5,333.48,60.0,2026-08-09T07:50:00Z,N21
FIRMS_47C7E2AD,35.98797,94.83053,1.48,304.63,60.0,2026-08-09T20:12:00Z,N21
FIRMS_B707BD9C,28.81726,76.83368,2.41,304.86,60.0,2026-08-09T20:14:00Z,N21
FIRMS_319DDB1D,29.22345,88.34959,1.57,305.49,60.0,2026-08-09T20:14:00Z,N21
FIRMS_967FD088,29.37521,91.1515,1.35,303.81,60.0,2026-08-09T20:14:00Z,N21
FIRMS_8A821FF6,29.37732,91.15196,2.05,300.38,60.0,2026-08-09T20:14:00Z,N21
FIRMS_E90AFD6C,32.08574,74.16451,3.75,314.49,60.0,2026-08-09T20:14:00Z,N21
FIRMS_25620100,32.08777,74.16508,3.92,310.07,60.0,2026-08-09T20:14:00Z,N21
FIRMS_F23BBE5C,32.29421,70.73056,2.69,307.87,60.0,2026-08-09T20:14:00Z,N21
FIRMS_A201AE63,32.57726,72.56274,2.21,307.49,60.0,2026-08-09T20:14:00Z,N21
FIRMS_4FB84AD4,33.27212,71.59108,2.64,321.27,60.0,2026-08-09T20:14:00Z,N21
FIRMS_2E45B6BB,33.40507,71.93628,0.88,307.34,60.0,2026-08-09T20:14:00Z,N21
FIRMS_904B7B8F,33.40781,71.93855,3.46,306.96,60.0,2026-08-09T20:14:00Z,N21
FIRMS_75BC8655,15.02135,78.01138,0.8,306.52,60.0,2026-08-09T20:17:00Z,N21
FIRMS_03958F3C,15.02412,78.01555,2.14,312.63,60.0,2026-08-09T20:17:00Z,N21
FIRMS_3D3420E9,15.13577,76.71014,0.79,304.18,60.0,2026-08-09T20:17:00Z,N21
FIRMS_72504636,15.17094,76.71146,0.73,302.8,60.0,2026-08-09T20:17:00Z,N21
FIRMS_591F8B70,15.17373,77.09916,0.94,308.41,60.0,2026-08-09T20:17:00Z,N21
FIRMS_68927319,15.17381,76.69177,2.19,314.66,60.0,2026-08-09T20:17:00Z,N21
FIRMS_365E90CE,15.17495,76.65968,2.25,317.99,60.0,2026-08-09T20:17:00Z,N21
FIRMS_3AE91DD9,15.17553,76.65572,2.25,322.77,60.0,2026-08-09T20:17:00Z,N21
FIRMS_5F7E6BD7,15.17612,76.67598,2.12,315.85,60.0,2026-08-09T20:17:00Z,N21
FIRMS_29A848AE,15.17659,77.10351,1.59,304.72,60.0,2026-08-09T20:17:00Z,N21
FIRMS_8BDC2FB5,15.179,76.65625,2.25,324.57,60.0,2026-08-09T20:17:00Z,N21
FIRMS_EE977C46,15.17957,76.6523,1.62,303.06,60.0,2026-08-09T20:17:00Z,N21
FIRMS_810A7BA3,15.17959,76.67648,1.25,306.26,60.0,2026-08-09T20:17:00Z,N21
FIRMS_BDC8F898,15.18016,76.67254,1.25,305.1,60.0,2026-08-09T20:17:00Z,N21
FIRMS_EACB581C,15.18594,76.65729,2.04,313.81,60.0,2026-08-09T20:17:00Z,N21
FIRMS_EDC38A6E,15.226,76.76334,0.75,303.45,60.0,2026-08-09T20:17:00Z,N21
FIRMS_CB2E327C,15.33245,76.24616,0.86,303.98,60.0,2026-08-09T20:17:00Z,N21
FIRMS_A0616519,15.33421,76.28419,1.3,304.69,60.0,2026-08-09T20:17:00Z,N21
FIRMS_078790DE,15.33892,76.27649,3.1,326.83,60.0,2026-08-09T20:17:00Z,N21
FIRMS_7731E316,16.63623,74.33961,0.6,300.41,60.0,2026-08-09T20:17:00Z,N21
FIRMS_BC6BE0BB,17.06163,76.97942,0.96,301.97,60.0,2026-08-09T20:17:00Z,N21
FIRMS_7665A0FA,17.14086,77.18326,0.75,300.11,60.0,2026-08-09T20:17:00Z,N21
FIRMS_4D443A59,18.68085,73.03519,2.48,306.58,60.0,2026-08-09T20:17:00Z,N21
FIRMS_09BB1B6E,18.68476,73.04045,2.63,304.49,60.0,2026-08-09T20:17:00Z,N21
FIRMS_8C135137,18.68589,73.03109,3.07,315.77,60.0,2026-08-09T20:17:00Z,N21
FIRMS_10504290,21.18186,81.3881,1.66,311.22,60.0,2026-08-09T20:17:00Z,N21
FIRMS_ED5A5E78,21.18246,81.38439,3.66,329.97,60.0,2026-08-09T20:17:00Z,N21
FIRMS_248EB108,21.18517,81.3887,1.66,307.0,60.0,2026-08-09T20:17:00Z,N21
FIRMS_F555E583,21.29962,81.60864,1.78,312.38,60.0,2026-08-09T20:17:00Z,N21
FIRMS_45AC3DAC,21.30926,81.5912,1.45,311.2,60.0,2026-08-09T20:17:00Z,N21
FIRMS_E222FF70,21.31799,81.55822,1.26,308.73,60.0,2026-08-09T20:17:00Z,N21
FIRMS_2446BDD2,21.34482,81.66636,0.56,302.13,60.0,2026-08-09T20:17:00Z,N21
FIRMS_4AA5554C,21.36383,81.65446,1.52,306.94,60.0,2026-08-09T20:17:00Z,N21
FIRMS_18180D2E,21.37224,81.68687,1.54,304.78,60.0,2026-08-09T20:17:00Z,N21
FIRMS_C14F74D1,21.3762,81.64136,2.1,308.46,60.0,2026-08-09T20:17:00Z,N21
FIRMS_57723BA4,21.37677,81.67999,1.85,306.74,60.0,2026-08-09T20:17:00Z,N21
FIRMS_BE1035AC,21.57609,82.02261,1.34,312.33,60.0,2026-08-09T20:17:00Z,N21
FIRMS_C9F4F9BF,21.67697,84.03742,3.26,311.98,60.0,2026-08-09T20:17:00Z,N21
FIRMS_307439EC,21.67975,84.04256,2.31,307.71,60.0,2026-08-09T20:17:00Z,N21
FIRMS_1DC5E863,21.68054,84.03815,2.33,303.08,60.0,2026-08-09T20:17:00Z,N21
FIRMS_DC4BAF2A,21.72969,82.21273,1.54,307.73,60.0,2026-08-09T20:17:00Z,N21
FIRMS_0F76A306,21.73757,83.84128,2.76,313.54,60.0,2026-08-09T20:17:00Z,N21
FIRMS_77A60F01,21.74111,83.842,2.76,316.6,60.0,2026-08-09T20:17:00Z,N21
FIRMS_35E5693E,21.74464,83.84274,13.15,343.32,60.0,2026-08-09T20:17:00Z,N21
FIRMS_0B05CD5A,21.74818,83.84348,13.15,345.65,60.0,2026-08-09T20:17:00Z,N21
FIRMS_69B9AD02,21.75525,83.84494,8.65,332.52,60.0,2026-08-09T20:17:00Z,N21
FIRMS_5D8F5C75,21.75955,83.84133,2.51,312.37,60.0,2026-08-09T20:17:00Z,N21
FIRMS_EBE3F5A4,21.76157,83.85073,2.71,306.28,60.0,2026-08-09T20:17:00Z,N21
FIRMS_3CCCE4D6,21.76233,83.84638,2.51,315.45,60.0,2026-08-09T20:17:00Z,N21
FIRMS_C4D25FA0,21.7732,83.82612,3.92,317.49,60.0,2026-08-09T20:17:00Z,N21
FIRMS_1C3DF693,21.92177,83.35161,3.25,310.23,60.0,2026-08-09T20:17:00Z,N21
FIRMS_63257FB0,21.96498,83.7717,2.75,310.43,60.0,2026-08-09T20:17:00Z,N21
FIRMS_43730AE9,22.00557,82.67142,3.81,313.48,60.0,2026-08-09T20:17:00Z,N21
FIRMS_03201902,22.01886,83.33949,1.92,306.07,60.0,2026-08-09T20:17:00Z,N21
FIRMS_4E46A06B,22.0284,83.367,2.14,307.3,60.0,2026-08-09T20:17:00Z,N21
FIRMS_FB0F5983,22.03401,83.35527,1.87,304.89,60.0,2026-08-09T20:17:00Z,N21
FIRMS_52FD5D5C,22.03818,83.35181,1.87,321.44,60.0,2026-08-09T20:17:00Z,N21
FIRMS_12FD402F,22.05223,88.12727,3.72,306.55,60.0,2026-08-09T20:17:00Z,N21
FIRMS_D2E10F32,22.05323,88.12234,2.26,306.05,60.0,2026-08-09T20:17:00Z,N21
FIRMS_71A81D0F,22.06409,83.70657,1.82,306.56,60.0,2026-08-09T20:17:00Z,N21
FIRMS_0516186F,22.31155,82.53056,1.08,301.63,60.0,2026-08-09T20:17:00Z,N21
FIRMS_004AD74C,22.31491,82.5312,1.08,302.47,60.0,2026-08-09T20:17:00Z,N21
FIRMS_E6C92E57,22.78533,86.20405,3.25,312.95,60.0,2026-08-09T20:17:00Z,N21
FIRMS_1E9CC3AE,22.79713,86.20682,3.4,312.29,60.0,2026-08-09T20:17:00Z,N21
FIRMS_CE055015,22.79818,86.0917,3.39,305.22,60.0,2026-08-09T20:17:00Z,N21
FIRMS_308B7900,22.87217,86.06399,1.29,300.36,60.0,2026-08-09T20:17:00Z,N21
FIRMS_3A9D290A,23.48136,87.35875,2.98,307.74,60.0,2026-08-09T20:17:00Z,N21
FIRMS_C76D2B1D,23.55644,87.24155,3.39,305.61,60.0,2026-08-09T20:17:00Z,N21
FIRMS_B2344125,23.56122,87.08495,5.27,314.86,60.0,2026-08-09T20:17:00Z,N21
FIRMS_C1FB96DE,23.64635,85.4404,2.44,310.42,60.0,2026-08-09T20:17:00Z,N21
FIRMS_5EEE5F28,23.64726,85.43547,2.21,302.7,60.0,2026-08-09T20:17:00Z,N21
FIRMS_C63D05BB,23.66195,87.15304,1.55,304.01,60.0,2026-08-09T20:17:00Z,N21
FIRMS_0D2F5D18,23.66664,86.09058,2.73,308.5,60.0,2026-08-09T20:17:00Z,N21
FIRMS_85459FED,23.67533,86.08704,4.86,314.1,60.0,2026-08-09T20:17:00Z,N21
FIRMS_08F33258,23.67718,86.39928,2.76,304.93,60.0,2026-08-09T20:17:00Z,N21
FIRMS_8EEFD6D9,23.67824,86.39377,2.76,309.53,60.0,2026-08-09T20:17:00Z,N21
FIRMS_04AE9A95,23.68204,86.09412,3.09,311.53,60.0,2026-08-09T20:17:00Z,N21
FIRMS_4B665CC3,23.68934,87.10021,1.73,301.61,60.0,2026-08-09T20:17:00Z,N21
FIRMS_BEE77082,23.69654,86.08087,1.7,304.9,60.0,2026-08-09T20:17:00Z,N21
FIRMS_618F41D3,23.6972,85.28938,1.26,300.52,60.0,2026-08-09T20:17:00Z,N21
FIRMS_81AFF41C,23.69753,86.07556,1.7,306.76,60.0,2026-08-09T20:17:00Z,N21
FIRMS_036A8A7A,23.70331,86.0727,2.1,304.19,60.0,2026-08-09T20:17:00Z,N21
FIRMS_C3484168,23.7062,86.07202,9.38,333.48,60.0,2026-08-09T20:17:00Z,N21
FIRMS_2FD8836B,23.70716,86.07356,7.04,334.81,60.0,2026-08-09T20:17:00Z,N21
FIRMS_8A7BFCEA,23.70856,86.44951,2.87,309.36,60.0,2026-08-09T20:17:00Z,N21
FIRMS_8A9B79F6,23.70926,86.44582,2.87,314.78,60.0,2026-08-09T20:17:00Z,N21
FIRMS_DABF8A38,23.71249,86.45039,2.87,332.01,60.0,2026-08-09T20:17:00Z,N21
FIRMS_DB896FC7,23.7363,86.43269,3.81,309.44,60.0,2026-08-09T20:17:00Z,N21
FIRMS_666ACF9C,23.75419,85.8543,1.65,310.54,60.0,2026-08-09T20:17:00Z,N21
FIRMS_C77CD77D,23.75513,85.84918,1.65,304.16,60.0,2026-08-09T20:17:00Z,N21
FIRMS_98FCF2A5,23.75694,86.40651,2.15,304.18,60.0,2026-08-09T20:17:00Z,N21
FIRMS_52F0563E,23.75745,85.85117,1.49,305.33,60.0,2026-08-09T20:17:00Z,N21
FIRMS_F5957CCA,23.75768,86.40585,3.68,311.01,60.0,2026-08-09T20:17:00Z,N21
FIRMS_29D3CEDA,23.758,86.40105,5.08,313.31,60.0,2026-08-09T20:17:00Z,N21
FIRMS_A58CD82C,23.7587,86.40038,3.68,315.26,60.0,2026-08-09T20:17:00Z,N21
FIRMS_514D99A9,23.76192,86.40192,2.75,312.59,60.0,2026-08-09T20:17:00Z,N21
FIRMS_7106248E,23.76583,86.4028,2.75,305.76,60.0,2026-08-09T20:17:00Z,N21
FIRMS_563276CE,23.77288,86.19396,3.57,311.12,60.0,2026-08-09T20:17:00Z,N21
FIRMS_EC758B10,23.77375,86.21094,2.54,306.75,60.0,2026-08-09T20:17:00Z,N21
FIRMS_F55DC85E,23.77763,86.21175,2.58,316.59,60.0,2026-08-09T20:17:00Z,N21
FIRMS_41E659D1,23.77864,86.20638,2.72,306.67,60.0,2026-08-09T20:17:00Z,N21
FIRMS_915E2826,23.77999,86.37169,1.37,304.48,60.0,2026-08-09T20:17:00Z,N21
FIRMS_D6BFFAA0,23.78028,86.34899,2.35,308.01,60.0,2026-08-09T20:17:00Z,N21
FIRMS_F3F70599,23.78151,86.2126,2.58,307.34,60.0,2026-08-09T20:17:00Z,N21
FIRMS_50AF205C,23.78163,85.57536,4.68,306.83,60.0,2026-08-09T20:17:00Z,N21
FIRMS_B77FE756,23.78251,86.20722,2.72,311.54,60.0,2026-08-09T20:17:00Z,N21
FIRMS_A13C5185,23.78346,85.56535,2.95,313.4,60.0,2026-08-09T20:17:00Z,N21
FIRMS_520BA31C,23.78522,86.34442,2.35,304.76,60.0,2026-08-09T20:17:00Z,N21
FIRMS_BAA122F0,23.79399,86.23234,2.53,305.94,60.0,2026-08-09T20:17:00Z,N21
FIRMS_4F39D901,23.79436,86.23342,3.24,308.27,60.0,2026-08-09T20:17:00Z,N21
FIRMS_F5F0D8CC,24.13941,82.70577,1.72,307.83,60.0,2026-08-09T20:17:00Z,N21
FIRMS_F3904C53,24.16215,82.63046,0.82,302.45,60.0,2026-08-09T20:17:00Z,N21
FIRMS_E10BA1CE,24.20326,82.71017,2.16,303.67,60.0,2026-08-09T20:17:00Z,N21
FIRMS_E1B89A58,24.20391,82.70625,1.3,303.2,60.0,2026-08-09T20:17:00Z,N21
FIRMS_3FFB4699,24.2066,82.7108,1.52,306.64,60.0,2026-08-09T20:17:00Z,N21
FIRMS_ACB83157,24.44991,83.03921,1.62,309.22,60.0,2026-08-09T20:17:00Z,N21
FIRMS_04E27177,25.38501,68.57983,1.6,309.61,60.0,2026-08-09T20:17:00Z,N21
FIRMS_72270D45,25.38947,68.57961,1.81,309.43,60.0,2026-08-09T20:17:00Z,N21
FIRMS_D3359E83,26.64338,79.4809,1.26,295.12,60.0,2026-08-09T20:17:00Z,N21
FIRMS_5FADD2E0,7.65884,80.81125,2.79,314.37,60.0,2026-08-09T20:19:00Z,N21
FIRMS_A0B2EDB7,8.95019,80.3948,1.11,307.45,60.0,2026-08-09T20:19:00Z,N21
FIRMS_D96A6D9E,9.58805,77.92776,0.85,306.26,60.0,2026-08-09T20:19:00Z,N21
FIRMS_76432DA8,9.70968,77.60219,3.92,330.98,60.0,2026-08-09T20:19:00Z,N21
FIRMS_636929CB,9.71022,77.59872,21.87,311.92,60.0,2026-08-09T20:19:00Z,N21
FIRMS_0505B549,9.71297,77.60271,3.92,331.82,60.0,2026-08-09T20:19:00Z,N21
FIRMS_A8BB5E63,9.7135,77.59925,21.87,346.16,60.0,2026-08-09T20:19:00Z,N21
FIRMS_7D004516,9.71626,77.60326,1.35,311.9,60.0,2026-08-09T20:19:00Z,N21
FIRMS_F0E1242C,9.71847,77.61072,9.6,339.89,60.0,2026-08-09T20:19:00Z,N21
FIRMS_B16E6AC2,9.719,77.60725,1.35,307.95,60.0,2026-08-09T20:19:00Z,N21
FIRMS_E072E3DA,9.72176,77.61125,6.99,344.7,60.0,2026-08-09T20:19:00Z,N21
FIRMS_3B29569B,9.72229,77.6078,2.69,322.01,60.0,2026-08-09T20:19:00Z,N21
FIRMS_198EEBDE,10.14223,78.34138,1.04,306.8,60.0,2026-08-09T20:19:00Z,N21
FIRMS_FD6824EC,10.41245,77.10535,1.16,301.84,60.0,2026-08-09T20:19:00Z,N21
FIRMS_BEDDB5A3,10.41522,77.10941,1.16,313.6,60.0,2026-08-09T20:19:00Z,N21
FIRMS_5E812F32,11.81046,77.92388,1.38,306.16,60.0,2026-08-09T20:19:00Z,N21
FIRMS_A711729D,11.81484,77.9174,2.46,316.97,60.0,2026-08-09T20:19:00Z,N21
FIRMS_C8EAF343,12.09458,79.06552,0.69,309.49,60.0,2026-08-09T20:19:00Z,N21
FIRMS_55AEA8A8,12.63012,76.94179,0.49,302.53,60.0,2026-08-09T20:19:00Z,N21
FIRMS_BEA90493,12.96904,77.32954,1.07,302.78,60.0,2026-08-09T20:19:00Z,N21
FIRMS_D3621DF4,13.32148,78.35851,0.4,301.07,60.0,2026-08-09T20:19:00Z,N21
FIRMS_5AA51E82,13.39307,80.1016,2.64,313.52,60.0,2026-08-09T20:19:00Z,N21
FIRMS_724CAB75,19.96264,79.33604,2.57,323.2,60.0,2026-08-09T20:19:00Z,N21
FIRMS_EAE00177,19.99649,79.17857,1.13,304.91,60.0,2026-08-09T20:19:00Z,N21
FIRMS_F2399919,21.10479,72.64441,3.77,304.5,60.0,2026-08-09T20:19:00Z,N21
FIRMS_BEA01ED2,32.29425,70.72952,3.11,305.4,60.0,2026-08-09T21:53:00Z,N21
FIRMS_A65D9C67,32.88596,71.61456,2.69,304.81,60.0,2026-08-09T21:53:00Z,N21
FIRMS_2DA305BD,33.29478,71.18444,2.4,305.13,60.0,2026-08-09T21:53:00Z,N21
FIRMS_A2F8F65A,25.3861,68.58112,1.52,307.68,60.0,2026-08-09T21:55:00Z,N21
FIRMS_285BEE3A,6.11127,81.09247,4.85,342.22,60.0,2026-08-10T07:24:00Z,N21
FIRMS_EE7C6EB3,6.23896,80.99548,6.7,329.92,60.0,2026-08-10T07:24:00Z,N21
FIRMS_213DDC74,6.23945,80.99841,5.86,332.8,60.0,2026-08-10T07:24:00Z,N21
FIRMS_1CF95977,6.23976,80.99772,5.07,341.07,60.0,2026-08-10T07:24:00Z,N21
FIRMS_1E142834,7.02331,81.81212,11.57,337.0,60.0,2026-08-10T07:26:00Z,N21
FIRMS_BCB78060,7.02481,81.81077,11.87,342.1,60.0,2026-08-10T07:26:00Z,N21
FIRMS_68FCD20D,7.08059,81.78241,22.74,342.31,60.0,2026-08-10T07:26:00Z,N21
FIRMS_6999C684,7.08609,81.78652,10.84,341.21,60.0,2026-08-10T07:26:00Z,N21
FIRMS_ADBD125F,7.22523,81.74164,3.45,332.26,60.0,2026-08-10T07:26:00Z,N21
FIRMS_FAF99AA4,7.281,81.22797,5.55,332.93,60.0,2026-08-10T07:26:00Z,N21
FIRMS_6DE7BA66,7.30474,81.39234,9.8,336.08,60.0,2026-08-10T07:26:00Z,N21
FIRMS_0A16F63C,8.01788,81.21262,5.73,331.23,60.0,2026-08-10T07:26:00Z,N21
FIRMS_844A33AA,8.01891,81.21625,3.93,335.38,60.0,2026-08-10T07:26:00Z,N21
FIRMS_7DA5D0C2,8.2303,80.7578,15.64,341.36,60.0,2026-08-10T07:26:00Z,N21
FIRMS_0205BA73,8.2352,80.75695,15.64,341.82,60.0,2026-08-10T07:26:00Z,N21
FIRMS_D50DC52A,8.42956,80.24674,42.37,350.64,60.0,2026-08-10T07:26:00Z,N21
FIRMS_189F18F1,8.4301,80.24976,32.9,367.0,90.0,2026-08-10T07:26:00Z,N21
FIRMS_3DF3C646,8.43462,80.24586,11.04,339.25,60.0,2026-08-10T07:26:00Z,N21
FIRMS_D571768F,8.43516,80.24887,13.8,367.0,90.0,2026-08-10T07:26:00Z,N21
FIRMS_C9E59041,8.48858,80.23261,2.15,331.82,60.0,2026-08-10T07:26:00Z,N21
FIRMS_8817F2E0,8.56255,80.442,7.26,355.31,60.0,2026-08-10T07:26:00Z,N21
FIRMS_E705FA96,8.56652,80.64703,12.76,334.67,60.0,2026-08-10T07:26:00Z,N21
FIRMS_ECB7C557,8.56939,80.65095,8.0,337.14,60.0,2026-08-10T07:26:00Z,N21
FIRMS_12F38852,8.5801,80.454,2.5,334.45,60.0,2026-08-10T07:26:00Z,N21
FIRMS_311C98D9,8.58647,80.54755,4.48,342.8,60.0,2026-08-10T07:26:00Z,N21
FIRMS_DCC5F400,8.58698,80.55038,4.48,341.73,60.0,2026-08-10T07:26:00Z,N21
FIRMS_40EA01DD,8.60042,80.42358,2.95,332.59,60.0,2026-08-10T07:26:00Z,N21
FIRMS_23F5D92F,8.85007,80.89395,6.16,330.74,60.0,2026-08-10T07:26:00Z,N21
FIRMS_A6FB290D,8.8663,80.58786,13.58,339.11,60.0,2026-08-10T07:26:00Z,N21
FIRMS_1224469D,8.86814,80.58634,9.54,340.85,60.0,2026-08-10T07:26:00Z,N21
FIRMS_DB772FD8,8.87091,80.37593,4.72,337.23,60.0,2026-08-10T07:26:00Z,N21
FIRMS_3BE1050A,8.87309,80.47333,3.32,339.42,60.0,2026-08-10T07:26:00Z,N21
FIRMS_C1B87534,8.98593,80.85253,10.41,335.73,60.0,2026-08-10T07:26:00Z,N21
FIRMS_D2811130,9.20456,78.36428,3.77,330.95,60.0,2026-08-10T07:26:00Z,N21
FIRMS_9EC8DFFA,9.31451,78.04694,3.82,330.23,60.0,2026-08-10T07:26:00Z,N21
FIRMS_D1E572C1,9.33854,78.72203,2.84,333.44,60.0,2026-08-10T07:26:00Z,N21
FIRMS_67B38D42,9.51796,78.82596,1.86,331.44,60.0,2026-08-10T07:26:00Z,N21
FIRMS_9500D6F0,9.61157,80.29779,2.91,339.14,60.0,2026-08-10T07:26:00Z,N21
FIRMS_E171A4AF,9.72778,77.59988,4.03,338.48,60.0,2026-08-10T07:26:00Z,N21
FIRMS_B57EA67F,9.76248,78.33206,3.31,331.55,60.0,2026-08-10T07:26:00Z,N21
FIRMS_BFC53E7E,9.86161,77.38474,5.81,330.94,60.0,2026-08-10T07:26:00Z,N21
FIRMS_E92A5DB6,9.87769,77.43696,5.76,337.35,60.0,2026-08-10T07:26:00Z,N21
FIRMS_0FB1CA24,9.98394,79.04431,5.35,336.01,60.0,2026-08-10T07:26:00Z,N21
FIRMS_F72E2F62,10.39844,79.4175,4.2,344.61,60.0,2026-08-10T07:26:00Z,N21
FIRMS_7AEC6CBF,10.39993,79.41699,4.29,344.62,60.0,2026-08-10T07:26:00Z,N21
FIRMS_36723125,11.99036,78.95662,4.44,334.23,60.0,2026-08-10T07:26:00Z,N21
FIRMS_DD04C151,12.06076,79.03645,2.54,338.62,60.0,2026-08-10T07:26:00Z,N21
FIRMS_11B50C3F,12.06379,79.03509,5.7,336.54,60.0,2026-08-10T07:26:00Z,N21
FIRMS_B3901A87,13.50082,79.60096,22.49,339.29,60.0,2026-08-10T07:26:00Z,N21
FIRMS_376089B6,13.98913,79.8261,14.68,340.59,60.0,2026-08-10T07:29:00Z,N21
FIRMS_A3FF150E,13.99597,79.86233,6.42,339.64,60.0,2026-08-10T07:29:00Z,N21
FIRMS_DDB3F174,14.04347,79.23308,10.14,334.18,60.0,2026-08-10T07:29:00Z,N21
FIRMS_FF5D1540,14.04673,79.23515,8.01,335.94,60.0,2026-08-10T07:29:00Z,N21
FIRMS_54D7532B,14.12223,79.97894,9.56,342.05,60.0,2026-08-10T07:29:00Z,N21
FIRMS_EEB174D5,14.15374,79.6483,9.77,340.24,60.0,2026-08-10T07:29:00Z,N21
FIRMS_02423D55,14.21367,79.15493,8.95,339.22,60.0,2026-08-10T07:29:00Z,N21
FIRMS_DC6EB76C,14.42585,77.91759,4.76,342.18,60.0,2026-08-10T07:29:00Z,N21
FIRMS_1883714E,14.60677,79.58267,15.23,345.75,60.0,2026-08-10T07:29:00Z,N21
FIRMS_FA52F3D5,14.7102,79.80735,5.18,332.98,60.0,2026-08-10T07:29:00Z,N21
FIRMS_3921E47E,14.71236,79.8091,5.99,335.61,60.0,2026-08-10T07:29:00Z,N21
FIRMS_0809C5E8,14.78906,79.7129,7.21,335.84,60.0,2026-08-10T07:29:00Z,N21
FIRMS_B44C24FF,14.91595,79.59067,3.53,330.0,60.0,2026-08-10T07:29:00Z,N21
FIRMS_E4202552,15.10113,79.99052,4.22,336.63,60.0,2026-08-10T07:29:00Z,N21
FIRMS_A8AFCC70,15.24499,80.04926,2.85,331.15,60.0,2026-08-10T07:29:00Z,N21
FIRMS_6B970F0E,15.29655,79.9203,4.51,332.49,60.0,2026-08-10T07:29:00Z,N21
FIRMS_1CFDF423,15.31361,79.78432,4.76,337.27,60.0,2026-08-10T07:29:00Z,N21
FIRMS_EC257FB6,15.41752,78.95675,7.34,343.75,60.0,2026-08-10T07:29:00Z,N21
FIRMS_5BDFD350,15.52739,80.19402,7.02,335.57,60.0,2026-08-10T07:29:00Z,N21
FIRMS_635BC020,15.65816,80.04972,3.89,336.47,60.0,2026-08-10T07:29:00Z,N21
FIRMS_35818688,15.75647,79.76901,12.35,354.72,60.0,2026-08-10T07:29:00Z,N21
FIRMS_F5C260A9,15.78391,79.83963,6.58,342.6,60.0,2026-08-10T07:29:00Z,N21
FIRMS_22E4E5B3,15.86675,79.77457,5.8,342.33,60.0,2026-08-10T07:29:00Z,N21
FIRMS_326393D5,15.99041,76.83838,10.14,341.63,60.0,2026-08-10T07:29:00Z,N21
FIRMS_BEB31D9C,15.99106,76.83946,4.87,351.18,60.0,2026-08-10T07:29:00Z,N21
FIRMS_A103E47F,16.62688,80.19164,15.58,353.11,60.0,2026-08-10T07:29:00Z,N21
FIRMS_CC5F9E59,17.73785,78.74373,9.04,332.53,60.0,2026-08-10T07:29:00Z,N21
FIRMS_EA5CAD95,20.865,84.98891,7.15,340.15,60.0,2026-08-10T07:29:00Z,N21
FIRMS_D4D7AABB,22.24657,87.38881,3.99,333.61,60.0,2026-08-10T07:29:00Z,N21
FIRMS_12AFF50B,22.35876,87.29115,5.9,334.21,60.0,2026-08-10T07:29:00Z,N21
FIRMS_D6F1C76C,22.3638,87.30231,7.16,337.75,60.0,2026-08-10T07:29:00Z,N21
FIRMS_79FE3EFF,22.36717,87.30176,5.21,344.08,60.0,2026-08-10T07:29:00Z,N21
FIRMS_89460FD0,22.37055,87.3012,5.21,334.26,60.0,2026-08-10T07:29:00Z,N21
FIRMS_7D400E0F,22.3779,87.28001,9.22,343.35,60.0,2026-08-10T07:29:00Z,N21
FIRMS_3E594A85,26.15964,93.67596,1.76,331.4,60.0,2026-08-10T07:29:00Z,N21
FIRMS_DBBB0F8D,26.96325,90.00591,3.6,335.47,60.0,2026-08-10T07:29:00Z,N21
FIRMS_2D1E89BA,23.56004,87.2403,4.1,333.02,60.0,2026-08-10T07:31:00Z,N21
FIRMS_42AFE6D5,23.64777,85.43678,4.68,334.76,60.0,2026-08-10T07:31:00Z,N21
FIRMS_41CADF2B,23.64833,85.44051,7.15,343.27,60.0,2026-08-10T07:31:00Z,N21
FIRMS_4F05DE5E,23.68788,87.12254,5.25,331.36,60.0,2026-08-10T07:31:00Z,N21
FIRMS_93EAE4F1,23.69127,87.12198,8.44,331.33,60.0,2026-08-10T07:31:00Z,N21
FIRMS_F0E62583,23.7799,86.21191,6.15,337.8,60.0,2026-08-10T07:31:00Z,N21
FIRMS_008803F6,29.89477,72.36091,4.48,343.18,60.0,2026-08-10T07:31:00Z,N21
FIRMS_B9FB6C14,29.89561,72.35812,3.25,336.84,60.0,2026-08-10T07:31:00Z,N21
FIRMS_52DB3F5B,29.93214,72.15477,2.82,330.08,60.0,2026-08-10T07:31:00Z,N21
FIRMS_E8D2B59F,29.96065,72.12669,5.0,336.64,60.0,2026-08-10T07:31:00Z,N21
FIRMS_B9496D4B,30.61946,72.07523,7.21,345.05,60.0,2026-08-10T07:31:00Z,N21
FIRMS_759A3EBE,30.64457,71.73383,6.13,352.44,60.0,2026-08-10T07:31:00Z,N21
FIRMS_34644E89,30.65,71.7321,6.13,336.56,60.0,2026-08-10T07:31:00Z,N21
FIRMS_97D50E33,30.7248,71.98412,4.49,339.95,60.0,2026-08-10T07:31:00Z,N21
FIRMS_19140839,30.78628,72.16286,5.07,332.85,60.0,2026-08-10T07:31:00Z,N21
FIRMS_549906FC,30.83467,72.00238,2.76,331.49,60.0,2026-08-10T07:31:00Z,N21
FIRMS_34F117C6,24.96526,68.29218,16.84,343.29,60.0,2026-08-10T09:09:00Z,N21
FIRMS_24DF4043,29.73676,72.50652,27.25,367.0,90.0,2026-08-10T09:11:00Z,N21
FIRMS_0F810F56,29.73958,72.50323,18.03,337.23,60.0,2026-08-10T09:11:00Z,N21
FIRMS_4A910B4D,29.73991,72.5099,18.03,367.0,90.0,2026-08-10T09:11:00Z,N21
FIRMS_3F3B1E23,30.6275,71.71928,5.09,333.84,60.0,2026-08-10T09:11:00Z,N21
FIRMS_B9080A3D,30.62875,71.72086,6.41,334.26,60.0,2026-08-10T09:11:00Z,N21
FIRMS_061714EB,33.24713,71.29297,6.43,349.21,60.0,2026-08-10T09:13:00Z,N21
FIRMS_8F7BC539,33.24862,71.29144,2.95,333.23,60.0,2026-08-10T09:13:00Z,N21
FIRMS_ACB9D57F,30.94812,97.36386,0.72,297.96,60.0,2026-08-10T19:53:00Z,N21
FIRMS_D758092E,25.69129,89.62508,3.1,310.52,60.0,2026-08-10T19:55:00Z,N21
FIRMS_BD3E0D01,26.77069,94.50476,2.48,307.0,60.0,2026-08-10T19:55:00Z,N21
FIRMS_5E12F170,27.37786,95.08848,4.96,306.89,60.0,2026-08-10T19:55:00Z,N21
FIRMS_D8B5233D,29.22542,88.35189,1.66,305.34,60.0,2026-08-10T19:55:00Z,N21
FIRMS_843F048D,17.9557,80.79392,1.63,304.46,60.0,2026-08-10T19:57:00Z,N21
FIRMS_C7263D70,18.68258,73.03286,3.46,308.24,60.0,2026-08-10T19:57:00Z,N21
FIRMS_84B48DBE,22.20884,84.86089,0.88,301.49,60.0,2026-08-10T19:57:00Z,N21
FIRMS_282AFC9E,22.21157,84.86518,1.61,304.41,60.0,2026-08-10T19:57:00Z,N21
FIRMS_45E9F10B,22.21166,84.84229,1.0,305.07,60.0,2026-08-10T19:57:00Z,N21
FIRMS_DD2D52D8,22.36104,87.01694,0.83,305.68,60.0,2026-08-10T19:57:00Z,N21
FIRMS_03532A85,22.36437,87.01758,0.83,303.06,60.0,2026-08-10T19:57:00Z,N21
FIRMS_EAA602B3,22.7915,86.19377,1.67,306.76,60.0,2026-08-10T19:57:00Z,N21
FIRMS_4759EC31,22.808,86.08971,1.88,306.19,60.0,2026-08-10T19:57:00Z,N21
FIRMS_718AA9D0,22.81188,86.0866,2.12,306.38,60.0,2026-08-10T19:57:00Z,N21
FIRMS_C7AC415B,22.87397,86.06298,2.25,316.62,60.0,2026-08-10T19:57:00Z,N21
FIRMS_CFF7D49A,23.55993,87.24093,1.76,308.91,60.0,2026-08-10T19:57:00Z,N21
FIRMS_5721328B,23.56183,87.22941,4.05,328.04,60.0,2026-08-10T19:57:00Z,N21
FIRMS_548D434B,23.60892,85.67542,1.35,308.2,60.0,2026-08-10T19:57:00Z,N21
FIRMS_093D612C,23.61301,86.79169,1.77,310.86,60.0,2026-08-10T19:57:00Z,N21
FIRMS_18160715,23.61509,85.65737,1.26,306.21,60.0,2026-08-10T19:57:00Z,N21
FIRMS_CB0E3F2E,23.64509,85.44019,3.01,324.91,60.0,2026-08-10T19:57:00Z,N21
FIRMS_1095A699,23.64838,85.44078,2.52,323.99,60.0,2026-08-10T19:57:00Z,N21
FIRMS_040E2CB6,23.64895,85.43704,2.52,325.78,60.0,2026-08-10T19:57:00Z,N21
FIRMS_69C250B1,23.65509,85.50732,1.55,309.62,60.0,2026-08-10T19:57:00Z,N21
FIRMS_60C0AE06,23.66234,87.1571,1.7,306.06,60.0,2026-08-10T19:57:00Z,N21
FIRMS_05BC773E,23.66297,87.15327,1.7,317.13,60.0,2026-08-10T19:57:00Z,N21
FIRMS_7DA6F3FF,23.67598,85.32647,1.51,305.81,60.0,2026-08-10T19:57:00Z,N21
FIRMS_082A9CA7,23.68402,85.36255,2.1,313.13,60.0,2026-08-10T19:57:00Z,N21
FIRMS_75F6B997,23.68856,87.12273,2.97,315.81,60.0,2026-08-10T19:57:00Z,N21
FIRMS_5998EBD9,23.689,87.09917,2.93,309.6,60.0,2026-08-10T19:57:00Z,N21
FIRMS_6912FF4A,23.69488,85.29129,2.07,312.52,60.0,2026-08-10T19:57:00Z,N21
FIRMS_1210B0C5,23.69545,85.28754,1.72,306.04,60.0,2026-08-10T19:57:00Z,N21
FIRMS_12DBE6DB,23.69605,85.37241,1.38,308.21,60.0,2026-08-10T19:57:00Z,N21
FIRMS_73624F21,23.69662,85.36866,1.38,314.3,60.0,2026-08-10T19:57:00Z,N21
FIRMS_EE6EDA95,23.74367,85.50733,1.38,308.54,60.0,2026-08-10T19:57:00Z,N21
FIRMS_2DFEC5C9,23.75513,85.85488,1.86,315.51,60.0,2026-08-10T19:57:00Z,N21
FIRMS_45F4CFB1,23.75571,85.85116,2.85,314.74,60.0,2026-08-10T19:57:00Z,N21
FIRMS_B30B2D86,23.75841,85.85548,1.86,309.14,60.0,2026-08-10T19:57:00Z,N21
FIRMS_04C304E2,23.78053,85.57547,2.02,312.69,60.0,2026-08-10T19:57:00Z,N21
FIRMS_162E0479,23.78168,85.56799,2.96,320.3,60.0,2026-08-10T19:57:00Z,N21
FIRMS_ACD5FB05,23.78728,85.55363,1.93,319.06,60.0,2026-08-10T19:57:00Z,N21
FIRMS_00A6D95E,23.82354,85.49873,2.07,307.29,60.0,2026-08-10T19:57:00Z,N21
FIRMS_A6053017,23.82411,85.49497,1.33,308.01,60.0,2026-08-10T19:57:00Z,N21
FIRMS_302DC29D,23.83799,85.47054,1.5,307.63,60.0,2026-08-10T19:57:00Z,N21
FIRMS_C35F559F,16.87159,80.02176,3.66,309.16,60.0,2026-08-10T20:00:00Z,N21
FIRMS_5890CCE1,6.79752,81.54094,2.15,306.18,60.0,2026-08-10T20:02:00Z,N21
FIRMS_72442ACC,6.86964,81.55564,2.76,325.89,60.0,2026-08-10T20:02:00Z,N21
FIRMS_B5D03E3E,7.17149,81.12309,1.16,303.11,60.0,2026-08-10T20:02:00Z,N21
FIRMS_103CC999,7.38772,81.22063,0.73,299.92,60.0,2026-08-10T20:02:00Z,N21
FIRMS_58AE0C6A,8.0874,80.86859,0.87,305.04,60.0,2026-08-10T20:02:00Z,N21
FIRMS_2D7613DC,8.61557,77.95248,3.9,309.08,60.0,2026-08-10T20:02:00Z,N21
FIRMS_08A5A63D,8.61773,77.95042,3.56,305.97,60.0,2026-08-10T20:02:00Z,N21
FIRMS_8BE13CCD,9.52524,77.44672,1.84,312.63,60.0,2026-08-10T20:02:00Z,N21
FIRMS_A916FDF3,9.52916,77.44801,1.84,320.3,60.0,2026-08-10T20:02:00Z,N21
FIRMS_F6A431CA,9.70103,77.58763,2.05,310.36,60.0,2026-08-10T20:02:00Z,N21
FIRMS_62D970C4,9.70394,77.59586,1.85,311.45,60.0,2026-08-10T20:02:00Z,N21
FIRMS_53F2790E,9.70502,77.5883,2.57,316.19,60.0,2026-08-10T20:02:00Z,N21
FIRMS_BBFE88B9,9.70789,77.59677,1.85,310.51,60.0,2026-08-10T20:02:00Z,N21
FIRMS_A33AB3EB,9.71671,77.59211,1.31,305.85,60.0,2026-08-10T20:02:00Z,N21
FIRMS_C3467A53,9.72094,77.61962,1.59,304.78,60.0,2026-08-10T20:02:00Z,N21
FIRMS_FB8F47CF,9.79602,77.71014,1.49,303.22,60.0,2026-08-10T20:02:00Z,N21
FIRMS_AB10BFCE,9.89888,77.68959,4.47,322.37,60.0,2026-08-10T20:02:00Z,N21
FIRMS_8A601078,9.90871,77.29308,0.76,305.26,60.0,2026-08-10T20:02:00Z,N21
FIRMS_30F5B670,32.29329,70.72961,4.56,310.15,60.0,2026-08-10T21:36:00Z,N21
FIRMS_E2C46CC8,34.43989,71.02214,2.46,308.6,60.0,2026-08-10T21:36:00Z,N21
FIRMS_40C0E72D,8.09229,81.10782,8.29,336.55,60.0,2026-08-11T07:05:00Z,N21
FIRMS_629DD648,13.36684,80.15215,12.38,347.03,60.0,2026-08-11T07:07:00Z,N21
FIRMS_B0A84922,15.07768,79.50777,16.26,353.84,60.0,2026-08-11T07:07:00Z,N21
FIRMS_0CD757DD,15.69567,79.26577,5.39,337.62,60.0,2026-08-11T07:07:00Z,N21
FIRMS_DF518E3E,16.58605,80.65424,7.56,331.11,60.0,2026-08-11T07:07:00Z,N21
FIRMS_9006E819,16.58618,80.65712,12.48,367.0,90.0,2026-08-11T07:07:00Z,N21
FIRMS_3B65F788,16.58698,80.65855,7.56,344.55,60.0,2026-08-11T07:07:00Z,N21
FIRMS_DB3E83F4,17.1208,79.64844,5.11,331.62,60.0,2026-08-11T07:09:00Z,N21
FIRMS_05D0029E,22.366,91.37305,4.72,341.37,60.0,2026-08-11T07:09:00Z,N21
FIRMS_146720F4,22.36655,91.37682,4.72,341.5,60.0,2026-08-11T07:09:00Z,N21
FIRMS_9D247833,22.36709,91.3806,5.33,348.43,60.0,2026-08-11T07:09:00Z,N21
FIRMS_DE05FE74,22.36764,91.38438,5.33,345.29,60.0,2026-08-11T07:09:00Z,N21
FIRMS_A6D446D6,22.36932,91.37249,4.72,344.09,60.0,2026-08-11T07:09:00Z,N21
FIRMS_B6B397F7,22.36987,91.37627,4.72,348.22,60.0,2026-08-11T07:09:00Z,N21
FIRMS_BD2DF6B6,22.37041,91.38004,5.33,337.56,60.0,2026-08-11T07:09:00Z,N21
FIRMS_EDABCD53,23.64727,85.43806,10.29,342.63,60.0,2026-08-11T07:09:00Z,N21
FIRMS_D16DCB3A,23.67569,86.39914,13.01,332.68,30.0,2026-08-11T07:09:00Z,N21
FIRMS_656A2289,23.68565,86.39246,7.42,331.76,30.0,2026-08-11T07:09:00Z,N21
FIRMS_E3D47A09,23.82465,84.57246,10.61,342.89,60.0,2026-08-11T07:09:00Z,N21
FIRMS_AB4CB9E1,26.36078,96.67064,5.91,341.64,60.0,2026-08-11T07:09:00Z,N21
FIRMS_D3246A4C,26.3854,93.8444,2.8,331.92,60.0,2026-08-11T07:09:00Z,N21
FIRMS_A76A14C6,26.78612,90.26047,4.77,338.37,60.0,2026-08-11T07:12:00Z,N21
FIRMS_084391F5,26.90926,93.12027,5.56,335.9,60.0,2026-08-11T07:12:00Z,N21
FIRMS_278AC11F,26.91881,82.54733,4.34,331.74,60.0,2026-08-11T07:12:00Z,N21
FIRMS_1D4630C7,27.46919,95.4225,5.07,335.99,60.0,2026-08-11T07:12:00Z,N21
FIRMS_44811536,27.77261,95.53301,2.7,331.67,30.0,2026-08-11T07:12:00Z,N21
FIRMS_F1D019AB,27.95418,95.59555,13.11,330.24,30.0,2026-08-11T07:12:00Z,N21
FIRMS_BC30CDBE,29.91463,72.4354,12.21,341.65,60.0,2026-08-11T07:14:00Z,N21
FIRMS_06C2FA8E,29.91569,72.43861,11.72,334.78,60.0,2026-08-11T07:14:00Z,N21
FIRMS_E65D7DD8,6.3812,81.12592,57.67,354.79,60.0,2026-08-11T08:45:00Z,N21
FIRMS_47AA6C33,7.15159,81.09219,5.1,329.52,60.0,2026-08-11T08:45:00Z,N21
FIRMS_E25C7FCB,8.61991,80.88531,8.48,338.3,60.0,2026-08-11T08:45:00Z,N21
FIRMS_8405AE9E,9.08864,77.73862,4.77,337.47,60.0,2026-08-11T08:48:00Z,N21
FIRMS_DB112FB5,9.96719,78.07066,15.53,367.0,90.0,2026-08-11T08:48:00Z,N21
FIRMS_B6BC8EA5,13.20042,78.67389,9.21,331.44,60.0,2026-08-11T08:48:00Z,N21
FIRMS_7EEBEFDA,13.20075,78.67249,4.37,340.25,60.0,2026-08-11T08:48:00Z,N21
FIRMS_DDE822AA,14.27528,77.99455,4.88,331.24,60.0,2026-08-11T08:48:00Z,N21
FIRMS_69EB4F89,14.72327,79.55089,14.2,333.09,60.0,2026-08-11T08:48:00Z,N21
FIRMS_90389DCC,14.83705,77.94846,5.88,346.93,60.0,2026-08-11T08:50:00Z,N21
FIRMS_F09CE75D,15.56153,79.95013,6.93,336.42,60.0,2026-08-11T08:50:00Z,N21
FIRMS_9698D37A,15.56281,79.95138,13.62,343.95,60.0,2026-08-11T08:50:00Z,N21
FIRMS_66C3E2D5,25.55266,68.67757,3.5,333.4,60.0,2026-08-11T08:52:00Z,N21
FIRMS_48741A40,30.56758,71.62769,14.23,341.52,60.0,2026-08-11T08:54:00Z,N21
FIRMS_AB14F01F,32.15004,73.18459,2.9,336.97,60.0,2026-08-11T08:54:00Z,N21
FIRMS_A321503E,35.99192,94.82918,1.64,299.97,60.0,2026-08-11T19:34:00Z,N21
FIRMS_B6D84079,29.22471,88.35207,0.62,299.37,60.0,2026-08-11T19:36:00Z,N21
FIRMS_926A7FAF,29.37395,91.15231,0.73,300.55,60.0,2026-08-11T19:36:00Z,N21
FIRMS_7AA067D5,29.6592,90.90087,0.75,306.75,60.0,2026-08-11T19:36:00Z,N21
FIRMS_8EA72376,29.66194,90.90544,0.75,298.5,60.0,2026-08-11T19:36:00Z,N21
FIRMS_E4DD7E53,21.92625,85.22292,0.95,298.38,60.0,2026-08-11T19:38:00Z,N21
FIRMS_7BCE7929,22.36122,87.01827,2.12,309.3,60.0,2026-08-11T19:38:00Z,N21
FIRMS_836C5CF4,22.36931,87.29943,2.15,310.35,60.0,2026-08-11T19:38:00Z,N21
FIRMS_C445470F,22.37579,87.2784,2.68,316.74,60.0,2026-08-11T19:38:00Z,N21
FIRMS_5520BC64,22.37933,87.27896,2.93,316.6,60.0,2026-08-11T19:38:00Z,N21
FIRMS_27D4FDF2,22.57257,85.89838,1.17,302.9,60.0,2026-08-11T19:38:00Z,N21
FIRMS_F2138EB6,22.78912,86.19343,0.77,302.03,60.0,2026-08-11T19:38:00Z,N21
FIRMS_041E131F,22.79095,86.20874,2.59,300.27,60.0,2026-08-11T19:38:00Z,N21
FIRMS_0C22DCBB,22.79471,86.20924,2.59,324.38,60.0,2026-08-11T19:38:00Z,N21
FIRMS_5C58E501,22.79535,86.20437,3.03,329.04,60.0,2026-08-11T19:38:00Z,N21
FIRMS_B1EEF6DE,22.79599,86.19947,3.03,301.74,60.0,2026-08-11T19:38:00Z,N21
FIRMS_7A2172C3,22.79847,86.20977,2.07,306.86,60.0,2026-08-11T19:38:00Z,N21
FIRMS_EAFF2BFD,22.79893,86.08892,2.12,305.93,60.0,2026-08-11T19:38:00Z,N21
FIRMS_45553958,22.79911,86.20488,1.78,308.11,60.0,2026-08-11T19:38:00Z,N21
FIRMS_FE3E19CD,22.8725,88.21297,0.59,304.07,60.0,2026-08-11T19:38:00Z,N21
FIRMS_B0178DE3,23.67532,86.08772,1.91,306.49,60.0,2026-08-11T19:38:00Z,N21
FIRMS_25905ACB,23.67859,86.0848,2.11,308.54,60.0,2026-08-11T19:38:00Z,N21
FIRMS_A9C946DD,23.6798,86.08313,3.09,305.34,60.0,2026-08-11T19:38:00Z,N21
FIRMS_3722D2BC,23.68116,86.09563,4.64,317.63,60.0,2026-08-11T19:38:00Z,N21
FIRMS_24CBB0B6,23.6823,86.09393,4.78,316.92,60.0,2026-08-11T19:38:00Z,N21
FIRMS_F45E2A0E,23.68242,86.08536,2.11,317.33,60.0,2026-08-11T19:38:00Z,N21
FIRMS_32FD9264,23.68305,86.08019,2.11,311.16,60.0,2026-08-11T19:38:00Z,N21
FIRMS_5151BCE2,23.68363,86.08366,3.09,326.15,60.0,2026-08-11T19:38:00Z,N21
FIRMS_D0A2F3CE,23.75433,85.85139,1.29,309.45,60.0,2026-08-11T19:38:00Z,N21
FIRMS_3A05921E,23.75754,85.85731,2.75,305.93,60.0,2026-08-11T19:38:00Z,N21
FIRMS_AB853DA9,23.7582,85.85198,1.29,306.24,60.0,2026-08-11T19:38:00Z,N21
FIRMS_7CE26C2C,23.77495,86.3648,3.04,308.4,60.0,2026-08-11T19:38:00Z,N21
FIRMS_7125B939,23.7786,86.21165,2.09,300.72,60.0,2026-08-11T19:38:00Z,N21
FIRMS_E2E548A3,23.77945,86.2088,1.79,301.96,60.0,2026-08-11T19:38:00Z,N21
FIRMS_ACF4AC79,23.78668,85.55422,1.98,304.69,60.0,2026-08-11T19:38:00Z,N21
FIRMS_3F750A6E,23.79569,86.35265,4.58,316.86,60.0,2026-08-11T19:38:00Z,N21
FIRMS_2D77B0EA,23.80198,86.33326,2.39,316.81,60.0,2026-08-11T19:38:00Z,N21
FIRMS_CE29AD89,23.80262,86.32825,3.53,323.86,60.0,2026-08-11T19:38:00Z,N21
FIRMS_1F1189DB,23.8064,86.32881,3.53,308.8,60.0,2026-08-11T19:38:00Z,N21
FIRMS_EFA7F019,23.82011,84.57342,0.67,296.93,60.0,2026-08-11T19:38:00Z,N21
FIRMS_59DE178B,23.8243,84.574,1.08,308.76,60.0,2026-08-11T19:38:00Z,N21
FIRMS_16FAF3F7,23.82479,84.56979,1.08,307.49,60.0,2026-08-11T19:38:00Z,N21
FIRMS_63E2C7C0,23.8285,84.5746,1.08,296.31,60.0,2026-08-11T19:38:00Z,N21
FIRMS_756F4006,23.82899,84.57037,1.08,295.96,60.0,2026-08-11T19:38:00Z,N21
FIRMS_46E5DA5E,25.03251,87.3704,0.88,310.17,60.0,2026-08-11T19:38:00Z,N21
FIRMS_DA251A46,25.03308,87.3727,1.06,307.64,60.0,2026-08-11T19:38:00Z,N21
FIRMS_624751C9,25.03493,87.38713,0.81,306.7,60.0,2026-08-11T19:38:00Z,N21
FIRMS_9A85C6C5,25.54083,91.23685,0.95,302.55,60.0,2026-08-11T19:38:00Z,N21
FIRMS_9E1E8129,26.52052,90.53381,1.46,313.44,60.0,2026-08-11T19:38:00Z,N21
FIRMS_FE36BCFA,26.63957,79.47667,3.2,308.39,60.0,2026-08-11T19:38:00Z,N21
FIRMS_FEF08C25,15.17708,77.10262,2.34,305.21,60.0,2026-08-11T19:40:00Z,N21
FIRMS_2BCDD59A,15.17798,77.1003,1.84,305.63,60.0,2026-08-11T19:40:00Z,N21
FIRMS_C68563A8,15.82445,79.88194,3.55,296.25,60.0,2026-08-11T19:40:00Z,N21
FIRMS_C929A3BF,15.82483,79.87877,1.82,295.87,60.0,2026-08-11T19:40:00Z,N21
FIRMS_37CE7ACC,15.82521,79.8756,1.82,296.09,60.0,2026-08-11T19:40:00Z,N21
FIRMS_9A9FF295,16.36933,82.32104,2.94,311.37,60.0,2026-08-11T19:40:00Z,N21
FIRMS_DFED7349,16.36989,82.3166,2.94,308.57,60.0,2026-08-11T19:40:00Z,N21
FIRMS_144F7566,19.10259,82.16623,0.8,296.83,60.0,2026-08-11T19:40:00Z,N21
FIRMS_1F70CDE9,20.96105,85.17313,2.11,309.47,60.0,2026-08-11T19:40:00Z,N21
FIRMS_FB7AA6EA,20.96173,85.16788,2.11,308.17,60.0,2026-08-11T19:40:00Z,N21
FIRMS_B493FD87,20.96293,85.18935,5.15,321.55,60.0,2026-08-11T19:40:00Z,N21
FIRMS_BC7D7790,20.9636,85.18417,4.72,314.97,60.0,2026-08-11T19:40:00Z,N21
FIRMS_85D40F6B,20.96563,85.16841,3.82,307.63,60.0,2026-08-11T19:40:00Z,N21
FIRMS_79B931DD,20.96885,85.1742,3.82,321.09,60.0,2026-08-11T19:40:00Z,N21
FIRMS_0F2D8960,20.97275,85.17474,2.59,307.19,60.0,2026-08-11T19:40:00Z,N21
FIRMS_1A3299BC,20.98533,85.13896,1.25,303.64,60.0,2026-08-11T19:40:00Z,N21
FIRMS_78AD6217,21.07744,85.04552,2.88,307.24,60.0,2026-08-11T19:40:00Z,N21
FIRMS_3FCB7AED,21.07813,85.04013,2.88,310.36,60.0,2026-08-11T19:40:00Z,N21
FIRMS_1968EBA4,21.18111,81.38785,6.91,307.76,60.0,2026-08-11T19:40:00Z,N21
FIRMS_C975549D,21.1861,81.38841,4.36,306.12,60.0,2026-08-11T19:40:00Z,N21
FIRMS_D4D4DDE4,21.35038,81.66521,3.89,306.13,60.0,2026-08-11T19:40:00Z,N21
FIRMS_17E6EAFB,21.36385,81.67879,3.31,302.52,60.0,2026-08-11T19:40:00Z,N21
FIRMS_9E682188,9.5398,77.45322,1.35,304.77,60.0,2026-08-11T19:42:00Z,N21
FIRMS_69F0CEDE,11.26737,80.00304,2.57,305.88,60.0,2026-08-11T19:42:00Z,N21
FIRMS_B16766E6,12.74603,77.61998,1.11,303.38,60.0,2026-08-11T19:42:00Z,N21
FIRMS_3AFCF1D1,6.6759,81.20807,1.15,312.27,60.0,2026-08-11T19:45:00Z,N21
FIRMS_25F17DF7,32.10238,74.17429,3.73,309.67,60.0,2026-08-11T21:16:00Z,N21
FIRMS_286FC2A9,32.29176,70.73138,4.65,310.98,60.0,2026-08-11T21:16:00Z,N21
FIRMS_6BA83457,35.9666,68.68505,1.6,315.0,60.0,2026-08-11T21:16:00Z,N21
FIRMS_79CE8F37,28.34709,77.25639,0.49,304.01,60.0,2026-08-11T21:18:00Z,N21
FIRMS_0C58567C,28.42434,69.70199,3.5,318.33,60.0,2026-08-11T21:18:00Z,N21
FIRMS_E8EA0679,23.82245,84.57461,7.46,327.65,60.0,2026-08-12T06:52:00Z,N21
FIRMS_4D873B5C,27.43354,89.65102,4.39,326.21,30.0,2026-08-12T06:52:00Z,N21
FIRMS_6CC114F9,29.28775,88.84596,3.56,331.82,30.0,2026-08-12T06:54:00Z,N21
FIRMS_851F078A,29.30901,88.86373,5.91,336.74,30.0,2026-08-12T06:54:00Z,N21
FIRMS_235D38CE,29.64721,90.94923,16.88,367.0,90.0,2026-08-12T06:54:00Z,N21
FIRMS_DEA179F8,6.36015,81.35104,10.24,339.58,60.0,2026-08-12T08:28:00Z,N21
FIRMS_45DBC866,6.36295,81.35161,6.85,339.43,60.0,2026-08-12T08:28:00Z,N21
FIRMS_E533C837,6.72962,81.51178,8.38,352.69,60.0,2026-08-12T08:28:00Z,N21
FIRMS_79188B3C,6.73098,81.37327,6.6,338.22,60.0,2026-08-12T08:28:00Z,N21
FIRMS_F3674149,6.80287,81.48454,6.17,334.94,60.0,2026-08-12T08:28:00Z,N21
FIRMS_A655A45F,7.25063,81.7645,4.62,338.76,60.0,2026-08-12T08:28:00Z,N21
FIRMS_2364AA17,7.27154,81.13885,9.03,330.59,60.0,2026-08-12T08:28:00Z,N21
FIRMS_170ECEC1,7.28818,81.78909,2.31,329.8,60.0,2026-08-12T08:28:00Z,N21
FIRMS_F45BED50,7.32846,81.21017,11.98,340.5,60.0,2026-08-12T08:28:00Z,N21
FIRMS_86888A98,7.42089,81.29476,1.55,330.9,60.0,2026-08-12T08:28:00Z,N21
FIRMS_A89E27C1,8.06955,80.64951,11.18,345.67,60.0,2026-08-12T08:28:00Z,N21
FIRMS_FD8B6A51,8.50404,80.35258,33.09,330.96,60.0,2026-08-12T08:28:00Z,N21
FIRMS_D7C41419,8.50472,80.35772,60.16,342.75,60.0,2026-08-12T08:28:00Z,N21
FIRMS_B00DEED0,8.58918,77.91875,48.72,343.59,60.0,2026-08-12T08:28:00Z,N21
FIRMS_C454FCBD,8.90664,77.77869,6.02,339.52,60.0,2026-08-12T08:28:00Z,N21
FIRMS_CA717305,8.90712,77.78218,9.93,343.67,60.0,2026-08-12T08:28:00Z,N21
FIRMS_34CF074F,8.98739,77.78809,4.5,335.97,60.0,2026-08-12T08:28:00Z,N21
FIRMS_1484BED2,9.38032,77.60553,13.05,345.29,60.0,2026-08-12T08:28:00Z,N21
FIRMS_C492E501,9.42672,80.4548,6.27,341.47,60.0,2026-08-12T08:28:00Z,N21
FIRMS_6FC166C4,9.42879,78.78382,3.39,331.89,60.0,2026-08-12T08:28:00Z,N21
FIRMS_DAEF0770,9.46649,77.59328,5.23,344.86,60.0,2026-08-12T08:28:00Z,N21
FIRMS_80EE2FB2,9.49897,77.57352,12.36,344.37,60.0,2026-08-12T08:28:00Z,N21
FIRMS_32868EFA,9.50032,77.57422,5.85,343.54,60.0,2026-08-12T08:28:00Z,N21
FIRMS_9036B316,9.64663,77.65572,9.7,341.87,60.0,2026-08-12T08:28:00Z,N21
FIRMS_C0B4F8AD,10.54428,79.22142,3.76,334.24,60.0,2026-08-12T08:28:00Z,N21
FIRMS_E996C318,10.68781,79.70799,6.39,334.81,60.0,2026-08-12T08:28:00Z,N21
FIRMS_176563D1,10.75858,78.97378,5.24,342.07,60.0,2026-08-12T08:28:00Z,N21
FIRMS_D84BB7A7,10.77456,79.65791,6.21,333.56,60.0,2026-08-12T08:28:00Z,N21
FIRMS_363607E4,10.81688,78.60809,2.32,336.99,60.0,2026-08-12T08:28:00Z,N21
FIRMS_27B40D1E,10.87168,78.57549,1.83,330.5,60.0,2026-08-12T08:28:00Z,N21
FIRMS_6984432C,10.88172,79.22351,8.97,342.04,60.0,2026-08-12T08:28:00Z,N21
FIRMS_9056B8FB,11.65928,77.2301,11.75,341.05,60.0,2026-08-12T08:30:00Z,N21
FIRMS_FAC3E821,12.08301,77.04526,3.23,331.82,60.0,2026-08-12T08:30:00Z,N21
FIRMS_38CD69E4,14.21533,79.22138,2.86,330.46,60.0,2026-08-12T08:30:00Z,N21
FIRMS_29138F4E,14.31858,76.57759,3.79,340.13,60.0,2026-08-12T08:30:00Z,N21
FIRMS_858805BC,27.37738,70.97624,6.73,336.5,60.0,2026-08-12T08:35:00Z,N21
FIRMS_855A83E7,27.37795,70.98054,6.73,339.4,60.0,2026-08-12T08:35:00Z,N21
FIRMS_D7CA9AC4,27.84229,69.56892,3.9,331.68,30.0,2026-08-12T08:35:00Z,N21
FIRMS_D74BC7A8,27.84286,69.5729,3.9,332.36,30.0,2026-08-12T08:35:00Z,N21
FIRMS_674EC5FD,27.84619,69.5723,4.36,331.24,30.0,2026-08-12T08:35:00Z,N21
FIRMS_96C44F95,28.30796,69.64269,4.44,331.93,30.0,2026-08-12T08:35:00Z,N21
FIRMS_5D2843EC,28.31187,69.64611,8.47,330.93,30.0,2026-08-12T08:35:00Z,N21
FIRMS_92CB7A48,28.42485,69.70076,4.63,337.65,60.0,2026-08-12T08:35:00Z,N21
FIRMS_6B51E75B,28.65987,70.4163,7.48,330.54,30.0,2026-08-12T08:35:00Z,N21
FIRMS_3327C94B,28.83561,70.42332,7.4,331.87,30.0,2026-08-12T08:35:00Z,N21
FIRMS_2A75BCE7,28.84648,70.4258,6.62,332.89,30.0,2026-08-12T08:35:00Z,N21
FIRMS_6B29000B,29.16287,71.18735,3.96,330.07,30.0,2026-08-12T08:35:00Z,N21
FIRMS_BADE1E99,29.16642,71.18675,3.96,330.32,30.0,2026-08-12T08:35:00Z,N21
FIRMS_E322A6F2,29.29876,71.26115,3.9,330.83,30.0,2026-08-12T08:35:00Z,N21
FIRMS_72EBCBE9,29.29935,71.26582,4.35,331.83,30.0,2026-08-12T08:35:00Z,N21
FIRMS_64E31D92,29.29995,71.27048,4.35,331.24,30.0,2026-08-12T08:35:00Z,N21
FIRMS_63B98C77,29.34173,71.00603,4.24,331.47,30.0,2026-08-12T08:35:00Z,N21
FIRMS_7D0E2760,29.47648,71.57777,5.78,334.19,60.0,2026-08-12T08:35:00Z,N21
FIRMS_EC60801A,29.4777,71.58035,4.4,331.31,60.0,2026-08-12T08:35:00Z,N21
FIRMS_6C275DAF,29.47949,71.57235,7.47,338.27,60.0,2026-08-12T08:35:00Z,N21
FIRMS_1C7B36BD,29.48074,71.57491,9.97,341.23,60.0,2026-08-12T08:35:00Z,N21
FIRMS_269C9DDA,29.70066,72.45763,4.6,331.73,60.0,2026-08-12T08:35:00Z,N21
FIRMS_54E2DCB8,29.70363,72.45512,2.4,335.32,60.0,2026-08-12T08:35:00Z,N21
FIRMS_024035FC,29.74579,71.37363,2.94,336.64,60.0,2026-08-12T08:35:00Z,N21
FIRMS_D2FF7F99,29.7494,71.37303,2.51,335.79,60.0,2026-08-12T08:35:00Z,N21
FIRMS_F7F2B10D,29.86447,72.01429,6.7,337.07,60.0,2026-08-12T08:35:00Z,N21
FIRMS_BF49FC13,29.86507,72.01942,6.7,335.71,60.0,2026-08-12T08:35:00Z,N21
FIRMS_AE253378,29.94646,72.55773,4.74,332.59,60.0,2026-08-12T08:35:00Z,N21
FIRMS_16E2912F,30.04142,71.47015,2.87,336.74,60.0,2026-08-12T08:35:00Z,N21
FIRMS_2788A0AA,30.04635,71.38998,5.97,339.95,60.0,2026-08-12T08:35:00Z,N21
FIRMS_16DB8254,30.05647,71.53258,1.44,331.71,60.0,2026-08-12T08:35:00Z,N21
FIRMS_7C837480,30.09044,71.50698,1.66,331.93,60.0,2026-08-12T08:35:00Z,N21
FIRMS_5B8C8960,30.20832,73.47379,5.78,342.86,60.0,2026-08-12T08:35:00Z,N21
FIRMS_D0B5A076,30.47407,73.64366,6.22,340.99,60.0,2026-08-12T08:35:00Z,N21
FIRMS_A1F2739E,30.47537,73.64661,5.71,339.82,60.0,2026-08-12T08:35:00Z,N21
FIRMS_C8A91872,30.53874,71.92005,7.32,334.98,60.0,2026-08-12T08:35:00Z,N21
FIRMS_2132D074,30.56295,71.6261,3.34,334.86,60.0,2026-08-12T08:35:00Z,N21
FIRMS_E873AC01,31.02108,70.8246,5.27,330.59,30.0,2026-08-12T08:35:00Z,N21
FIRMS_AD92D5DA,32.61373,73.29139,3.97,330.99,30.0,2026-08-12T08:37:00Z,N21
FIRMS_3211736B,26.08573,93.95238,1.25,301.27,60.0,2026-08-12T19:17:00Z,N21
FIRMS_7DDC9BE6,27.31904,95.2666,1.82,305.08,60.0,2026-08-12T19:17:00Z,N21
FIRMS_9E207532,27.46125,95.47672,1.45,303.32,60.0,2026-08-12T19:17:00Z,N21
FIRMS_83458CEE,30.9498,97.36182,0.7,300.37,60.0,2026-08-12T19:17:00Z,N21
FIRMS_C47A7D40,21.37454,81.64083,3.58,303.61,60.0,2026-08-12T19:19:00Z,N21
FIRMS_1284C56B,21.37605,81.64108,3.01,305.16,60.0,2026-08-12T19:19:00Z,N21
FIRMS_E0ED4070,21.80354,82.03912,2.72,298.4,60.0,2026-08-12T19:19:00Z,N21
FIRMS_FB1FD971,22.03716,83.34946,2.21,302.43,60.0,2026-08-12T19:19:00Z,N21
FIRMS_FE7713BE,30.06931,96.97852,0.59,301.51,60.0,2026-08-12T19:19:00Z,N21
FIRMS_CF5B23D8,8.26025,80.63899,2.21,303.63,60.0,2026-08-12T19:23:00Z,N21
FIRMS_93A424CB,28.19945,76.90763,1.13,307.02,60.0,2026-08-12T20:57:00Z,N21
FIRMS_3425E5B0,28.37061,77.26281,2.43,306.87,60.0,2026-08-12T20:57:00Z,N21
FIRMS_4FD92525,30.13969,71.48978,2.22,309.67,60.0,2026-08-12T20:57:00Z,N21
FIRMS_61D5D72D,31.25021,76.92845,0.83,303.9,60.0,2026-08-12T20:57:00Z,N21
FIRMS_2C7711F3,31.25867,76.92541,1.43,304.18,60.0,2026-08-12T20:57:00Z,N21
FIRMS_F5DD53D5,32.08669,74.1636,1.32,309.32,60.0,2026-08-12T20:57:00Z,N21
FIRMS_D221A83B,32.10197,74.176,0.81,312.92,60.0,2026-08-12T20:57:00Z,N21
FIRMS_FD1ACDB7,32.5746,72.56104,1.32,311.28,60.0,2026-08-12T20:57:00Z,N21
FIRMS_14CC1EB5,33.29609,71.18508,3.22,314.8,60.0,2026-08-12T20:57:00Z,N21
FIRMS_E5E5B9FE,33.54564,71.5512,2.49,308.3,60.0,2026-08-12T20:57:00Z,N21
FIRMS_00B8519C,33.68767,72.70997,0.8,305.43,60.0,2026-08-12T20:57:00Z,N21
FIRMS_B000D3F6,33.84954,72.87194,1.12,306.12,60.0,2026-08-12T20:57:00Z,N21
FIRMS_B5084CDD,35.96571,68.68523,1.83,307.43,60.0,2026-08-12T20:57:00Z,N21
FIRMS_072BABEC,21.24663,79.20609,1.02,302.92,60.0,2026-08-12T20:59:00Z,N21
FIRMS_7C5136E1,21.24735,79.20563,1.23,302.76,60.0,2026-08-12T20:59:00Z,N21
FIRMS_1DDCA05C,21.29765,81.6077,1.46,303.09,60.0,2026-08-12T20:59:00Z,N21
FIRMS_8E8853D9,21.30816,81.58989,2.03,300.24,60.0,2026-08-12T20:59:00Z,N21
FIRMS_EF1B98D5,21.501,81.81009,0.54,297.09,60.0,2026-08-12T20:59:00Z,N21
FIRMS_C9D8CFB5,22.35673,82.30051,2.54,306.78,60.0,2026-08-12T20:59:00Z,N21
FIRMS_62B407C1,23.16554,82.33848,2.31,297.78,60.0,2026-08-12T20:59:00Z,N21
FIRMS_3AE24247,23.16588,82.33901,1.26,301.79,60.0,2026-08-12T20:59:00Z,N21
FIRMS_5612A44B,25.38811,68.58102,1.59,324.67,60.0,2026-08-12T20:59:00Z,N21
FIRMS_0E6D3968,25.94309,72.19233,0.51,295.66,60.0,2026-08-12T20:59:00Z,N21
FIRMS_356CF64A,26.6419,79.47903,1.97,313.1,60.0,2026-08-12T20:59:00Z,N21
FIRMS_A112D7BD,16.42131,79.32549,4.25,295.02,60.0,2026-08-12T21:01:00Z,N21
FIRMS_5FEA0251,11.81451,77.91617,0.74,295.43,60.0,2026-08-12T21:04:00Z,N21
FIRMS_41507A37,11.81464,77.91698,0.75,295.48,60.0,2026-08-12T21:04:00Z,N21
FIRMS_4A407A53,12.8527,79.90166,1.75,295.89,60.0,2026-08-12T21:04:00Z,N21
FIRMS_E7A34753,12.85319,79.90437,1.47,301.93,60.0,2026-08-12T21:04:00Z,N21
FIRMS_29E911EE,26.88691,93.05493,5.03,341.06,60.0,2026-08-13T06:33:00Z,N21
FIRMS_141D26FC,27.95698,95.60178,12.39,331.25,30.0,2026-08-13T06:33:00Z,N21
FIRMS_DF7289A8,27.95773,95.60609,7.46,331.77,30.0,2026-08-13T06:33:00Z,N21
FIRMS_375B6801,27.96461,95.6046,12.19,331.27,30.0,2026-08-13T06:33:00Z,N21
FIRMS_E6A88408,29.23099,94.24351,4.97,328.92,60.0,2026-08-13T06:33:00Z,N21
FIRMS_4936C178,29.23319,94.24611,4.47,334.93,60.0,2026-08-13T06:33:00Z,N21
FIRMS_014A21E0,29.63386,90.98975,3.08,328.18,30.0,2026-08-13T06:33:00Z,N21
FIRMS_F700A47B,29.64036,90.97851,2.83,328.49,30.0,2026-08-13T06:33:00Z,N21
FIRMS_3BB1251A,6.32881,81.11305,15.73,345.68,60.0,2026-08-13T08:07:00Z,N21
FIRMS_60FF7056,6.34786,81.17335,5.83,341.5,60.0,2026-08-13T08:07:00Z,N21
FIRMS_79A4C5BE,6.34865,81.17268,5.54,338.47,60.0,2026-08-13T08:07:00Z,N21
FIRMS_085E818F,6.35621,81.15533,17.05,347.14,60.0,2026-08-13T08:07:00Z,N21
FIRMS_FF4FFEED,6.36405,80.81304,3.35,331.88,60.0,2026-08-13T08:07:00Z,N21
FIRMS_41033BD7,6.55764,81.12309,6.96,346.51,60.0,2026-08-13T08:07:00Z,N21
FIRMS_F019D800,6.55829,81.12161,6.03,335.58,60.0,2026-08-13T08:07:00Z,N21
FIRMS_23EC5B39,6.5589,81.1257,6.03,336.38,60.0,2026-08-13T08:07:00Z,N21
FIRMS_D91917CA,6.56121,81.12254,6.03,341.31,60.0,2026-08-13T08:07:00Z,N21
FIRMS_B9748E95,6.58563,81.13989,2.77,330.71,60.0,2026-08-13T08:07:00Z,N21
FIRMS_2E37A482,6.65243,81.1467,11.33,346.05,60.0,2026-08-13T08:07:00Z,N21
FIRMS_16861221,6.69426,81.31986,2.87,331.17,30.0,2026-08-13T08:07:00Z,N21
FIRMS_CC45F1CE,6.74481,81.28671,12.45,338.89,60.0,2026-08-13T08:07:00Z,N21
FIRMS_C82B68F2,6.74664,81.29925,5.87,337.59,60.0,2026-08-13T08:07:00Z,N21
FIRMS_186EC62D,6.76747,81.39119,3.96,331.18,30.0,2026-08-13T08:07:00Z,N21
FIRMS_0F9F5F3D,6.77624,81.47672,3.83,336.47,60.0,2026-08-13T08:07:00Z,N21
FIRMS_5B571986,6.79437,81.44795,13.98,342.34,60.0,2026-08-13T08:07:00Z,N21
FIRMS_E6ED2EC0,6.79951,81.38208,8.54,335.35,60.0,2026-08-13T08:07:00Z,N21
FIRMS_8DA0204C,6.8262,81.48378,3.95,331.38,60.0,2026-08-13T08:07:00Z,N21
FIRMS_1B6E89BE,6.82628,81.48734,2.51,335.27,60.0,2026-08-13T08:07:00Z,N21
FIRMS_75E36E12,6.83896,81.46865,3.17,332.66,60.0,2026-08-13T08:07:00Z,N21
FIRMS_F1237E35,6.85348,81.44012,6.25,333.03,60.0,2026-08-13T08:07:00Z,N21
FIRMS_44E4F354,6.87417,81.60983,4.59,338.42,60.0,2026-08-13T08:07:00Z,N21
FIRMS_7317A88A,7.17183,81.13612,8.51,345.62,60.0,2026-08-13T08:07:00Z,N21
FIRMS_1D4166B7,7.18414,81.37306,11.48,343.13,60.0,2026-08-13T08:07:00Z,N21
FIRMS_5C8B8E21,7.17826,81.00562,3.38,341.96,60.0,2026-08-13T08:09:00Z,N21
FIRMS_4AB836AD,7.19425,81.16354,6.17,332.36,60.0,2026-08-13T08:09:00Z,N21
FIRMS_4633C413,7.25459,81.2121,2.89,334.1,60.0,2026-08-13T08:09:00Z,N21
FIRMS_1494A5C4,7.3435,81.20475,7.11,339.21,60.0,2026-08-13T08:09:00Z,N21
FIRMS_6F2BD7D7,7.42601,81.28822,3.32,334.23,60.0,2026-08-13T08:09:00Z,N21
FIRMS_2098A5AB,7.48808,81.68633,4.87,335.01,60.0,2026-08-13T08:09:00Z,N21
FIRMS_579A3704,7.6281,80.91875,6.16,337.36,60.0,2026-08-13T08:09:00Z,N21
FIRMS_280873AA,7.72734,81.45635,5.99,337.94,60.0,2026-08-13T08:09:00Z,N21
FIRMS_7008BDC6,7.74168,81.50381,3.42,337.09,60.0,2026-08-13T08:09:00Z,N21
FIRMS_0E396EFD,7.76691,81.4956,9.0,336.43,60.0,2026-08-13T08:09:00Z,N21
FIRMS_38868DAF,7.80046,81.44676,4.06,337.67,60.0,2026-08-13T08:09:00Z,N21
FIRMS_D006225D,7.80107,81.44557,5.04,335.34,60.0,2026-08-13T08:09:00Z,N21
FIRMS_E6958E6F,7.80415,81.44623,4.06,336.2,60.0,2026-08-13T08:09:00Z,N21
FIRMS_22874E1F,7.80477,81.45064,4.06,337.47,60.0,2026-08-13T08:09:00Z,N21
FIRMS_359E195C,7.87518,81.49454,6.11,336.89,60.0,2026-08-13T08:09:00Z,N21
FIRMS_910B41E4,7.90413,81.48578,7.37,341.67,60.0,2026-08-13T08:09:00Z,N21
FIRMS_062B1703,7.90609,81.49909,9.08,348.8,60.0,2026-08-13T08:09:00Z,N21
FIRMS_5D893DF4,7.90699,81.48674,3.75,338.12,60.0,2026-08-13T08:09:00Z,N21
FIRMS_BAA22828,7.9107,81.4862,3.75,333.42,60.0,2026-08-13T08:09:00Z,N21
FIRMS_59CD1623,7.91153,81.4847,3.76,333.07,60.0,2026-08-13T08:09:00Z,N21
FIRMS_C7E61C65,7.99228,81.16453,3.65,333.33,60.0,2026-08-13T08:09:00Z,N21
FIRMS_4636A304,8.13633,81.12671,4.73,337.18,60.0,2026-08-13T08:09:00Z,N21
FIRMS_16D87259,8.30155,80.54496,6.26,331.69,60.0,2026-08-13T08:09:00Z,N21
FIRMS_4BF894A0,8.36463,80.6563,6.44,332.48,60.0,2026-08-13T08:09:00Z,N21
FIRMS_07D8DF7B,8.37936,81.0502,2.47,331.57,60.0,2026-08-13T08:09:00Z,N21
FIRMS_342F877F,8.45654,80.8114,1.67,332.7,60.0,2026-08-13T08:09:00Z,N21
FIRMS_2F3295EF,8.50212,80.25269,5.2,346.45,60.0,2026-08-13T08:09:00Z,N21
FIRMS_D0FDC75E,8.50786,80.6442,8.43,337.05,60.0,2026-08-13T08:09:00Z,N21
FIRMS_A8E18E0E,8.52711,80.82742,7.12,342.11,60.0,2026-08-13T08:09:00Z,N21
FIRMS_01B2C442,8.53019,78.08766,4.93,337.3,60.0,2026-08-13T08:09:00Z,N21
FIRMS_D7C06C25,8.57468,80.87615,13.74,331.48,60.0,2026-08-13T08:09:00Z,N21
FIRMS_B8D5AC9C,8.58006,80.87685,8.21,338.39,60.0,2026-08-13T08:09:00Z,N21
FIRMS_87A4AD4F,8.58431,80.30109,3.07,334.75,60.0,2026-08-13T08:09:00Z,N21
FIRMS_0A07F80C,8.63559,80.5023,2.33,330.39,60.0,2026-08-13T08:09:00Z,N21
FIRMS_D511F6AC,8.6555,80.33945,12.2,340.07,60.0,2026-08-13T08:09:00Z,N21
FIRMS_3C783499,8.65556,80.54079,4.25,333.35,60.0,2026-08-13T08:09:00Z,N21
FIRMS_6305CBD1,8.66256,77.86464,1.94,335.69,60.0,2026-08-13T08:09:00Z,N21
FIRMS_6844CA50,8.68489,80.27026,3.8,330.31,60.0,2026-08-13T08:09:00Z,N21
FIRMS_ED55C4F0,8.86287,80.97634,5.82,333.85,60.0,2026-08-13T08:09:00Z,N21
FIRMS_BC557F38,8.89783,80.91007,3.5,333.1,60.0,2026-08-13T08:09:00Z,N21
FIRMS_476A51AF,8.90755,80.35686,4.42,331.86,60.0,2026-08-13T08:09:00Z,N21
FIRMS_B3B713A5,8.96102,80.32484,2.15,333.65,60.0,2026-08-13T08:09:00Z,N21
FIRMS_3A142C44,8.96455,80.32433,5.96,340.6,60.0,2026-08-13T08:09:00Z,N21
FIRMS_0895329E,9.11649,80.60202,7.44,334.22,60.0,2026-08-13T08:09:00Z,N21
FIRMS_750B2105,9.11948,80.59737,8.85,332.64,60.0,2026-08-13T08:09:00Z,N21
FIRMS_085E1BB1,9.13325,80.44023,3.75,337.1,60.0,2026-08-13T08:09:00Z,N21
FIRMS_961868A7,9.14321,78.50316,4.71,339.89,60.0,2026-08-13T08:09:00Z,N21
FIRMS_2E9AA76E,9.75847,79.87958,3.26,333.92,60.0,2026-08-13T08:09:00Z,N21
FIRMS_5402F7A5,9.82755,78.48745,2.22,335.85,60.0,2026-08-13T08:09:00Z,N21
FIRMS_4EC975DB,9.86046,78.54808,2.79,338.11,60.0,2026-08-13T08:09:00Z,N21
FIRMS_564DB8FC,9.97572,79.07961,5.99,338.9,60.0,2026-08-13T08:09:00Z,N21
FIRMS_15DD8CB2,10.04801,78.53002,10.32,339.68,60.0,2026-08-13T08:09:00Z,N21
FIRMS_B2ECE810,10.77482,79.65644,3.48,337.38,60.0,2026-08-13T08:09:00Z,N21
FIRMS_1489230B,10.77733,78.9091,12.87,352.69,60.0,2026-08-13T08:09:00Z,N21
FIRMS_89020F9A,11.01841,78.15247,1.59,334.04,60.0,2026-08-13T08:09:00Z,N21
FIRMS_778FD5FE,11.05683,78.87433,4.14,337.61,60.0,2026-08-13T08:09:00Z,N21
FIRMS_93DBF37D,11.81037,77.923,2.99,335.58,60.0,2026-08-13T08:09:00Z,N21
FIRMS_87F55455,25.37275,68.01092,4.86,343.68,60.0,2026-08-13T08:13:00Z,N21
FIRMS_6BE8CD5C,25.53545,68.85426,13.5,334.95,60.0,2026-08-13T08:13:00Z,N21
FIRMS_6C37DB1C,25.5357,68.85188,7.82,331.36,60.0,2026-08-13T08:13:00Z,N21
FIRMS_D2B42275,30.10431,73.27095,1.57,333.0,60.0,2026-08-13T08:16:00Z,N21
FIRMS_EF896AA2,30.17249,72.99191,3.17,333.37,60.0,2026-08-13T08:16:00Z,N21
FIRMS_71F2A209,30.17307,72.99588,4.92,335.2,60.0,2026-08-13T08:16:00Z,N21
FIRMS_A3F7B0E1,30.25987,73.5013,4.09,335.85,60.0,2026-08-13T08:16:00Z,N21
FIRMS_E780A863,30.49154,73.43348,6.69,335.19,60.0,2026-08-13T08:16:00Z,N21
FIRMS_68CFF331,30.59028,74.81104,3.41,332.2,60.0,2026-08-13T08:16:00Z,N21
FIRMS_E8D92859,30.74016,72.92014,5.92,332.76,30.0,2026-08-13T08:16:00Z,N21
FIRMS_F6D20E44,30.7485,72.93085,6.71,332.44,30.0,2026-08-13T08:16:00Z,N21
FIRMS_372DB122,30.8752,76.01562,3.37,331.42,60.0,2026-08-13T08:16:00Z,N21
FIRMS_167F965C,30.89187,73.1675,4.49,330.97,30.0,2026-08-13T08:16:00Z,N21
FIRMS_4AFD0036,30.89362,73.17963,3.82,330.19,30.0,2026-08-13T08:16:00Z,N21
FIRMS_3B41EE62,30.90061,73.22814,3.32,330.44,30.0,2026-08-13T08:16:00Z,N21
FIRMS_FA1A6CC7,31.13387,73.57955,3.52,330.81,30.0,2026-08-13T08:16:00Z,N21
FIRMS_70203DA8,31.14227,73.59065,7.08,331.26,30.0,2026-08-13T08:16:00Z,N21
FIRMS_C0C230F0,31.14458,73.60717,1.66,330.31,30.0,2026-08-13T08:16:00Z,N21
FIRMS_0821E9C3,31.15114,74.8723,7.15,330.75,30.0,2026-08-13T08:16:00Z,N21
FIRMS_FC6F8660,31.17965,73.71109,2.62,330.43,30.0,2026-08-13T08:16:00Z,N21
FIRMS_43D44DFC,31.18023,73.71525,8.04,330.13,30.0,2026-08-13T08:16:00Z,N21
FIRMS_88BFF925,31.20931,73.72681,7.33,330.76,30.0,2026-08-13T08:16:00Z,N21
FIRMS_80E15CA7,31.21266,73.72617,6.74,331.34,30.0,2026-08-13T08:16:00Z,N21
FIRMS_47DFFFE7,31.22401,73.75822,6.78,330.2,30.0,2026-08-13T08:16:00Z,N21
FIRMS_9B01DDFB,31.51278,73.34827,7.33,335.56,60.0,2026-08-13T08:16:00Z,N21
FIRMS_E8AC35FB,31.69069,72.64938,7.21,332.46,30.0,2026-08-13T08:16:00Z,N21
FIRMS_D56698E7,31.79218,72.9968,6.11,331.05,30.0,2026-08-13T08:16:00Z,N21
FIRMS_974255F7,31.79552,72.9968,2.71,330.59,30.0,2026-08-13T08:16:00Z,N21
FIRMS_80ACBAF8,31.88981,73.10885,5.89,331.28,30.0,2026-08-13T08:16:00Z,N21
FIRMS_BAC09A77,31.89313,73.10819,8.32,331.19,30.0,2026-08-13T08:16:00Z,N21
FIRMS_8BB3802C,31.98583,73.16241,7.19,330.42,30.0,2026-08-13T08:16:00Z,N21
FIRMS_68AE450D,32.01592,73.18199,5.14,330.57,30.0,2026-08-13T08:16:00Z,N21
FIRMS_7C8F319D,32.03842,73.22012,6.91,331.26,30.0,2026-08-13T08:16:00Z,N21
FIRMS_EAE60A39,32.11754,73.3257,5.0,331.05,30.0,2026-08-13T08:16:00Z,N21
FIRMS_6E7933E1,32.13656,73.33913,8.09,330.51,30.0,2026-08-13T08:16:00Z,N21
FIRMS_A7650747,32.14264,73.33366,6.89,330.08,30.0,2026-08-13T08:16:00Z,N21
FIRMS_4F1F4EA2,32.14381,73.34201,4.68,330.45,30.0,2026-08-13T08:16:00Z,N21
FIRMS_2388B70D,32.28668,73.56135,7.41,331.89,30.0,2026-08-13T08:16:00Z,N21
FIRMS_4A942411,32.38115,72.55571,3.39,330.15,30.0,2026-08-13T08:16:00Z,N21
FIRMS_9F1031C8,32.55009,74.1846,4.5,330.18,30.0,2026-08-13T08:16:00Z,N21
FIRMS_48F0CED9,32.55234,74.17509,9.24,332.77,30.0,2026-08-13T08:16:00Z,N21
FIRMS_461CBA51,29.26158,91.92575,0.99,306.68,60.0,2026-08-13T18:58:00Z,N21
FIRMS_ABE0FA81,29.26186,91.92227,0.99,299.2,60.0,2026-08-13T18:58:00Z,N21
FIRMS_01CA70D4,30.06812,96.97784,1.53,301.43,60.0,2026-08-13T18:58:00Z,N21
FIRMS_FF37AFF7,21.70197,89.29818,4.15,296.02,60.0,2026-08-13T19:02:00Z,N21
FIRMS_87072AA6,33.68649,72.71295,2.89,308.39,60.0,2026-08-13T20:38:00Z,N21
FIRMS_B10012AA,34.53452,71.32071,2.07,305.65,60.0,2026-08-13T20:38:00Z,N21
FIRMS_0F260D5F,34.53494,71.31646,1.75,304.38,60.0,2026-08-13T20:38:00Z,N21
FIRMS_6B641543,35.96553,68.68471,1.91,307.96,60.0,2026-08-13T20:38:00Z,N21
FIRMS_7F13034E,25.94138,72.18976,1.91,310.18,60.0,2026-08-13T20:40:00Z,N21
FIRMS_B55CB5AE,26.2557,74.09644,1.13,304.59,60.0,2026-08-13T20:40:00Z,N21
FIRMS_84ED2B09,26.30337,72.90213,1.36,304.93,60.0,2026-08-13T20:40:00Z,N21
FIRMS_B3CD8B3F,28.13188,76.89797,1.3,316.67,60.0,2026-08-13T20:40:00Z,N21
FIRMS_9FD6C1AE,28.64995,77.58897,0.82,306.76,60.0,2026-08-13T20:40:00Z,N21
FIRMS_E65E51AF,28.66194,77.57907,1.33,311.79,60.0,2026-08-13T20:40:00Z,N21
FIRMS_186B3F1A,29.1239,75.77663,1.07,310.57,60.0,2026-08-13T20:40:00Z,N21
FIRMS_C2321003,29.26205,91.92273,2.37,295.28,60.0,2026-08-13T20:40:00Z,N21
FIRMS_F60864A5,29.37542,91.15032,1.87,298.55,60.0,2026-08-13T20:40:00Z,N21
FIRMS_1333463A,31.2496,76.92681,0.73,302.25,60.0,2026-08-13T20:40:00Z,N21
FIRMS_C7F4DD19,31.32669,76.89336,0.97,305.92,60.0,2026-08-13T20:40:00Z,N21
FIRMS_D3F3E322,31.61614,74.37387,0.52,309.15,60.0,2026-08-13T20:40:00Z,N21
FIRMS_3D24855F,32.29348,70.73207,1.71,309.82,60.0,2026-08-13T20:40:00Z,N21
FIRMS_27010F8F,33.29433,71.18432,4.07,316.32,60.0,2026-08-13T20:40:00Z,N21
FIRMS_469A3B3A,19.36982,71.35507,2.24,315.25,60.0,2026-08-13T20:42:00Z,N21
FIRMS_D76D1EBB,22.05045,88.1057,3.37,298.14,60.0,2026-08-13T20:42:00Z,N21
FIRMS_6C7B3BD6,22.0589,88.1279,10.63,304.57,60.0,2026-08-13T20:42:00Z,N21
FIRMS_FCE78958,22.06039,88.12177,17.81,367.0,90.0,2026-08-13T20:42:00Z,N21
FIRMS_CA76BFD7,22.06537,88.12983,5.76,300.66,60.0,2026-08-13T20:42:00Z,N21
FIRMS_0D0578FA,22.06686,88.12373,9.21,330.36,60.0,2026-08-13T20:42:00Z,N21
FIRMS_F9CF79B7,23.31552,70.48516,1.95,305.93,60.0,2026-08-13T20:42:00Z,N21
FIRMS_7430182D,25.38943,68.57989,3.9,307.88,60.0,2026-08-13T20:42:00Z,N21
FIRMS_B77E412E,11.2672,80.00468,2.8,303.28,60.0,2026-08-13T20:44:00Z,N21
FIRMS_7263121C,15.17349,77.10117,1.22,295.67,60.0,2026-08-13T20:44:00Z,N21
FIRMS_1A2DA94E,15.17451,76.67571,2.17,302.01,60.0,2026-08-13T20:44:00Z,N21
FIRMS_EC59FC72,15.17558,76.65949,0.85,298.78,60.0,2026-08-13T20:44:00Z,N21
FIRMS_E0CDC2F4,15.17614,76.67867,1.98,300.04,60.0,2026-08-13T20:44:00Z,N21
FIRMS_7FA6E1FC,15.17636,76.65489,0.85,300.15,60.0,2026-08-13T20:44:00Z,N21
FIRMS_C3F95522,15.17692,76.67406,1.98,310.03,60.0,2026-08-13T20:44:00Z,N21
FIRMS_0BB33215,15.17822,76.67643,2.17,304.48,60.0,2026-08-13T20:44:00Z,N21
FIRMS_AC51A129,15.18064,76.67478,2.93,299.57,60.0,2026-08-13T20:44:00Z,N21
FIRMS_0B9955E4,15.18193,76.67715,1.93,300.0,60.0,2026-08-13T20:44:00Z,N21
FIRMS_A35D6054,15.33282,76.28719,0.79,296.83,60.0,2026-08-13T20:44:00Z,N21
FIRMS_5E05FE36,15.65776,73.99023,0.56,303.71,60.0,2026-08-13T20:44:00Z,N21
FIRMS_DCF47822,18.43314,74.12675,0.5,302.22,60.0,2026-08-13T20:44:00Z,N21
FIRMS_BEB5DADD,18.98851,71.90385,4.93,322.35,60.0,2026-08-13T20:44:00Z,N21
FIRMS_A759005F,6.07259,80.85745,1.22,305.16,60.0,2026-08-13T20:46:00Z,N21
FIRMS_66FD9E3F,6.07557,80.86067,0.9,304.26,60.0,2026-08-13T20:46:00Z,N21
FIRMS_F24D6656,6.76783,81.01326,0.72,302.23,60.0,2026-08-13T20:46:00Z,N21
FIRMS_A968B821,7.82964,81.20501,0.89,306.45,60.0,2026-08-13T20:46:00Z,N21
FIRMS_8002F04F,7.83244,81.20532,1.01,308.58,60.0,2026-08-13T20:46:00Z,N21
FIRMS_535245B8,9.30709,77.43063,0.82,301.39,60.0,2026-08-13T20:46:00Z,N21
FIRMS_69DB406A,23.30858,97.98328,4.27,330.82,60.0,2026-08-14T06:14:00Z,N21
FIRMS_5B454D2D,25.06441,93.99954,5.98,347.64,60.0,2026-08-14T06:14:00Z,N21
FIRMS_2BD8A959,25.06572,93.99839,5.26,347.14,60.0,2026-08-14T06:14:00Z,N21
FIRMS_45CCC772,26.9643,89.99101,6.69,337.26,60.0,2026-08-14T06:14:00Z,N21
FIRMS_4B0140A8,26.96638,89.99109,7.36,325.22,60.0,2026-08-14T06:14:00Z,N21
FIRMS_CEF9CF15,28.51908,95.82986,3.11,334.78,60.0,2026-08-14T06:16:00Z,N21
FIRMS_FACA2AFA,29.75782,95.95962,4.63,325.27,30.0,2026-08-14T06:16:00Z,N21
FIRMS_466809EE,29.98818,93.82404,5.83,333.21,60.0,2026-08-14T06:16:00Z,N21
FIRMS_894A84A3,6.351,81.16878,5.83,334.1,60.0,2026-08-14T07:50:00Z,N21
FIRMS_DC56F031,6.86777,81.71027,5.85,333.0,30.0,2026-08-14T07:50:00Z,N21
FIRMS_94F5E10F,7.11019,81.71529,4.2,333.36,30.0,2026-08-14T07:50:00Z,N21
FIRMS_8156D2C8,7.52195,81.67095,6.46,335.14,30.0,2026-08-14T07:50:00Z,N21
FIRMS_5F01BAAD,7.882,81.49112,8.71,340.33,30.0,2026-08-14T07:50:00Z,N21
FIRMS_7DA0258E,7.88376,81.4583,6.11,345.69,60.0,2026-08-14T07:50:00Z,N21
FIRMS_07321DB8,7.88533,81.4906,5.1,334.1,30.0,2026-08-14T07:50:00Z,N21
FIRMS_71D9CD3C,7.90141,81.48448,12.45,355.69,60.0,2026-08-14T07:50:00Z,N21
FIRMS_F975F93F,7.90421,81.48037,6.14,334.18,30.0,2026-08-14T07:50:00Z,N21
FIRMS_1CBB2908,8.40718,80.52342,53.45,350.0,60.0,2026-08-14T07:50:00Z,N21
FIRMS_7F49690C,8.43766,80.6058,4.36,339.17,30.0,2026-08-14T07:50:00Z,N21
FIRMS_B3C26320,8.66046,80.89155,10.1,343.96,30.0,2026-08-14T07:50:00Z,N21
FIRMS_4E76675E,8.69831,80.45769,3.55,335.13,30.0,2026-08-14T07:50:00Z,N21
FIRMS_7FC86FE4,8.72674,77.83636,1.74,334.57,60.0,2026-08-14T07:50:00Z,N21
FIRMS_1B08E540,8.83502,80.90047,5.67,343.36,60.0,2026-08-14T07:50:00Z,N21
FIRMS_3C60C1BD,8.90293,77.7048,2.92,331.99,60.0,2026-08-14T07:50:00Z,N21
FIRMS_EB7DB299,8.91585,80.38897,4.8,331.93,30.0,2026-08-14T07:50:00Z,N21
FIRMS_E994D0AD,9.11012,80.78952,10.81,342.72,30.0,2026-08-14T07:50:00Z,N21
FIRMS_69664660,9.12011,77.84572,11.29,343.81,60.0,2026-08-14T07:50:00Z,N21
FIRMS_6E3B5E95,9.19533,78.4641,4.26,334.2,60.0,2026-08-14T07:50:00Z,N21
FIRMS_AA8592A5,9.23762,80.79853,3.68,330.01,30.0,2026-08-14T07:50:00Z,N21
FIRMS_D9FB7D34,9.23818,80.80213,6.51,336.82,30.0,2026-08-14T07:50:00Z,N21
FIRMS_0D10A7FC,9.31098,80.15279,5.49,338.45,60.0,2026-08-14T07:50:00Z,N21
FIRMS_DB278FB0,9.36281,78.79712,4.93,338.52,60.0,2026-08-14T07:50:00Z,N21
FIRMS_84FADE36,9.43115,78.27111,7.25,337.53,60.0,2026-08-14T07:50:00Z,N21
FIRMS_9BA09405,9.49129,78.61803,12.14,336.21,60.0,2026-08-14T07:50:00Z,N21
FIRMS_78896557,9.50622,78.77958,4.88,332.95,60.0,2026-08-14T07:50:00Z,N21
FIRMS_8CFED577,9.82805,78.29053,3.12,334.35,60.0,2026-08-14T07:52:00Z,N21
FIRMS_CE6485C8,10.22275,78.3579,5.02,335.27,60.0,2026-08-14T07:52:00Z,N21
FIRMS_6870F178,10.32337,79.36299,6.63,334.7,60.0,2026-08-14T07:52:00Z,N21
FIRMS_51A3F4C3,15.17319,76.66232,5.73,335.42,60.0,2026-08-14T07:52:00Z,N21
FIRMS_1A1F45E0,15.17615,76.65688,4.84,330.16,60.0,2026-08-14T07:52:00Z,N21
FIRMS_B1453756,15.18152,76.66567,4.43,335.68,60.0,2026-08-14T07:52:00Z,N21
FIRMS_62193885,15.18235,76.66698,4.36,334.88,60.0,2026-08-14T07:52:00Z,N21
FIRMS_CEEFC16C,15.99327,76.8434,2.92,333.71,60.0,2026-08-14T07:52:00Z,N21
FIRMS_39C19068,16.98302,81.56271,9.67,338.91,60.0,2026-08-14T07:52:00Z,N21
FIRMS_C34B2B90,25.25645,68.07439,2.39,335.63,60.0,2026-08-14T07:56:00Z,N21
FIRMS_D14CC07A,27.23689,68.90743,4.05,336.44,60.0,2026-08-14T07:56:00Z,N21
FIRMS_C5EB5ABC,29.41889,71.33856,2.63,331.6,60.0,2026-08-14T07:56:00Z,N21
FIRMS_B2B60F4E,29.49144,71.77231,2.61,333.32,60.0,2026-08-14T07:56:00Z,N21
FIRMS_05F0B242,30.47788,71.81644,6.05,340.48,60.0,2026-08-14T07:56:00Z,N21
FIRMS_2452507C,30.58745,72.20159,3.94,334.89,60.0,2026-08-14T07:56:00Z,N21
FIRMS_7942F86B,30.61164,72.02132,7.35,335.1,60.0,2026-08-14T07:56:00Z,N21
FIRMS_DE4641DF,30.63441,71.73683,4.96,333.76,60.0,2026-08-14T07:58:00Z,N21
FIRMS_55B70E7D,27.00496,94.63396,4.28,297.18,60.0,2026-08-14T18:41:00Z,N21
FIRMS_C0A735BE,27.26173,95.1496,3.16,299.67,60.0,2026-08-14T18:41:00Z,N21
FIRMS_4D45C0D7,29.37699,91.15006,0.91,298.27,60.0,2026-08-14T20:19:00Z,N21
FIRMS_DFD9F566,33.29521,71.18369,0.86,303.15,60.0,2026-08-14T20:19:00Z,N21
FIRMS_2C6112D6,33.29816,71.18473,0.93,303.02,60.0,2026-08-14T20:19:00Z,N21
FIRMS_493E36C0,35.96596,68.68636,2.78,310.9,60.0,2026-08-14T20:19:00Z,N21
FIRMS_820BBAE8,21.7299,82.21591,1.24,301.56,60.0,2026-08-14T20:21:00Z,N21
FIRMS_637DCAF9,22.36108,87.01765,1.08,299.81,60.0,2026-08-14T20:21:00Z,N21
FIRMS_F89B9BE6,23.3117,70.19884,1.04,296.28,60.0,2026-08-14T20:21:00Z,N21
FIRMS_97F69F93,23.68088,86.09412,0.73,298.85,60.0,2026-08-14T20:21:00Z,N21
FIRMS_1F932F14,23.69793,86.07546,2.22,310.07,60.0,2026-08-14T20:21:00Z,N21
FIRMS_656A564B,23.78022,86.21217,1.0,302.71,60.0,2026-08-14T20:21:00Z,N21
FIRMS_CCD5F0F7,23.78111,86.20776,1.0,302.91,60.0,2026-08-14T20:21:00Z,N21
FIRMS_7E2CB773,25.38618,68.5825,1.46,308.66,60.0,2026-08-14T20:21:00Z,N21
FIRMS_2DCFE720,28.60739,68.63267,0.99,306.97,60.0,2026-08-14T20:21:00Z,N21
FIRMS_B5FFDA33,28.77631,76.95009,1.33,309.9,60.0,2026-08-14T20:21:00Z,N21
FIRMS_06CCCD8E,28.77656,76.94697,1.01,309.26,60.0,2026-08-14T20:21:00Z,N21
FIRMS_45114390,29.12209,75.77994,1.66,305.7,60.0,2026-08-14T20:21:00Z,N21
FIRMS_A4C0025C,15.91339,77.36324,0.63,301.26,60.0,2026-08-14T20:23:00Z,N21
FIRMS_B1B0851A,17.36994,77.44634,1.09,302.25,60.0,2026-08-14T20:23:00Z,N21
FIRMS_BBEE5300,19.372,71.35414,8.32,340.1,60.0,2026-08-14T20:23:00Z,N21
FIRMS_2696A7D9,22.33806,69.85318,2.08,301.63,60.0,2026-08-14T20:23:00Z,N21
FIRMS_49C68FD0,8.92421,80.56296,1.34,305.67,60.0,2026-08-14T20:25:00Z,N21
FIRMS_8C5B3632,12.96664,77.33076,1.16,307.6,60.0,2026-08-14T20:25:00Z,N21
FIRMS_989A56B8,15.07114,76.86419,1.78,304.21,60.0,2026-08-14T20:25:00Z,N21
FIRMS_C385388F,15.16881,76.67149,1.76,313.67,60.0,2026-08-14T20:25:00Z,N21
FIRMS_BACFD594,15.16943,76.71198,0.75,304.01,60.0,2026-08-14T20:25:00Z,N21
FIRMS_CE156A41,15.17216,76.69408,1.54,309.58,60.0,2026-08-14T20:25:00Z,N21
FIRMS_125BDCC1,15.1727,76.69048,1.54,319.58,60.0,2026-08-14T20:25:00Z,N21
FIRMS_CD9FD7B2,15.17321,76.66483,1.57,307.47,60.0,2026-08-14T20:25:00Z,N21
FIRMS_2A41D2BB,15.17376,76.66125,1.57,320.71,60.0,2026-08-14T20:25:00Z,N21
FIRMS_4BCA566E,15.1743,76.65765,1.85,310.65,60.0,2026-08-14T20:25:00Z,N21
FIRMS_09652172,15.17438,76.70177,0.49,305.85,60.0,2026-08-14T20:25:00Z,N21
FIRMS_93B9A87D,15.17485,76.65406,1.85,327.9,60.0,2026-08-14T20:25:00Z,N21
FIRMS_767578EF,15.17489,76.67612,1.19,305.4,60.0,2026-08-14T20:25:00Z,N21
FIRMS_A2ED4EA7,15.17762,76.65818,1.85,316.18,60.0,2026-08-14T20:25:00Z,N21
FIRMS_C1EBCCA7,15.17816,76.65459,1.85,323.15,60.0,2026-08-14T20:25:00Z,N21
FIRMS_0E884448,15.17875,76.67307,2.57,305.99,60.0,2026-08-14T20:25:00Z,N21
FIRMS_3929B937,15.17984,76.66589,3.57,307.06,60.0,2026-08-14T20:25:00Z,N21
FIRMS_C2F1D867,15.18311,76.64435,7.91,330.63,60.0,2026-08-14T20:25:00Z,N21
FIRMS_E10FC038,15.18315,76.66641,3.57,336.19,60.0,2026-08-14T20:25:00Z,N21
FIRMS_38F0740E,15.18533,76.65205,1.4,304.95,60.0,2026-08-14T20:25:00Z,N21
FIRMS_E5847F97,15.18756,76.65977,1.66,308.31,60.0,2026-08-14T20:25:00Z,N21
FIRMS_2C501609,15.3322,76.28632,1.39,309.72,60.0,2026-08-14T20:25:00Z,N21
FIRMS_E56B8DBC,15.33663,76.27954,1.23,306.53,60.0,2026-08-14T20:25:00Z,N21
FIRMS_76731A8D,15.33766,76.24979,1.87,314.96,60.0,2026-08-14T20:25:00Z,N21
FIRMS_458BB222,6.70014,80.93494,1.49,302.17,60.0,2026-08-14T20:27:00Z,N21
FIRMS_2C891306,32.88565,71.61426,1.39,304.08,60.0,2026-08-14T21:59:00Z,N21
FIRMS_80FCC813,35.96865,68.68522,1.43,304.61,60.0,2026-08-14T21:59:00Z,N21
FIRMS_C490ED76,25.38528,68.58351,1.62,307.94,60.0,2026-08-14T22:01:00Z,N21
FIRMS_7314183E,25.38565,68.58486,1.88,303.22,60.0,2026-08-14T22:01:00Z,N21
FIRMS_DF678300,28.60506,68.63354,1.54,315.83,60.0,2026-08-14T22:01:00Z,N21
FIRMS_7E4B8654,6.21003,80.83401,14.33,339.87,60.0,2026-08-15T07:31:00Z,N21
FIRMS_F8EE956B,6.21294,80.83305,13.88,340.15,60.0,2026-08-15T07:31:00Z,N21
FIRMS_DE9BDB8A,6.34164,80.96839,5.26,331.55,60.0,2026-08-15T07:31:00Z,N21
FIRMS_409F9975,6.34414,80.9715,4.72,334.9,60.0,2026-08-15T07:31:00Z,N21
FIRMS_041E8B06,6.37585,80.92576,6.89,340.34,60.0,2026-08-15T07:31:00Z,N21
FIRMS_1310B5BC,6.40648,80.86021,8.93,336.22,60.0,2026-08-15T07:31:00Z,N21
FIRMS_EF6807B9,6.41022,80.85487,8.93,341.95,60.0,2026-08-15T07:31:00Z,N21
FIRMS_0D0DFAF5,6.41098,80.85947,8.93,340.74,60.0,2026-08-15T07:31:00Z,N21
FIRMS_24BE7DBF,6.57335,81.02542,4.04,331.61,60.0,2026-08-15T07:31:00Z,N21
FIRMS_865B4819,6.57509,81.02931,6.12,335.3,60.0,2026-08-15T07:31:00Z,N21
FIRMS_470316B3,6.8002,81.45756,5.97,337.48,60.0,2026-08-15T07:31:00Z,N21
FIRMS_D8F9921A,6.8179,81.77073,10.24,338.92,60.0,2026-08-15T07:31:00Z,N21
FIRMS_14CAB79E,6.82533,80.93382,15.98,339.13,60.0,2026-08-15T07:31:00Z,N21
FIRMS_75B2E791,6.83064,81.82069,6.42,341.24,60.0,2026-08-15T07:31:00Z,N21
FIRMS_77CF8C57,6.83484,81.82001,6.42,333.03,60.0,2026-08-15T07:31:00Z,N21
FIRMS_0D39B5E9,6.85649,81.47797,5.96,330.34,60.0,2026-08-15T07:31:00Z,N21
FIRMS_7937796A,6.92094,81.76305,3.94,339.07,60.0,2026-08-15T07:31:00Z,N21
FIRMS_A3B899BF,6.94381,81.40282,4.82,334.58,60.0,2026-08-15T07:31:00Z,N21
FIRMS_79C49532,7.08328,81.79979,1.98,333.6,60.0,2026-08-15T07:31:00Z,N21
FIRMS_5EFBE9B8,7.1503,81.14139,9.09,351.3,60.0,2026-08-15T07:31:00Z,N21
FIRMS_A7DF8B11,7.18113,81.13814,5.41,334.17,60.0,2026-08-15T07:31:00Z,N21
FIRMS_46AFAC74,7.24438,81.22263,6.78,330.06,60.0,2026-08-15T07:31:00Z,N21
FIRMS_D480E477,7.24604,81.22257,5.53,333.78,60.0,2026-08-15T07:31:00Z,N21
FIRMS_7191D7B2,7.25339,81.69692,6.27,341.74,60.0,2026-08-15T07:31:00Z,N21
FIRMS_2AB0DBF2,7.32755,81.20414,3.26,331.82,60.0,2026-08-15T07:31:00Z,N21
FIRMS_3224EFF8,7.33812,81.75835,6.03,345.76,60.0,2026-08-15T07:31:00Z,N21
FIRMS_DC7A0A45,7.34098,81.75832,3.7,334.92,60.0,2026-08-15T07:31:00Z,N21
FIRMS_81C5A439,7.35088,81.26434,5.91,330.82,60.0,2026-08-15T07:31:00Z,N21
FIRMS_56F46A58,7.36726,81.57347,19.16,340.64,60.0,2026-08-15T07:31:00Z,N21
FIRMS_12D69288,7.36772,81.78117,5.5,335.28,60.0,2026-08-15T07:31:00Z,N21
FIRMS_712B775D,7.42879,81.68398,3.63,332.93,60.0,2026-08-15T07:31:00Z,N21
FIRMS_074DEC1F,7.45612,81.711,3.14,335.19,60.0,2026-08-15T07:31:00Z,N21
FIRMS_4260245C,7.45707,81.61497,4.2,330.54,60.0,2026-08-15T07:31:00Z,N21
FIRMS_B6515A93,7.46874,81.26617,2.33,335.82,60.0,2026-08-15T07:31:00Z,N21
FIRMS_47892D3F,8.34574,80.26852,12.67,342.73,60.0,2026-08-15T07:31:00Z,N21
FIRMS_55A8328A,8.55993,80.88537,5.42,331.76,60.0,2026-08-15T07:31:00Z,N21
FIRMS_7EBC620A,8.58594,80.88092,5.02,332.42,60.0,2026-08-15T07:31:00Z,N21
FIRMS_5222E45A,8.65685,80.3439,7.09,330.4,60.0,2026-08-15T07:31:00Z,N21
FIRMS_C2F2D1CB,8.67171,80.74458,7.98,341.28,60.0,2026-08-15T07:31:00Z,N21
FIRMS_ED461134,8.86656,80.74407,20.64,354.37,60.0,2026-08-15T07:31:00Z,N21
FIRMS_FE87E949,8.9634,80.59599,4.48,331.45,60.0,2026-08-15T07:31:00Z,N21
FIRMS_C4A79AB9,8.98859,80.55738,4.45,330.44,60.0,2026-08-15T07:31:00Z,N21
FIRMS_1C67DE8F,9.00865,80.94003,4.51,331.45,60.0,2026-08-15T07:31:00Z,N21
FIRMS_4EFC2FF3,12.12039,78.81626,6.52,330.59,60.0,2026-08-15T07:31:00Z,N21
FIRMS_B570945F,14.42142,79.66338,4.17,332.09,60.0,2026-08-15T07:33:00Z,N21
FIRMS_B0442526,17.46508,79.2121,3.73,333.24,60.0,2026-08-15T07:33:00Z,N21
FIRMS_4574D47B,17.46703,79.2114,4.98,331.08,60.0,2026-08-15T07:33:00Z,N21
FIRMS_87AF49D6,27.26608,88.32048,1.72,329.65,60.0,2026-08-15T07:35:00Z,N21
FIRMS_2427186E,28.161,95.59473,23.76,347.52,60.0,2026-08-15T07:35:00Z,N21
FIRMS_B0EAC407,27.39476,70.4882,3.22,335.01,60.0,2026-08-15T07:37:00Z,N21
FIRMS_7624F45E,29.11967,71.58085,5.41,341.5,60.0,2026-08-15T07:37:00Z,N21
FIRMS_7A8A040B,29.92389,72.90993,5.8,338.7,60.0,2026-08-15T07:37:00Z,N21
FIRMS_6673DBDB,30.02899,72.97473,5.01,330.36,60.0,2026-08-15T07:37:00Z,N21
FIRMS_C4B80AB9,30.28172,72.8243,4.34,334.1,60.0,2026-08-15T07:37:00Z,N21
FIRMS_519A0D14,30.54581,72.20315,1.37,330.73,60.0,2026-08-15T07:37:00Z,N21
FIRMS_73FA336F,30.81275,71.88013,1.86,331.9,60.0,2026-08-15T07:37:00Z,N21
FIRMS_14397069,31.18967,72.09116,9.56,340.32,60.0,2026-08-15T07:37:00Z,N21
FIRMS_4218CFF8,31.64515,72.16448,6.44,334.39,60.0,2026-08-15T07:37:00Z,N21
FIRMS_AAA510DE,30.4122,72.07243,6.28,330.84,60.0,2026-08-15T09:17:00Z,N21
FIRMS_B765E948,19.36904,71.35521,2.82,308.92,60.0,2026-08-15T20:04:00Z,N21
FIRMS_CCCA1F8C,19.36949,71.35018,2.82,310.33,60.0,2026-08-15T20:04:00Z,N21
FIRMS_0A80A318,22.5921,85.90424,1.28,305.4,60.0,2026-08-15T20:04:00Z,N21
FIRMS_1A89F939,22.60765,85.91538,0.99,303.87,60.0,2026-08-15T20:04:00Z,N21
FIRMS_3966CAD8,22.7896,86.19486,1.93,303.96,60.0,2026-08-15T20:04:00Z,N21
FIRMS_494B72A6,22.7903,86.21149,1.16,304.71,60.0,2026-08-15T20:04:00Z,N21
FIRMS_917FABF2,22.80027,86.09014,1.94,314.02,60.0,2026-08-15T20:04:00Z,N21
FIRMS_D1FA532C,23.56034,87.08199,0.3,298.46,60.0,2026-08-15T20:04:00Z,N21
FIRMS_D076DBAD,23.66343,87.15858,1.18,305.82,60.0,2026-08-15T20:04:00Z,N21
FIRMS_E1058AA6,23.66418,87.15434,2.82,318.53,60.0,2026-08-15T20:04:00Z,N21
FIRMS_F7E0C3EC,23.6748,86.08788,1.64,300.76,60.0,2026-08-15T20:04:00Z,N21
FIRMS_5141C679,23.67487,86.10822,0.86,307.29,60.0,2026-08-15T20:04:00Z,N21
FIRMS_FCB1AF39,23.67553,86.10428,0.92,298.55,60.0,2026-08-15T20:04:00Z,N21
FIRMS_A1211A5C,23.68087,86.09315,1.2,301.73,60.0,2026-08-15T20:04:00Z,N21
FIRMS_59212A5A,23.6883,87.1198,1.2,308.36,60.0,2026-08-15T20:04:00Z,N21
FIRMS_4B65F99D,23.68853,87.0979,0.71,298.0,60.0,2026-08-15T20:04:00Z,N21
FIRMS_E55BBE09,23.68891,86.08664,1.72,309.32,60.0,2026-08-15T20:04:00Z,N21
FIRMS_11B9DA2E,23.69104,87.12474,1.2,304.85,60.0,2026-08-15T20:04:00Z,N21
FIRMS_00098CA2,23.69178,87.12051,1.2,311.83,60.0,2026-08-15T20:04:00Z,N21
FIRMS_246E8D14,23.69252,87.11627,0.72,303.55,60.0,2026-08-15T20:04:00Z,N21
FIRMS_2051A1BC,23.69326,87.11204,0.72,299.87,60.0,2026-08-15T20:04:00Z,N21
FIRMS_880A0D82,23.694,87.1078,0.75,300.63,60.0,2026-08-15T20:04:00Z,N21
FIRMS_962A7286,23.69623,87.09511,0.55,301.89,60.0,2026-08-15T20:04:00Z,N21
FIRMS_216334E7,23.7556,86.40281,1.28,301.35,60.0,2026-08-15T20:04:00Z,N21
FIRMS_D943F354,23.75899,86.40348,1.05,308.39,60.0,2026-08-15T20:04:00Z,N21
FIRMS_BB934E60,23.75966,86.3995,1.04,295.89,60.0,2026-08-15T20:04:00Z,N21
FIRMS_72B2E88B,23.76238,86.40415,1.05,303.35,60.0,2026-08-15T20:04:00Z,N21
FIRMS_A3D1CDE9,23.76577,86.40484,0.68,299.35,60.0,2026-08-15T20:04:00Z,N21
FIRMS_F01E7504,23.76645,86.40085,0.87,297.18,60.0,2026-08-15T20:04:00Z,N21
FIRMS_948EB25A,23.7725,86.36485,0.48,297.12,60.0,2026-08-15T20:04:00Z,N21
FIRMS_3AF4407E,23.77284,86.19653,1.2,298.99,60.0,2026-08-15T20:04:00Z,N21
FIRMS_A6FECD01,23.77422,86.20907,1.37,296.75,60.0,2026-08-15T20:04:00Z,N21
FIRMS_F9FE68F6,23.77592,86.38617,0.99,296.63,60.0,2026-08-15T20:04:00Z,N21
FIRMS_FD3518C2,23.77759,86.20972,1.81,303.54,60.0,2026-08-15T20:04:00Z,N21
FIRMS_CA11EA4C,23.77826,86.20576,1.26,295.41,60.0,2026-08-15T20:04:00Z,N21
FIRMS_19B442BA,23.77864,86.39085,1.37,305.66,60.0,2026-08-15T20:04:00Z,N21
FIRMS_C2ED52C8,23.78097,86.21037,1.81,314.57,60.0,2026-08-15T20:04:00Z,N21
FIRMS_8BACAFE3,23.78329,86.34228,1.02,301.4,60.0,2026-08-15T20:04:00Z,N21
FIRMS_FC59506E,23.79641,86.35195,1.27,305.87,60.0,2026-08-15T20:04:00Z,N21
FIRMS_E7FB17FD,23.80117,86.32407,1.89,311.36,60.0,2026-08-15T20:04:00Z,N21
FIRMS_1BE76E3F,23.8032,86.33268,1.54,303.78,60.0,2026-08-15T20:04:00Z,N21
FIRMS_BD619CA7,23.80388,86.3287,1.54,315.04,60.0,2026-08-15T20:04:00Z,N21
FIRMS_70B9C468,24.13888,82.70657,0.47,297.09,60.0,2026-08-15T20:04:00Z,N21
FIRMS_1C31D9AE,24.18051,82.64401,0.71,299.92,60.0,2026-08-15T20:04:00Z,N21
FIRMS_11269E13,25.94142,72.18773,0.81,302.88,60.0,2026-08-15T20:04:00Z,N21
FIRMS_6D2F079C,12.28897,78.93392,1.08,302.16,60.0,2026-08-15T20:06:00Z,N21
FIRMS_079C26A0,12.8923,79.8503,1.16,307.39,60.0,2026-08-15T20:06:00Z,N21
FIRMS_68FA6DB2,13.60485,76.79096,0.43,298.68,60.0,2026-08-15T20:06:00Z,N21
FIRMS_0B3CD30A,15.02366,78.01456,2.22,315.9,60.0,2026-08-15T20:06:00Z,N21
FIRMS_6B191962,15.17528,76.65529,2.21,303.63,60.0,2026-08-15T20:06:00Z,N21
FIRMS_A2874E1A,15.18103,76.67553,2.24,301.52,60.0,2026-08-15T20:06:00Z,N21
FIRMS_9D01E65F,15.18153,76.6717,0.91,301.14,60.0,2026-08-15T20:06:00Z,N21
FIRMS_FFF3613E,15.18204,76.66786,0.91,300.67,60.0,2026-08-15T20:06:00Z,N21
FIRMS_70D2EB4B,18.67984,73.03214,1.39,305.58,60.0,2026-08-15T20:06:00Z,N21
FIRMS_3491623A,18.68459,73.04036,5.13,324.75,60.0,2026-08-15T20:06:00Z,N21
FIRMS_074162EC,18.68574,73.02896,1.63,310.28,60.0,2026-08-15T20:06:00Z,N21
FIRMS_B047D2D1,6.81887,81.1678,3.01,311.81,60.0,2026-08-15T20:08:00Z,N21
FIRMS_109989AE,6.8222,81.1683,3.01,339.82,60.0,2026-08-15T20:08:00Z,N21
FIRMS_CB736E4D,6.82274,81.16484,2.45,320.8,60.0,2026-08-15T20:08:00Z,N21
FIRMS_E015E14D,6.82442,81.17581,0.89,304.3,60.0,2026-08-15T20:08:00Z,N21
FIRMS_9BE2C29E,6.82497,81.17231,2.27,305.81,60.0,2026-08-15T20:08:00Z,N21
FIRMS_3C4B9DE6,6.82551,81.16883,2.27,330.1,60.0,2026-08-15T20:08:00Z,N21
FIRMS_9A1DA175,6.82774,81.17633,0.89,310.88,60.0,2026-08-15T20:08:00Z,N21
FIRMS_A6DBC9BF,6.82828,81.17284,2.27,303.18,60.0,2026-08-15T20:08:00Z,N21
FIRMS_90C0AC90,6.82883,81.16936,2.27,322.36,60.0,2026-08-15T20:08:00Z,N21
FIRMS_0ACAE6AD,7.22058,81.40455,0.97,309.55,60.0,2026-08-15T20:08:00Z,N21
FIRMS_5983FD07,7.35178,81.24212,0.67,307.36,60.0,2026-08-15T20:08:00Z,N21
FIRMS_682E29E0,7.36444,81.1833,1.74,320.07,60.0,2026-08-15T20:08:00Z,N21
FIRMS_82163F2D,7.57366,80.82872,1.57,311.49,60.0,2026-08-15T20:08:00Z,N21
FIRMS_2B9C5726,7.78481,81.04327,2.49,323.9,60.0,2026-08-15T20:08:00Z,N21
FIRMS_C42B7425,7.85618,80.696,1.0,305.3,60.0,2026-08-15T20:08:00Z,N21
FIRMS_12BD056C,8.84948,78.13552,0.4,301.57,60.0,2026-08-15T20:08:00Z,N21
FIRMS_DB606333,9.33689,78.60879,0.99,312.96,60.0,2026-08-15T20:08:00Z,N21
FIRMS_1446C04E,9.99166,77.401,0.64,300.49,60.0,2026-08-15T20:08:00Z,N21
FIRMS_171CE226,10.62463,79.11826,4.52,330.62,60.0,2026-08-15T20:08:00Z,N21
FIRMS_0082A2AC,11.26907,80.00451,0.87,305.33,60.0,2026-08-15T20:08:00Z,N21
FIRMS_44ABD695,11.85533,79.07175,0.53,303.95,60.0,2026-08-15T20:08:00Z,N21
FIRMS_0D7CA3D1,32.88685,71.61607,1.82,320.61,60.0,2026-08-15T21:42:00Z,N21
FIRMS_7017FB85,33.24547,71.29321,10.14,331.32,60.0,2026-08-15T21:42:00Z,N21
FIRMS_5B987A9F,33.24704,71.28671,9.23,315.15,60.0,2026-08-15T21:42:00Z,N21
FIRMS_27039EEE,33.24895,71.29324,15.4,338.33,60.0,2026-08-15T21:42:00Z,N21
FIRMS_9FBF445A,33.26885,71.58945,1.95,320.69,60.0,2026-08-15T21:42:00Z,N21
FIRMS_408391BF,33.26968,71.58597,2.01,321.13,60.0,2026-08-15T21:42:00Z,N21
FIRMS_806E53C1,33.27347,71.59229,1.95,306.37,60.0,2026-08-15T21:42:00Z,N21
FIRMS_2C129EB7,33.2743,71.5888,2.01,306.05,60.0,2026-08-15T21:42:00Z,N21
FIRMS_EC4D0314,34.07652,73.60866,1.38,301.93,60.0,2026-08-15T21:42:00Z,N21
FIRMS_C93F293D,35.96706,68.68438,1.77,309.4,60.0,2026-08-15T21:42:00Z,N21
FIRMS_0C75C85B,22.93069,69.69711,2.21,303.82,60.0,2026-08-15T21:44:00Z,N21
FIRMS_31CD943A,25.3861,68.58177,1.36,314.29,60.0,2026-08-15T21:44:00Z,N21
FIRMS_7485C231,25.94344,72.19431,1.05,304.75,60.0,2026-08-15T21:44:00Z,N21
FIRMS_5BBE1DE0,6.27422,81.20115,10.26,342.23,60.0,2026-08-16T07:12:00Z,N21
FIRMS_C7D3AB3B,6.72873,81.53091,9.04,329.44,60.0,2026-08-16T07:12:00Z,N21
FIRMS_FED53C19,6.73036,81.5309,7.08,326.51,60.0,2026-08-16T07:12:00Z,N21
FIRMS_1FC13F8F,7.12773,81.78214,4.43,332.58,60.0,2026-08-16T07:12:00Z,N21
FIRMS_567B77A5,7.6886,81.24031,8.47,330.65,60.0,2026-08-16T07:12:00Z,N21
FIRMS_1B74BA3A,7.74041,81.5532,4.74,326.0,60.0,2026-08-16T07:12:00Z,N21
FIRMS_623AC705,7.74058,81.25821,4.65,331.36,60.0,2026-08-16T07:12:00Z,N21
FIRMS_979CCE67,7.81138,81.451,9.43,346.66,60.0,2026-08-16T07:12:00Z,N21
FIRMS_FC75E1F1,7.81161,81.4511,9.82,347.47,60.0,2026-08-16T07:12:00Z,N21
FIRMS_7EF9170C,7.85742,81.47301,4.71,333.25,60.0,2026-08-16T07:12:00Z,N21
FIRMS_69DE0622,7.85818,81.47717,4.71,330.5,60.0,2026-08-16T07:12:00Z,N21
FIRMS_64843FA7,7.87936,81.49487,4.28,331.21,60.0,2026-08-16T07:12:00Z,N21
FIRMS_BA83E49F,7.88591,81.49801,3.34,328.17,60.0,2026-08-16T07:12:00Z,N21
FIRMS_28C54EC0,8.53403,80.71341,5.31,326.44,60.0,2026-08-16T07:14:00Z,N21
FIRMS_0CEE94E0,8.99591,80.56696,13.91,339.09,60.0,2026-08-16T07:14:00Z,N21
FIRMS_F946EEE4,9.32025,79.30572,8.23,339.31,60.0,2026-08-16T07:14:00Z,N21
FIRMS_C45604F9,12.04138,79.50053,2.99,330.89,60.0,2026-08-16T07:14:00Z,N21
FIRMS_5C5A6737,12.54379,79.81878,2.73,332.84,60.0,2026-08-16T07:14:00Z,N21
FIRMS_C132FA27,22.79004,86.20013,8.88,335.59,30.0,2026-08-16T07:16:00Z,N21
FIRMS_5C433D37,30.65581,74.16112,4.09,330.51,60.0,2026-08-16T07:20:00Z,N21
FIRMS_3C518B90,31.06983,72.31466,3.26,330.1,60.0,2026-08-16T07:20:00Z,N21
FIRMS_9B45DAEA,9.8602,78.09454,5.02,336.21,60.0,2026-08-16T08:54:00Z,N21
FIRMS_982AC266,10.78027,78.65516,6.49,330.25,60.0,2026-08-16T08:54:00Z,N21
FIRMS_546CE3D3,10.78192,78.65462,10.84,333.66,60.0,2026-08-16T08:54:00Z,N21
FIRMS_FFDA2EF5,10.98471,77.71185,3.62,332.97,60.0,2026-08-16T08:54:00Z,N21
FIRMS_1537FD52,11.81638,78.73512,17.18,339.76,60.0,2026-08-16T08:54:00Z,N21
FIRMS_04A9ADB2,11.8171,78.74201,17.18,351.81,60.0,2026-08-16T08:54:00Z,N21
FIRMS_CBF943D9,11.82039,78.73884,25.54,367.0,90.0,2026-08-16T08:54:00Z,N21
FIRMS_1E69BBD1,15.34949,76.66209,9.27,339.72,60.0,2026-08-16T08:56:00Z,N21
FIRMS_1C6568E8,24.83162,68.06013,3.53,331.87,60.0,2026-08-16T08:58:00Z,N21
FIRMS_2E12C63C,25.38798,68.5843,3.27,330.23,60.0,2026-08-16T08:58:00Z,N21
FIRMS_C032DCEF,25.45137,68.5841,3.56,338.25,60.0,2026-08-16T08:58:00Z,N21
FIRMS_604E5DC5,26.66642,72.53803,4.49,342.67,60.0,2026-08-16T08:58:00Z,N21
FIRMS_230A0FB8,27.32211,71.15809,1.24,331.95,60.0,2026-08-16T08:58:00Z,N21
FIRMS_46E660C3,29.48124,71.53732,2.52,331.93,60.0,2026-08-16T09:00:00Z,N21
FIRMS_EAFABE78,29.55423,71.79945,2.3,333.2,60.0,2026-08-16T09:00:00Z,N21
FIRMS_BB6EB3D6,30.29342,72.23746,1.79,330.16,60.0,2026-08-16T09:00:00Z,N21
FIRMS_31AFC800,30.42836,71.52303,3.53,331.13,60.0,2026-08-16T09:00:00Z,N21
FIRMS_5446BF86,30.42939,71.52345,3.01,330.7,60.0,2026-08-16T09:00:00Z,N21
FIRMS_66D956AE,33.26759,71.31009,1.53,331.28,60.0,2026-08-16T09:00:00Z,N21
FIRMS_851238AB,33.2701,71.31081,1.4,332.27,60.0,2026-08-16T09:00:00Z,N21
FIRMS_88DD9BBB,22.943,85.96716,0.48,299.72,60.0,2026-08-16T19:45:00Z,N21
FIRMS_8BE25E6C,23.55419,87.24378,0.71,296.68,60.0,2026-08-16T19:45:00Z,N21
FIRMS_9D7BA57A,23.55757,87.24435,0.71,296.81,60.0,2026-08-16T19:45:00Z,N21
FIRMS_2B97393C,23.55814,87.24041,0.71,305.45,60.0,2026-08-16T19:45:00Z,N21
FIRMS_C4841146,23.61046,85.67487,1.15,306.4,60.0,2026-08-16T19:45:00Z,N21
FIRMS_EE6CB4CB,23.63182,86.29402,0.56,303.6,60.0,2026-08-16T19:45:00Z,N21
FIRMS_2335ECA2,23.64515,85.43939,1.23,311.53,60.0,2026-08-16T19:45:00Z,N21
FIRMS_DCE7A10B,23.64878,85.43997,1.23,305.99,60.0,2026-08-16T19:45:00Z,N21
FIRMS_7C879974,23.64938,85.43539,1.23,301.78,60.0,2026-08-16T19:45:00Z,N21
FIRMS_6C13058B,23.66669,86.09028,0.47,300.02,60.0,2026-08-16T19:45:00Z,N21
FIRMS_366C4226,23.67433,86.08707,1.85,300.96,60.0,2026-08-16T19:45:00Z,N21
FIRMS_033D2743,23.68079,86.0925,1.39,309.97,60.0,2026-08-16T19:45:00Z,N21
FIRMS_697F25AE,23.68196,86.08386,2.1,316.5,60.0,2026-08-16T19:45:00Z,N21
FIRMS_CE30F421,23.69549,85.36719,1.0,299.67,60.0,2026-08-16T19:45:00Z,N21
FIRMS_7B7B8841,23.70859,86.44773,0.99,298.14,60.0,2026-08-16T19:45:00Z,N21
FIRMS_F92FF49C,23.71148,86.4525,1.42,300.44,60.0,2026-08-16T19:45:00Z,N21
FIRMS_15D82EF2,23.71972,85.00926,0.81,300.77,60.0,2026-08-16T19:45:00Z,N21
FIRMS_1A458618,23.74472,85.50453,0.79,302.03,60.0,2026-08-16T19:45:00Z,N21
FIRMS_29326727,23.75303,85.85423,1.52,304.48,60.0,2026-08-16T19:45:00Z,N21
FIRMS_14E7B592,23.75659,85.8548,2.79,307.66,60.0,2026-08-16T19:45:00Z,N21
FIRMS_B2F35288,23.77124,86.19823,1.31,306.72,60.0,2026-08-16T19:45:00Z,N21
FIRMS_AF8A6F16,23.77694,85.99603,1.29,304.0,60.0,2026-08-16T19:45:00Z,N21
FIRMS_D510A616,23.77708,86.20795,1.66,302.66,60.0,2026-08-16T19:45:00Z,N21
FIRMS_D64B5247,23.7797,85.57503,1.46,299.88,60.0,2026-08-16T19:45:00Z,N21
FIRMS_5131BEDF,23.78,86.21283,1.3,308.95,60.0,2026-08-16T19:45:00Z,N21
FIRMS_640072BD,23.78059,86.20853,1.8,309.33,60.0,2026-08-16T19:45:00Z,N21
FIRMS_96B58F43,23.78091,85.56597,0.87,300.19,60.0,2026-08-16T19:45:00Z,N21
FIRMS_B52D7602,23.78436,87.08208,1.1,298.61,60.0,2026-08-16T19:45:00Z,N21
FIRMS_F477C5A4,23.78634,85.55292,0.88,303.98,60.0,2026-08-16T19:45:00Z,N21
FIRMS_86164597,23.80093,86.32062,0.64,295.85,60.0,2026-08-16T19:45:00Z,N21
FIRMS_7ED71F45,23.80324,86.32969,0.97,301.39,60.0,2026-08-16T19:45:00Z,N21
FIRMS_8C06F7DA,23.80384,86.32544,0.64,299.72,60.0,2026-08-16T19:45:00Z,N21
FIRMS_06B5327D,23.80443,86.32117,0.64,296.07,60.0,2026-08-16T19:45:00Z,N21
FIRMS_A32AB6B9,23.82172,84.57381,2.21,312.73,60.0,2026-08-16T19:45:00Z,N21
FIRMS_C8B32B93,23.82553,84.57439,1.56,302.71,60.0,2026-08-16T19:45:00Z,N21
FIRMS_B51B6768,25.03663,87.39027,1.15,306.75,60.0,2026-08-16T19:45:00Z,N21
FIRMS_C24E57E1,27.60651,95.3998,1.33,306.05,60.0,2026-08-16T19:45:00Z,N21
FIRMS_5512F22A,9.55356,80.39687,2.21,310.75,60.0,2026-08-16T19:47:00Z,N21
FIRMS_59113C0F,17.60533,83.20322,1.92,304.52,60.0,2026-08-16T19:47:00Z,N21
FIRMS_32AE36C8,17.60915,83.20374,1.92,313.98,60.0,2026-08-16T19:47:00Z,N21
FIRMS_F0CD3F8F,6.33347,81.09756,1.18,307.62,60.0,2026-08-16T19:49:00Z,N21
FIRMS_B88CFF63,6.60704,81.18831,2.66,314.52,60.0,2026-08-16T19:49:00Z,N21
FIRMS_00E48C9C,7.34665,81.24255,2.95,318.21,60.0,2026-08-16T19:49:00Z,N21
FIRMS_A08AB814,7.35546,81.23488,2.0,306.48,60.0,2026-08-16T19:49:00Z,N21
FIRMS_07E7E59A,7.3592,81.23557,2.0,322.13,60.0,2026-08-16T19:49:00Z,N21
FIRMS_99C29F35,7.36296,81.23614,2.19,308.26,60.0,2026-08-16T19:49:00Z,N21
FIRMS_A906EF26,7.38559,80.92175,1.9,317.99,60.0,2026-08-16T19:49:00Z,N21
FIRMS_28EC6684,7.38936,80.92271,1.9,303.61,60.0,2026-08-16T19:49:00Z,N21
FIRMS_DCD1FC63,7.39381,80.91906,3.28,308.12,60.0,2026-08-16T19:49:00Z,N21
FIRMS_2DEF82D1,7.39765,80.9196,3.28,330.74,60.0,2026-08-16T19:49:00Z,N21
FIRMS_AAF819A9,7.52652,81.07214,2.36,312.72,60.0,2026-08-16T19:49:00Z,N21
FIRMS_600308AF,8.16924,79.92157,2.56,313.16,60.0,2026-08-16T19:49:00Z,N21
FIRMS_7D765A30,8.16977,79.91773,2.56,315.75,60.0,2026-08-16T19:49:00Z,N21
FIRMS_7747E9E7,9.11096,78.39349,4.95,314.8,60.0,2026-08-16T19:49:00Z,N21
FIRMS_8A224497,9.11447,78.39108,5.24,315.86,60.0,2026-08-16T19:49:00Z,N21
FIRMS_B7BB04C2,15.17715,76.65617,1.88,297.93,60.0,2026-08-16T19:49:00Z,N21
FIRMS_650971F3,15.18195,76.6647,1.99,296.28,60.0,2026-08-16T19:49:00Z,N21
FIRMS_C48E4397,27.08006,73.81753,0.76,306.1,60.0,2026-08-16T21:23:00Z,N21
FIRMS_A5AB9367,29.65267,70.06118,4.56,310.77,60.0,2026-08-16T21:23:00Z,N21
FIRMS_93B77B5A,32.88632,71.61758,5.0,312.79,60.0,2026-08-16T21:23:00Z,N21
FIRMS_AA24122A,33.24653,71.29191,8.4,335.0,60.0,2026-08-16T21:23:00Z,N21
FIRMS_43DE07EF,33.29551,71.18412,4.38,311.38,60.0,2026-08-16T21:23:00Z,N21
FIRMS_30BB8DD7,35.96449,68.68557,1.65,310.64,60.0,2026-08-16T21:23:00Z,N21
FIRMS_AF0C3373,30.31607,74.10844,1.19,306.72,60.0,2026-08-16T21:25:00Z,N21
FIRMS_19C9277F,31.25765,76.92495,0.88,305.34,60.0,2026-08-16T21:25:00Z,N21
FIRMS_8400B7DB,32.28852,70.73872,5.5,310.09,60.0,2026-08-16T21:25:00Z,N21
FIRMS_C827567D,32.29426,70.7293,5.63,311.92,60.0,2026-08-16T21:25:00Z,N21
FIRMS_609ED043,15.65921,73.99104,2.43,300.34,60.0,2026-08-16T21:27:00Z,N21
FIRMS_F7DE4A08,7.2664,81.16337,3.87,342.21,60.0,2026-08-17T08:35:00Z,N21
FIRMS_0EFBD39C,7.32056,81.19196,2.68,336.97,60.0,2026-08-17T08:35:00Z,N21
FIRMS_7D436B9D,7.39113,80.9198,6.4,341.45,60.0,2026-08-17T08:35:00Z,N21
FIRMS_A1E7E6CE,7.39915,81.31655,4.42,331.74,60.0,2026-08-17T08:35:00Z,N21
FIRMS_5BC9C166,7.4331,81.27422,4.16,337.1,60.0,2026-08-17T08:35:00Z,N21
FIRMS_1E6403DE,7.43358,81.27782,4.16,330.15,60.0,2026-08-17T08:35:00Z,N21
FIRMS_A59DC92C,7.50165,81.70193,11.33,346.57,60.0,2026-08-17T08:35:00Z,N21
FIRMS_C126A738,7.87359,81.50182,5.78,336.75,60.0,2026-08-17T08:35:00Z,N21
FIRMS_9B4D8C59,7.89159,81.50729,15.37,367.0,90.0,2026-08-17T08:35:00Z,N21
FIRMS_56F4A94A,7.89726,81.50655,5.71,353.94,60.0,2026-08-17T08:35:00Z,N21
FIRMS_645AAC47,7.92394,81.44764,21.91,367.0,90.0,2026-08-17T08:35:00Z,N21
FIRMS_A613C0D2,7.92716,81.44733,21.05,367.0,90.0,2026-08-17T08:35:00Z,N21
FIRMS_DE2E691F,7.92815,81.45513,9.14,337.18,60.0,2026-08-17T08:35:00Z,N21
FIRMS_29466064,7.93063,81.45465,6.98,331.51,60.0,2026-08-17T08:35:00Z,N21
FIRMS_47AACA26,7.99335,81.47007,10.42,347.94,60.0,2026-08-17T08:35:00Z,N21
FIRMS_CE75824F,8.29178,80.20657,4.84,349.28,60.0,2026-08-17T08:35:00Z,N21
FIRMS_68904022,8.33511,80.32809,8.68,351.13,60.0,2026-08-17T08:35:00Z,N21
FIRMS_40C123B2,8.35516,80.23605,6.23,336.82,60.0,2026-08-17T08:35:00Z,N21
FIRMS_42D30D5E,8.4347,80.27039,4.75,335.31,60.0,2026-08-17T08:35:00Z,N21
FIRMS_42EA2F97,8.61098,80.90356,7.17,334.62,60.0,2026-08-17T08:35:00Z,N21
FIRMS_4E107574,8.61187,80.9042,5.59,330.58,60.0,2026-08-17T08:35:00Z,N21
FIRMS_4102EB3A,8.6437,81.15678,6.28,342.0,60.0,2026-08-17T08:35:00Z,N21
FIRMS_4EC4035F,8.6486,80.92891,5.04,332.79,60.0,2026-08-17T08:35:00Z,N21
FIRMS_C567483E,9.24176,77.44679,5.09,341.82,60.0,2026-08-17T08:35:00Z,N21
FIRMS_23DFC87B,10.03546,78.13702,6.1,337.73,60.0,2026-08-17T08:35:00Z,N21
FIRMS_1AA85344,13.79972,76.19382,3.27,334.03,60.0,2026-08-17T08:35:00Z,N21
FIRMS_BB23E022,13.8013,76.19715,3.24,329.29,60.0,2026-08-17T08:35:00Z,N21
FIRMS_D4585F93,13.83939,79.28998,9.85,353.64,60.0,2026-08-17T08:35:00Z,N21
FIRMS_225D5B0D,22.92817,70.10563,7.37,336.46,60.0,2026-08-17T08:37:00Z,N21
FIRMS_E81A2DE0,26.25026,68.67915,1.99,332.37,60.0,2026-08-17T08:39:00Z,N21
FIRMS_3E0C2D17,28.4256,69.70148,3.61,332.47,30.0,2026-08-17T08:39:00Z,N21
FIRMS_24719FF9,29.74614,72.74622,6.44,340.79,60.0,2026-08-17T08:39:00Z,N21
FIRMS_517DADD6,29.74628,72.74486,4.81,342.33,60.0,2026-08-17T08:39:00Z,N21
FIRMS_45B4647A,29.8732,71.97434,5.37,341.93,60.0,2026-08-17T08:39:00Z,N21
FIRMS_6181681E,29.96727,71.81561,14.98,333.78,60.0,2026-08-17T08:39:00Z,N21
FIRMS_A7981D7C,29.96807,71.81213,7.13,347.67,60.0,2026-08-17T08:39:00Z,N21
FIRMS_D5F1E429,30.05039,71.85397,2.76,335.48,60.0,2026-08-17T08:39:00Z,N21
FIRMS_C961D218,30.05653,73.05453,2.2,330.83,60.0,2026-08-17T08:39:00Z,N21
FIRMS_30AF5FBE,30.23092,72.74467,3.06,336.6,60.0,2026-08-17T08:39:00Z,N21
FIRMS_4B8D9245,30.23519,72.74408,3.06,332.14,60.0,2026-08-17T08:39:00Z,N21
FIRMS_D90B4D11,30.33101,72.12306,4.72,339.42,60.0,2026-08-17T08:39:00Z,N21
FIRMS_3EBB5E92,30.39001,71.93393,3.58,331.13,60.0,2026-08-17T08:39:00Z,N21
FIRMS_3820B15D,30.39046,71.93812,3.58,335.44,60.0,2026-08-17T08:39:00Z,N21
FIRMS_0BF4F8F8,30.51935,72.13802,11.12,342.95,60.0,2026-08-17T08:39:00Z,N21
FIRMS_3702925E,32.03855,71.12624,6.14,330.64,30.0,2026-08-17T08:41:00Z,N21
FIRMS_BF87F030,35.53459,73.64557,10.47,340.98,60.0,2026-08-17T08:41:00Z,N21
FIRMS_4C9D5CDB,35.99096,94.83268,1.14,301.55,60.0,2026-08-17T19:21:00Z,N21
FIRMS_FDCF6452,27.031,94.89075,1.18,309.57,60.0,2026-08-17T19:23:00Z,N21
FIRMS_A679D8F6,29.6568,90.89762,1.23,300.17,60.0,2026-08-17T19:23:00Z,N21
FIRMS_D5923B06,13.16142,80.28265,3.98,304.07,60.0,2026-08-17T19:28:00Z,N21
FIRMS_650FC235,7.53389,81.06435,3.23,310.13,60.0,2026-08-17T19:30:00Z,N21
FIRMS_EEC4691C,7.53412,81.0651,3.45,307.27,60.0,2026-08-17T19:30:00Z,N21
FIRMS_E684148C,8.82826,80.98963,1.37,308.31,60.0,2026-08-17T19:30:00Z,N21
FIRMS_3CCE1B08,8.83055,80.98969,1.25,306.83,60.0,2026-08-17T19:30:00Z,N21
FIRMS_32379D22,10.35903,77.1489,6.91,319.67,60.0,2026-08-17T19:30:00Z,N21
FIRMS_09BC023D,10.35939,77.14571,5.3,296.3,60.0,2026-08-17T19:30:00Z,N21
FIRMS_65F52969,10.35987,77.14751,6.74,327.12,60.0,2026-08-17T19:30:00Z,N21
FIRMS_55F1A1C9,32.28912,70.73994,2.87,310.97,60.0,2026-08-17T21:04:00Z,N21
FIRMS_FBBDEB48,32.29365,70.73258,3.42,315.19,60.0,2026-08-17T21:04:00Z,N21
FIRMS_1D5E5F33,33.54692,71.55016,2.63,309.28,60.0,2026-08-17T21:04:00Z,N21
FIRMS_D5E1B368,33.68682,72.71232,2.3,306.89,60.0,2026-08-17T21:04:00Z,N21
FIRMS_6DD9C2BB,34.35151,79.23702,0.15,298.14,60.0,2026-08-17T21:04:00Z,N21
FIRMS_64333CF6,35.9665,68.68799,2.51,310.19,60.0,2026-08-17T21:04:00Z,N21
FIRMS_0F9A1BAC,24.65676,73.87511,1.59,298.79,60.0,2026-08-17T21:06:00Z,N21
FIRMS_13D86937,24.69074,73.00394,1.37,303.84,60.0,2026-08-17T21:06:00Z,N21
FIRMS_0CE89ABD,25.79395,68.69897,1.65,318.01,60.0,2026-08-17T21:06:00Z,N21
FIRMS_F92FE2A3,26.87534,73.51603,1.97,306.1,60.0,2026-08-17T21:06:00Z,N21
FIRMS_071B5E4D,18.80348,74.25902,1.36,305.8,60.0,2026-08-17T21:08:00Z,N21
FIRMS_513829C3,18.95518,73.94185,4.07,317.44,60.0,2026-08-17T21:08:00Z,N21
FIRMS_E23386A0,21.10417,72.63689,3.49,314.85,60.0,2026-08-17T21:08:00Z,N21
FIRMS_61DD29F6,29.30354,90.72451,4.9,345.34,60.0,2026-08-18T06:40:00Z,N21
FIRMS_D1C638A2,29.35089,90.75677,3.27,325.55,30.0,2026-08-18T06:40:00Z,N21
FIRMS_4FEEF23B,6.2975,80.9319,2.78,333.2,60.0,2026-08-18T08:16:00Z,N21
FIRMS_B59F3542,6.41662,81.1248,3.13,336.74,60.0,2026-08-18T08:16:00Z,N21
FIRMS_5FEF6C40,6.69469,81.38706,6.78,338.84,60.0,2026-08-18T08:16:00Z,N21
FIRMS_35371547,6.70715,81.38871,3.75,330.58,30.0,2026-08-18T08:16:00Z,N21
FIRMS_6645470B,6.71515,81.35909,4.05,330.73,60.0,2026-08-18T08:16:00Z,N21
FIRMS_A7732420,6.74161,81.43004,6.83,343.18,60.0,2026-08-18T08:16:00Z,N21
FIRMS_9EB96743,6.78113,81.42056,1.97,330.22,60.0,2026-08-18T08:16:00Z,N21
FIRMS_76842B44,6.78998,81.43993,9.55,343.08,60.0,2026-08-18T08:16:00Z,N21
FIRMS_850CAE8A,6.80445,81.48488,11.16,343.79,60.0,2026-08-18T08:16:00Z,N21
FIRMS_E9F0C493,6.84641,81.72606,3.11,336.96,60.0,2026-08-18T08:16:00Z,N21
FIRMS_0A73E170,6.86329,81.72737,4.69,337.24,60.0,2026-08-18T08:16:00Z,N21
FIRMS_A846B7EC,7.01023,81.5056,7.98,341.1,60.0,2026-08-18T08:16:00Z,N21
FIRMS_06245CBA,7.01084,81.50219,5.12,330.69,60.0,2026-08-18T08:16:00Z,N21
FIRMS_FF0A339E,7.01133,81.50574,7.45,340.83,60.0,2026-08-18T08:16:00Z,N21
FIRMS_C9E915E0,7.014,81.40668,7.75,340.53,60.0,2026-08-18T08:16:00Z,N21
FIRMS_D308E05F,7.05427,81.51781,6.59,345.17,60.0,2026-08-18T08:16:00Z,N21
FIRMS_393E995C,7.16336,81.70305,14.71,355.75,60.0,2026-08-18T08:16:00Z,N21
FIRMS_3088A87A,7.16746,81.70244,14.71,347.53,60.0,2026-08-18T08:16:00Z,N21
FIRMS_6660FC06,7.17004,81.72101,6.12,341.52,60.0,2026-08-18T08:16:00Z,N21
FIRMS_1B22BDB4,7.26013,81.21305,5.46,341.69,60.0,2026-08-18T08:16:00Z,N21
FIRMS_076A5C7C,7.26063,81.21656,5.15,347.72,60.0,2026-08-18T08:16:00Z,N21
FIRMS_6ADF8F17,7.26462,81.21607,5.15,335.44,30.0,2026-08-18T08:16:00Z,N21
FIRMS_24E15876,7.26512,81.21956,5.15,332.52,30.0,2026-08-18T08:16:00Z,N21
FIRMS_C1764B08,7.28304,81.20301,3.4,333.88,30.0,2026-08-18T08:16:00Z,N21
FIRMS_0598919D,7.31962,81.12691,2.65,336.79,60.0,2026-08-18T08:16:00Z,N21
FIRMS_86CC2E06,7.32622,81.28967,3.65,333.12,30.0,2026-08-18T08:16:00Z,N21
FIRMS_5B12BD3C,7.34138,81.45759,4.09,338.58,60.0,2026-08-18T08:16:00Z,N21
FIRMS_78BBCFD1,7.34684,81.20472,5.15,338.43,60.0,2026-08-18T08:16:00Z,N21
FIRMS_DACE0BC0,7.34705,81.40949,3.79,332.84,30.0,2026-08-18T08:16:00Z,N21
FIRMS_7D2E024D,7.36725,81.31976,1.93,330.58,30.0,2026-08-18T08:16:00Z,N21
FIRMS_5C0F3261,7.41823,81.73935,4.7,340.46,60.0,2026-08-18T08:16:00Z,N21
FIRMS_7B9C350A,7.44026,81.2726,9.12,341.37,60.0,2026-08-18T08:16:00Z,N21
FIRMS_F51E99A3,7.44075,81.27608,9.69,342.55,60.0,2026-08-18T08:16:00Z,N21
FIRMS_3BEEE39A,7.47583,81.70065,3.37,331.75,60.0,2026-08-18T08:16:00Z,N21
FIRMS_C13BFEF6,7.49226,81.20799,4.55,330.06,30.0,2026-08-18T08:16:00Z,N21
FIRMS_504558E8,7.50358,81.69641,3.06,331.39,60.0,2026-08-18T08:16:00Z,N21
FIRMS_F1C5EE3A,7.51429,81.65293,2.17,331.7,60.0,2026-08-18T08:16:00Z,N21
FIRMS_170550A4,7.5184,81.65234,2.17,331.02,60.0,2026-08-18T08:16:00Z,N21
FIRMS_32FF8A1B,7.56848,80.84834,2.78,330.07,30.0,2026-08-18T08:16:00Z,N21
FIRMS_F02D142C,7.56972,80.85139,5.74,335.01,60.0,2026-08-18T08:16:00Z,N21
FIRMS_3307E52C,7.57312,81.68263,7.12,341.8,60.0,2026-08-18T08:16:00Z,N21
FIRMS_45D53068,7.57485,80.91943,7.83,337.65,60.0,2026-08-18T08:16:00Z,N21
FIRMS_7B9FF46A,7.5749,80.91754,11.25,339.47,60.0,2026-08-18T08:16:00Z,N21
FIRMS_3CE344A8,7.57877,80.91888,7.83,335.17,60.0,2026-08-18T08:16:00Z,N21
FIRMS_D8B7DFC6,7.57883,80.91702,4.75,340.23,60.0,2026-08-18T08:16:00Z,N21
FIRMS_73B002B5,7.59836,80.97106,8.29,342.53,60.0,2026-08-18T08:16:00Z,N21
FIRMS_8FDD163E,7.61216,81.43321,3.75,330.59,60.0,2026-08-18T08:16:00Z,N21
FIRMS_27495371,7.61339,80.96372,7.74,338.2,60.0,2026-08-18T08:16:00Z,N21
FIRMS_1DB010DE,7.61733,80.96316,18.85,351.9,60.0,2026-08-18T08:16:00Z,N21
FIRMS_4A7A70C5,7.7811,81.44983,5.84,342.99,60.0,2026-08-18T08:16:00Z,N21
FIRMS_96422EE1,7.78517,81.44923,6.9,342.26,60.0,2026-08-18T08:16:00Z,N21
FIRMS_4E781267,7.8816,81.36465,4.31,336.99,60.0,2026-08-18T08:16:00Z,N21
FIRMS_60962850,7.89577,81.40698,5.75,335.83,60.0,2026-08-18T08:16:00Z,N21
FIRMS_8B067D64,7.90289,81.36896,5.29,336.55,60.0,2026-08-18T08:16:00Z,N21
FIRMS_8525A4C5,7.90797,81.46484,7.9,342.91,60.0,2026-08-18T08:16:00Z,N21
FIRMS_7D26E831,7.90844,81.2911,4.05,336.19,60.0,2026-08-18T08:16:00Z,N21
FIRMS_062CFC26,7.91043,81.13232,6.99,343.73,60.0,2026-08-18T08:16:00Z,N21
FIRMS_7A70295C,7.91718,81.50105,8.71,342.42,60.0,2026-08-18T08:16:00Z,N21
FIRMS_FB8ACE8A,7.92616,81.32887,12.29,341.0,60.0,2026-08-18T08:16:00Z,N21
FIRMS_2D85EA8B,7.93258,80.61576,5.82,334.46,60.0,2026-08-18T08:16:00Z,N21
FIRMS_BB9A1AA2,7.94979,80.76373,5.98,332.6,60.0,2026-08-18T08:16:00Z,N21
FIRMS_D8C03A86,7.95001,81.3512,12.12,336.83,60.0,2026-08-18T08:16:00Z,N21
FIRMS_F903BD8F,7.95053,81.35481,20.26,342.66,60.0,2026-08-18T08:16:00Z,N21
FIRMS_C2BA9D4D,7.95191,80.613,6.37,337.46,60.0,2026-08-18T08:16:00Z,N21
FIRMS_FA07F08D,7.95458,81.35423,3.57,342.04,60.0,2026-08-18T08:16:00Z,N21
FIRMS_243E75AA,8.011,81.07922,3.55,330.87,30.0,2026-08-18T08:16:00Z,N21
FIRMS_FDF775F0,8.07012,80.65292,2.77,332.26,30.0,2026-08-18T08:16:00Z,N21
FIRMS_672D9E55,8.09661,80.14159,2.97,334.99,60.0,2026-08-18T08:16:00Z,N21
FIRMS_C61D21A1,8.13708,81.11734,4.64,338.94,60.0,2026-08-18T08:16:00Z,N21
FIRMS_AF4BD2FB,8.2117,79.91055,7.02,335.59,60.0,2026-08-18T08:16:00Z,N21
FIRMS_78CE6154,8.22897,81.03216,4.43,337.94,60.0,2026-08-18T08:16:00Z,N21
FIRMS_E374788F,8.34134,80.20011,9.93,347.05,60.0,2026-08-18T08:16:00Z,N21
FIRMS_E7AF4467,8.34171,80.20174,6.64,343.8,60.0,2026-08-18T08:16:00Z,N21
FIRMS_544BA647,8.41316,80.80589,3.02,332.41,60.0,2026-08-18T08:16:00Z,N21
FIRMS_F1B181B8,8.43825,80.58475,6.67,340.33,60.0,2026-08-18T08:16:00Z,N21
FIRMS_0F2453E9,8.44754,80.88182,44.65,334.29,60.0,2026-08-18T08:16:00Z,N21
FIRMS_10437D4C,8.44791,80.87919,43.62,338.7,60.0,2026-08-18T08:16:00Z,N21
FIRMS_6D9E6B34,8.50197,77.86375,14.87,339.94,30.0,2026-08-18T08:16:00Z,N21
FIRMS_65D927B9,8.52144,80.57612,5.53,336.09,60.0,2026-08-18T08:16:00Z,N21
FIRMS_445F5E56,8.52493,80.74567,3.95,333.55,60.0,2026-08-18T08:16:00Z,N21
FIRMS_122BF1D3,8.52956,80.38094,9.12,348.95,60.0,2026-08-18T08:16:00Z,N21
FIRMS_8DD07A90,8.56638,80.90118,12.68,351.65,60.0,2026-08-18T08:16:00Z,N21
FIRMS_B16C3E5A,8.56814,80.51405,4.27,330.58,30.0,2026-08-18T08:16:00Z,N21
FIRMS_2FC85778,8.57386,80.89664,4.18,337.08,60.0,2026-08-18T08:16:00Z,N21
FIRMS_C042ECAF,8.58541,80.3336,10.77,335.81,60.0,2026-08-18T08:16:00Z,N21
FIRMS_8505646D,8.58843,80.33508,12.22,334.89,60.0,2026-08-18T08:16:00Z,N21
FIRMS_050F6C3A,8.59513,80.87503,3.71,334.1,60.0,2026-08-18T08:16:00Z,N21
FIRMS_3C8E6815,8.60518,80.45592,2.04,330.08,30.0,2026-08-18T08:16:00Z,N21
FIRMS_E941B58C,8.61203,80.4202,6.23,335.13,60.0,2026-08-18T08:16:00Z,N21
FIRMS_D24F949D,8.62125,77.95941,3.37,334.1,30.0,2026-08-18T08:16:00Z,N21
FIRMS_5424E734,8.62745,81.19535,4.77,335.23,60.0,2026-08-18T08:16:00Z,N21
FIRMS_895E4F60,8.63541,80.44667,5.66,335.96,60.0,2026-08-18T08:16:00Z,N21
FIRMS_C8C572C3,8.65182,80.47913,4.62,334.32,60.0,2026-08-18T08:16:00Z,N21
FIRMS_3CF711AF,8.74016,78.05225,8.91,338.98,30.0,2026-08-18T08:16:00Z,N21
FIRMS_D55CC287,8.75613,77.47073,3.22,335.69,30.0,2026-08-18T08:16:00Z,N21
FIRMS_E76B4560,8.76639,80.87125,2.67,334.37,60.0,2026-08-18T08:16:00Z,N21
FIRMS_A0A6EF73,8.77689,80.85915,3.48,333.95,60.0,2026-08-18T08:16:00Z,N21
FIRMS_B8827EC4,8.78421,80.4824,5.23,331.4,60.0,2026-08-18T08:16:00Z,N21
FIRMS_5CC69279,8.79578,77.95259,2.07,339.91,60.0,2026-08-18T08:16:00Z,N21
FIRMS_BEFDCFB9,8.81495,80.55872,4.58,330.56,60.0,2026-08-18T08:16:00Z,N21
FIRMS_8424268C,8.81584,81.08319,6.8,342.86,60.0,2026-08-18T08:16:00Z,N21
FIRMS_006EAE36,8.82405,77.53445,2.98,337.3,60.0,2026-08-18T08:16:00Z,N21
FIRMS_02FF8A88,8.82831,80.67986,7.85,332.51,60.0,2026-08-18T08:16:00Z,N21
FIRMS_5B24C999,8.83224,80.67931,6.19,336.77,60.0,2026-08-18T08:16:00Z,N21
FIRMS_046E2466,8.83822,80.97864,8.23,340.3,60.0,2026-08-18T08:16:00Z,N21
FIRMS_DF44414E,8.84191,80.86038,4.46,331.51,60.0,2026-08-18T08:16:00Z,N21
FIRMS_8858682E,8.8424,80.86385,5.88,342.19,60.0,2026-08-18T08:16:00Z,N21
FIRMS_507E6B13,8.86771,78.15748,6.09,336.8,60.0,2026-08-18T08:16:00Z,N21
FIRMS_59876C0F,8.88104,77.79141,14.99,346.42,60.0,2026-08-18T08:16:00Z,N21
FIRMS_45BFE938,8.91661,80.38882,8.83,344.79,60.0,2026-08-18T08:16:00Z,N21
FIRMS_F6F90E89,8.91681,80.85349,2.23,331.6,60.0,2026-08-18T08:16:00Z,N21
FIRMS_A4D88FAB,8.91836,80.38638,9.75,346.69,60.0,2026-08-18T08:16:00Z,N21
FIRMS_1C63F77C,8.91907,80.39127,6.19,331.29,60.0,2026-08-18T08:16:00Z,N21
FIRMS_78E100C9,8.92047,80.38828,4.36,330.5,60.0,2026-08-18T08:16:00Z,N21
FIRMS_A56FA91A,8.94722,77.65343,3.06,336.49,30.0,2026-08-18T08:16:00Z,N21
FIRMS_DE4AB375,8.94777,77.65709,3.06,339.88,60.0,2026-08-18T08:16:00Z,N21
FIRMS_A6C8BAE0,8.94888,80.56565,4.78,330.59,60.0,2026-08-18T08:16:00Z,N21
FIRMS_10C1DCC3,8.95251,80.36378,9.43,335.29,60.0,2026-08-18T08:16:00Z,N21
FIRMS_685BC26C,8.95319,80.36865,15.78,346.42,60.0,2026-08-18T08:16:00Z,N21
FIRMS_3BF5C7B4,8.95916,80.7877,13.28,342.28,60.0,2026-08-18T08:16:00Z,N21
FIRMS_38C547B3,8.95976,80.78484,5.98,331.73,60.0,2026-08-18T08:16:00Z,N21
FIRMS_7AE840CF,8.9605,80.78999,5.98,338.77,60.0,2026-08-18T08:16:00Z,N21
FIRMS_CF631859,8.96094,80.68259,6.03,330.19,60.0,2026-08-18T08:16:00Z,N21
FIRMS_76BAE71D,9.00249,77.50302,2.49,336.85,60.0,2026-08-18T08:16:00Z,N21
FIRMS_37DCB653,9.03471,80.69279,3.75,340.69,60.0,2026-08-18T08:16:00Z,N21
FIRMS_46E2360D,9.06305,80.2954,4.69,334.99,60.0,2026-08-18T08:16:00Z,N21
FIRMS_977541B9,9.08396,80.33205,5.79,341.76,60.0,2026-08-18T08:16:00Z,N21
FIRMS_4D5AD2A5,9.11601,80.78819,6.63,343.73,60.0,2026-08-18T08:16:00Z,N21
FIRMS_62CAD186,9.2184,78.6481,10.25,337.96,60.0,2026-08-18T08:16:00Z,N21
FIRMS_0EC6B928,9.27162,78.79281,4.59,338.38,60.0,2026-08-18T08:16:00Z,N21
FIRMS_B9C17EE9,9.27322,77.54752,5.64,339.11,30.0,2026-08-18T08:16:00Z,N21
FIRMS_450AE79B,9.27711,80.73289,7.11,337.12,60.0,2026-08-18T08:16:00Z,N21
FIRMS_D384A5FA,9.31469,77.47774,8.24,341.65,60.0,2026-08-18T08:16:00Z,N21
FIRMS_2DE1DF4B,9.31806,77.47723,8.24,341.94,60.0,2026-08-18T08:16:00Z,N21
FIRMS_DEECA3FE,9.33808,78.25658,20.06,345.42,60.0,2026-08-18T08:16:00Z,N21
FIRMS_3A5C83DE,9.3862,77.38913,5.73,345.19,60.0,2026-08-18T08:16:00Z,N21
FIRMS_F7B61AAE,9.44497,77.50709,3.29,334.97,30.0,2026-08-18T08:16:00Z,N21
FIRMS_C6F8579D,9.51855,78.22275,3.37,338.13,60.0,2026-08-18T08:16:00Z,N21
FIRMS_13D1397F,9.51911,78.22663,3.37,338.14,60.0,2026-08-18T08:16:00Z,N21
FIRMS_09818E82,9.51968,78.23049,4.29,354.26,60.0,2026-08-18T08:16:00Z,N21
FIRMS_55957AFB,9.52024,78.23438,4.29,339.51,60.0,2026-08-18T08:16:00Z,N21
FIRMS_9D3CFF76,9.52202,78.22223,3.37,355.27,30.0,2026-08-18T08:16:00Z,N21
FIRMS_7032CF96,9.52258,78.2261,3.37,342.9,60.0,2026-08-18T08:16:00Z,N21
FIRMS_7BDC5CF4,9.52314,78.22998,4.29,346.02,60.0,2026-08-18T08:16:00Z,N21
FIRMS_0920478B,9.52549,78.22171,5.78,348.73,60.0,2026-08-18T08:16:00Z,N21
FIRMS_AC53AD0D,9.52605,78.22559,5.78,351.49,60.0,2026-08-18T08:16:00Z,N21
FIRMS_13BAE8F0,9.57388,78.30993,4.52,339.87,60.0,2026-08-18T08:16:00Z,N21
FIRMS_BDB17A4D,9.57445,78.31384,4.52,341.46,60.0,2026-08-18T08:16:00Z,N21
FIRMS_6CFB7833,9.57502,78.31775,8.2,346.04,60.0,2026-08-18T08:16:00Z,N21
FIRMS_64004521,9.57736,78.30942,4.52,342.87,60.0,2026-08-18T08:16:00Z,N21
FIRMS_6802A10E,9.57833,80.45399,1.82,330.07,60.0,2026-08-18T08:16:00Z,N21
FIRMS_E2A1EF33,9.58084,78.3089,6.77,338.78,60.0,2026-08-18T08:16:00Z,N21
FIRMS_81EBF194,9.83649,78.466,3.48,336.28,60.0,2026-08-18T08:16:00Z,N21
FIRMS_BA2935A3,9.94439,78.71479,3.75,342.61,60.0,2026-08-18T08:16:00Z,N21
FIRMS_3D96A8E6,9.94499,78.7189,3.75,345.34,60.0,2026-08-18T08:16:00Z,N21
FIRMS_B62B78BC,9.94795,78.71426,3.75,339.63,60.0,2026-08-18T08:16:00Z,N21
FIRMS_BC0CBAB5,9.96622,78.06999,2.89,334.38,60.0,2026-08-18T08:16:00Z,N21
FIRMS_08DBB053,9.97945,79.0864,1.42,337.5,60.0,2026-08-18T08:16:00Z,N21
FIRMS_AF867602,9.99415,78.07372,5.2,339.1,60.0,2026-08-18T08:16:00Z,N21
FIRMS_2A81555A,10.08933,79.01897,4.38,337.66,60.0,2026-08-18T08:16:00Z,N21
FIRMS_46D475D8,10.10463,77.69885,11.17,343.44,60.0,2026-08-18T08:16:00Z,N21
FIRMS_F2E27D94,10.10702,78.53771,3.8,335.82,60.0,2026-08-18T08:16:00Z,N21
FIRMS_05B53FB2,10.12364,77.9013,6.96,337.46,30.0,2026-08-18T08:16:00Z,N21
FIRMS_8A402B4F,10.20446,78.83449,5.11,336.57,60.0,2026-08-18T08:16:00Z,N21
FIRMS_5BAD5F00,10.47384,78.95833,1.15,330.34,30.0,2026-08-18T08:16:00Z,N21
FIRMS_4BDCE71A,10.50352,79.42883,4.35,337.6,60.0,2026-08-18T08:16:00Z,N21
FIRMS_FFD723D3,10.51628,77.66093,8.8,345.72,60.0,2026-08-18T08:16:00Z,N21
FIRMS_160CE025,10.55074,79.59185,9.65,339.79,60.0,2026-08-18T08:16:00Z,N21
FIRMS_87AC7CDE,10.56157,79.44977,9.6,336.39,60.0,2026-08-18T08:16:00Z,N21
FIRMS_F2E911E0,10.60031,79.33021,3.94,336.51,60.0,2026-08-18T08:16:00Z,N21
FIRMS_0D195B37,10.60196,79.33324,2.86,333.99,60.0,2026-08-18T08:16:00Z,N21
FIRMS_8E84A7F8,10.72695,78.74613,7.34,339.14,60.0,2026-08-18T08:16:00Z,N21
FIRMS_CE7A2A8F,10.77713,78.64549,3.61,334.53,60.0,2026-08-18T08:16:00Z,N21
FIRMS_98C93D9A,10.78029,79.6581,16.8,347.67,60.0,2026-08-18T08:16:00Z,N21
FIRMS_C0C1B5FC,10.79064,79.03044,12.0,339.71,60.0,2026-08-18T08:16:00Z,N21
FIRMS_87AD03E6,10.80497,79.66894,3.94,337.91,60.0,2026-08-18T08:16:00Z,N21
FIRMS_27E63F94,10.87752,77.78307,3.77,338.59,60.0,2026-08-18T08:16:00Z,N21
FIRMS_2C186FE4,10.90672,78.53823,7.58,342.43,60.0,2026-08-18T08:16:00Z,N21
FIRMS_FCD37B39,10.94335,78.44159,5.07,338.42,60.0,2026-08-18T08:16:00Z,N21
FIRMS_F3C708BC,10.98373,78.245,7.09,338.95,60.0,2026-08-18T08:16:00Z,N21
FIRMS_D94F07B1,11.00132,79.80522,2.77,334.94,60.0,2026-08-18T08:16:00Z,N21
FIRMS_344FAEFD,11.00285,79.80775,4.0,334.54,60.0,2026-08-18T08:16:00Z,N21
FIRMS_51BB820B,11.02236,78.84486,6.18,339.64,60.0,2026-08-18T08:16:00Z,N21
FIRMS_766247B6,11.04446,77.91675,8.44,347.55,60.0,2026-08-18T08:16:00Z,N21
FIRMS_BADD1D94,11.12323,78.68747,11.37,341.71,60.0,2026-08-18T08:16:00Z,N21
FIRMS_8E6A6764,11.14468,78.58139,6.13,343.39,60.0,2026-08-18T08:16:00Z,N21
FIRMS_9F54E420,11.1788,79.24069,3.13,331.52,60.0,2026-08-18T08:16:00Z,N21
FIRMS_B4399B47,11.21398,78.13076,13.42,342.98,60.0,2026-08-18T08:16:00Z,N21
FIRMS_6693B228,11.35102,77.54483,8.73,340.72,60.0,2026-08-18T08:16:00Z,N21
FIRMS_A5425DA9,11.45509,79.44886,3.69,333.17,60.0,2026-08-18T08:16:00Z,N21
FIRMS_B994B1C1,11.47091,78.7398,2.9,336.52,60.0,2026-08-18T08:16:00Z,N21
FIRMS_95CA76DB,11.65042,78.09669,2.0,330.36,60.0,2026-08-18T08:16:00Z,N21
FIRMS_4B870392,11.69411,78.67997,11.29,339.28,60.0,2026-08-18T08:16:00Z,N21
FIRMS_5267E11A,11.69771,78.67934,46.2,330.63,60.0,2026-08-18T08:16:00Z,N21
FIRMS_B3733060,11.84067,79.0536,3.63,335.6,60.0,2026-08-18T08:16:00Z,N21
FIRMS_1D97FACF,11.85452,78.7256,15.32,342.68,60.0,2026-08-18T08:16:00Z,N21
FIRMS_5FD708B9,11.97706,78.90929,6.83,333.62,60.0,2026-08-18T08:16:00Z,N21
FIRMS_860FA142,12.21201,79.72424,2.57,333.1,60.0,2026-08-18T08:16:00Z,N21
FIRMS_991C34DC,12.21527,76.73492,1.72,332.83,60.0,2026-08-18T08:16:00Z,N21
FIRMS_78FAB71E,12.3312,76.78513,3.38,334.66,60.0,2026-08-18T08:16:00Z,N21
FIRMS_468AF251,12.51428,80.06317,3.75,337.69,60.0,2026-08-18T08:16:00Z,N21
FIRMS_D6EDB719,12.51825,80.06261,4.32,343.53,60.0,2026-08-18T08:16:00Z,N21
FIRMS_FB9D26BE,12.57514,76.66086,4.91,336.42,60.0,2026-08-18T08:16:00Z,N21
FIRMS_5FF91B5D,12.78902,77.06596,3.01,334.04,60.0,2026-08-18T08:16:00Z,N21
FIRMS_EA660323,13.17715,78.80562,7.28,332.46,60.0,2026-08-18T08:16:00Z,N21
FIRMS_9FE48531,13.2674,78.15524,4.26,334.54,60.0,2026-08-18T08:16:00Z,N21
FIRMS_46BD4F57,13.37138,78.61485,3.76,335.28,60.0,2026-08-18T08:16:00Z,N21
FIRMS_360E897A,13.18419,76.22767,3.37,336.3,60.0,2026-08-18T08:18:00Z,N21
FIRMS_71FFE6B3,13.66248,76.38867,2.67,332.38,60.0,2026-08-18T08:18:00Z,N21
FIRMS_F06A0133,13.80109,76.19495,4.55,337.36,60.0,2026-08-18T08:18:00Z,N21
FIRMS_93B85613,13.82595,79.28137,12.42,346.03,60.0,2026-08-18T08:18:00Z,N21
FIRMS_E74F1D1B,13.90555,77.54816,3.56,330.75,60.0,2026-08-18T08:18:00Z,N21
FIRMS_DE5FEB1A,13.95422,78.15399,2.08,336.75,60.0,2026-08-18T08:18:00Z,N21
FIRMS_3D90652D,14.14881,77.24423,2.81,336.94,60.0,2026-08-18T08:18:00Z,N21
FIRMS_A4686927,14.1506,77.23183,5.29,344.31,60.0,2026-08-18T08:18:00Z,N21
FIRMS_206BD3E2,14.15172,77.23974,4.77,336.44,60.0,2026-08-18T08:18:00Z,N21
FIRMS_B15CB81E,14.15228,77.2437,2.81,337.29,60.0,2026-08-18T08:18:00Z,N21
FIRMS_00895DF7,14.1535,77.22734,3.81,335.47,60.0,2026-08-18T08:18:00Z,N21
FIRMS_9EB10000,14.15406,77.2313,3.81,342.85,60.0,2026-08-18T08:18:00Z,N21
FIRMS_FD1D7677,14.2471,79.02876,3.32,336.91,60.0,2026-08-18T08:18:00Z,N21
FIRMS_7A8734BF,14.24791,79.03074,3.48,332.04,60.0,2026-08-18T08:18:00Z,N21
FIRMS_1C4D9E4F,14.28449,77.43665,6.07,338.21,60.0,2026-08-18T08:18:00Z,N21
FIRMS_A3B9E628,14.288,77.43612,6.07,342.89,60.0,2026-08-18T08:18:00Z,N21
FIRMS_5BA6E3DE,14.30259,77.43807,7.33,340.33,60.0,2026-08-18T08:18:00Z,N21
FIRMS_E0B2CCC1,14.4102,78.20934,6.66,337.1,60.0,2026-08-18T08:18:00Z,N21
FIRMS_9C40EC92,14.86726,79.52043,3.58,330.19,60.0,2026-08-18T08:18:00Z,N21
FIRMS_8EB4654A,15.08577,76.082,2.09,331.41,60.0,2026-08-18T08:18:00Z,N21
FIRMS_DD73FEB0,18.46759,74.2318,3.92,333.29,60.0,2026-08-18T08:18:00Z,N21
FIRMS_6A2687DE,29.13686,71.609,6.26,334.75,60.0,2026-08-18T08:22:00Z,N21
FIRMS_70FBA6BB,29.63517,69.8452,4.17,337.41,30.0,2026-08-18T08:22:00Z,N21
FIRMS_78AE4119,29.88983,72.15583,2.93,331.48,60.0,2026-08-18T08:22:00Z,N21
FIRMS_AD0E4B10,29.90304,72.58966,4.4,335.18,60.0,2026-08-18T08:22:00Z,N21
FIRMS_866C3A6E,29.92579,72.10038,3.62,331.75,60.0,2026-08-18T08:22:00Z,N21
FIRMS_0EF8AF16,29.99545,71.40959,1.72,331.37,60.0,2026-08-18T08:22:00Z,N21
FIRMS_3A6CD7B5,30.0356,72.4903,3.25,335.14,60.0,2026-08-18T08:22:00Z,N21
FIRMS_E70CDC45,30.38188,71.93749,4.26,334.81,60.0,2026-08-18T08:22:00Z,N21
FIRMS_7227A70A,30.45492,72.07019,5.96,336.68,60.0,2026-08-18T08:22:00Z,N21
FIRMS_46E580B3,30.5031,72.14507,10.74,338.56,60.0,2026-08-18T08:22:00Z,N21
FIRMS_2A67F76F,30.50643,72.14444,10.74,344.25,60.0,2026-08-18T08:22:00Z,N21
FIRMS_9F70B936,30.6462,72.09831,5.97,335.69,60.0,2026-08-18T08:22:00Z,N21
FIRMS_018F93D4,30.64985,72.14822,16.58,345.39,60.0,2026-08-18T08:22:00Z,N21
FIRMS_9D22D7E0,30.65377,72.15171,3.33,338.96,60.0,2026-08-18T08:22:00Z,N21
FIRMS_81419565,31.31884,72.2193,3.16,334.17,60.0,2026-08-18T08:22:00Z,N21
FIRMS_2FAAB546,31.68976,72.64762,5.75,331.62,30.0,2026-08-18T08:22:00Z,N21
FIRMS_3004060F,22.35393,96.70269,0.86,305.01,60.0,2026-08-18T19:06:00Z,N21
FIRMS_B317FD39,22.35728,96.70325,0.86,298.59,60.0,2026-08-18T19:06:00Z,N21
FIRMS_6D155BC5,27.32405,95.27495,1.25,313.61,60.0,2026-08-18T19:06:00Z,N21
FIRMS_F59B5C62,27.45964,95.47533,1.64,309.32,60.0,2026-08-18T19:06:00Z,N21
FIRMS_8BC81F9F,27.46843,95.42434,0.58,306.82,60.0,2026-08-18T19:06:00Z,N21
FIRMS_5DAB6027,27.6057,95.40222,1.4,307.84,60.0,2026-08-18T19:06:00Z,N21
FIRMS_F82832EB,6.43262,80.85924,2.07,303.91,60.0,2026-08-18T19:13:00Z,N21
FIRMS_5F4B87F8,6.58879,81.17636,2.31,310.59,60.0,2026-08-18T19:13:00Z,N21
FIRMS_0A4BC334,7.05241,80.81046,1.36,298.51,60.0,2026-08-18T19:13:00Z,N21
FIRMS_E48D56E8,7.16043,81.72025,1.21,304.56,60.0,2026-08-18T19:13:00Z,N21
FIRMS_4CDA3A88,7.22538,81.1436,2.76,318.37,60.0,2026-08-18T19:13:00Z,N21
FIRMS_2116FAB4,7.22641,81.13527,2.76,305.92,60.0,2026-08-18T19:13:00Z,N21
FIRMS_826991EC,7.22644,81.14732,3.17,304.74,60.0,2026-08-18T19:13:00Z,N21
FIRMS_76D8DDF8,7.22729,81.14086,3.17,316.13,60.0,2026-08-18T19:13:00Z,N21
FIRMS_63423156,7.23245,81.14409,2.38,307.63,60.0,2026-08-18T19:13:00Z,N21
FIRMS_C9E93556,7.23362,81.147,3.17,309.26,60.0,2026-08-18T19:13:00Z,N21
FIRMS_8C107D5D,35.96675,68.6881,1.77,309.41,60.0,2026-08-18T20:44:00Z,N21
FIRMS_A7826E63,35.96783,68.68584,3.72,314.68,60.0,2026-08-18T20:44:00Z,N21
FIRMS_38D249B0,21.11055,72.63491,2.07,304.04,60.0,2026-08-18T20:46:00Z,N21
FIRMS_3B877A5F,27.28793,73.83944,1.0,306.99,60.0,2026-08-18T20:46:00Z,N21
FIRMS_172F5F3B,27.52979,77.66254,6.28,329.59,60.0,2026-08-18T20:46:00Z,N21
FIRMS_0CCB6223,27.66689,76.13504,0.69,302.42,60.0,2026-08-18T20:46:00Z,N21
FIRMS_1B732A6E,27.79099,75.33077,0.99,305.17,60.0,2026-08-18T20:46:00Z,N21
FIRMS_539D6EF5,28.37118,77.22666,2.47,309.32,60.0,2026-08-18T20:46:00Z,N21
FIRMS_38493B15,28.42326,69.6993,2.1,312.6,60.0,2026-08-18T20:46:00Z,N21
FIRMS_4C270352,28.77098,77.56678,1.1,309.81,60.0,2026-08-18T20:46:00Z,N21
FIRMS_19D43FC6,32.57492,72.56435,4.29,309.39,60.0,2026-08-18T20:46:00Z,N21
FIRMS_80A061E9,33.27256,71.59276,2.59,305.53,60.0,2026-08-18T20:46:00Z,N21
FIRMS_C93592F1,33.29556,71.18439,3.25,306.22,60.0,2026-08-18T20:46:00Z,N21
FIRMS_66E74FCE,33.68929,72.70988,3.22,302.48,60.0,2026-08-18T20:46:00Z,N21
FIRMS_14D037FB,33.68941,72.71233,3.25,308.34,60.0,2026-08-18T20:46:00Z,N21
FIRMS_A8D86E18,11.81033,77.92142,3.21,305.99,60.0,2026-08-18T20:49:00Z,N21
FIRMS_D01D6F24,19.17743,70.94579,2.73,313.47,60.0,2026-08-18T20:49:00Z,N21
FIRMS_D751DA8A,25.38832,68.58085,3.11,314.08,60.0,2026-08-18T20:49:00Z,N21
FIRMS_15F7AE85,26.25689,74.0946,0.88,305.94,60.0,2026-08-18T20:49:00Z,N21
FIRMS_D0AAE186,6.77505,81.13861,2.96,313.49,60.0,2026-08-18T20:51:00Z,N21
FIRMS_DC833805,6.7776,81.13919,2.62,317.03,60.0,2026-08-18T20:51:00Z,N21
FIRMS_DBFFF7EE,6.86007,81.09835,1.99,302.14,60.0,2026-08-18T20:51:00Z,N21
FIRMS_C13A6CB4,6.86292,81.10007,0.84,301.01,60.0,2026-08-18T20:51:00Z,N21
FIRMS_92E8CBD1,7.22589,81.14431,1.31,302.95,60.0,2026-08-18T20:51:00Z,N21
FIRMS_BE1BDBE5,7.22676,81.13958,1.31,303.73,60.0,2026-08-18T20:51:00Z,N21
FIRMS_603F6AD5,7.23299,81.14104,2.82,307.95,60.0,2026-08-18T20:51:00Z,N21
FIRMS_BBAC5865,7.23385,81.13634,1.92,304.67,60.0,2026-08-18T20:51:00Z,N21
FIRMS_5EDAFC03,7.6195,81.7702,0.68,303.61,60.0,2026-08-18T20:51:00Z,N21
FIRMS_DC1C1FD2,7.61984,81.76938,0.76,304.06,60.0,2026-08-18T20:51:00Z,N21
FIRMS_662355E8,8.39363,81.05768,1.01,306.67,60.0,2026-08-18T20:51:00Z,N21
FIRMS_62672C16,8.39386,81.05721,0.95,306.49,60.0,2026-08-18T20:51:00Z,N21
FIRMS_12104EA1,8.66845,77.99213,0.69,309.6,60.0,2026-08-18T20:51:00Z,N21
FIRMS_21BCBF95,9.31414,77.44081,4.48,310.19,60.0,2026-08-18T20:51:00Z,N21
FIRMS_BB21EC26,11.02996,76.90656,1.58,307.91,60.0,2026-08-18T20:51:00Z,N21
FIRMS_291EF1F5,27.82257,95.50542,4.27,332.09,60.0,2026-08-19T06:22:00Z,N21
FIRMS_4FA097CA,31.07387,97.20309,5.27,331.49,60.0,2026-08-19T06:22:00Z,N21
FIRMS_BE1ADF6C,6.22778,81.06339,9.15,343.7,60.0,2026-08-19T07:56:00Z,N21
FIRMS_E7C6053E,6.35695,81.15188,8.38,335.13,60.0,2026-08-19T07:56:00Z,N21
FIRMS_2A6D803D,6.36076,81.15482,2.55,330.11,30.0,2026-08-19T07:56:00Z,N21
FIRMS_5BEF1B08,6.72745,81.30833,4.03,343.44,60.0,2026-08-19T07:56:00Z,N21
FIRMS_D1FC602C,6.77459,81.14548,26.02,337.67,60.0,2026-08-19T07:56:00Z,N21
FIRMS_4F2C959E,6.77511,81.14892,26.02,350.07,60.0,2026-08-19T07:56:00Z,N21
FIRMS_E94BC36E,6.78169,81.14792,4.37,338.73,60.0,2026-08-19T07:56:00Z,N21
FIRMS_1A90DE0E,6.7944,81.43121,2.86,338.78,60.0,2026-08-19T07:56:00Z,N21
FIRMS_D1D9AC05,6.82908,81.48239,1.31,330.62,30.0,2026-08-19T07:56:00Z,N21
FIRMS_4789AC8B,6.8465,81.77686,11.13,340.52,60.0,2026-08-19T07:56:00Z,N21
FIRMS_2B391FED,6.99805,81.50184,27.49,333.83,60.0,2026-08-19T07:56:00Z,N21
FIRMS_6F7F1988,7.00134,81.50134,27.49,335.19,30.0,2026-08-19T07:56:00Z,N21
FIRMS_5BD9EEFF,7.05066,81.41934,4.6,338.4,60.0,2026-08-19T07:56:00Z,N21
FIRMS_41D322EC,7.05395,81.41885,5.2,346.92,60.0,2026-08-19T07:56:00Z,N21
FIRMS_561A8511,7.07717,81.81918,7.58,337.14,30.0,2026-08-19T07:56:00Z,N21
FIRMS_475126FF,7.11749,81.72774,5.88,343.74,60.0,2026-08-19T07:56:00Z,N21
FIRMS_0A19AB13,7.11802,81.7312,5.88,343.25,60.0,2026-08-19T07:56:00Z,N21
FIRMS_ECCC8E2A,7.1208,81.72723,5.8,339.92,30.0,2026-08-19T07:56:00Z,N21
FIRMS_0993EAD4,7.15367,81.74357,3.15,339.78,30.0,2026-08-19T07:56:00Z,N21
FIRMS_99E444CE,7.16047,81.35968,3.86,339.13,60.0,2026-08-19T07:56:00Z,N21
FIRMS_8A6E423D,7.20235,81.00699,16.17,367.0,90.0,2026-08-19T07:56:00Z,N21
FIRMS_38DBDC7F,7.2064,81.37384,1.87,331.13,60.0,2026-08-19T07:56:00Z,N21
FIRMS_0B330231,7.20682,81.30234,3.78,336.15,30.0,2026-08-19T07:56:00Z,N21
FIRMS_BC9FE63D,7.20839,81.31268,6.7,337.25,30.0,2026-08-19T07:56:00Z,N21
FIRMS_A51F4346,7.20969,81.37334,2.38,341.41,60.0,2026-08-19T07:56:00Z,N21
FIRMS_171234B8,7.21331,81.77658,5.75,341.78,60.0,2026-08-19T07:56:00Z,N21
FIRMS_A4CDD1B6,7.22332,81.14471,3.34,331.67,30.0,2026-08-19T07:56:00Z,N21
FIRMS_F317CE9A,7.22645,81.16539,2.42,334.79,30.0,2026-08-19T07:56:00Z,N21
FIRMS_474BBF83,7.22817,81.15455,2.54,338.84,60.0,2026-08-19T07:56:00Z,N21
FIRMS_4274BA01,7.22885,81.13683,5.42,336.06,60.0,2026-08-19T07:56:00Z,N21
FIRMS_4E5DDCC2,7.23214,81.13632,5.42,337.89,60.0,2026-08-19T07:56:00Z,N21
FIRMS_5A3DF652,7.23542,81.13584,2.33,338.58,60.0,2026-08-19T07:56:00Z,N21
FIRMS_82A4A90B,7.23976,81.1422,3.21,333.12,60.0,2026-08-19T07:56:00Z,N21
FIRMS_0904D607,7.24028,81.14566,3.21,339.0,60.0,2026-08-19T07:56:00Z,N21
FIRMS_385165DE,7.2553,81.26671,4.73,344.22,60.0,2026-08-19T07:56:00Z,N21
FIRMS_D89DF4CF,7.29546,81.75618,3.71,340.36,60.0,2026-08-19T07:56:00Z,N21
FIRMS_6255038B,7.30567,81.26599,4.0,335.39,60.0,2026-08-19T07:56:00Z,N21
FIRMS_E79D04C4,7.308,81.8398,2.51,333.41,30.0,2026-08-19T07:56:00Z,N21
FIRMS_2CFE9B06,7.31561,81.16924,6.98,340.75,60.0,2026-08-19T07:56:00Z,N21
FIRMS_7BF71CAE,7.32259,81.73428,2.45,335.63,60.0,2026-08-19T07:56:00Z,N21
FIRMS_EA718CE9,7.32914,81.19185,2.42,334.67,30.0,2026-08-19T07:56:00Z,N21
FIRMS_6CB23BD0,7.3506,81.74069,3.07,337.49,60.0,2026-08-19T07:56:00Z,N21
FIRMS_5B245C0C,7.36054,81.24346,4.45,334.26,30.0,2026-08-19T07:56:00Z,N21
FIRMS_BB6B2407,7.3701,81.5743,5.12,332.62,60.0,2026-08-19T07:56:00Z,N21
FIRMS_62CC403C,7.37565,81.1213,5.5,344.06,60.0,2026-08-19T07:56:00Z,N21
FIRMS_3007EB28,7.38557,81.76739,5.52,335.44,30.0,2026-08-19T07:56:00Z,N21
FIRMS_5AFE03B9,7.39068,81.24242,2.77,335.47,30.0,2026-08-19T07:56:00Z,N21
FIRMS_AACA6951,7.39121,81.24586,24.82,353.86,60.0,2026-08-19T07:56:00Z,N21
FIRMS_0C3B1E9A,7.39397,81.24192,14.24,349.38,60.0,2026-08-19T07:56:00Z,N21
FIRMS_3429315E,7.40454,81.73602,3.34,333.14,60.0,2026-08-19T07:56:00Z,N21
FIRMS_EC96C478,7.40506,81.73949,3.27,334.21,60.0,2026-08-19T07:56:00Z,N21
FIRMS_796DEAB8,7.50201,81.66,4.94,337.48,60.0,2026-08-19T07:56:00Z,N21
FIRMS_6A04456C,7.51139,81.65501,4.81,336.8,60.0,2026-08-19T07:56:00Z,N21
FIRMS_A2760FE8,7.5147,81.65452,4.81,340.61,60.0,2026-08-19T07:56:00Z,N21
FIRMS_7CCB0513,7.51636,81.10175,7.0,338.3,30.0,2026-08-19T07:56:00Z,N21
FIRMS_456DCCC4,7.51688,81.10519,10.03,340.58,60.0,2026-08-19T07:56:00Z,N21
FIRMS_8BB6FFAB,7.51965,81.10125,7.0,344.84,30.0,2026-08-19T07:56:00Z,N21
FIRMS_64F1BDCB,7.54809,81.67433,3.16,339.6,60.0,2026-08-19T07:56:00Z,N21
FIRMS_9B6527F0,7.55523,81.67681,1.59,333.63,60.0,2026-08-19T07:56:00Z,N21
FIRMS_A476DCE0,7.70092,80.83965,2.01,330.91,30.0,2026-08-19T07:56:00Z,N21
FIRMS_D3A7887F,7.7075,80.83864,3.07,331.83,30.0,2026-08-19T07:56:00Z,N21
FIRMS_1C060770,7.75878,81.53837,3.47,337.33,60.0,2026-08-19T07:56:00Z,N21
FIRMS_C32C2DD9,7.77738,81.54975,10.67,349.55,60.0,2026-08-19T07:56:00Z,N21
FIRMS_F3EC66FA,7.78068,81.54925,4.06,341.22,60.0,2026-08-19T07:56:00Z,N21
FIRMS_C7B8216D,7.86738,81.4928,11.87,351.42,60.0,2026-08-19T07:56:00Z,N21
FIRMS_85830945,7.87068,81.49229,11.87,346.21,60.0,2026-08-19T07:56:00Z,N21
FIRMS_F9927B8F,8.06449,81.14927,5.84,330.44,30.0,2026-08-19T07:56:00Z,N21
FIRMS_0DEEFC17,8.12625,80.5525,14.18,350.32,60.0,2026-08-19T07:56:00Z,N21
FIRMS_E709D791,8.35628,80.27383,9.89,348.75,60.0,2026-08-19T07:56:00Z,N21
FIRMS_F0D1951D,8.51449,80.64645,4.14,331.15,30.0,2026-08-19T07:56:00Z,N21
FIRMS_FDEE86A9,8.52104,80.63826,8.58,336.59,60.0,2026-08-19T07:56:00Z,N21
FIRMS_790B2C59,8.5526,80.38192,6.37,334.05,60.0,2026-08-19T07:56:00Z,N21
FIRMS_DB45C24C,8.56586,80.91068,21.4,352.36,60.0,2026-08-19T07:56:00Z,N21
FIRMS_82CE00F6,8.61812,80.8779,5.48,333.49,60.0,2026-08-19T07:56:00Z,N21
FIRMS_062FA181,8.61864,80.88136,17.62,341.12,60.0,2026-08-19T07:56:00Z,N21
FIRMS_A6DDDDDE,8.63285,80.88625,2.32,334.06,60.0,2026-08-19T07:56:00Z,N21
FIRMS_D007D5D1,8.63487,80.7445,3.74,333.5,60.0,2026-08-19T07:56:00Z,N21
FIRMS_82BF4AE3,8.64563,80.85953,4.03,338.36,60.0,2026-08-19T07:56:00Z,N21
FIRMS_6B72C03F,8.66522,80.8698,4.36,336.12,60.0,2026-08-19T07:56:00Z,N21
FIRMS_23F6FFAE,8.6748,80.46851,6.08,337.51,60.0,2026-08-19T07:56:00Z,N21
FIRMS_00D9A161,8.69154,80.86575,6.25,350.32,60.0,2026-08-19T07:56:00Z,N21
FIRMS_C216B4B9,8.69483,80.86525,6.25,346.94,60.0,2026-08-19T07:56:00Z,N21
FIRMS_9A0A963F,8.88492,78.10483,7.56,336.28,30.0,2026-08-19T07:58:00Z,N21
FIRMS_618567A7,8.88693,78.10458,9.25,335.91,30.0,2026-08-19T07:58:00Z,N21
FIRMS_EEB3CCAE,9.07495,80.54584,7.76,336.11,60.0,2026-08-19T07:58:00Z,N21
FIRMS_09C01137,9.15259,80.74632,3.81,338.77,60.0,2026-08-19T07:58:00Z,N21
FIRMS_0804E192,9.36143,78.66453,8.62,340.4,30.0,2026-08-19T07:58:00Z,N21
FIRMS_60FDBBCE,9.38254,78.68787,4.57,337.2,30.0,2026-08-19T07:58:00Z,N21
FIRMS_D33F3E9B,9.39379,80.58343,17.34,335.05,60.0,2026-08-19T07:58:00Z,N21
FIRMS_A1038232,9.49461,78.04112,14.71,342.19,30.0,2026-08-19T07:58:00Z,N21
FIRMS_E45FF7C0,9.74468,80.19011,2.65,330.31,30.0,2026-08-19T07:58:00Z,N21
FIRMS_05A31875,10.95938,76.78011,5.83,331.65,60.0,2026-08-19T07:58:00Z,N21
FIRMS_8C73F6FF,10.96018,76.78088,5.99,331.84,60.0,2026-08-19T07:58:00Z,N21
FIRMS_F5DCA9EB,20.96184,86.00768,7.16,330.47,60.0,2026-08-19T08:01:00Z,N21
FIRMS_D95BA25A,26.77066,94.50631,1.52,308.8,60.0,2026-08-19T18:45:00Z,N21
FIRMS_93A117F9,27.32586,95.27505,3.36,304.88,60.0,2026-08-19T18:45:00Z,N21
FIRMS_8F10E41F,27.37795,95.08804,0.58,304.48,60.0,2026-08-19T18:45:00Z,N21
FIRMS_D5053E9D,31.24827,76.92823,0.76,305.05,60.0,2026-08-19T20:25:00Z,N21
FIRMS_C2278B9C,22.05219,88.1251,3.45,313.64,60.0,2026-08-19T20:27:00Z,N21
FIRMS_CACFB930,22.24621,87.38834,0.81,305.74,60.0,2026-08-19T20:27:00Z,N21
FIRMS_A41E2691,22.24631,87.38953,0.2,302.36,60.0,2026-08-19T20:27:00Z,N21
FIRMS_683BD84C,22.35531,87.28946,1.62,304.85,60.0,2026-08-19T20:27:00Z,N21
FIRMS_875F9286,22.36007,87.01799,1.92,306.93,60.0,2026-08-19T20:27:00Z,N21
FIRMS_2B9DA652,22.3634,87.30245,1.58,307.18,60.0,2026-08-19T20:27:00Z,N21
FIRMS_9C4D4D35,22.36413,87.29903,1.58,304.74,60.0,2026-08-19T20:27:00Z,N21
FIRMS_E90509E7,22.3643,87.30159,3.31,313.09,60.0,2026-08-19T20:27:00Z,N21
FIRMS_A79F3296,22.37474,87.27907,4.04,325.07,60.0,2026-08-19T20:27:00Z,N21
FIRMS_F06032BA,22.3755,87.27567,2.38,308.33,60.0,2026-08-19T20:27:00Z,N21
FIRMS_EA43B17D,22.37883,87.28122,3.48,322.85,60.0,2026-08-19T20:27:00Z,N21
FIRMS_7FA407D9,22.37956,87.2778,2.95,318.52,60.0,2026-08-19T20:27:00Z,N21
FIRMS_C8B3D954,22.57429,85.89625,3.17,309.85,60.0,2026-08-19T20:27:00Z,N21
FIRMS_CD0BC49F,22.57461,85.8969,2.16,305.7,60.0,2026-08-19T20:27:00Z,N21
FIRMS_506241D5,22.78364,86.20684,2.33,311.14,60.0,2026-08-19T20:27:00Z,N21
FIRMS_36334A5F,22.78841,86.2081,2.33,302.64,60.0,2026-08-19T20:27:00Z,N21
FIRMS_5FC613FF,22.78961,86.20239,2.33,307.71,60.0,2026-08-19T20:27:00Z,N21
FIRMS_FDEC4AF2,22.7908,86.1967,3.8,310.77,60.0,2026-08-19T20:27:00Z,N21
FIRMS_3620CC4B,22.87371,86.06281,4.38,309.15,60.0,2026-08-19T20:27:00Z,N21
FIRMS_22A0CF9A,22.94316,85.96852,1.22,302.4,60.0,2026-08-19T20:27:00Z,N21
FIRMS_5BD1CD12,23.51684,87.27125,3.24,305.73,60.0,2026-08-19T20:27:00Z,N21
FIRMS_3A341928,23.56305,87.08371,2.02,299.13,60.0,2026-08-19T20:27:00Z,N21
FIRMS_72573519,23.66281,87.15319,1.14,302.53,60.0,2026-08-19T20:27:00Z,N21
FIRMS_0D6DDE62,23.69736,86.07976,1.08,299.58,60.0,2026-08-19T20:27:00Z,N21
FIRMS_AFF0A756,23.73811,86.43312,6.07,312.99,60.0,2026-08-19T20:27:00Z,N21
FIRMS_E54E96A5,23.75904,86.40292,4.33,310.23,60.0,2026-08-19T20:27:00Z,N21
FIRMS_C3E396CE,23.75956,86.40249,2.48,309.02,60.0,2026-08-19T20:27:00Z,N21
FIRMS_EC64A369,23.76379,86.40408,4.33,307.13,60.0,2026-08-19T20:27:00Z,N21
FIRMS_5B536504,23.76431,86.40368,2.48,308.02,60.0,2026-08-19T20:27:00Z,N21
FIRMS_390F189C,23.76667,86.3924,4.66,300.94,60.0,2026-08-19T20:27:00Z,N21
FIRMS_5DB63EEC,23.77258,86.36404,1.65,305.0,60.0,2026-08-19T20:27:00Z,N21
FIRMS_9F0A0778,23.77945,86.21242,3.24,307.59,60.0,2026-08-19T20:27:00Z,N21
FIRMS_48BA6CD0,23.7806,86.2069,3.24,313.86,60.0,2026-08-19T20:27:00Z,N21
FIRMS_246C2483,23.78083,86.34837,2.27,301.04,60.0,2026-08-19T20:27:00Z,N21
FIRMS_0FE9CC05,23.782,86.34277,0.8,301.0,60.0,2026-08-19T20:27:00Z,N21
FIRMS_2162BCFE,23.7949,86.35249,3.33,303.64,60.0,2026-08-19T20:27:00Z,N21
FIRMS_92802C79,23.79503,86.35194,2.05,303.87,60.0,2026-08-19T20:27:00Z,N21
FIRMS_DDB8E585,23.80087,86.32375,0.62,300.02,60.0,2026-08-19T20:27:00Z,N21
FIRMS_5F7B6D99,23.80446,86.33112,3.63,306.85,60.0,2026-08-19T20:27:00Z,N21
FIRMS_00C1E59E,23.8231,84.57227,1.34,304.64,60.0,2026-08-19T20:27:00Z,N21
FIRMS_68E35032,26.09119,68.87904,1.33,306.18,60.0,2026-08-19T20:27:00Z,N21
FIRMS_A7D07100,26.09555,68.87965,1.32,306.03,60.0,2026-08-19T20:27:00Z,N21
FIRMS_D42F75C6,28.42559,69.70039,0.98,312.21,60.0,2026-08-19T20:27:00Z,N21
FIRMS_24F4E5F7,29.47554,76.85881,0.93,304.25,60.0,2026-08-19T20:27:00Z,N21
FIRMS_660847C4,17.95672,80.79622,3.3,325.58,60.0,2026-08-19T20:29:00Z,N21
FIRMS_D7FA20B4,17.95757,80.7914,2.92,307.04,60.0,2026-08-19T20:29:00Z,N21
FIRMS_A342CE7B,17.95761,80.79309,5.58,330.42,60.0,2026-08-19T20:29:00Z,N21
FIRMS_C4B10728,17.95841,80.78658,2.92,325.33,60.0,2026-08-19T20:29:00Z,N21
FIRMS_247AAA4C,17.95848,80.78828,4.28,324.37,60.0,2026-08-19T20:29:00Z,N21
FIRMS_90D69B18,17.96787,83.15147,1.1,305.75,60.0,2026-08-19T20:29:00Z,N21
FIRMS_9F86110C,17.98248,80.82807,2.05,304.47,60.0,2026-08-19T20:29:00Z,N21
FIRMS_E84C8492,18.57763,72.23924,2.44,304.37,60.0,2026-08-19T20:29:00Z,N21
FIRMS_B8EBBA6B,20.76206,85.29421,2.32,309.18,60.0,2026-08-19T20:29:00Z,N21
FIRMS_AADC619B,20.78388,85.25973,2.13,304.54,60.0,2026-08-19T20:29:00Z,N21
FIRMS_79B7C92D,20.79439,85.25645,5.71,326.47,60.0,2026-08-19T20:29:00Z,N21
FIRMS_4B7B558F,20.79549,85.25102,5.71,317.46,60.0,2026-08-19T20:29:00Z,N21
FIRMS_D30C472F,20.86184,84.99403,2.61,314.66,60.0,2026-08-19T20:29:00Z,N21
FIRMS_183E380E,20.8629,84.98873,2.61,316.21,60.0,2026-08-19T20:29:00Z,N21
FIRMS_D5616C04,20.86646,84.99509,2.61,307.84,60.0,2026-08-19T20:29:00Z,N21
FIRMS_0EF3BDBB,20.8834,84.98273,3.33,312.96,60.0,2026-08-19T20:29:00Z,N21
FIRMS_937055F2,20.88644,84.98445,4.04,330.03,60.0,2026-08-19T20:29:00Z,N21
FIRMS_1FAEA6EB,20.88752,84.97923,4.04,317.33,60.0,2026-08-19T20:29:00Z,N21
FIRMS_2D5CE4D8,20.88798,84.98393,3.33,318.63,60.0,2026-08-19T20:29:00Z,N21
FIRMS_55C99D0C,20.88902,84.97868,2.75,309.65,60.0,2026-08-19T20:29:00Z,N21
FIRMS_43C62A24,20.94967,86.04959,1.72,307.92,60.0,2026-08-19T20:29:00Z,N21
FIRMS_50B1916D,20.95032,86.04649,2.18,314.01,60.0,2026-08-19T20:29:00Z,N21
FIRMS_9CC06755,20.95094,86.0435,2.18,319.75,60.0,2026-08-19T20:29:00Z,N21
FIRMS_D3DD48E1,20.95988,85.17266,1.71,304.86,60.0,2026-08-19T20:29:00Z,N21
FIRMS_3F2C615C,20.96094,85.16736,2.2,308.04,60.0,2026-08-19T20:29:00Z,N21
FIRMS_CE38E1DE,20.96134,85.18983,4.95,314.1,60.0,2026-08-19T20:29:00Z,N21
FIRMS_29B1DD8E,20.96212,86.01457,3.42,303.95,60.0,2026-08-19T20:29:00Z,N21
FIRMS_5AA8D62B,20.96241,85.18444,4.95,327.9,60.0,2026-08-19T20:29:00Z,N21
FIRMS_49DBCC39,20.96247,85.17,5.18,313.47,60.0,2026-08-19T20:29:00Z,N21
FIRMS_358CCC4B,20.96274,86.0116,2.99,308.79,60.0,2026-08-19T20:29:00Z,N21
FIRMS_AF127716,20.96356,85.16472,4.4,323.89,60.0,2026-08-19T20:29:00Z,N21
FIRMS_95AEBFFB,20.96382,85.18706,4.67,330.59,60.0,2026-08-19T20:29:00Z,N21
FIRMS_E72C58AF,20.96453,85.1738,5.96,310.19,60.0,2026-08-19T20:29:00Z,N21
FIRMS_06160B03,20.96462,86.00256,0.97,306.47,60.0,2026-08-19T20:29:00Z,N21
FIRMS_ADA7E7D1,20.96493,85.1817,4.67,310.11,60.0,2026-08-19T20:29:00Z,N21
FIRMS_869554D8,20.96558,85.16853,8.27,323.35,60.0,2026-08-19T20:29:00Z,N21
FIRMS_AF046960,20.96602,85.1764,3.41,309.77,60.0,2026-08-19T20:29:00Z,N21
FIRMS_159AD47B,20.96711,85.17114,3.41,328.2,60.0,2026-08-19T20:29:00Z,N21
FIRMS_B2DB3AC2,20.96764,86.01283,2.99,341.73,60.0,2026-08-19T20:29:00Z,N21
FIRMS_CE88E058,20.96873,85.1527,2.12,308.23,60.0,2026-08-19T20:29:00Z,N21
FIRMS_92B7981F,20.96918,85.17496,5.96,342.47,60.0,2026-08-19T20:29:00Z,N21
FIRMS_9A5CF8D9,20.9695,86.00383,0.97,305.74,60.0,2026-08-19T20:29:00Z,N21
FIRMS_626B077A,20.97067,85.17754,3.41,312.37,60.0,2026-08-19T20:29:00Z,N21
FIRMS_7613CD9C,20.97175,85.17229,3.41,315.94,60.0,2026-08-19T20:29:00Z,N21
FIRMS_54105E23,20.97639,85.17344,1.88,307.23,60.0,2026-08-19T20:29:00Z,N21
FIRMS_4CECE296,20.97748,85.16819,2.25,307.85,60.0,2026-08-19T20:29:00Z,N21
FIRMS_D50E2999,20.97758,85.13268,3.66,312.39,60.0,2026-08-19T20:29:00Z,N21
FIRMS_DC6DBD4D,20.97935,85.13543,5.2,313.09,60.0,2026-08-19T20:29:00Z,N21
FIRMS_6B5DE1B3,20.99767,86.017,1.18,304.18,60.0,2026-08-19T20:29:00Z,N21
FIRMS_ADF73A14,20.99829,86.01398,1.72,312.3,60.0,2026-08-19T20:29:00Z,N21
FIRMS_3B001445,20.99883,86.01723,1.16,303.7,60.0,2026-08-19T20:29:00Z,N21
FIRMS_CFC16F9F,21.00072,86.02725,0.72,305.34,60.0,2026-08-19T20:29:00Z,N21
FIRMS_24323A7A,21.00181,86.02744,1.87,304.39,60.0,2026-08-19T20:29:00Z,N21
FIRMS_E5E8728C,8.73676,77.60059,3.34,314.17,60.0,2026-08-19T20:32:00Z,N21
FIRMS_055C44D2,8.73967,77.60538,27.52,317.62,60.0,2026-08-19T20:32:00Z,N21
FIRMS_B7385B79,8.74035,77.6012,27.52,344.45,60.0,2026-08-19T20:32:00Z,N21
FIRMS_CDB017EC,8.74104,77.59702,17.22,330.52,60.0,2026-08-19T20:32:00Z,N21
FIRMS_598F5027,11.42396,77.4256,1.06,304.77,60.0,2026-08-19T20:32:00Z,N21
FIRMS_FF9073A0,15.16805,76.37964,1.51,302.05,60.0,2026-08-19T20:32:00Z,N21
FIRMS_75C5475A,6.8679,81.49543,1.64,306.46,60.0,2026-08-19T20:34:00Z,N21
FIRMS_A6142C95,7.72988,81.15034,0.79,301.64,60.0,2026-08-19T20:34:00Z,N21
FIRMS_1B9448FF,7.79751,80.72691,3.64,316.61,60.0,2026-08-19T20:34:00Z,N21
FIRMS_C1B7C941,8.08173,80.78276,1.07,305.52,60.0,2026-08-19T20:34:00Z,N21
FIRMS_09D8B383,6.37957,81.29591,49.43,342.37,60.0,2026-08-20T07:37:00Z,N21
FIRMS_79B28F13,6.38851,81.35158,9.44,333.17,60.0,2026-08-20T07:37:00Z,N21
FIRMS_68CF2A64,6.42559,81.10968,8.76,351.99,60.0,2026-08-20T07:37:00Z,N21
FIRMS_A7484EF4,6.62549,81.24883,55.91,349.41,60.0,2026-08-20T07:37:00Z,N21
FIRMS_82851C3D,6.62859,81.24317,6.83,334.7,60.0,2026-08-20T07:37:00Z,N21
FIRMS_B213D013,6.71719,80.84705,8.16,342.21,60.0,2026-08-20T07:37:00Z,N21
FIRMS_ADC1C1B7,6.71812,81.39816,5.4,330.45,60.0,2026-08-20T07:37:00Z,N21
FIRMS_60F1733D,6.72731,81.05857,8.96,353.67,60.0,2026-08-20T07:37:00Z,N21
FIRMS_EE5993EE,6.72836,81.06496,6.25,339.9,60.0,2026-08-20T07:37:00Z,N21
FIRMS_F14FBA74,6.73137,81.05842,8.96,346.23,60.0,2026-08-20T07:37:00Z,N21
FIRMS_D23EE5DE,6.74353,81.03307,3.19,330.58,60.0,2026-08-20T07:37:00Z,N21
FIRMS_747E737B,6.77654,81.18581,3.29,332.76,60.0,2026-08-20T07:37:00Z,N21
FIRMS_C576BC18,6.7769,81.08801,13.44,350.82,60.0,2026-08-20T07:37:00Z,N21
FIRMS_A048BA5F,6.80584,81.56102,1.5,333.34,60.0,2026-08-20T07:37:00Z,N21
FIRMS_47091ED2,6.82803,81.50307,12.73,349.51,60.0,2026-08-20T07:37:00Z,N21
FIRMS_AA69260A,6.89966,81.32388,3.1,331.3,60.0,2026-08-20T07:37:00Z,N21
FIRMS_41751240,6.92705,81.61312,16.3,339.42,60.0,2026-08-20T07:37:00Z,N21
FIRMS_31B8DC1D,6.92777,81.59348,8.73,341.19,60.0,2026-08-20T07:37:00Z,N21
FIRMS_D53F7339,6.93161,81.59288,14.42,333.75,60.0,2026-08-20T07:37:00Z,N21
FIRMS_6FAE1FDA,6.93239,81.59767,12.24,334.73,60.0,2026-08-20T07:37:00Z,N21
FIRMS_DDD14A37,6.95307,81.60406,6.27,335.06,60.0,2026-08-20T07:37:00Z,N21
FIRMS_5383AEA3,6.95996,81.57374,6.15,335.87,60.0,2026-08-20T07:37:00Z,N21
FIRMS_DA86C58D,7.03939,81.51333,28.76,335.4,60.0,2026-08-20T07:37:00Z,N21
FIRMS_225D0C3D,7.23699,81.79458,9.14,337.52,60.0,2026-08-20T07:37:00Z,N21
FIRMS_76489227,7.2377,81.77554,3.87,333.09,60.0,2026-08-20T07:37:00Z,N21
FIRMS_406D719D,7.24053,81.79688,7.54,336.79,60.0,2026-08-20T07:37:00Z,N21
FIRMS_EE4E7C32,7.30403,81.80277,4.56,334.64,60.0,2026-08-20T07:37:00Z,N21
FIRMS_5EE600E9,7.3085,81.83034,11.11,345.49,60.0,2026-08-20T07:37:00Z,N21
FIRMS_CD193D36,7.30919,81.85841,4.06,333.73,60.0,2026-08-20T07:37:00Z,N21
FIRMS_98B9720A,7.30937,81.76406,2.7,331.32,60.0,2026-08-20T07:37:00Z,N21
FIRMS_AB912D2D,7.31755,81.81475,6.65,331.05,60.0,2026-08-20T07:37:00Z,N21
FIRMS_9FD309B3,7.32869,81.21246,28.66,338.37,60.0,2026-08-20T07:37:00Z,N21
FIRMS_2E62CCA4,7.35589,81.81335,6.35,334.01,60.0,2026-08-20T07:37:00Z,N21
FIRMS_CF2043AD,7.35687,81.81458,5.3,334.77,60.0,2026-08-20T07:37:00Z,N21
FIRMS_4134A66B,7.38829,81.1074,11.21,346.44,60.0,2026-08-20T07:37:00Z,N21
FIRMS_050E95D7,7.38911,81.11235,7.54,345.62,60.0,2026-08-20T07:37:00Z,N21
FIRMS_64BF535B,7.42925,81.71305,3.11,331.48,60.0,2026-08-20T07:37:00Z,N21
FIRMS_8E667073,7.50203,80.96629,4.52,331.28,60.0,2026-08-20T07:37:00Z,N21
FIRMS_63346F7E,7.51976,81.09913,11.49,331.0,60.0,2026-08-20T07:37:00Z,N21
FIRMS_205AD7B9,7.5288,80.9313,3.32,335.44,60.0,2026-08-20T07:37:00Z,N21
FIRMS_EDD4122B,7.52925,81.10803,13.35,331.71,60.0,2026-08-20T07:37:00Z,N21
FIRMS_65BA5EA9,7.55215,81.72792,2.47,331.52,60.0,2026-08-20T07:37:00Z,N21
FIRMS_7FCCEDB2,7.64909,80.93144,7.09,332.05,60.0,2026-08-20T07:37:00Z,N21
FIRMS_E3F02A68,7.72987,81.24695,12.42,341.81,60.0,2026-08-20T07:37:00Z,N21
FIRMS_9470B7CE,7.74227,81.12871,4.5,332.11,60.0,2026-08-20T07:37:00Z,N21
FIRMS_BCEDB2D5,8.43784,80.3227,3.22,335.52,60.0,2026-08-20T07:37:00Z,N21
FIRMS_BE7ADC46,8.73922,77.60026,8.25,352.24,60.0,2026-08-20T07:37:00Z,N21
FIRMS_28DEF55C,8.74019,77.60567,8.25,330.51,60.0,2026-08-20T07:37:00Z,N21
FIRMS_A5C971A0,8.77201,80.52633,2.31,329.23,60.0,2026-08-20T07:37:00Z,N21
FIRMS_911DCA26,9.06641,77.74824,13.45,340.86,60.0,2026-08-20T07:37:00Z,N21
FIRMS_0BFB06C0,9.0671,77.75063,10.05,345.56,60.0,2026-08-20T07:37:00Z,N21
FIRMS_B6BBD463,9.14139,77.53202,3.72,335.88,60.0,2026-08-20T07:37:00Z,N21
FIRMS_FE1C7DD1,9.14298,77.53522,6.2,333.19,60.0,2026-08-20T07:37:00Z,N21
FIRMS_8A883485,9.34058,80.31425,9.59,335.75,60.0,2026-08-20T07:37:00Z,N21
FIRMS_5DAC718C,15.18291,76.66628,8.31,335.93,60.0,2026-08-20T07:39:00Z,N21
FIRMS_9623F6ED,16.19041,78.37185,5.61,339.8,60.0,2026-08-20T07:39:00Z,N21
FIRMS_0FE58D5E,16.97086,77.69366,3.18,330.17,60.0,2026-08-20T07:39:00Z,N21
FIRMS_A9D32EFA,17.5076,82.95037,17.21,367.0,90.0,2026-08-20T07:39:00Z,N21
FIRMS_BEE60BB4,17.51089,82.94982,8.97,348.7,30.0,2026-08-20T07:39:00Z,N21
FIRMS_F87AAED3,17.53239,83.00151,3.38,330.1,30.0,2026-08-20T07:39:00Z,N21
FIRMS_E5CBD47B,17.60865,83.20535,5.91,332.41,60.0,2026-08-20T07:39:00Z,N21
FIRMS_2F7D53BD,18.64043,74.56492,4.3,340.74,60.0,2026-08-20T07:39:00Z,N21
FIRMS_F481FCBA,20.75885,85.29925,5.65,332.16,60.0,2026-08-20T07:41:00Z,N21
FIRMS_FE572747,20.79548,85.25578,11.08,335.11,60.0,2026-08-20T07:41:00Z,N21
FIRMS_D427FBE6,20.79951,85.25935,5.42,331.28,60.0,2026-08-20T07:41:00Z,N21
FIRMS_BAF25032,20.9649,85.1677,4.19,334.74,60.0,2026-08-20T07:41:00Z,N21
FIRMS_C1F5647C,21.10167,72.6348,7.3,336.17,60.0,2026-08-20T07:41:00Z,N21
FIRMS_89405EE8,21.10398,72.64554,12.56,367.0,90.0,2026-08-20T07:41:00Z,N21
FIRMS_78533887,22.37798,87.28054,8.68,335.0,60.0,2026-08-20T07:41:00Z,N21
FIRMS_6D171A99,23.77916,86.21287,5.8,333.94,60.0,2026-08-20T07:41:00Z,N21
FIRMS_D9FDB661,23.77984,86.21015,9.99,338.66,60.0,2026-08-20T07:41:00Z,N21
FIRMS_B042DEFA,23.80139,86.32409,6.43,332.78,60.0,2026-08-20T07:41:00Z,N21
FIRMS_92417C25,23.80199,86.32909,6.43,336.98,60.0,2026-08-20T07:41:00Z,N21
FIRMS_A487CD40,29.81773,72.65898,6.77,342.0,60.0,2026-08-20T07:44:00Z,N21
FIRMS_CC50F632,29.81855,72.65721,3.3,334.61,60.0,2026-08-20T07:44:00Z,N21
FIRMS_D3AE106B,30.02618,70.70905,3.97,331.46,60.0,2026-08-20T07:44:00Z,N21
FIRMS_DA975A43,30.07968,71.95341,8.57,341.9,60.0,2026-08-20T07:44:00Z,N21
FIRMS_1AE6A049,30.08422,71.95211,8.57,336.28,60.0,2026-08-20T07:44:00Z,N21
FIRMS_D11FC5BE,30.18359,73.24595,1.97,330.4,60.0,2026-08-20T07:44:00Z,N21
FIRMS_118F8141,30.36077,73.58394,8.42,340.64,60.0,2026-08-20T07:44:00Z,N21
FIRMS_5E876401,30.36296,74.2361,2.27,331.16,60.0,2026-08-20T07:44:00Z,N21
FIRMS_83500E8B,30.44184,72.09362,3.91,339.04,60.0,2026-08-20T07:44:00Z,N21
FIRMS_2E8D3369,30.59403,73.78246,4.6,339.22,60.0,2026-08-20T07:44:00Z,N21
FIRMS_6C6EBB13,30.6499,73.89236,3.43,338.42,60.0,2026-08-20T07:44:00Z,N21
FIRMS_4A967A00,31.65483,72.27358,7.86,338.88,60.0,2026-08-20T07:44:00Z,N21
FIRMS_844041B7,26.75916,83.19909,1.13,303.84,60.0,2026-08-20T20:08:00Z,N21
FIRMS_73159020,27.31682,95.26463,1.25,306.24,60.0,2026-08-20T20:08:00Z,N21
FIRMS_2C8D20F8,27.32581,95.27686,1.74,313.3,60.0,2026-08-20T20:08:00Z,N21
FIRMS_BCD56046,28.13022,76.89521,0.92,307.03,60.0,2026-08-20T20:08:00Z,N21
FIRMS_4C8538E7,28.71234,76.83447,2.32,303.17,60.0,2026-08-20T20:08:00Z,N21
FIRMS_E0F513DF,28.71263,76.83237,1.57,301.89,60.0,2026-08-20T20:08:00Z,N21
FIRMS_C11BB5BD,28.74317,76.92706,2.47,301.97,60.0,2026-08-20T20:08:00Z,N21
FIRMS_B65D0A72,29.45455,76.86482,4.5,306.95,60.0,2026-08-20T20:08:00Z,N21
FIRMS_8C31C595,29.45779,76.86746,11.33,324.8,60.0,2026-08-20T20:08:00Z,N21
FIRMS_DEC5C9A3,29.45827,76.86245,11.33,339.56,60.0,2026-08-20T20:08:00Z,N21
FIRMS_BBC29467,29.45899,76.86539,13.66,343.34,60.0,2026-08-20T20:08:00Z,N21
FIRMS_6AEBCDAC,29.47335,76.85711,3.76,305.34,60.0,2026-08-20T20:08:00Z,N21
FIRMS_B57B0321,33.43012,78.19984,1.48,302.75,60.0,2026-08-20T20:08:00Z,N21
FIRMS_79897F00,19.92169,79.11499,0.63,303.53,60.0,2026-08-20T20:10:00Z,N21
FIRMS_C2C091AD,20.94982,86.05055,0.86,299.85,60.0,2026-08-20T20:10:00Z,N21
FIRMS_F123A911,20.95068,86.04578,1.14,300.59,60.0,2026-08-20T20:10:00Z,N21
FIRMS_429A8F56,20.97016,86.00092,2.74,312.49,60.0,2026-08-20T20:10:00Z,N21
FIRMS_4A135CED,21.10216,72.6443,2.06,305.35,60.0,2026-08-20T20:10:00Z,N21
FIRMS_4FEEB1A5,21.74303,83.84335,1.82,304.43,60.0,2026-08-20T20:10:00Z,N21
FIRMS_604EC204,21.74638,83.84399,1.82,326.34,60.0,2026-08-20T20:10:00Z,N21
FIRMS_2C9C9C35,21.74702,83.84013,3.43,309.34,60.0,2026-08-20T20:10:00Z,N21
FIRMS_9DABF637,21.75037,83.84077,2.1,300.67,60.0,2026-08-20T20:10:00Z,N21
FIRMS_EB75ABDE,21.76586,84.01934,1.82,304.85,60.0,2026-08-20T20:10:00Z,N21
FIRMS_EA175E69,21.76922,84.01998,1.59,300.88,60.0,2026-08-20T20:10:00Z,N21
FIRMS_056B8CC1,21.79336,83.9878,1.61,305.66,60.0,2026-08-20T20:10:00Z,N21
FIRMS_41E789A7,21.80106,83.89022,1.43,305.92,60.0,2026-08-20T20:10:00Z,N21
FIRMS_1D5A9454,21.80221,83.89371,1.19,305.17,60.0,2026-08-20T20:10:00Z,N21
FIRMS_1352EFED,21.8591,83.96842,1.31,304.7,60.0,2026-08-20T20:10:00Z,N21
FIRMS_F2F6BC50,21.96282,83.77252,0.97,306.73,60.0,2026-08-20T20:10:00Z,N21
FIRMS_D232C637,22.01404,83.75465,1.7,308.83,60.0,2026-08-20T20:10:00Z,N21
FIRMS_F14C316F,22.03848,83.7317,1.63,307.47,60.0,2026-08-20T20:10:00Z,N21
FIRMS_F7B07219,22.0391,83.72788,1.42,312.31,60.0,2026-08-20T20:10:00Z,N21
FIRMS_337F3B23,22.04119,83.73617,1.59,306.18,60.0,2026-08-20T20:10:00Z,N21
FIRMS_DA9933A1,22.06585,83.70532,1.34,313.22,60.0,2026-08-20T20:10:00Z,N21
FIRMS_E094E3EF,22.78706,86.19686,4.25,311.46,60.0,2026-08-20T20:10:00Z,N21
FIRMS_5DE80713,22.79068,86.19763,4.25,330.28,60.0,2026-08-20T20:10:00Z,N21
FIRMS_0CB46FCE,22.79184,86.21223,4.63,306.09,60.0,2026-08-20T20:10:00Z,N21
FIRMS_920A3E8B,22.79431,86.19839,5.16,310.02,60.0,2026-08-20T20:10:00Z,N21
FIRMS_71BC51F8,22.79629,86.2084,4.63,339.22,60.0,2026-08-20T20:10:00Z,N21
FIRMS_7D36449B,22.87224,86.06081,1.14,306.17,60.0,2026-08-20T20:10:00Z,N21
FIRMS_C9350D96,23.55074,87.24416,1.82,303.92,60.0,2026-08-20T20:10:00Z,N21
FIRMS_A6D4FD58,23.55139,86.54254,1.88,305.38,60.0,2026-08-20T20:10:00Z,N21
FIRMS_0D3847B8,23.55925,87.24075,2.45,311.41,60.0,2026-08-20T20:10:00Z,N21
FIRMS_DBE40098,23.56099,87.08415,3.43,313.51,60.0,2026-08-20T20:10:00Z,N21
FIRMS_08DA519B,23.64684,85.43806,3.8,326.78,60.0,2026-08-20T20:10:00Z,N21
FIRMS_99008903,23.65031,85.43877,1.2,305.48,60.0,2026-08-20T20:10:00Z,N21
FIRMS_80A1C170,23.6613,87.1546,1.8,318.36,60.0,2026-08-20T20:10:00Z,N21
FIRMS_CB60EB06,23.66311,84.99789,0.61,304.41,60.0,2026-08-20T20:10:00Z,N21
FIRMS_A25C3E57,23.66319,85.5509,1.52,305.72,60.0,2026-08-20T20:10:00Z,N21
FIRMS_DDDED122,23.66412,87.16042,1.8,311.05,60.0,2026-08-20T20:10:00Z,N21
FIRMS_CD788BE0,23.66505,87.15543,1.8,308.46,60.0,2026-08-20T20:10:00Z,N21
FIRMS_B498979E,23.66539,86.91727,2.82,309.68,60.0,2026-08-20T20:10:00Z,N21
FIRMS_BF291CE1,23.67608,86.39792,1.94,306.97,60.0,2026-08-20T20:10:00Z,N21
FIRMS_B7A8227C,23.67692,86.39332,1.94,305.64,60.0,2026-08-20T20:10:00Z,N21
FIRMS_EF2815CD,23.679,86.10411,3.68,318.72,60.0,2026-08-20T20:10:00Z,N21
FIRMS_DCE40349,23.68058,86.09518,2.25,309.33,60.0,2026-08-20T20:10:00Z,N21
FIRMS_E5D28E18,23.6819,87.12791,1.37,309.82,60.0,2026-08-20T20:10:00Z,N21
FIRMS_2234AE5E,23.68416,86.39481,3.11,311.34,60.0,2026-08-20T20:10:00Z,N21
FIRMS_48FB7F32,23.68499,86.39027,2.54,305.18,60.0,2026-08-20T20:10:00Z,N21
FIRMS_DA8B71BC,23.68657,87.12376,2.0,306.1,60.0,2026-08-20T20:10:00Z,N21
FIRMS_AC013ABB,23.6886,86.39101,2.54,315.84,60.0,2026-08-20T20:10:00Z,N21
FIRMS_4CEC817E,23.69119,87.0988,3.12,307.7,60.0,2026-08-20T20:10:00Z,N21
FIRMS_79766BED,23.69217,87.11459,1.5,308.03,60.0,2026-08-20T20:10:00Z,N21
FIRMS_EFA23872,23.69309,87.10959,1.5,306.56,60.0,2026-08-20T20:10:00Z,N21
FIRMS_C1D88BC9,23.69402,87.10461,2.63,310.53,60.0,2026-08-20T20:10:00Z,N21
FIRMS_7889C406,23.69448,85.28766,1.44,307.33,60.0,2026-08-20T20:10:00Z,N21
FIRMS_CBD43267,23.69462,85.36964,2.69,322.14,60.0,2026-08-20T20:10:00Z,N21
FIRMS_CD22DDAB,23.69586,87.09464,2.37,310.56,60.0,2026-08-20T20:10:00Z,N21
FIRMS_074CBEEE,23.69721,85.29251,1.33,305.06,60.0,2026-08-20T20:10:00Z,N21
FIRMS_FFBA225B,23.71254,86.42478,3.71,305.15,60.0,2026-08-20T20:10:00Z,N21
FIRMS_EA9F6271,23.71616,86.42556,4.23,306.37,60.0,2026-08-20T20:10:00Z,N21
FIRMS_2C2F7481,23.72135,85.00805,0.94,303.88,60.0,2026-08-20T20:10:00Z,N21
FIRMS_391FF004,23.72423,86.42248,3.56,309.72,60.0,2026-08-20T20:10:00Z,N21
FIRMS_91A59400,23.73705,86.43478,2.89,312.29,60.0,2026-08-20T20:10:00Z,N21
FIRMS_C50E5B31,23.73912,85.00741,1.92,310.68,60.0,2026-08-20T20:10:00Z,N21
FIRMS_13E44047,23.74444,85.50512,0.87,305.57,60.0,2026-08-20T20:10:00Z,N21
FIRMS_277FAF76,23.7559,85.85481,3.42,313.75,60.0,2026-08-20T20:10:00Z,N21
FIRMS_756F0199,23.75665,85.85047,2.03,309.93,60.0,2026-08-20T20:10:00Z,N21
FIRMS_05A8AE2E,23.75729,86.40557,2.4,315.89,60.0,2026-08-20T20:10:00Z,N21
FIRMS_5CB8662C,23.7581,86.40099,2.4,314.97,60.0,2026-08-20T20:10:00Z,N21
FIRMS_22364648,23.75942,85.85556,2.06,309.48,60.0,2026-08-20T20:10:00Z,N21
FIRMS_86B29B6A,23.7609,86.40632,2.4,302.07,60.0,2026-08-20T20:10:00Z,N21
FIRMS_0765CFD8,23.76171,86.40175,2.4,326.99,60.0,2026-08-20T20:10:00Z,N21
FIRMS_9427357C,23.76533,86.40251,2.34,309.3,60.0,2026-08-20T20:10:00Z,N21
FIRMS_FD0BC939,23.77931,85.57391,2.3,306.79,60.0,2026-08-20T20:10:00Z,N21
FIRMS_22DF48F6,23.78648,85.55334,2.36,317.54,60.0,2026-08-20T20:10:00Z,N21
FIRMS_3B1409E3,23.80141,86.33147,1.7,304.54,60.0,2026-08-20T20:10:00Z,N21
FIRMS_12307D81,23.80334,85.5392,0.98,303.92,60.0,2026-08-20T20:10:00Z,N21
FIRMS_73F16689,23.82177,85.49487,0.87,304.98,60.0,2026-08-20T20:10:00Z,N21
FIRMS_E64B8B93,23.82286,85.49767,1.07,305.53,60.0,2026-08-20T20:10:00Z,N21
FIRMS_373CEC9F,23.82452,85.4998,0.87,302.72,60.0,2026-08-20T20:10:00Z,N21
FIRMS_E110D705,23.82524,85.49557,0.87,301.84,60.0,2026-08-20T20:10:00Z,N21
FIRMS_9822D59B,23.82633,85.49837,1.07,305.02,60.0,2026-08-20T20:10:00Z,N21
FIRMS_01FC573C,24.7619,74.60608,0.52,298.2,60.0,2026-08-20T20:10:00Z,N21
FIRMS_12C8B46C,24.92358,84.15446,2.59,309.65,60.0,2026-08-20T20:10:00Z,N21
FIRMS_5016DDEC,24.92798,84.14663,3.33,309.02,60.0,2026-08-20T20:10:00Z,N21
FIRMS_128BF0C5,25.38791,68.57941,2.09,310.04,60.0,2026-08-20T20:10:00Z,N21
FIRMS_83B4BE01,13.39201,80.10139,2.74,313.52,60.0,2026-08-20T20:12:00Z,N21
FIRMS_F30235C1,15.17435,76.65977,3.04,304.97,60.0,2026-08-20T20:12:00Z,N21
FIRMS_100320A5,15.175,76.65512,3.48,311.85,60.0,2026-08-20T20:12:00Z,N21
FIRMS_FC92CD40,15.17508,77.10185,1.02,306.65,60.0,2026-08-20T20:12:00Z,N21
FIRMS_FCBD9997,15.17594,76.65845,4.29,313.18,60.0,2026-08-20T20:12:00Z,N21
FIRMS_9515FF4E,15.17657,76.65381,3.37,315.11,60.0,2026-08-20T20:12:00Z,N21
FIRMS_8D308602,15.17873,77.10238,1.25,306.46,60.0,2026-08-20T20:12:00Z,N21
FIRMS_A373352D,15.18217,76.66879,2.89,310.68,60.0,2026-08-20T20:12:00Z,N21
FIRMS_F7970515,15.33131,76.28654,1.93,307.73,60.0,2026-08-20T20:12:00Z,N21
FIRMS_20FDB53D,15.3342,76.2842,1.35,308.27,60.0,2026-08-20T20:12:00Z,N21
FIRMS_B460D134,16.35903,81.28316,2.97,312.12,60.0,2026-08-20T20:12:00Z,N21
FIRMS_1B7887DE,17.95608,80.79744,1.41,305.05,60.0,2026-08-20T20:12:00Z,N21
FIRMS_55BF9B3A,17.95664,80.79382,1.85,317.42,60.0,2026-08-20T20:12:00Z,N21
FIRMS_8E2C7FEE,17.95719,80.79021,1.85,310.95,60.0,2026-08-20T20:12:00Z,N21
FIRMS_1F293175,17.96913,83.15405,2.23,305.12,60.0,2026-08-20T20:12:00Z,N21
FIRMS_7B55FFC9,18.6829,73.02922,2.22,304.41,60.0,2026-08-20T20:12:00Z,N21
FIRMS_1EF96A47,18.68787,73.02982,2.22,299.67,60.0,2026-08-20T20:12:00Z,N21
FIRMS_8566952A,6.55724,81.15136,1.5,317.04,60.0,2026-08-20T20:14:00Z,N21
FIRMS_59970DE5,6.55787,81.14748,1.5,305.25,60.0,2026-08-20T20:14:00Z,N21
FIRMS_0D80E72A,6.64367,80.81452,3.13,324.13,60.0,2026-08-20T20:14:00Z,N21
FIRMS_979D1750,6.65839,80.76668,0.77,302.91,60.0,2026-08-20T20:14:00Z,N21
FIRMS_32816831,6.81455,81.55536,4.7,329.68,60.0,2026-08-20T20:14:00Z,N21
FIRMS_68219B1D,6.82122,81.13123,0.85,305.72,60.0,2026-08-20T20:14:00Z,N21
FIRMS_DC753715,6.86571,81.57617,1.9,312.58,60.0,2026-08-20T20:14:00Z,N21
FIRMS_D7C6C0E2,6.88058,81.529,1.12,307.13,60.0,2026-08-20T20:14:00Z,N21
FIRMS_8635E451,6.91522,81.58303,2.39,320.22,60.0,2026-08-20T20:14:00Z,N21
FIRMS_7BEB0B1F,6.91533,81.58417,1.65,310.56,60.0,2026-08-20T20:14:00Z,N21
FIRMS_D0B57C1A,6.91597,81.58014,2.16,312.2,60.0,2026-08-20T20:14:00Z,N21
FIRMS_8E5BB18E,6.91876,81.5836,1.27,306.74,60.0,2026-08-20T20:14:00Z,N21
FIRMS_C2E7F740,6.91942,81.57955,1.32,313.29,60.0,2026-08-20T20:14:00Z,N21
FIRMS_9406E969,6.92008,81.57554,1.32,306.92,60.0,2026-08-20T20:14:00Z,N21
FIRMS_3F7B61EC,7.02804,81.40038,1.44,311.89,60.0,2026-08-20T20:14:00Z,N21
FIRMS_5B455FBE,7.25207,81.11695,1.39,307.31,60.0,2026-08-20T20:14:00Z,N21
FIRMS_64ED61F0,7.39562,81.1003,3.57,324.85,60.0,2026-08-20T20:14:00Z,N21
FIRMS_BE1E594B,7.39846,81.10469,4.66,327.37,60.0,2026-08-20T20:14:00Z,N21
FIRMS_3696468D,8.73815,77.60192,1.11,305.13,60.0,2026-08-20T20:14:00Z,N21
FIRMS_CC84121C,8.73869,77.59828,1.11,315.6,60.0,2026-08-20T20:14:00Z,N21
FIRMS_2150FF78,8.74152,77.60243,1.11,299.08,60.0,2026-08-20T20:14:00Z,N21
FIRMS_04F24B6B,8.74207,77.59879,1.11,303.05,60.0,2026-08-20T20:14:00Z,N21
FIRMS_F2EB2C15,9.27709,78.06376,0.86,305.94,60.0,2026-08-20T20:14:00Z,N21
FIRMS_39B32489,12.03978,79.0528,0.65,296.42,60.0,2026-08-20T20:14:00Z,N21
FIRMS_AD3BB350,12.04919,79.05791,1.4,307.8,60.0,2026-08-20T20:14:00Z,N21
FIRMS_2575FAED,12.68491,76.4514,1.91,311.27,60.0,2026-08-20T20:14:00Z,N21
FIRMS_2B88CE63,12.74548,77.62041,1.3,311.39,60.0,2026-08-20T20:14:00Z,N21
FIRMS_C68C37B5,12.91629,77.42502,0.65,301.72,60.0,2026-08-20T20:14:00Z,N21
FIRMS_BD1FDA88,29.91009,74.95052,4.09,314.37,60.0,2026-08-20T21:48:00Z,N21
FIRMS_4AC9E7A8,29.9104,74.95412,4.68,317.88,60.0,2026-08-20T21:48:00Z,N21
FIRMS_2F9507E6,32.29398,70.73102,2.02,308.62,60.0,2026-08-20T21:48:00Z,N21
FIRMS_B41C9A6B,32.8892,71.61728,3.25,310.58,60.0,2026-08-20T21:48:00Z,N21
FIRMS_5A8D86C7,25.38842,68.58323,2.57,318.37,60.0,2026-08-20T21:50:00Z,N21
FIRMS_A3429C5A,25.86218,68.93235,0.78,305.35,60.0,2026-08-20T21:50:00Z,N21
FIRMS_412171B5,25.93938,72.19437,2.26,309.92,60.0,2026-08-20T21:50:00Z,N21
FIRMS_DA999C2A,7.34425,81.77691,5.07,336.03,60.0,2026-08-21T07:18:00Z,N21
FIRMS_FCD9FAE1,7.64583,80.17288,5.19,328.51,60.0,2026-08-21T07:20:00Z,N21
FIRMS_BAF54CC6,7.74835,81.24303,7.63,331.39,60.0,2026-08-21T07:20:00Z,N21
FIRMS_04CE36FB,7.81062,81.37923,4.66,339.91,60.0,2026-08-21T07:20:00Z,N21
FIRMS_A3259515,7.81416,81.36852,5.79,346.14,60.0,2026-08-21T07:20:00Z,N21
FIRMS_EFA6302F,7.87362,81.43024,3.53,333.8,60.0,2026-08-21T07:20:00Z,N21
FIRMS_17583C09,7.88873,81.45438,3.54,334.57,60.0,2026-08-21T07:20:00Z,N21
FIRMS_26FC5FC5,8.17347,81.07701,2.98,333.72,60.0,2026-08-21T07:20:00Z,N21
FIRMS_07605001,8.19705,80.32624,2.98,329.52,60.0,2026-08-21T07:20:00Z,N21
FIRMS_76C2E931,8.20406,80.04623,9.95,367.0,90.0,2026-08-21T07:20:00Z,N21
FIRMS_8796C78B,8.43888,80.71687,7.53,339.28,60.0,2026-08-21T07:20:00Z,N21
FIRMS_56FD7292,8.58529,80.67152,5.97,341.14,60.0,2026-08-21T07:20:00Z,N21
FIRMS_41649074,8.64516,80.78474,3.93,334.65,60.0,2026-08-21T07:20:00Z,N21
FIRMS_1127774A,8.68452,80.75587,3.68,336.29,60.0,2026-08-21T07:20:00Z,N21
FIRMS_ECE19DB7,8.68718,80.75699,5.95,338.55,60.0,2026-08-21T07:20:00Z,N21
FIRMS_2D880A11,8.75354,80.78481,15.48,355.42,30.0,2026-08-21T07:20:00Z,N21
FIRMS_EC0F3EF3,8.75417,80.7883,14.7,349.65,60.0,2026-08-21T07:20:00Z,N21
FIRMS_19D644F1,9.44777,80.46851,4.14,330.54,60.0,2026-08-21T07:20:00Z,N21
FIRMS_2118A1F1,9.44843,80.47205,4.14,332.78,60.0,2026-08-21T07:20:00Z,N21
FIRMS_A50024C2,9.46023,77.93821,5.13,336.12,60.0,2026-08-21T07:20:00Z,N21
FIRMS_D48D73BA,9.46267,77.93827,4.1,334.28,60.0,2026-08-21T07:20:00Z,N21
FIRMS_5873B9FF,9.55699,78.28705,2.68,331.02,60.0,2026-08-21T07:20:00Z,N21
FIRMS_50FBB681,9.78832,80.12363,3.82,331.64,60.0,2026-08-21T07:20:00Z,N21
FIRMS_299C07A0,9.91547,77.8808,5.53,330.27,60.0,2026-08-21T07:20:00Z,N21
FIRMS_653AD6D0,10.01859,77.58141,17.06,343.03,60.0,2026-08-21T07:20:00Z,N21
FIRMS_1E0076B3,10.02387,77.57968,13.65,350.54,60.0,2026-08-21T07:20:00Z,N21
FIRMS_2415FFEC,10.0502,77.95194,13.76,367.0,90.0,2026-08-21T07:20:00Z,N21
FIRMS_79FD0CA3,10.40672,77.98721,3.91,336.6,60.0,2026-08-21T07:20:00Z,N21
FIRMS_0A43DE41,11.71467,79.12849,6.81,333.78,60.0,2026-08-21T07:20:00Z,N21
FIRMS_929DA401,11.7761,78.67162,5.95,339.85,60.0,2026-08-21T07:20:00Z,N21
FIRMS_D5A449DB,11.77683,78.67175,6.7,345.59,60.0,2026-08-21T07:20:00Z,N21
FIRMS_209DA7DA,12.3086,79.8354,2.32,331.79,60.0,2026-08-21T07:20:00Z,N21
FIRMS_C1830849,13.40486,80.21468,3.1,330.46,60.0,2026-08-21T07:20:00Z,N21
FIRMS_814A9FBE,14.6078,79.66063,6.46,342.95,60.0,2026-08-21T07:20:00Z,N21
FIRMS_FB693123,14.67207,79.82387,2.82,330.08,60.0,2026-08-21T07:20:00Z,N21
FIRMS_A5C7F217,14.68743,79.7369,3.61,336.25,60.0,2026-08-21T07:20:00Z,N21
FIRMS_AD6A1B6D,14.6885,79.73643,2.77,335.87,60.0,2026-08-21T07:20:00Z,N21
FIRMS_10D37273,14.75264,79.70685,3.81,332.97,60.0,2026-08-21T07:20:00Z,N21
FIRMS_1485F834,14.78502,79.98163,2.91,334.18,60.0,2026-08-21T07:20:00Z,N21
FIRMS_939634C7,14.52584,77.43586,15.67,367.0,90.0,2026-08-21T07:22:00Z,N21
FIRMS_20AC733E,14.52769,77.43334,7.56,338.86,60.0,2026-08-21T07:22:00Z,N21
FIRMS_5940D143,15.10624,79.37469,6.03,344.85,60.0,2026-08-21T07:22:00Z,N21
FIRMS_58AF200E,15.74401,79.29642,7.04,350.7,60.0,2026-08-21T07:22:00Z,N21
FIRMS_F2F0BB6C,15.81428,80.01816,2.83,330.86,60.0,2026-08-21T07:22:00Z,N21
FIRMS_F5B2F001,16.60639,79.74261,2.15,332.67,60.0,2026-08-21T07:22:00Z,N21
FIRMS_50F5A707,17.23297,79.42318,2.64,333.05,60.0,2026-08-21T07:22:00Z,N21
FIRMS_2E7701A4,17.49645,82.98081,3.86,339.61,60.0,2026-08-21T07:22:00Z,N21
FIRMS_EC6AF105,22.24823,87.38765,3.08,331.95,60.0,2026-08-21T07:22:00Z,N21
FIRMS_966BAE22,23.48346,87.3627,5.06,337.08,60.0,2026-08-21T07:22:00Z,N21
FIRMS_98BE832A,23.66353,87.1547,6.18,340.74,60.0,2026-08-21T07:22:00Z,N21
FIRMS_7F113E5B,23.67512,86.4021,5.73,330.3,60.0,2026-08-21T07:22:00Z,N21
FIRMS_D4DE726C,23.67783,86.39777,8.01,338.05,60.0,2026-08-21T07:22:00Z,N21
FIRMS_10BBBA69,23.68382,86.39285,5.77,330.91,60.0,2026-08-21T07:22:00Z,N21
FIRMS_779A0EA9,23.70941,86.44951,3.16,331.8,60.0,2026-08-21T07:22:00Z,N21
FIRMS_10F602AB,23.7604,86.4017,5.92,335.74,60.0,2026-08-21T07:22:00Z,N21
FIRMS_CA614388,23.76426,86.40483,5.37,342.4,60.0,2026-08-21T07:22:00Z,N21
FIRMS_00BCF8ED,23.76754,86.40423,2.7,332.34,60.0,2026-08-21T07:22:00Z,N21
FIRMS_EB06224B,23.77802,86.21037,4.46,333.93,60.0,2026-08-21T07:22:00Z,N21
FIRMS_DF4F6C44,23.77894,86.39065,5.67,339.02,60.0,2026-08-21T07:22:00Z,N21
FIRMS_45CF94CF,23.75637,85.85545,9.23,331.17,30.0,2026-08-21T07:24:00Z,N21
FIRMS_02895726,23.7813,86.20977,4.46,339.27,60.0,2026-08-21T07:24:00Z,N21
FIRMS_ABD61BEE,23.78723,85.55419,5.91,331.56,30.0,2026-08-21T07:24:00Z,N21
FIRMS_2C0848A1,25.79926,94.77165,5.49,330.64,60.0,2026-08-21T07:24:00Z,N21
FIRMS_B0B3059D,27.68631,72.68755,2.79,335.23,60.0,2026-08-21T07:26:00Z,N21
FIRMS_9BA6FDFA,29.04118,75.70134,6.91,349.66,60.0,2026-08-21T07:26:00Z,N21
FIRMS_9FE2916A,29.74452,72.55655,3.68,333.93,60.0,2026-08-21T07:26:00Z,N21
FIRMS_B85DD23A,30.00304,72.55362,11.42,350.45,60.0,2026-08-21T07:26:00Z,N21
FIRMS_FD8967B2,30.86823,71.89253,3.58,331.39,60.0,2026-08-21T07:26:00Z,N21
FIRMS_0935BD24,31.2578,72.10966,6.91,334.35,60.0,2026-08-21T07:26:00Z,N21
FIRMS_7042A3BC,35.21068,68.10725,5.63,335.96,60.0,2026-08-21T07:29:00Z,N21
FIRMS_72F6368E,35.65133,68.16452,4.89,330.17,60.0,2026-08-21T07:29:00Z,N21
FIRMS_1605D5F5,25.3447,68.67374,4.86,331.9,60.0,2026-08-21T09:05:00Z,N21
FIRMS_BB18B42A,26.37232,71.21835,2.65,330.16,60.0,2026-08-21T09:05:00Z,N21
FIRMS_6D366506,29.56581,69.60513,6.17,343.68,60.0,2026-08-21T09:05:00Z,N21
FIRMS_432FFCFB,27.43703,70.86094,3.58,345.55,60.0,2026-08-21T09:07:00Z,N21
FIRMS_9B529782,23.5531,86.53947,2.72,305.74,60.0,2026-08-21T19:49:00Z,N21
FIRMS_143C3C3A,23.56226,87.08412,3.93,315.95,60.0,2026-08-21T19:49:00Z,N21
FIRMS_C672D46C,23.64708,85.44088,1.65,321.18,60.0,2026-08-21T19:49:00Z,N21
FIRMS_580AD86B,23.64766,85.43689,1.65,313.62,60.0,2026-08-21T19:49:00Z,N21
FIRMS_8CD01AD3,23.6559,85.50668,1.53,315.01,60.0,2026-08-21T19:49:00Z,N21
FIRMS_442146D1,23.6673,86.09382,3.18,309.03,60.0,2026-08-21T19:49:00Z,N21
FIRMS_54948885,23.67513,86.08725,4.09,315.89,60.0,2026-08-21T19:49:00Z,N21
FIRMS_11CE54F0,23.67765,86.08691,3.81,310.23,60.0,2026-08-21T19:49:00Z,N21
FIRMS_DC37134D,23.67986,86.09519,4.94,319.22,60.0,2026-08-21T19:49:00Z,N21
FIRMS_611068A7,23.68155,86.08361,3.81,333.34,60.0,2026-08-21T19:49:00Z,N21
FIRMS_3AD756FA,23.68358,86.39426,2.39,309.69,60.0,2026-08-21T19:49:00Z,N21
FIRMS_1C4B3693,23.70938,86.44955,2.5,318.48,60.0,2026-08-21T19:49:00Z,N21
FIRMS_69278406,23.7127,86.45013,2.39,316.83,60.0,2026-08-21T19:49:00Z,N21
FIRMS_D1196C94,23.72436,86.44046,2.41,306.09,60.0,2026-08-21T19:49:00Z,N21
FIRMS_15571DDF,23.73534,86.4345,1.37,304.61,60.0,2026-08-21T19:49:00Z,N21
FIRMS_4D3CADFA,23.73866,86.43509,1.37,306.43,60.0,2026-08-21T19:49:00Z,N21
FIRMS_2D508549,25.5407,91.23618,1.3,306.25,60.0,2026-08-21T19:49:00Z,N21
FIRMS_32DB6757,18.57163,74.18153,2.1,310.06,60.0,2026-08-21T19:51:00Z,N21
FIRMS_38C8EDC4,18.80127,74.25323,1.25,300.25,60.0,2026-08-21T19:51:00Z,N21
FIRMS_1DED6095,22.00436,82.67083,2.28,309.23,60.0,2026-08-21T19:51:00Z,N21
FIRMS_EDC7264B,22.05469,88.12626,1.51,310.4,60.0,2026-08-21T19:51:00Z,N21
FIRMS_0D3A7ABB,22.0553,88.1225,1.3,308.18,60.0,2026-08-21T19:51:00Z,N21
FIRMS_3BCA8338,22.24465,87.3873,1.69,313.65,60.0,2026-08-21T19:51:00Z,N21
FIRMS_D60B62FA,22.35731,82.30456,1.99,298.19,60.0,2026-08-21T19:51:00Z,N21
FIRMS_3CC76DD7,22.35824,87.294,0.73,304.88,60.0,2026-08-21T19:51:00Z,N21
FIRMS_B64B649E,22.35882,87.29031,1.11,307.56,60.0,2026-08-21T19:51:00Z,N21
FIRMS_48DECE39,22.36089,87.01716,0.94,311.46,60.0,2026-08-21T19:51:00Z,N21
FIRMS_8EF429CF,22.36365,87.30258,2.29,316.32,60.0,2026-08-21T19:51:00Z,N21
FIRMS_34328E9F,22.36418,87.01775,0.94,304.88,60.0,2026-08-21T19:51:00Z,N21
FIRMS_8CFBDF1E,22.36423,87.29889,1.55,310.36,60.0,2026-08-21T19:51:00Z,N21
FIRMS_B5273B7B,22.36752,87.29948,1.55,316.76,60.0,2026-08-21T19:51:00Z,N21
FIRMS_CF82FCA5,22.377,87.2822,1.55,310.92,60.0,2026-08-21T19:51:00Z,N21
FIRMS_F7C9FAD1,22.37758,87.2785,3.97,330.19,60.0,2026-08-21T19:51:00Z,N21
FIRMS_5A31402F,14.87368,78.0514,0.81,299.72,60.0,2026-08-21T19:53:00Z,N21
FIRMS_A8A86E67,15.02195,78.01622,1.8,304.53,60.0,2026-08-21T19:53:00Z,N21
FIRMS_7E938846,15.02365,78.01412,1.89,306.23,60.0,2026-08-21T19:53:00Z,N21
FIRMS_A53187D3,15.06977,76.86726,1.0,303.67,60.0,2026-08-21T19:53:00Z,N21
FIRMS_2865DB21,15.13456,76.70862,0.9,308.41,60.0,2026-08-21T19:53:00Z,N21
FIRMS_CC2DE716,15.168,76.37878,2.12,310.47,60.0,2026-08-21T19:53:00Z,N21
FIRMS_D226B590,15.17473,76.67556,2.05,315.83,60.0,2026-08-21T19:53:00Z,N21
FIRMS_FA16C010,15.17696,76.65696,1.96,317.6,60.0,2026-08-21T19:53:00Z,N21
FIRMS_17C6A82B,15.17734,76.65386,1.96,317.14,60.0,2026-08-21T19:53:00Z,N21
FIRMS_7A065F46,15.17781,76.67696,1.37,316.7,60.0,2026-08-21T19:53:00Z,N21
FIRMS_5A769F65,15.17816,76.67384,1.37,307.54,60.0,2026-08-21T19:53:00Z,N21
FIRMS_B54EDAD3,15.17971,77.10136,2.0,301.43,60.0,2026-08-21T19:53:00Z,N21
FIRMS_FFB72373,15.18022,76.67299,2.05,317.38,60.0,2026-08-21T19:53:00Z,N21
FIRMS_9740FD48,15.18097,76.6668,3.3,326.66,60.0,2026-08-21T19:53:00Z,N21
FIRMS_3BA1A516,15.18292,76.67751,1.37,315.24,60.0,2026-08-21T19:53:00Z,N21
FIRMS_357E9B9E,15.18328,76.67441,1.37,308.65,60.0,2026-08-21T19:53:00Z,N21
FIRMS_0A803B1B,15.18398,76.66821,3.21,309.62,60.0,2026-08-21T19:53:00Z,N21
FIRMS_C01E3123,15.18433,76.66511,2.1,307.18,60.0,2026-08-21T19:53:00Z,N21
FIRMS_89C1E023,15.18496,76.67664,1.6,314.14,60.0,2026-08-21T19:53:00Z,N21
FIRMS_F0080A66,15.18721,76.65808,1.44,305.95,60.0,2026-08-21T19:53:00Z,N21
FIRMS_27E07197,15.33343,76.28597,0.47,296.04,60.0,2026-08-21T19:53:00Z,N21
FIRMS_6567194F,15.33372,76.2864,0.61,298.59,60.0,2026-08-21T19:53:00Z,N21
FIRMS_60AE20FB,15.3342,76.2795,0.52,298.65,60.0,2026-08-21T19:53:00Z,N21
FIRMS_BC850DB9,7.80838,81.61568,0.68,300.88,60.0,2026-08-21T19:55:00Z,N21
FIRMS_9DAF9E1F,7.89077,80.12911,2.63,320.18,60.0,2026-08-21T19:55:00Z,N21
FIRMS_83423F9A,10.05098,77.95471,2.58,305.12,60.0,2026-08-21T19:55:00Z,N21
FIRMS_AAC99DAC,10.08887,77.23895,2.42,301.37,60.0,2026-08-21T19:55:00Z,N21
FIRMS_B81CBFAC,10.08932,77.23553,6.03,328.87,60.0,2026-08-21T19:55:00Z,N21
FIRMS_B618DA02,10.09354,77.23885,2.42,300.13,60.0,2026-08-21T19:55:00Z,N21
FIRMS_2E37E2BE,10.09406,77.23496,6.03,335.92,60.0,2026-08-21T19:55:00Z,N21
FIRMS_3A5BFEA3,10.24489,77.22552,2.37,305.91,60.0,2026-08-21T19:55:00Z,N21
FIRMS_CA63681C,10.24561,77.22022,4.27,316.46,60.0,2026-08-21T19:55:00Z,N21
FIRMS_185D2846,10.24649,77.21374,4.27,324.08,60.0,2026-08-21T19:55:00Z,N21
FIRMS_B1AA0193,35.50427,71.27193,1.49,303.5,60.0,2026-08-21T21:27:00Z,N21
FIRMS_D893DF14,35.78054,71.34137,2.23,308.8,60.0,2026-08-21T21:27:00Z,N21
FIRMS_3D260F59,27.0781,73.81679,0.74,303.14,60.0,2026-08-21T21:29:00Z,N21
FIRMS_34843AAC,32.28823,70.73663,2.02,308.79,60.0,2026-08-21T21:29:00Z,N21
FIRMS_238A3DBF,32.2885,70.73876,1.71,310.02,60.0,2026-08-21T21:29:00Z,N21
FIRMS_43C377E4,32.29401,70.72947,2.14,309.79,60.0,2026-08-21T21:29:00Z,N21
FIRMS_5097D1C1,32.29422,70.73165,1.96,309.59,60.0,2026-08-21T21:29:00Z,N21
FIRMS_EFAB9A45,32.88731,71.61678,4.59,317.57,60.0,2026-08-21T21:29:00Z,N21
FIRMS_5F15B449,33.54655,71.55159,0.82,307.66,60.0,2026-08-21T21:29:00Z,N21
FIRMS_2FFA9C9F,24.82004,73.09278,0.92,298.63,60.0,2026-08-21T21:31:00Z,N21
FIRMS_70B3357F,26.25637,74.09545,0.37,295.33,60.0,2026-08-21T21:31:00Z,N21
FIRMS_8746BDBB,7.87315,81.39938,6.73,334.45,60.0,2026-08-22T06:59:00Z,N21
FIRMS_050FF7D2,8.06793,81.2382,13.42,340.73,60.0,2026-08-22T06:59:00Z,N21
FIRMS_74F2EE40,8.07135,81.24017,13.12,342.54,60.0,2026-08-22T06:59:00Z,N21
FIRMS_55150CB5,22.37667,87.27975,8.72,338.08,60.0,2026-08-22T07:03:00Z,N21
FIRMS_3AC13851,22.37735,87.28273,9.32,330.92,60.0,2026-08-22T07:03:00Z,N21
FIRMS_CB8A49DE,23.64585,85.43987,8.73,332.83,60.0,2026-08-22T07:03:00Z,N21
FIRMS_B013E6CA,23.66378,87.15511,6.29,333.81,60.0,2026-08-22T07:03:00Z,N21
FIRMS_31510632,23.66538,87.15651,4.52,332.25,60.0,2026-08-22T07:03:00Z,N21
FIRMS_5CC861F3,23.67692,86.3983,7.84,332.68,60.0,2026-08-22T07:03:00Z,N21
FIRMS_571E2B27,25.18373,97.34501,13.78,340.2,60.0,2026-08-22T07:03:00Z,N21
FIRMS_CA154629,25.20672,96.44746,4.54,340.53,60.0,2026-08-22T07:03:00Z,N21
FIRMS_DB5A1EC1,27.1462,88.45207,5.8,340.92,60.0,2026-08-22T07:05:00Z,N21
FIRMS_8CA63B2B,29.30614,88.91681,4.39,334.44,60.0,2026-08-22T07:05:00Z,N21
FIRMS_D06ACEA8,29.45838,76.86343,44.95,367.0,90.0,2026-08-22T07:05:00Z,N21
FIRMS_DB30A76D,29.45864,76.85911,30.37,330.26,60.0,2026-08-22T07:05:00Z,N21
FIRMS_BC2ADFF1,29.46,76.86426,52.02,367.0,90.0,2026-08-22T07:05:00Z,N21
FIRMS_1C2EB31C,35.77931,71.34283,30.81,367.0,90.0,2026-08-22T07:07:00Z,N21
FIRMS_A74EC960,35.78063,71.341,18.94,367.0,90.0,2026-08-22T07:07:00Z,N21
FIRMS_6431E9C0,35.78179,71.34469,18.94,349.24,60.0,2026-08-22T07:07:00Z,N21
FIRMS_0F7A61B8,6.24576,81.04469,10.13,329.83,60.0,2026-08-22T08:39:00Z,N21
FIRMS_F581F104,6.24634,81.0491,13.17,350.73,60.0,2026-08-22T08:39:00Z,N21
FIRMS_48307D35,6.24879,81.04811,10.6,367.0,90.0,2026-08-22T08:39:00Z,N21
FIRMS_FEBD5C0C,6.43791,81.09248,3.01,331.58,60.0,2026-08-22T08:39:00Z,N21
FIRMS_BD7E8C23,6.81248,81.59177,8.97,346.7,60.0,2026-08-22T08:39:00Z,N21
FIRMS_8DCF3411,7.31242,81.21091,8.13,332.13,60.0,2026-08-22T08:39:00Z,N21
FIRMS_CCD8340C,7.31292,81.20937,4.29,331.76,60.0,2026-08-22T08:39:00Z,N21
FIRMS_9A4F486E,7.35139,81.26891,16.82,355.25,60.0,2026-08-22T08:39:00Z,N21
FIRMS_D75B93C2,7.35144,81.26728,10.67,342.08,60.0,2026-08-22T08:39:00Z,N21
FIRMS_9C4515DF,7.35207,81.27218,11.24,333.62,60.0,2026-08-22T08:39:00Z,N21
FIRMS_E941AD0E,7.36621,81.14089,3.02,329.69,60.0,2026-08-22T08:39:00Z,N21
FIRMS_B09DD6A1,7.42152,81.27741,3.86,330.79,60.0,2026-08-22T08:39:00Z,N21
FIRMS_E9010C56,7.4542,81.38831,5.46,329.57,60.0,2026-08-22T08:39:00Z,N21
FIRMS_B67FF26C,7.91389,81.41359,7.66,340.85,60.0,2026-08-22T08:39:00Z,N21
FIRMS_92BACE5F,8.05551,80.34129,7.29,335.09,60.0,2026-08-22T08:39:00Z,N21
FIRMS_AB6921DD,8.06663,81.23905,7.58,335.24,60.0,2026-08-22T08:39:00Z,N21
FIRMS_9FDBD712,8.06715,81.23733,8.98,331.04,60.0,2026-08-22T08:39:00Z,N21
FIRMS_4139C347,8.07282,81.23824,7.58,350.84,60.0,2026-08-22T08:39:00Z,N21
FIRMS_D0A6C883,8.20706,81.06178,8.36,343.86,60.0,2026-08-22T08:39:00Z,N21
FIRMS_08FC3A3A,8.37776,80.44932,6.34,340.17,60.0,2026-08-22T08:39:00Z,N21
FIRMS_FDBBBECF,8.45154,80.61895,3.42,329.76,60.0,2026-08-22T08:39:00Z,N21
FIRMS_A1D716F2,8.45845,80.7865,4.04,332.49,60.0,2026-08-22T08:39:00Z,N21
FIRMS_F9B467EC,8.51637,80.55676,10.44,353.27,60.0,2026-08-22T08:39:00Z,N21
FIRMS_8E6E2E1D,8.5197,80.55456,11.14,347.16,60.0,2026-08-22T08:39:00Z,N21
FIRMS_0653E668,9.18167,78.42713,1.39,335.64,60.0,2026-08-22T08:39:00Z,N21
FIRMS_587DA5D1,9.2724,77.87881,2.79,331.47,60.0,2026-08-22T08:41:00Z,N21
FIRMS_8F31531E,9.42338,78.84542,3.0,336.06,60.0,2026-08-22T08:41:00Z,N21
FIRMS_6D744836,9.45034,78.84183,5.93,352.32,60.0,2026-08-22T08:41:00Z,N21
FIRMS_0CF6BA08,21.10395,72.64455,5.3,338.21,60.0,2026-08-22T08:43:00Z,N21
FIRMS_779D57FE,25.53649,68.67298,3.95,335.61,60.0,2026-08-22T08:45:00Z,N21
FIRMS_ACA4CC9F,26.07884,68.40137,2.21,330.08,30.0,2026-08-22T08:45:00Z,N21
FIRMS_0F7CDAB4,26.0946,68.87896,3.77,333.28,30.0,2026-08-22T08:45:00Z,N21
FIRMS_C940E474,27.43514,70.78793,3.19,340.31,60.0,2026-08-22T08:45:00Z,N21
FIRMS_C0A8A37A,29.45525,76.87004,9.06,329.19,60.0,2026-08-22T08:45:00Z,N21
FIRMS_1E776549,29.45762,76.86265,12.13,329.18,60.0,2026-08-22T08:45:00Z,N21
FIRMS_9AFA3046,29.45792,76.86768,24.83,352.46,60.0,2026-08-22T08:45:00Z,N21
FIRMS_55B2A338,29.45823,76.87273,24.83,350.27,60.0,2026-08-22T08:45:00Z,N21
FIRMS_F3AC89DF,29.7016,68.52327,2.33,338.43,60.0,2026-08-22T08:45:00Z,N21
FIRMS_15C1F0F1,29.89989,72.12016,7.01,338.87,60.0,2026-08-22T08:45:00Z,N21
FIRMS_EE773D33,30.00757,73.11374,4.83,330.4,60.0,2026-08-22T08:45:00Z,N21
FIRMS_AC99A23E,30.16776,73.22854,3.82,339.5,60.0,2026-08-22T08:45:00Z,N21
FIRMS_F00078EF,30.61837,72.14405,4.16,336.82,60.0,2026-08-22T08:48:00Z,N21
FIRMS_9802B31F,32.09447,73.06223,5.63,331.72,60.0,2026-08-22T08:48:00Z,N21
FIRMS_ADF75D39,33.5894,70.22384,2.27,330.35,30.0,2026-08-22T08:48:00Z,N21
FIRMS_8D1EB9C1,35.98925,94.83195,0.78,309.28,60.0,2026-08-22T19:28:00Z,N21
FIRMS_7F2EA3BE,27.46791,95.42184,0.75,303.96,60.0,2026-08-22T19:30:00Z,N21
FIRMS_B3A7C79D,27.90663,95.66188,3.67,307.39,60.0,2026-08-22T19:30:00Z,N21
FIRMS_B5E6E76E,20.86294,84.98755,1.6,302.98,60.0,2026-08-22T19:32:00Z,N21
FIRMS_816DC086,20.95187,86.04675,2.11,310.45,60.0,2026-08-22T19:32:00Z,N21
FIRMS_377BB1C1,20.96878,86.01003,1.48,321.97,60.0,2026-08-22T19:32:00Z,N21
FIRMS_DC4C7F1D,20.97333,86.00673,1.48,303.25,60.0,2026-08-22T19:32:00Z,N21
FIRMS_F9177221,22.57158,85.89577,1.74,304.16,60.0,2026-08-22T19:32:00Z,N21
FIRMS_AE164CDC,22.58739,85.90622,0.5,295.89,60.0,2026-08-22T19:32:00Z,N21
FIRMS_ED4F2E51,22.79196,86.20944,1.56,304.11,60.0,2026-08-22T19:32:00Z,N21
FIRMS_6D4D5F0A,22.79656,86.20597,1.51,303.93,60.0,2026-08-22T19:32:00Z,N21
FIRMS_1C3C13CE,22.79764,86.09138,1.16,299.01,60.0,2026-08-22T19:32:00Z,N21
FIRMS_E2C65569,22.87479,86.06349,1.19,310.39,60.0,2026-08-22T19:32:00Z,N21
FIRMS_B834BBB5,23.60728,85.67543,1.5,305.11,60.0,2026-08-22T19:32:00Z,N21
FIRMS_9E73BAE1,23.616,86.79124,0.82,295.4,60.0,2026-08-22T19:32:00Z,N21
FIRMS_44312F9B,23.64755,85.43784,5.55,327.96,60.0,2026-08-22T19:32:00Z,N21
FIRMS_C4482198,23.65716,85.50877,1.5,305.01,60.0,2026-08-22T19:32:00Z,N21
FIRMS_9465E3A5,23.66484,84.99831,1.88,307.18,60.0,2026-08-22T19:32:00Z,N21
FIRMS_D0FFDA2B,23.66648,86.09274,1.05,303.66,60.0,2026-08-22T19:32:00Z,N21
FIRMS_A47C79CB,23.67502,86.40179,1.28,305.32,60.0,2026-08-22T19:32:00Z,N21
FIRMS_6A02D212,23.67548,86.39777,1.28,310.03,60.0,2026-08-22T19:32:00Z,N21
FIRMS_CDBE4941,23.67586,86.08545,1.83,305.7,60.0,2026-08-22T19:32:00Z,N21
FIRMS_5A03993D,23.67594,86.39375,0.43,300.5,60.0,2026-08-22T19:32:00Z,N21
FIRMS_192C559A,23.67609,86.40195,1.76,304.23,60.0,2026-08-22T19:32:00Z,N21
FIRMS_1F3D7B5F,23.67658,86.39794,1.76,313.83,60.0,2026-08-22T19:32:00Z,N21
FIRMS_C8F3130B,23.67959,86.3984,1.17,306.08,60.0,2026-08-22T19:32:00Z,N21
FIRMS_6676D527,23.68417,86.39498,1.83,313.06,60.0,2026-08-22T19:32:00Z,N21
FIRMS_6DE84C30,23.68464,86.39088,1.83,309.15,60.0,2026-08-22T19:32:00Z,N21
FIRMS_62D6543E,23.68847,86.08707,1.1,304.31,60.0,2026-08-22T19:32:00Z,N21
FIRMS_DAD1EF1E,23.71099,86.45187,2.74,316.91,60.0,2026-08-22T19:32:00Z,N21
FIRMS_30D296DB,23.71429,86.42374,2.23,308.97,60.0,2026-08-22T19:32:00Z,N21
FIRMS_FEE9A943,23.71651,86.44041,2.13,305.07,60.0,2026-08-22T19:32:00Z,N21
FIRMS_35B54E3D,23.71888,86.42031,1.36,306.78,60.0,2026-08-22T19:32:00Z,N21
FIRMS_260AC890,23.72299,86.42089,1.36,307.0,60.0,2026-08-22T19:32:00Z,N21
FIRMS_CADE8DB6,23.72473,86.44157,1.93,305.43,60.0,2026-08-22T19:32:00Z,N21
FIRMS_6C7479B0,23.73342,86.43871,1.14,304.54,60.0,2026-08-22T19:32:00Z,N21
FIRMS_0C3B3CC8,23.73438,86.43067,1.76,304.46,60.0,2026-08-22T19:32:00Z,N21
FIRMS_FCFC2846,23.73801,86.43526,1.76,321.21,60.0,2026-08-22T19:32:00Z,N21
FIRMS_54A4BFE6,23.73849,86.43127,1.76,305.03,60.0,2026-08-22T19:32:00Z,N21
FIRMS_9D9869B9,23.75273,86.41698,1.62,310.47,60.0,2026-08-22T19:32:00Z,N21
FIRMS_ACAC6BD7,23.75422,85.85241,1.81,313.16,60.0,2026-08-22T19:32:00Z,N21
FIRMS_2CFE9D8F,23.75516,86.39672,2.24,306.59,60.0,2026-08-22T19:32:00Z,N21
FIRMS_0C7D3AA0,23.7583,86.40547,1.76,308.8,60.0,2026-08-22T19:32:00Z,N21
FIRMS_AF117722,23.75879,86.40139,1.76,311.84,60.0,2026-08-22T19:32:00Z,N21
FIRMS_5A3D0E3A,23.76242,86.40607,1.81,310.94,60.0,2026-08-22T19:32:00Z,N21
FIRMS_451F2861,23.76291,86.40199,1.81,314.31,60.0,2026-08-22T19:32:00Z,N21
FIRMS_D7FE0C5D,23.76388,86.39387,3.06,307.45,60.0,2026-08-22T19:32:00Z,N21
FIRMS_608E883F,23.76654,86.40663,1.81,314.25,60.0,2026-08-22T19:32:00Z,N21
FIRMS_5F944C61,23.76703,86.40255,1.81,317.39,60.0,2026-08-22T19:32:00Z,N21
FIRMS_577624BE,23.7714,86.36617,0.79,305.57,60.0,2026-08-22T19:32:00Z,N21
FIRMS_418574F6,23.77189,86.36209,0.79,303.78,60.0,2026-08-22T19:32:00Z,N21
FIRMS_B1BFEDE9,23.7721,85.99903,0.33,295.9,60.0,2026-08-22T19:32:00Z,N21
FIRMS_15EE9C63,23.77553,86.36674,1.14,306.45,60.0,2026-08-22T19:32:00Z,N21
FIRMS_47EFC9E6,23.77603,86.36266,1.14,307.98,60.0,2026-08-22T19:32:00Z,N21
FIRMS_B361F69D,23.77673,86.39163,2.26,304.84,60.0,2026-08-22T19:32:00Z,N21
FIRMS_E338D898,23.7768,85.99547,0.83,299.36,60.0,2026-08-22T19:32:00Z,N21
FIRMS_303AE1F3,23.77721,86.38763,2.26,321.98,60.0,2026-08-22T19:32:00Z,N21
FIRMS_A7C18AFB,23.77748,86.20891,1.8,307.56,60.0,2026-08-22T19:32:00Z,N21
FIRMS_DC334AF4,23.77917,86.37136,1.09,304.31,60.0,2026-08-22T19:32:00Z,N21
FIRMS_9CCE6CCA,23.77953,86.39101,2.34,321.81,60.0,2026-08-22T19:32:00Z,N21
FIRMS_9EBD982C,23.77999,86.38698,2.34,305.25,60.0,2026-08-22T19:32:00Z,N21
FIRMS_F19B5EFD,23.78085,86.39223,1.36,312.07,60.0,2026-08-22T19:32:00Z,N21
FIRMS_2BC9CF7F,23.78133,86.38822,1.36,307.36,60.0,2026-08-22T19:32:00Z,N21
FIRMS_AD7B18BA,23.78165,86.20951,1.8,308.3,60.0,2026-08-22T19:32:00Z,N21
FIRMS_406628F2,23.79657,86.35204,4.0,321.86,60.0,2026-08-22T19:32:00Z,N21
FIRMS_38388BDA,23.80303,86.33231,2.69,315.43,60.0,2026-08-22T19:32:00Z,N21
FIRMS_F9455AED,23.8035,86.32822,2.73,322.66,60.0,2026-08-22T19:32:00Z,N21
FIRMS_81945BE2,23.80397,86.32408,2.73,318.77,60.0,2026-08-22T19:32:00Z,N21
FIRMS_B86A1F11,23.82208,84.5723,1.33,300.45,60.0,2026-08-22T19:32:00Z,N21
FIRMS_41455507,24.11378,86.86015,2.06,315.62,60.0,2026-08-22T19:32:00Z,N21
FIRMS_2184AA7B,24.12137,86.86515,0.37,302.81,60.0,2026-08-22T19:32:00Z,N21
FIRMS_2AA19956,24.52135,97.79633,1.29,305.39,60.0,2026-08-22T19:32:00Z,N21
FIRMS_351582A1,25.54005,91.23735,0.48,298.55,60.0,2026-08-22T19:32:00Z,N21
FIRMS_D8571AA4,6.7859,81.53271,0.42,295.2,60.0,2026-08-22T19:36:00Z,N21
FIRMS_D5CAE278,6.81373,81.30237,1.68,299.28,60.0,2026-08-22T19:36:00Z,N21
FIRMS_F4DE9733,6.85841,81.55563,0.97,303.05,60.0,2026-08-22T19:36:00Z,N21
FIRMS_2DCC1425,6.93549,81.59431,0.99,300.97,60.0,2026-08-22T19:36:00Z,N21
FIRMS_6599DBB4,7.00848,81.18651,0.95,295.21,60.0,2026-08-22T19:36:00Z,N21
FIRMS_462BF432,7.01262,81.18523,1.24,298.29,60.0,2026-08-22T19:36:00Z,N21
FIRMS_C37D0287,7.17689,81.75521,1.26,304.52,60.0,2026-08-22T19:36:00Z,N21
FIRMS_2586870B,10.0775,77.2383,1.41,302.68,60.0,2026-08-22T19:36:00Z,N21
FIRMS_EA6C9551,10.08148,77.23804,1.61,303.41,60.0,2026-08-22T19:36:00Z,N21
FIRMS_7E747952,10.59398,78.44864,1.01,308.07,60.0,2026-08-22T19:36:00Z,N21
FIRMS_4DAD2699,6.59528,81.25655,2.39,316.12,60.0,2026-08-22T19:38:00Z,N21
FIRMS_5DE25332,24.6572,73.87634,1.08,304.12,60.0,2026-08-22T21:12:00Z,N21
FIRMS_0F293047,24.66185,74.63312,2.01,307.91,60.0,2026-08-22T21:12:00Z,N21
FIRMS_92D04C69,24.93308,74.63296,1.44,307.26,60.0,2026-08-22T21:12:00Z,N21
FIRMS_7234BD84,24.9345,74.6351,1.22,305.76,60.0,2026-08-22T21:12:00Z,N21
FIRMS_2FB7A938,26.25694,74.09481,1.3,309.59,60.0,2026-08-22T21:12:00Z,N21
FIRMS_D667D818,28.42303,69.70245,1.14,308.54,60.0,2026-08-22T21:12:00Z,N21
FIRMS_F83232A0,28.42371,69.6984,1.09,310.52,60.0,2026-08-22T21:12:00Z,N21
FIRMS_DBE0BD2F,21.1023,72.63681,3.0,321.2,60.0,2026-08-22T21:14:00Z,N21
FIRMS_7AB5B63C,21.43188,72.97569,1.58,307.25,60.0,2026-08-22T21:14:00Z,N21
FIRMS_35320F38,21.43299,72.97752,2.15,310.47,60.0,2026-08-22T21:14:00Z,N21
FIRMS_2CADE691,23.40824,72.41575,0.72,303.37,60.0,2026-08-22T21:14:00Z,N21
FIRMS_4A639FA3,9.62576,77.42727,3.12,295.09,60.0,2026-08-22T21:16:00Z,N21
FIRMS_8DAF1624,23.74491,96.1406,2.73,331.04,60.0,2026-08-23T06:46:00Z,N21
FIRMS_C2FDEA62,25.72138,96.65945,3.05,333.2,60.0,2026-08-23T06:46:00Z,N21
FIRMS_D413693B,27.96467,96.95645,10.19,331.24,60.0,2026-08-23T06:46:00Z,N21
FIRMS_DE091F2A,28.08151,95.72957,3.99,337.37,60.0,2026-08-23T06:46:00Z,N21
FIRMS_BB10AD98,29.2845,88.90413,3.07,327.9,60.0,2026-08-23T06:46:00Z,N21
FIRMS_EDC663DD,29.29527,88.90613,3.78,325.65,60.0,2026-08-23T06:46:00Z,N21
FIRMS_90593EFD,6.32489,81.07974,5.0,335.35,60.0,2026-08-23T08:22:00Z,N21
FIRMS_098C3BB2,6.43621,81.07269,20.22,347.64,60.0,2026-08-23T08:22:00Z,N21
FIRMS_860936AD,6.44055,81.07207,20.22,348.72,60.0,2026-08-23T08:22:00Z,N21
FIRMS_F1DB28C2,6.55676,81.00468,7.7,335.49,60.0,2026-08-23T08:22:00Z,N21
FIRMS_DBC423D9,6.60494,80.92369,2.66,330.96,60.0,2026-08-23T08:22:00Z,N21
FIRMS_7CDFCC8A,6.64937,80.89657,5.34,330.11,30.0,2026-08-23T08:22:00Z,N21
FIRMS_C1CB8008,6.74981,81.38733,4.75,337.07,60.0,2026-08-23T08:22:00Z,N21
FIRMS_40D4CF34,6.75041,81.39171,5.22,335.78,60.0,2026-08-23T08:22:00Z,N21
FIRMS_76796875,6.75063,81.38605,3.62,341.1,60.0,2026-08-23T08:22:00Z,N21
FIRMS_86696D15,6.75126,81.39045,7.05,331.13,60.0,2026-08-23T08:22:00Z,N21
FIRMS_82BC5315,6.75507,81.35931,4.28,336.72,60.0,2026-08-23T08:22:00Z,N21
FIRMS_8EEDF506,6.75568,81.35812,3.4,331.77,60.0,2026-08-23T08:22:00Z,N21
FIRMS_EB968D40,7.11304,80.99347,3.76,335.53,60.0,2026-08-23T08:22:00Z,N21
FIRMS_D2D8CDF6,7.11339,81.34821,5.31,332.03,60.0,2026-08-23T08:22:00Z,N21
FIRMS_615BEC41,7.13092,81.68221,7.07,341.85,60.0,2026-08-23T08:22:00Z,N21
FIRMS_AF2856A9,7.13173,81.68404,9.81,343.29,60.0,2026-08-23T08:22:00Z,N21
FIRMS_63A39D68,7.27342,81.20654,4.84,335.27,60.0,2026-08-23T08:22:00Z,N21
FIRMS_1E557A72,7.27383,81.20541,6.45,341.96,60.0,2026-08-23T08:22:00Z,N21
FIRMS_6CDD199B,7.3361,81.56769,4.35,332.65,60.0,2026-08-23T08:22:00Z,N21
FIRMS_E9A0C53B,7.3553,81.40524,5.64,336.21,60.0,2026-08-23T08:22:00Z,N21
FIRMS_7D87DB83,7.36403,81.56846,3.18,331.21,30.0,2026-08-23T08:22:00Z,N21
FIRMS_43E73DAF,7.37442,81.61021,6.8,341.87,60.0,2026-08-23T08:22:00Z,N21
FIRMS_54FC4B26,7.38374,81.22482,6.14,341.33,60.0,2026-08-23T08:22:00Z,N21
FIRMS_5151E1E3,7.38487,81.22701,7.47,342.41,60.0,2026-08-23T08:22:00Z,N21
FIRMS_94021307,7.40137,81.1552,4.39,336.19,60.0,2026-08-23T08:22:00Z,N21
FIRMS_81F8C974,7.40665,81.34724,3.14,331.21,30.0,2026-08-23T08:22:00Z,N21
FIRMS_CE9AB748,7.41343,81.14453,3.57,332.94,30.0,2026-08-23T08:22:00Z,N21
FIRMS_16A83B1F,7.41586,81.16212,2.38,330.43,30.0,2026-08-23T08:22:00Z,N21
FIRMS_17B37FB9,7.44032,81.54146,4.15,338.82,60.0,2026-08-23T08:22:00Z,N21
FIRMS_C61A8109,7.52685,81.15252,3.05,330.67,30.0,2026-08-23T08:22:00Z,N21
FIRMS_9560B191,7.53128,81.15189,3.05,333.0,60.0,2026-08-23T08:22:00Z,N21
FIRMS_4A972D0A,7.53969,81.24541,4.82,341.64,60.0,2026-08-23T08:22:00Z,N21
FIRMS_E9A92D95,7.55608,81.70592,4.36,337.61,60.0,2026-08-23T08:22:00Z,N21
FIRMS_9A173E5D,7.55611,81.70371,4.8,337.08,60.0,2026-08-23T08:22:00Z,N21
FIRMS_76650705,7.65628,80.82837,5.25,333.17,60.0,2026-08-23T08:22:00Z,N21
FIRMS_14F2777B,7.68479,80.83043,6.45,340.85,60.0,2026-08-23T08:22:00Z,N21
FIRMS_101C5B73,7.87381,81.38949,10.15,351.09,60.0,2026-08-23T08:22:00Z,N21
FIRMS_2A45DB37,7.89392,80.6535,6.69,340.02,60.0,2026-08-23T08:22:00Z,N21
FIRMS_12164CD3,7.89511,81.41009,9.21,340.41,60.0,2026-08-23T08:22:00Z,N21
FIRMS_3C168E9D,7.89953,81.47601,2.95,332.43,60.0,2026-08-23T08:22:00Z,N21
FIRMS_00F047BD,7.93913,81.36156,2.04,330.89,60.0,2026-08-23T08:22:00Z,N21
FIRMS_FFA9F2E2,7.94103,81.36282,5.86,337.62,60.0,2026-08-23T08:22:00Z,N21
FIRMS_F99BDB1B,8.02749,80.74197,7.01,340.54,60.0,2026-08-23T08:22:00Z,N21
FIRMS_161AEDD7,8.07629,80.77386,26.37,341.03,60.0,2026-08-23T08:22:00Z,N21
FIRMS_CAD26E4E,8.07689,80.77808,14.89,333.51,60.0,2026-08-23T08:22:00Z,N21
FIRMS_577F0C5A,8.0778,80.77473,29.48,354.42,60.0,2026-08-23T08:22:00Z,N21
FIRMS_D07DF4C2,8.13738,81.11739,4.59,333.1,60.0,2026-08-23T08:22:00Z,N21
FIRMS_6C9D7407,8.22711,80.59264,4.76,330.89,60.0,2026-08-23T08:22:00Z,N21
FIRMS_D5949095,8.25354,80.59314,4.15,338.55,60.0,2026-08-23T08:22:00Z,N21
FIRMS_1CFCF6F8,8.25929,81.33698,3.55,334.32,60.0,2026-08-23T08:22:00Z,N21
FIRMS_9133C643,8.261,81.33814,5.49,335.92,60.0,2026-08-23T08:22:00Z,N21
FIRMS_951B174E,8.33633,80.63395,2.08,331.31,60.0,2026-08-23T08:22:00Z,N21
FIRMS_F7CA8047,8.42474,80.71674,4.54,330.69,60.0,2026-08-23T08:22:00Z,N21
FIRMS_CCD91430,8.42499,77.62149,8.42,336.79,30.0,2026-08-23T08:22:00Z,N21
FIRMS_164A2A35,8.44418,77.65283,6.03,338.54,30.0,2026-08-23T08:22:00Z,N21
FIRMS_94CAF0DE,8.45109,80.61867,3.17,331.16,60.0,2026-08-23T08:22:00Z,N21
FIRMS_86ED9E16,8.45166,80.62283,3.17,330.35,60.0,2026-08-23T08:22:00Z,N21
FIRMS_4E4BF0BC,8.46124,80.65981,7.09,331.59,60.0,2026-08-23T08:22:00Z,N21
FIRMS_5FEF1C49,8.46468,80.50782,4.03,333.1,60.0,2026-08-23T08:22:00Z,N21
FIRMS_23C14F88,8.4662,80.50702,4.71,332.38,60.0,2026-08-23T08:22:00Z,N21
FIRMS_8F802603,8.47044,80.168,3.56,340.86,60.0,2026-08-23T08:22:00Z,N21
FIRMS_86B38C2B,8.47721,80.67898,7.18,342.6,60.0,2026-08-23T08:22:00Z,N21
FIRMS_9A95011B,8.49822,80.82897,16.11,347.03,60.0,2026-08-23T08:22:00Z,N21
FIRMS_D4963581,8.50187,80.855,12.75,346.58,60.0,2026-08-23T08:22:00Z,N21
FIRMS_BE71318E,8.51335,80.64053,3.94,334.16,60.0,2026-08-23T08:22:00Z,N21
FIRMS_0ECF8A38,8.56826,80.59013,18.89,343.77,60.0,2026-08-23T08:22:00Z,N21
FIRMS_D03113D6,8.58375,80.76497,8.0,342.52,60.0,2026-08-23T08:22:00Z,N21
FIRMS_08D2C784,8.60579,80.39751,21.15,354.43,60.0,2026-08-23T08:22:00Z,N21
FIRMS_CB390A4C,8.61007,80.39693,12.44,341.99,60.0,2026-08-23T08:22:00Z,N21
FIRMS_DC910886,8.62115,80.54183,3.22,339.87,60.0,2026-08-23T08:22:00Z,N21
FIRMS_1B67D3E1,8.62502,80.80076,3.5,330.79,60.0,2026-08-23T08:22:00Z,N21
FIRMS_717F7DB8,8.65083,80.40783,11.94,347.04,60.0,2026-08-23T08:22:00Z,N21
FIRMS_39FB75A8,8.65221,80.99674,4.9,336.23,60.0,2026-08-23T08:22:00Z,N21
FIRMS_2C5566E2,8.68311,80.93121,3.79,344.63,60.0,2026-08-23T08:22:00Z,N21
FIRMS_9BD43BDA,8.69059,80.75645,5.01,338.22,60.0,2026-08-23T08:22:00Z,N21
FIRMS_A33164E8,8.73368,80.96941,3.16,331.42,60.0,2026-08-23T08:22:00Z,N21
FIRMS_2EBC775A,8.73994,77.59967,3.45,336.65,60.0,2026-08-23T08:22:00Z,N21
FIRMS_869B24A8,8.75407,80.1897,8.47,338.42,60.0,2026-08-23T08:22:00Z,N21
FIRMS_D58ED893,8.75457,80.18974,4.64,336.38,60.0,2026-08-23T08:22:00Z,N21
FIRMS_FC1645C3,8.81962,80.60944,3.26,338.51,60.0,2026-08-23T08:22:00Z,N21
FIRMS_1168C0EF,8.8975,77.86558,7.04,347.98,60.0,2026-08-23T08:22:00Z,N21
FIRMS_A3C2B969,8.89992,77.85637,6.53,346.67,60.0,2026-08-23T08:22:00Z,N21
FIRMS_BBE64FA4,8.90054,77.86071,7.04,349.93,60.0,2026-08-23T08:22:00Z,N21
FIRMS_0FDC101F,8.90116,77.86504,7.04,342.45,60.0,2026-08-23T08:22:00Z,N21
FIRMS_4A3C9C73,8.90358,77.85583,9.02,348.69,60.0,2026-08-23T08:22:00Z,N21
FIRMS_6EF24456,8.90419,77.86017,3.82,346.76,60.0,2026-08-23T08:22:00Z,N21
FIRMS_24E2F3C6,8.90481,77.86451,3.82,338.87,60.0,2026-08-23T08:22:00Z,N21
FIRMS_3A177AFA,8.91342,80.40723,10.23,341.33,60.0,2026-08-23T08:22:00Z,N21
FIRMS_519C764C,8.91827,80.41072,5.26,340.24,60.0,2026-08-23T08:22:00Z,N21
FIRMS_BFC91839,8.9486,77.96073,4.0,336.94,60.0,2026-08-23T08:22:00Z,N21
FIRMS_5AFA5BB2,8.96568,80.82936,7.57,335.05,60.0,2026-08-23T08:22:00Z,N21
FIRMS_4D6D2BF2,9.193,77.37519,3.7,336.48,60.0,2026-08-23T08:22:00Z,N21
FIRMS_B8F224C3,9.2187,77.62897,10.49,339.64,60.0,2026-08-23T08:22:00Z,N21
FIRMS_4144B0BB,9.22068,77.46474,3.71,338.5,60.0,2026-08-23T08:22:00Z,N21
FIRMS_0B8067E8,9.23661,80.67361,6.97,334.78,60.0,2026-08-23T08:22:00Z,N21
FIRMS_9B337EC2,9.2728,77.32723,3.22,332.55,60.0,2026-08-23T08:22:00Z,N21
FIRMS_BA086CB4,9.28461,77.43481,1.94,335.92,60.0,2026-08-23T08:22:00Z,N21
FIRMS_EC02016D,9.38935,80.50688,4.75,336.56,60.0,2026-08-23T08:22:00Z,N21
FIRMS_B4AD62EF,9.4241,80.4375,6.13,330.74,60.0,2026-08-23T08:22:00Z,N21
FIRMS_24404BD9,9.42604,80.43779,4.79,337.7,60.0,2026-08-23T08:22:00Z,N21
FIRMS_67F6FEC5,9.44357,78.05501,12.43,341.41,60.0,2026-08-23T08:22:00Z,N21
FIRMS_8ECD1462,9.89958,77.78525,13.81,339.16,60.0,2026-08-23T08:22:00Z,N21
FIRMS_A99F083F,9.90945,78.20588,12.59,336.58,60.0,2026-08-23T08:22:00Z,N21
FIRMS_66F575CA,9.91635,78.2001,14.59,341.27,60.0,2026-08-23T08:22:00Z,N21
FIRMS_26A65CE3,10.10984,77.73901,3.0,332.03,60.0,2026-08-23T08:22:00Z,N21
FIRMS_89B779F8,10.66683,78.1728,2.35,335.13,60.0,2026-08-23T08:22:00Z,N21
FIRMS_4729DB13,11.0347,77.14651,3.86,335.06,60.0,2026-08-23T08:22:00Z,N21
FIRMS_863FBC5D,14.26653,79.79261,2.2,333.38,60.0,2026-08-23T08:24:00Z,N21
FIRMS_864692EA,15.36111,78.60121,4.05,337.47,60.0,2026-08-23T08:24:00Z,N21
FIRMS_752E5A27,16.113,78.21188,3.53,331.67,60.0,2026-08-23T08:24:00Z,N21
FIRMS_03DA69AC,19.36992,71.35565,2.28,330.09,60.0,2026-08-23T08:26:00Z,N21
FIRMS_5D74ED35,21.10555,72.64699,6.06,341.5,60.0,2026-08-23T08:26:00Z,N21
FIRMS_D8987C3A,22.92903,70.10583,7.97,337.17,60.0,2026-08-23T08:26:00Z,N21
FIRMS_74D7701C,29.45938,76.8674,3.56,332.56,60.0,2026-08-23T08:28:00Z,N21
FIRMS_1CE5B7E4,29.47683,76.85993,11.04,341.77,60.0,2026-08-23T08:28:00Z,N21
FIRMS_FDD2A97E,29.5839,71.73937,2.05,332.23,60.0,2026-08-23T08:28:00Z,N21
FIRMS_124F18A5,29.67231,71.77332,4.17,336.15,60.0,2026-08-23T08:28:00Z,N21
FIRMS_AC137C1C,30.4898,71.85229,2.93,334.3,60.0,2026-08-23T08:28:00Z,N21
FIRMS_31722F63,30.56539,72.19032,4.83,339.54,60.0,2026-08-23T08:28:00Z,N21
FIRMS_C3402FB0,30.5789,72.26801,6.69,338.12,60.0,2026-08-23T08:28:00Z,N21
FIRMS_D9EA0A37,31.38597,74.54482,2.77,332.51,60.0,2026-08-23T08:28:00Z,N21
FIRMS_0003F8F4,22.24316,87.38877,1.74,306.4,60.0,2026-08-23T19:13:00Z,N21
FIRMS_2B5D3789,22.35921,87.01627,1.1,303.4,60.0,2026-08-23T19:13:00Z,N21
FIRMS_2C390C8E,22.36402,87.01662,2.27,312.78,60.0,2026-08-23T19:13:00Z,N21
FIRMS_1883A0F9,22.3645,87.0169,1.1,310.71,60.0,2026-08-23T19:13:00Z,N21
FIRMS_066E4ED7,22.37584,87.28196,2.63,305.92,60.0,2026-08-23T19:13:00Z,N21
FIRMS_0CCCEE67,22.37616,87.27859,4.3,325.24,60.0,2026-08-23T19:13:00Z,N21
FIRMS_F1855DF8,23.54908,87.2466,1.92,298.31,60.0,2026-08-23T19:13:00Z,N21
FIRMS_7665B080,23.55503,87.2401,1.65,311.8,60.0,2026-08-23T19:13:00Z,N21
FIRMS_391293D1,23.56032,87.24065,2.5,314.83,60.0,2026-08-23T19:13:00Z,N21
FIRMS_33EFEF5C,23.6107,87.14855,2.08,296.84,60.0,2026-08-23T19:13:00Z,N21
FIRMS_6ECC7270,23.61102,87.14495,1.75,296.59,60.0,2026-08-23T19:13:00Z,N21
FIRMS_8CE58584,23.67522,86.39812,1.89,310.65,60.0,2026-08-23T19:13:00Z,N21
FIRMS_B957DE17,23.67615,86.39944,1.87,309.56,60.0,2026-08-23T19:13:00Z,N21
FIRMS_3FFD94D6,23.67651,86.39543,1.87,302.59,60.0,2026-08-23T19:13:00Z,N21
FIRMS_3B83548B,23.68113,86.39481,1.89,304.32,60.0,2026-08-23T19:13:00Z,N21
FIRMS_69ED1DFD,23.68209,86.39613,1.68,302.18,60.0,2026-08-23T19:13:00Z,N21
FIRMS_7C20480B,23.68246,86.39201,2.7,301.55,60.0,2026-08-23T19:13:00Z,N21
FIRMS_C7DBDBFB,23.71013,86.4509,2.59,313.27,60.0,2026-08-23T19:13:00Z,N21
FIRMS_5BACBBB3,23.71256,86.42266,1.87,304.64,60.0,2026-08-23T19:13:00Z,N21
FIRMS_3563F32A,23.71639,86.44345,1.38,302.59,60.0,2026-08-23T19:13:00Z,N21
FIRMS_9C7E94A0,23.72231,86.44004,1.38,307.72,60.0,2026-08-23T19:13:00Z,N21
FIRMS_D4F88E3B,23.72372,86.42384,1.41,299.81,60.0,2026-08-23T19:13:00Z,N21
FIRMS_E716129B,23.72406,86.41985,1.28,301.15,60.0,2026-08-23T19:13:00Z,N21
FIRMS_9CD24442,23.73416,86.43314,2.99,310.8,60.0,2026-08-23T19:13:00Z,N21
FIRMS_5DACD551,23.73451,86.42915,1.86,300.72,60.0,2026-08-23T19:13:00Z,N21
FIRMS_7FB24C65,23.73973,86.43378,1.43,308.15,60.0,2026-08-23T19:13:00Z,N21
FIRMS_E0A71500,23.75265,86.41494,1.31,300.55,60.0,2026-08-23T19:13:00Z,N21
FIRMS_F18137CB,23.7541,86.39857,1.4,300.5,60.0,2026-08-23T19:13:00Z,N21
FIRMS_CE4970ED,23.7649,86.40394,0.73,305.66,60.0,2026-08-23T19:13:00Z,N21
FIRMS_DABF8E63,23.76707,86.37955,1.8,301.3,60.0,2026-08-23T19:13:00Z,N21
FIRMS_71F42C1F,23.77716,86.39299,1.9,300.96,60.0,2026-08-23T19:13:00Z,N21
FIRMS_2B3D9887,23.77752,86.38899,1.9,314.19,60.0,2026-08-23T19:13:00Z,N21
FIRMS_10B1EFCD,23.7815,86.39215,1.27,302.41,60.0,2026-08-23T19:13:00Z,N21
FIRMS_C1C2190B,23.78184,86.38814,1.27,296.29,60.0,2026-08-23T19:13:00Z,N21
FIRMS_BB6F0464,24.11502,86.86157,1.18,301.13,60.0,2026-08-23T19:13:00Z,N21
FIRMS_0BE85015,24.11958,86.35051,1.21,302.42,60.0,2026-08-23T19:13:00Z,N21
FIRMS_5AB3FE47,27.53554,95.39848,0.28,302.84,60.0,2026-08-23T19:13:00Z,N21
FIRMS_1B58B8FE,6.87688,81.58629,1.27,308.41,60.0,2026-08-23T19:17:00Z,N21
FIRMS_35775A00,7.05487,80.99966,1.37,299.59,60.0,2026-08-23T19:17:00Z,N21
FIRMS_0F03CA9E,7.22116,81.15114,2.61,310.8,60.0,2026-08-23T19:17:00Z,N21
FIRMS_F0A80AA4,8.3688,81.03394,0.77,297.02,60.0,2026-08-23T19:17:00Z,N21
FIRMS_898849B9,22.57408,70.22664,1.72,303.8,60.0,2026-08-23T20:53:00Z,N21
FIRMS_357F6BA4,23.3138,70.48741,1.24,307.62,60.0,2026-08-23T20:53:00Z,N21
FIRMS_8DF94FA7,24.65842,73.87619,1.25,309.35,60.0,2026-08-23T20:53:00Z,N21
FIRMS_65944C1F,24.68829,73.00064,0.98,305.3,60.0,2026-08-23T20:53:00Z,N21
FIRMS_9F8D0546,24.69098,73.00512,0.98,304.11,60.0,2026-08-23T20:53:00Z,N21
FIRMS_2E5EBAB3,24.81994,73.09312,1.72,315.29,60.0,2026-08-23T20:53:00Z,N21
FIRMS_97006FC4,28.42401,69.70156,1.74,316.01,60.0,2026-08-23T20:53:00Z,N21
FIRMS_6BAB78F7,29.12311,75.77846,2.22,310.56,60.0,2026-08-23T20:53:00Z,N21
FIRMS_42BA06BC,29.35825,76.95921,1.47,307.37,60.0,2026-08-23T20:53:00Z,N21
FIRMS_3EBFF54D,29.45481,76.86952,4.23,332.79,60.0,2026-08-23T20:53:00Z,N21
FIRMS_B69C1A06,29.45843,76.89032,0.61,307.74,60.0,2026-08-23T20:53:00Z,N21
FIRMS_1B59B175,29.47537,76.8596,0.83,306.94,60.0,2026-08-23T20:53:00Z,N21
FIRMS_B0462D42,31.2488,76.9297,0.38,300.72,60.0,2026-08-23T20:53:00Z,N21
FIRMS_43301631,31.68094,73.96224,0.79,309.5,60.0,2026-08-23T20:53:00Z,N21
FIRMS_6D1A7D33,32.29042,70.74036,1.82,308.12,60.0,2026-08-23T20:53:00Z,N21
FIRMS_0178BF94,32.57402,72.56029,2.26,312.11,60.0,2026-08-23T20:53:00Z,N21
FIRMS_A5B9F9AB,32.88802,71.61494,3.75,320.14,60.0,2026-08-23T20:53:00Z,N21
FIRMS_327F9A2A,33.27805,71.33513,1.2,311.88,60.0,2026-08-23T20:53:00Z,N21
FIRMS_5F153ABA,33.54433,71.54929,0.98,308.72,60.0,2026-08-23T20:53:00Z,N21
FIRMS_AA81A9F6,33.68779,72.71127,1.62,311.57,60.0,2026-08-23T20:53:00Z,N21
FIRMS_7BCFC8E2,33.90394,71.91566,1.75,308.09,60.0,2026-08-23T20:53:00Z,N21
FIRMS_DE03FFA5,19.04779,73.11804,1.71,307.42,60.0,2026-08-23T20:55:00Z,N21
FIRMS_EC608AEF,19.04974,73.11978,1.5,305.42,60.0,2026-08-23T20:55:00Z,N21
FIRMS_71BC2A13,19.93539,73.71249,0.55,301.45,60.0,2026-08-23T20:55:00Z,N21
FIRMS_84BF4A92,21.10195,72.64531,3.85,303.51,60.0,2026-08-23T20:55:00Z,N21
FIRMS_25FD5408,21.10324,72.63761,1.31,310.96,60.0,2026-08-23T20:55:00Z,N21
FIRMS_68F97686,21.10388,72.63377,1.31,303.36,60.0,2026-08-23T20:55:00Z,N21
FIRMS_6496C116,21.10467,72.6498,3.09,306.47,60.0,2026-08-23T20:55:00Z,N21
FIRMS_1D8017C5,21.10531,72.64595,3.85,338.88,60.0,2026-08-23T20:55:00Z,N21
FIRMS_D31CEDE1,21.10596,72.6421,3.85,309.75,60.0,2026-08-23T20:55:00Z,N21
FIRMS_98FA1405,21.1066,72.63825,1.31,305.43,60.0,2026-08-23T20:55:00Z,N21
FIRMS_92D1C299,21.10867,72.64659,2.23,303.22,60.0,2026-08-23T20:55:00Z,N21
FIRMS_5DE16459,23.67958,86.39573,4.46,302.14,60.0,2026-08-23T20:55:00Z,N21
FIRMS_B102B75A,23.75898,86.39871,2.42,299.33,60.0,2026-08-23T20:55:00Z,N21
FIRMS_EC6A0020,23.76476,86.40518,2.22,301.18,60.0,2026-08-23T20:55:00Z,N21
FIRMS_FBC76004,23.76575,86.40074,2.42,300.08,60.0,2026-08-23T20:55:00Z,N21
FIRMS_68D386C4,23.77993,86.34556,1.34,297.78,60.0,2026-08-23T20:55:00Z,N21
FIRMS_137718A1,23.7934,86.34972,1.44,300.21,60.0,2026-08-23T20:55:00Z,N21
FIRMS_F27E9AE5,23.8,86.32664,3.28,300.61,60.0,2026-08-23T20:55:00Z,N21
FIRMS_F266F76A,23.80548,86.33092,1.82,299.17,60.0,2026-08-23T20:55:00Z,N21
FIRMS_239BB583,24.93355,74.63254,1.37,311.44,60.0,2026-08-23T20:55:00Z,N21
FIRMS_A93DAF84,25.94286,72.19045,0.97,307.37,60.0,2026-08-23T20:55:00Z,N21
FIRMS_7670B359,26.25788,74.09489,1.23,310.07,60.0,2026-08-23T20:55:00Z,N21
FIRMS_F7308501,26.87672,73.51546,1.63,306.5,60.0,2026-08-23T20:55:00Z,N21
FIRMS_8820A129,27.28774,73.83964,1.09,308.69,60.0,2026-08-23T20:55:00Z,N21
FIRMS_7939A204,10.06989,77.25764,1.09,295.88,60.0,2026-08-23T20:57:00Z,N21
FIRMS_3DFFEE9A,10.07067,77.25338,1.7,296.24,60.0,2026-08-23T20:57:00Z,N21
FIRMS_455ED3BB,11.13734,77.35052,1.5,308.69,60.0,2026-08-23T20:57:00Z,N21
FIRMS_2BD7C667,28.49744,97.02336,5.76,326.78,60.0,2026-08-24T06:29:00Z,N21
FIRMS_7D287773,29.08442,88.01238,3.37,326.26,60.0,2026-08-24T06:29:00Z,N21
FIRMS_8306BFDF,6.53069,81.11274,6.71,344.58,60.0,2026-08-24T08:01:00Z,N21
FIRMS_EC3BCBFC,6.5528,80.98484,5.87,341.0,60.0,2026-08-24T08:01:00Z,N21
FIRMS_9280B043,6.61699,80.9389,2.58,331.63,60.0,2026-08-24T08:01:00Z,N21
FIRMS_69EE1E8B,6.71704,81.08092,3.83,331.87,60.0,2026-08-24T08:01:00Z,N21
FIRMS_8FB846D0,6.71758,81.08453,24.44,346.7,60.0,2026-08-24T08:01:00Z,N21
FIRMS_5B05C2D0,6.72094,81.08403,24.44,331.1,60.0,2026-08-24T08:01:00Z,N21
FIRMS_335E70C6,6.73511,81.2932,8.81,337.28,60.0,2026-08-24T08:01:00Z,N21
FIRMS_7B91CE35,6.74091,81.37833,1.54,338.24,60.0,2026-08-24T08:01:00Z,N21
FIRMS_0D1EA388,6.75172,81.35795,2.86,333.38,60.0,2026-08-24T08:01:00Z,N21
FIRMS_AFC8C625,6.76291,81.52577,3.53,335.57,60.0,2026-08-24T08:01:00Z,N21
FIRMS_E5189246,6.80006,81.41773,4.58,336.25,60.0,2026-08-24T08:01:00Z,N21
FIRMS_452658B8,6.81692,81.43793,9.13,335.43,60.0,2026-08-24T08:01:00Z,N21
FIRMS_37F24DF2,6.82137,81.35081,2.79,330.62,60.0,2026-08-24T08:01:00Z,N21
FIRMS_DBCFBCC9,6.84125,81.43802,2.99,332.89,60.0,2026-08-24T08:01:00Z,N21
FIRMS_D26D242A,6.88604,81.00877,5.42,337.14,60.0,2026-08-24T08:01:00Z,N21
FIRMS_74DCEFC2,7.01477,81.42331,3.62,333.78,60.0,2026-08-24T08:01:00Z,N21
FIRMS_8428A658,7.06455,81.8118,14.62,346.6,60.0,2026-08-24T08:01:00Z,N21
FIRMS_C9D30888,7.10274,81.07259,9.73,346.61,60.0,2026-08-24T08:01:00Z,N21
FIRMS_41C1912A,7.15497,80.96912,10.43,335.45,60.0,2026-08-24T08:01:00Z,N21
FIRMS_5FDFD2F9,7.15833,80.96866,10.43,353.68,60.0,2026-08-24T08:01:00Z,N21
FIRMS_E7182546,7.16117,80.96473,5.73,334.43,60.0,2026-08-24T08:01:00Z,N21
FIRMS_6D79FEC3,7.16453,80.96421,5.73,342.66,60.0,2026-08-24T08:01:00Z,N21
FIRMS_8500E03A,7.18063,81.79061,10.22,341.78,60.0,2026-08-24T08:01:00Z,N21
FIRMS_74F52057,7.26753,81.80503,6.54,337.78,60.0,2026-08-24T08:01:00Z,N21
FIRMS_9482457E,7.27753,81.83109,5.07,342.46,60.0,2026-08-24T08:01:00Z,N21
FIRMS_5F816156,7.27901,81.64775,2.96,332.64,60.0,2026-08-24T08:01:00Z,N21
FIRMS_1D1DADD6,7.28155,81.83442,5.92,336.75,60.0,2026-08-24T08:01:00Z,N21
FIRMS_235DA88F,7.28713,81.75138,2.17,337.97,60.0,2026-08-24T08:01:00Z,N21
FIRMS_349FD076,7.28903,81.83722,7.38,340.73,60.0,2026-08-24T08:01:00Z,N21
FIRMS_E16FF9A3,7.29952,81.8121,3.42,337.87,60.0,2026-08-24T08:01:00Z,N21
FIRMS_CABC06E5,7.30467,81.82311,5.48,338.44,60.0,2026-08-24T08:01:00Z,N21
FIRMS_7210E575,7.31047,81.8144,4.8,342.05,60.0,2026-08-24T08:01:00Z,N21
FIRMS_F7536227,7.31103,81.81824,4.8,335.82,60.0,2026-08-24T08:01:00Z,N21
FIRMS_B88F6153,7.3141,81.76688,8.61,335.48,60.0,2026-08-24T08:01:00Z,N21
FIRMS_8A86968B,7.31908,81.82489,3.36,331.43,60.0,2026-08-24T08:01:00Z,N21
FIRMS_4EA13A45,7.32601,81.82386,2.52,333.56,60.0,2026-08-24T08:01:00Z,N21
FIRMS_B5FB8667,7.33287,81.84641,9.88,344.99,60.0,2026-08-24T08:01:00Z,N21
FIRMS_A7C44637,7.33715,81.75565,9.49,338.12,60.0,2026-08-24T08:01:00Z,N21
FIRMS_EEA556D2,7.35366,81.84333,11.52,335.77,60.0,2026-08-24T08:01:00Z,N21
FIRMS_002B4DEE,7.36186,81.77933,4.27,339.97,60.0,2026-08-24T08:01:00Z,N21
FIRMS_7AFEF9F2,7.37027,81.34013,10.08,344.86,60.0,2026-08-24T08:01:00Z,N21
FIRMS_2253DB8F,7.39017,81.19433,6.0,337.87,60.0,2026-08-24T08:01:00Z,N21
FIRMS_7C6D6DFD,7.47682,81.73167,2.72,338.44,60.0,2026-08-24T08:01:00Z,N21
FIRMS_6C7210E5,7.47754,81.73165,5.11,342.18,60.0,2026-08-24T08:01:00Z,N21
FIRMS_54E27325,7.48028,81.73116,2.72,336.31,60.0,2026-08-24T08:01:00Z,N21
FIRMS_CF51DF25,7.55069,81.65825,3.63,337.42,60.0,2026-08-24T08:01:00Z,N21
FIRMS_88EF8995,7.55682,81.31953,6.97,338.15,60.0,2026-08-24T08:01:00Z,N21
FIRMS_AFE42095,7.55804,81.70781,4.91,337.93,60.0,2026-08-24T08:01:00Z,N21
FIRMS_379279D0,7.60968,80.96377,5.2,338.25,60.0,2026-08-24T08:01:00Z,N21
FIRMS_1750E045,7.70077,81.41658,5.17,337.72,60.0,2026-08-24T08:01:00Z,N21
FIRMS_3C6590AA,7.76242,81.43024,6.05,337.14,60.0,2026-08-24T08:01:00Z,N21
FIRMS_DD20ECAA,7.81231,81.36535,6.25,338.61,60.0,2026-08-24T08:01:00Z,N21
FIRMS_62BC7ECA,7.88055,80.61359,6.7,343.32,60.0,2026-08-24T08:01:00Z,N21
FIRMS_292DA7EB,7.88902,80.67071,17.82,348.23,60.0,2026-08-24T08:01:00Z,N21
FIRMS_2C0D20A1,7.89496,81.42567,12.02,348.67,60.0,2026-08-24T08:01:00Z,N21
FIRMS_8BD10BFD,7.90935,80.30532,3.19,330.43,60.0,2026-08-24T08:01:00Z,N21
FIRMS_83C81B63,7.93561,80.61624,8.13,346.81,60.0,2026-08-24T08:01:00Z,N21
FIRMS_B255A7B4,7.93895,80.61575,1.99,334.62,60.0,2026-08-24T08:01:00Z,N21
FIRMS_83D451D8,8.03123,80.36903,2.6,334.53,60.0,2026-08-24T08:03:00Z,N21
FIRMS_7D1AA749,8.04625,80.62816,5.95,331.83,60.0,2026-08-24T08:03:00Z,N21
FIRMS_FFDE67A4,8.04678,80.63174,5.28,333.04,60.0,2026-08-24T08:03:00Z,N21
FIRMS_64625BBA,8.16733,81.324,6.69,336.64,60.0,2026-08-24T08:03:00Z,N21
FIRMS_B1EF1681,8.28506,80.13511,4.77,333.97,60.0,2026-08-24T08:03:00Z,N21
FIRMS_D4943F40,8.28601,80.23198,3.69,330.66,60.0,2026-08-24T08:03:00Z,N21
FIRMS_BEABD746,8.37994,80.63216,4.15,336.69,60.0,2026-08-24T08:03:00Z,N21
FIRMS_6FB004AD,8.38476,81.13155,2.52,332.49,60.0,2026-08-24T08:03:00Z,N21
FIRMS_05DB7291,8.41145,80.25195,5.44,334.2,60.0,2026-08-24T08:03:00Z,N21
FIRMS_BED1FF98,8.42442,80.75407,3.56,332.42,60.0,2026-08-24T08:03:00Z,N21
FIRMS_BEB6007A,8.43308,80.48814,10.66,342.2,60.0,2026-08-24T08:03:00Z,N21
FIRMS_510792BE,8.45003,80.69469,4.47,333.35,60.0,2026-08-24T08:03:00Z,N21
FIRMS_851F3FE7,8.47084,80.76562,3.8,338.89,60.0,2026-08-24T08:03:00Z,N21
FIRMS_868FC1EE,8.48388,80.64533,4.1,331.47,60.0,2026-08-24T08:03:00Z,N21
FIRMS_02CFD739,8.4878,80.74082,1.6,331.49,60.0,2026-08-24T08:03:00Z,N21
FIRMS_48147D45,8.50076,80.82803,5.8,336.75,60.0,2026-08-24T08:03:00Z,N21
FIRMS_496A1F5E,8.51479,80.82964,6.05,344.04,60.0,2026-08-24T08:03:00Z,N21
FIRMS_82342295,8.51818,80.62943,6.3,333.28,60.0,2026-08-24T08:03:00Z,N21
FIRMS_C9F0C7B2,8.52206,80.63253,10.48,343.47,60.0,2026-08-24T08:03:00Z,N21
FIRMS_E10D0A66,8.60897,80.53074,5.39,331.3,60.0,2026-08-24T08:03:00Z,N21
FIRMS_E5A7C3CD,8.61641,80.64407,2.21,333.28,60.0,2026-08-24T08:03:00Z,N21
FIRMS_6DC394FC,8.61681,81.18475,6.42,341.62,60.0,2026-08-24T08:03:00Z,N21
FIRMS_1265FB16,8.64193,80.81463,2.44,334.92,60.0,2026-08-24T08:03:00Z,N21
FIRMS_8E31E6A9,8.65625,80.78227,6.63,336.92,60.0,2026-08-24T08:03:00Z,N21
FIRMS_5ACF227C,8.71734,80.52864,4.47,337.65,60.0,2026-08-24T08:03:00Z,N21
FIRMS_92EB20B4,8.71787,80.53223,4.47,336.11,60.0,2026-08-24T08:03:00Z,N21
FIRMS_9FA99CC3,8.72069,80.52814,3.67,336.87,60.0,2026-08-24T08:03:00Z,N21
FIRMS_B1260FC6,8.72122,80.53173,3.67,335.32,60.0,2026-08-24T08:03:00Z,N21
FIRMS_177B17F7,8.72988,80.2678,19.8,346.46,60.0,2026-08-24T08:03:00Z,N21
FIRMS_328CA28F,8.80171,80.96279,5.25,340.01,60.0,2026-08-24T08:03:00Z,N21
FIRMS_388EFE98,8.81339,80.80691,10.49,335.76,60.0,2026-08-24T08:03:00Z,N21
FIRMS_89226E30,8.83193,80.54458,6.74,334.84,60.0,2026-08-24T08:03:00Z,N21
FIRMS_8E99DAEE,8.88547,80.46671,2.57,330.65,60.0,2026-08-24T08:03:00Z,N21
FIRMS_4AAC781F,8.88601,80.4703,2.57,337.15,60.0,2026-08-24T08:03:00Z,N21
FIRMS_880F90B3,8.95825,80.77052,3.49,337.24,60.0,2026-08-24T08:03:00Z,N21
FIRMS_3941786B,9.00148,80.58507,3.89,331.49,60.0,2026-08-24T08:03:00Z,N21
FIRMS_5FD32CBC,9.04358,78.21024,3.33,332.46,30.0,2026-08-24T08:03:00Z,N21
FIRMS_8A56C331,9.09104,80.3176,3.85,334.84,60.0,2026-08-24T08:03:00Z,N21
FIRMS_3660AB04,9.13551,80.32197,2.97,331.92,60.0,2026-08-24T08:03:00Z,N21
FIRMS_7BAAEBDF,9.13882,78.25266,6.03,338.62,30.0,2026-08-24T08:03:00Z,N21
FIRMS_D8C2D63A,9.14451,80.51505,4.08,334.29,60.0,2026-08-24T08:03:00Z,N21
FIRMS_FEE16B88,9.14653,80.66684,2.43,330.72,60.0,2026-08-24T08:03:00Z,N21
FIRMS_AAB3F62E,9.41199,80.39674,15.33,348.8,60.0,2026-08-24T08:03:00Z,N21
FIRMS_C157A1BB,9.56224,80.35896,3.19,340.34,60.0,2026-08-24T08:03:00Z,N21
FIRMS_3DF1D6DE,9.79062,80.15464,2.19,332.38,60.0,2026-08-24T08:03:00Z,N21
FIRMS_FCEDF68D,10.44329,79.62807,3.01,335.68,60.0,2026-08-24T08:03:00Z,N21
FIRMS_157940BF,10.44382,79.63159,3.01,332.01,60.0,2026-08-24T08:03:00Z,N21
FIRMS_93F7FE04,10.44661,79.62756,3.01,332.75,60.0,2026-08-24T08:03:00Z,N21
FIRMS_00003FE0,15.17561,76.65761,8.73,342.81,60.0,2026-08-24T08:05:00Z,N21
FIRMS_65BC2ACD,15.18392,76.6673,5.39,336.44,30.0,2026-08-24T08:05:00Z,N21
FIRMS_FB25F31A,24.86393,68.06441,5.36,336.8,60.0,2026-08-24T08:07:00Z,N21
FIRMS_4C657D98,26.0687,68.60545,1.42,330.46,60.0,2026-08-24T08:07:00Z,N21
FIRMS_5443695F,28.32144,68.06577,2.21,335.04,60.0,2026-08-24T08:09:00Z,N21
FIRMS_2E64CCEE,30.69473,74.03057,0.84,333.1,60.0,2026-08-24T08:09:00Z,N21
FIRMS_C7DABEAD,30.69707,74.18148,3.82,335.91,60.0,2026-08-24T08:09:00Z,N21
FIRMS_598116EC,31.25143,73.94572,7.81,345.9,60.0,2026-08-24T08:09:00Z,N21
FIRMS_25540EC9,31.30223,75.0976,2.69,331.03,60.0,2026-08-24T08:09:00Z,N21
FIRMS_09277077,31.99993,78.53543,20.93,342.79,60.0,2026-08-24T08:09:00Z,N21
FIRMS_73CBDE58,32.57622,72.56223,3.03,333.75,30.0,2026-08-24T08:09:00Z,N21
FIRMS_947158AD,32.88796,71.61653,4.63,336.06,30.0,2026-08-24T08:09:00Z,N21
FIRMS_0FFCE850,35.50361,71.27733,2.93,334.8,60.0,2026-08-24T08:09:00Z,N21
FIRMS_AB15A452,22.36235,87.30032,2.75,303.61,60.0,2026-08-24T18:53:00Z,N21
FIRMS_B35E747B,22.36239,87.29989,2.58,303.55,60.0,2026-08-24T18:53:00Z,N21
FIRMS_3DBA2629,22.36675,87.01879,1.66,301.37,60.0,2026-08-24T18:53:00Z,N21
FIRMS_90327274,22.37762,87.28032,3.57,313.01,60.0,2026-08-24T18:53:00Z,N21
FIRMS_6E5186AC,22.37771,87.28072,4.8,313.4,60.0,2026-08-24T18:53:00Z,N21
FIRMS_0FDBCC1D,22.37808,87.27341,3.57,305.13,60.0,2026-08-24T18:53:00Z,N21
FIRMS_F3ACD2C3,22.37821,87.27383,4.15,305.16,60.0,2026-08-24T18:53:00Z,N21
FIRMS_D5239044,32.57434,72.55949,3.98,311.64,60.0,2026-08-24T20:32:00Z,N21
FIRMS_90A7BB07,32.8867,71.61721,3.9,312.19,60.0,2026-08-24T20:32:00Z,N21
FIRMS_D0F59A8D,33.27676,72.1431,1.12,307.43,60.0,2026-08-24T20:32:00Z,N21
FIRMS_2648D964,33.29709,71.18703,1.16,313.84,60.0,2026-08-24T20:32:00Z,N21
FIRMS_AAC29C75,33.69004,72.71039,1.65,307.68,60.0,2026-08-24T20:32:00Z,N21
FIRMS_33E54139,33.69108,72.85719,1.2,305.43,60.0,2026-08-24T20:32:00Z,N21
FIRMS_EC2BFFE4,35.96921,68.6854,1.12,306.87,60.0,2026-08-24T20:32:00Z,N21
FIRMS_31CEF00A,22.36615,87.01677,2.41,304.84,60.0,2026-08-24T20:34:00Z,N21
FIRMS_AC61EB54,22.36633,87.30431,1.78,305.57,60.0,2026-08-24T20:34:00Z,N21
FIRMS_68DD83D6,22.3673,87.3,2.55,308.18,60.0,2026-08-24T20:34:00Z,N21
FIRMS_6CA29288,22.36792,87.30201,1.87,304.48,60.0,2026-08-24T20:34:00Z,N21
FIRMS_0A852574,22.37782,87.28007,6.44,329.41,60.0,2026-08-24T20:34:00Z,N21
FIRMS_C45E0AAF,22.37859,87.28209,3.83,315.76,60.0,2026-08-24T20:34:00Z,N21
FIRMS_8F42CFF2,22.37879,87.27578,3.39,304.5,60.0,2026-08-24T20:34:00Z,N21
FIRMS_9523D712,22.37958,87.27782,3.83,319.11,60.0,2026-08-24T20:34:00Z,N21
FIRMS_EE7B5758,23.5561,87.23985,1.0,302.88,60.0,2026-08-24T20:34:00Z,N21
FIRMS_78502FE6,23.66204,87.15504,2.54,306.74,60.0,2026-08-24T20:34:00Z,N21
FIRMS_5848C3CE,23.6974,85.3561,0.9,298.78,60.0,2026-08-24T20:34:00Z,N21
FIRMS_A9139EFC,23.69767,85.35781,1.08,302.44,60.0,2026-08-24T20:34:00Z,N21
FIRMS_1BDA293B,25.38647,68.58344,2.58,310.7,60.0,2026-08-24T20:34:00Z,N21
FIRMS_CECAA5A0,25.94196,72.19294,1.97,305.95,60.0,2026-08-24T20:34:00Z,N21
FIRMS_8394FC60,26.09396,68.87734,0.95,306.4,60.0,2026-08-24T20:34:00Z,N21
FIRMS_98021899,26.25869,74.09478,1.29,306.44,60.0,2026-08-24T20:34:00Z,N21
FIRMS_06455AC2,27.21968,86.62115,0.58,300.95,60.0,2026-08-24T20:34:00Z,N21
FIRMS_7BBA7CC7,29.08468,88.0102,0.96,302.85,60.0,2026-08-24T20:34:00Z,N21
FIRMS_BDF43F21,29.12299,75.77946,0.55,309.56,60.0,2026-08-24T20:34:00Z,N21
FIRMS_DAA1971F,31.25072,76.92702,0.46,304.62,60.0,2026-08-24T20:34:00Z,N21
FIRMS_1E53F760,31.32664,76.89409,0.76,303.53,60.0,2026-08-24T20:34:00Z,N21
FIRMS_80625B11,32.1024,74.17386,3.82,329.96,60.0,2026-08-24T20:34:00Z,N21
FIRMS_1A6D4649,19.93503,73.71155,2.2,317.95,60.0,2026-08-24T20:36:00Z,N21
FIRMS_41191D44,20.91008,71.45858,1.97,304.73,60.0,2026-08-24T20:36:00Z,N21
FIRMS_44BFE226,21.1006,72.63942,6.84,303.78,60.0,2026-08-24T20:36:00Z,N21
FIRMS_C9E3D1C4,21.1012,72.63512,6.84,343.9,60.0,2026-08-24T20:36:00Z,N21
FIRMS_A859E92D,21.10295,72.64854,5.21,306.06,60.0,2026-08-24T20:36:00Z,N21
FIRMS_50C8DD98,21.10355,72.64426,5.21,333.39,60.0,2026-08-24T20:36:00Z,N21
FIRMS_AE5F60B7,21.10415,72.63996,1.32,305.3,60.0,2026-08-24T20:36:00Z,N21
FIRMS_B5A962A2,21.10475,72.63566,1.32,311.84,60.0,2026-08-24T20:36:00Z,N21
FIRMS_B1102EF3,21.10649,72.64909,5.21,309.21,60.0,2026-08-24T20:36:00Z,N21
FIRMS_B8450D4D,21.1071,72.6448,5.21,333.63,60.0,2026-08-24T20:36:00Z,N21
FIRMS_953DDCFC,21.1077,72.6405,1.32,305.03,60.0,2026-08-24T20:36:00Z,N21
FIRMS_A9E84B9C,21.1083,72.63621,1.32,314.67,60.0,2026-08-24T20:36:00Z,N21
FIRMS_0A9AE5E6,21.11155,72.63502,2.62,306.84,60.0,2026-08-24T20:36:00Z,N21
FIRMS_295BA08E,21.11185,72.63676,2.38,305.79,60.0,2026-08-24T20:36:00Z,N21
FIRMS_5FA89E1A,22.33921,69.8703,2.69,309.15,60.0,2026-08-24T20:36:00Z,N21
FIRMS_3367F0E3,22.33969,69.86611,2.69,315.85,60.0,2026-08-24T20:36:00Z,N21
FIRMS_552579C3,22.34017,69.86192,3.82,307.83,60.0,2026-08-24T20:36:00Z,N21
FIRMS_A2BB3EB9,22.34343,69.87085,7.01,313.73,60.0,2026-08-24T20:36:00Z,N21
FIRMS_F698C54C,22.34392,69.86665,7.01,339.9,60.0,2026-08-24T20:36:00Z,N21
FIRMS_225D4339,22.3444,69.86245,2.37,308.11,60.0,2026-08-24T20:36:00Z,N21
FIRMS_BA36CAA6,22.93092,69.6974,1.29,305.22,60.0,2026-08-24T20:36:00Z,N21
FIRMS_EC28EC51,22.93522,69.69798,1.47,309.2,60.0,2026-08-24T20:36:00Z,N21
FIRMS_754C7ACF,23.31523,70.48663,1.6,306.28,60.0,2026-08-24T20:36:00Z,N21
FIRMS_30298822,6.71856,81.39188,6.56,332.69,30.0,2026-08-25T07:44:00Z,N21
FIRMS_D06558EE,6.74148,81.53711,6.25,334.69,30.0,2026-08-25T07:44:00Z,N21
FIRMS_235F7999,6.8206,81.4631,10.89,335.4,30.0,2026-08-25T07:44:00Z,N21
FIRMS_3E092175,6.8531,81.46222,6.42,338.77,60.0,2026-08-25T07:44:00Z,N21
FIRMS_FB59C66E,6.85665,81.4617,8.34,340.1,60.0,2026-08-25T07:44:00Z,N21
FIRMS_AFE08CC5,6.87689,81.61372,10.26,333.55,30.0,2026-08-25T07:44:00Z,N21
FIRMS_ADB01EDC,7.26806,81.22106,8.68,334.24,30.0,2026-08-25T07:44:00Z,N21
FIRMS_655EF3E7,7.27962,81.83523,4.96,335.07,30.0,2026-08-25T07:44:00Z,N21
FIRMS_FA71B474,7.28839,81.84569,6.84,338.92,60.0,2026-08-25T07:44:00Z,N21
FIRMS_6660550F,7.29552,81.80112,7.75,338.7,30.0,2026-08-25T07:44:00Z,N21
FIRMS_8A5DCA46,7.29593,81.78128,9.62,338.94,30.0,2026-08-25T07:44:00Z,N21
FIRMS_1EC1031D,7.29614,81.80499,7.75,346.37,60.0,2026-08-25T07:44:00Z,N21
FIRMS_69BBE7B9,7.30022,81.8083,14.85,344.94,60.0,2026-08-25T07:44:00Z,N21
FIRMS_FC8B9D29,7.30144,81.81602,5.16,330.41,30.0,2026-08-25T07:44:00Z,N21
FIRMS_1F619A52,7.31245,81.81823,4.61,336.71,30.0,2026-08-25T07:44:00Z,N21
FIRMS_EF463895,7.31592,81.81768,4.61,330.54,30.0,2026-08-25T07:44:00Z,N21
FIRMS_7378DD19,7.32554,81.78849,8.26,348.42,30.0,2026-08-25T07:44:00Z,N21
FIRMS_BF3BF807,7.32632,81.81605,5.22,334.62,30.0,2026-08-25T07:44:00Z,N21
FIRMS_089C8F14,7.33788,81.73097,8.2,333.88,30.0,2026-08-25T07:44:00Z,N21
FIRMS_F0E22F33,7.34621,81.76146,11.48,343.34,60.0,2026-08-25T07:44:00Z,N21
FIRMS_8A61E555,7.60895,80.94383,12.8,343.78,30.0,2026-08-25T07:44:00Z,N21
FIRMS_0A85CBFF,7.63585,80.97375,15.4,348.91,30.0,2026-08-25T07:44:00Z,N21
FIRMS_3336CB81,7.64076,80.98151,20.07,335.52,30.0,2026-08-25T07:44:00Z,N21
FIRMS_D02C441B,7.9448,81.36695,3.92,330.66,30.0,2026-08-25T07:44:00Z,N21
FIRMS_230EFB15,8.3808,81.04868,11.6,335.57,30.0,2026-08-25T07:44:00Z,N21
FIRMS_E5EDEF10,8.42284,80.19805,3.15,333.02,60.0,2026-08-25T07:44:00Z,N21
FIRMS_25792EFA,15.14153,76.96049,1.82,331.71,60.0,2026-08-25T07:46:00Z,N21
FIRMS_9819099C,29.91653,72.49918,3.52,338.99,60.0,2026-08-25T07:50:00Z,N21
FIRMS_ED157B7C,29.93404,71.85775,5.89,341.27,60.0,2026-08-25T07:50:00Z,N21
FIRMS_522328F5,29.93823,71.85663,5.82,341.02,60.0,2026-08-25T07:50:00Z,N21
FIRMS_9F20D0D0,30.01711,72.55633,15.29,343.44,60.0,2026-08-25T07:50:00Z,N21
FIRMS_441A0604,30.46405,71.92369,6.25,339.0,60.0,2026-08-25T07:50:00Z,N21
FIRMS_5FEF849D,30.52602,71.56512,4.14,330.17,60.0,2026-08-25T07:50:00Z,N21
FIRMS_A7D4CFEB,31.52843,72.1685,4.69,336.48,60.0,2026-08-25T07:52:00Z,N21
FIRMS_5B317BA9,32.57521,72.5605,4.29,330.78,30.0,2026-08-25T07:52:00Z,N21
FIRMS_D3D7EAB9,33.2961,71.18419,3.1,333.97,30.0,2026-08-25T07:52:00Z,N21
FIRMS_98AE8E81,28.70671,76.85614,1.35,306.17,60.0,2026-08-25T20:14:00Z,N21
FIRMS_B886E2E1,32.28836,70.73839,3.61,305.84,60.0,2026-08-25T20:14:00Z,N21
FIRMS_928CCDB0,32.57328,72.56335,3.72,308.28,60.0,2026-08-25T20:14:00Z,N21
FIRMS_5EFC6528,32.88705,71.61514,3.47,310.57,60.0,2026-08-25T20:14:00Z,N21
FIRMS_1FE4F2F6,32.88852,71.61688,3.6,312.05,60.0,2026-08-25T20:14:00Z,N21
FIRMS_C2CAF7FB,33.29874,71.18465,1.32,308.53,60.0,2026-08-25T20:14:00Z,N21
FIRMS_CE561AF9,33.68745,72.71075,1.07,306.46,60.0,2026-08-25T20:14:00Z,N21
FIRMS_B3FE231D,35.96521,68.68641,2.36,302.37,60.0,2026-08-25T20:14:00Z,N21
FIRMS_FA274574,15.02118,78.01533,0.71,305.27,60.0,2026-08-25T20:17:00Z,N21
FIRMS_BDA3DDE9,15.02173,78.0117,0.71,302.82,60.0,2026-08-25T20:17:00Z,N21
FIRMS_FC04ACE0,15.17156,76.69174,2.76,316.27,60.0,2026-08-25T20:17:00Z,N21
FIRMS_87D73BCD,15.1733,76.65583,2.56,308.24,60.0,2026-08-25T20:17:00Z,N21
FIRMS_CDED7B0B,15.17445,77.10182,1.05,308.87,60.0,2026-08-25T20:17:00Z,N21
FIRMS_C7C42F64,15.17503,76.69223,2.07,311.77,60.0,2026-08-25T20:17:00Z,N21
FIRMS_13BF6F83,15.17676,76.65635,2.56,320.65,60.0,2026-08-25T20:17:00Z,N21
FIRMS_04F9BB6F,15.17734,76.65241,3.24,311.91,60.0,2026-08-25T20:17:00Z,N21
FIRMS_3BFB95CC,15.17786,77.10236,1.05,309.04,60.0,2026-08-25T20:17:00Z,N21
FIRMS_CE6681E4,15.18196,76.66917,2.35,306.06,60.0,2026-08-25T20:17:00Z,N21
FIRMS_0D293506,15.18253,76.66524,2.35,319.43,60.0,2026-08-25T20:17:00Z,N21
FIRMS_EBA6BFA2,15.18715,76.6579,2.19,302.1,60.0,2026-08-25T20:17:00Z,N21
FIRMS_E1754967,15.22395,76.76291,1.23,305.15,60.0,2026-08-25T20:17:00Z,N21
FIRMS_D7A12737,15.65657,73.98945,1.7,298.34,60.0,2026-08-25T20:17:00Z,N21
FIRMS_817937D1,15.68491,78.45717,2.33,305.93,60.0,2026-08-25T20:17:00Z,N21
FIRMS_5E75FCE3,17.46485,80.65231,1.05,308.11,60.0,2026-08-25T20:17:00Z,N21
FIRMS_B62DBA2D,18.57603,72.24243,9.74,338.81,60.0,2026-08-25T20:17:00Z,N21
FIRMS_A732881B,18.57661,72.23722,7.67,304.93,60.0,2026-08-25T20:17:00Z,N21
FIRMS_7981976E,18.57851,72.24107,10.27,334.45,60.0,2026-08-25T20:17:00Z,N21
FIRMS_EFFCAF98,18.67913,73.0365,4.0,304.98,60.0,2026-08-25T20:17:00Z,N21
FIRMS_9CC4791D,18.69194,73.04287,2.48,307.97,60.0,2026-08-25T20:17:00Z,N21
FIRMS_6E389153,18.69251,73.03823,3.2,306.34,60.0,2026-08-25T20:17:00Z,N21
FIRMS_3D861827,18.80414,74.25832,1.88,314.73,60.0,2026-08-25T20:17:00Z,N21
FIRMS_74AF3E98,21.18102,81.38407,2.19,309.56,60.0,2026-08-25T20:17:00Z,N21
FIRMS_415544B0,21.18432,81.38468,1.61,308.6,60.0,2026-08-25T20:17:00Z,N21
FIRMS_1EE6DE5A,21.18644,81.39273,2.81,307.39,60.0,2026-08-25T20:17:00Z,N21
FIRMS_87CB7EED,21.19034,81.38962,1.27,306.42,60.0,2026-08-25T20:17:00Z,N21
FIRMS_54F72D86,21.19039,81.19882,1.32,308.46,60.0,2026-08-25T20:17:00Z,N21
FIRMS_12AAA322,21.19365,81.39023,1.27,312.39,60.0,2026-08-25T20:17:00Z,N21
FIRMS_CE8691FF,21.19608,81.41749,1.76,317.2,60.0,2026-08-25T20:17:00Z,N21
FIRMS_2631AB7D,21.24484,81.76915,1.21,304.63,60.0,2026-08-25T20:17:00Z,N21
FIRMS_58258CE6,21.31093,81.59187,1.29,307.1,60.0,2026-08-25T20:17:00Z,N21
FIRMS_AA265040,21.36512,81.67917,1.98,306.52,60.0,2026-08-25T20:17:00Z,N21
FIRMS_45B97520,21.37116,81.68417,2.32,308.19,60.0,2026-08-25T20:17:00Z,N21
FIRMS_AF675187,21.37453,81.64227,2.78,309.0,60.0,2026-08-25T20:17:00Z,N21
FIRMS_C1AFE6B2,21.37509,81.68103,3.85,314.57,60.0,2026-08-25T20:17:00Z,N21
FIRMS_95B180EB,21.73116,82.21548,1.19,306.81,60.0,2026-08-25T20:17:00Z,N21
FIRMS_E11FE5C2,21.74682,83.84542,2.91,303.7,60.0,2026-08-25T20:17:00Z,N21
FIRMS_AAF90BA4,22.35787,82.30326,1.31,311.19,60.0,2026-08-25T20:17:00Z,N21
FIRMS_DC92C6B2,22.37453,87.28033,1.31,298.06,60.0,2026-08-25T20:17:00Z,N21
FIRMS_185A6694,22.37963,87.27699,1.96,300.96,60.0,2026-08-25T20:17:00Z,N21
FIRMS_EEECAA03,23.16317,82.34101,0.75,299.79,60.0,2026-08-25T20:17:00Z,N21
FIRMS_C9DFE8C2,23.16381,82.33716,1.46,304.82,60.0,2026-08-25T20:17:00Z,N21
FIRMS_146D7B1D,23.16651,82.34164,0.75,303.04,60.0,2026-08-25T20:17:00Z,N21
FIRMS_600B748B,23.55735,87.24048,1.85,308.03,60.0,2026-08-25T20:17:00Z,N21
FIRMS_C0561325,25.38893,68.58054,1.79,311.86,60.0,2026-08-25T20:17:00Z,N21
FIRMS_9E541632,25.94452,72.18851,0.85,300.18,60.0,2026-08-25T20:17:00Z,N21
FIRMS_502F3D3B,26.75887,83.20107,1.19,310.96,60.0,2026-08-25T20:17:00Z,N21
FIRMS_34DD380F,8.00698,81.31441,0.49,297.25,60.0,2026-08-25T20:19:00Z,N21
FIRMS_6C0A49F1,8.01072,81.31505,1.11,306.94,60.0,2026-08-25T20:19:00Z,N21
FIRMS_36FC7151,10.77575,78.88298,1.6,305.38,60.0,2026-08-25T20:19:00Z,N21
FIRMS_EC713107,11.26698,80.00464,1.48,305.21,60.0,2026-08-25T20:19:00Z,N21
FIRMS_5F0601B1,12.2171,79.00295,0.9,299.01,60.0,2026-08-25T20:19:00Z,N21
FIRMS_FE0D960D,12.91749,79.11784,0.7,304.36,60.0,2026-08-25T20:19:00Z,N21
FIRMS_51395A85,17.95628,80.79455,5.23,329.1,60.0,2026-08-25T20:19:00Z,N21
FIRMS_02C3947F,17.95747,80.7872,3.33,309.77,60.0,2026-08-25T20:19:00Z,N21
FIRMS_3F5D06B1,19.82038,79.23856,1.6,322.73,60.0,2026-08-25T20:19:00Z,N21
FIRMS_5C052F48,20.91191,71.45881,0.96,305.05,60.0,2026-08-25T20:19:00Z,N21
FIRMS_739B11E0,32.28815,70.73901,2.98,306.06,60.0,2026-08-25T21:53:00Z,N21
FIRMS_0AA1C705,32.2905,70.73008,2.43,307.36,60.0,2026-08-25T21:53:00Z,N21
FIRMS_5BCDDC02,32.57438,72.56441,4.23,305.96,60.0,2026-08-25T21:53:00Z,N21
FIRMS_82E00426,32.8867,71.61327,4.94,307.74,60.0,2026-08-25T21:53:00Z,N21
FIRMS_8D40EC75,32.88909,71.61375,4.25,307.47,60.0,2026-08-25T21:53:00Z,N21
FIRMS_D87E81F6,33.29698,71.18508,1.45,307.31,60.0,2026-08-25T21:53:00Z,N21
FIRMS_5C787BA1,25.38863,68.58158,1.3,306.01,60.0,2026-08-25T21:55:00Z,N21
FIRMS_DF9B7022,8.22948,80.75656,8.01,331.79,60.0,2026-08-26T07:26:00Z,N21
FIRMS_31900D55,8.23048,80.7622,8.01,332.97,60.0,2026-08-26T07:26:00Z,N21
FIRMS_D0EFD4F5,8.24221,80.80006,17.43,339.73,60.0,2026-08-26T07:26:00Z,N21
FIRMS_61A17D54,8.37619,81.05578,19.03,342.02,60.0,2026-08-26T07:26:00Z,N21
FIRMS_6AFBAA31,8.40903,80.51687,3.13,332.19,60.0,2026-08-26T07:26:00Z,N21
FIRMS_C246B632,8.40953,80.51969,3.13,335.49,60.0,2026-08-26T07:26:00Z,N21
FIRMS_4A906BBF,8.4115,81.06059,5.23,331.68,60.0,2026-08-26T07:26:00Z,N21
FIRMS_F4160920,8.47969,80.36192,10.08,332.81,60.0,2026-08-26T07:26:00Z,N21
FIRMS_BC7A5A88,8.48021,80.36486,10.44,355.46,30.0,2026-08-26T07:26:00Z,N21
FIRMS_5CCC89A7,8.67752,80.97379,5.94,329.78,60.0,2026-08-26T07:26:00Z,N21
FIRMS_34EDA616,8.84246,80.37051,7.96,367.0,90.0,2026-08-26T07:26:00Z,N21
FIRMS_4CA5F8BF,8.85957,80.99957,11.11,340.35,60.0,2026-08-26T07:26:00Z,N21
FIRMS_D14A960F,8.9117,80.47472,11.6,338.16,60.0,2026-08-26T07:26:00Z,N21
FIRMS_C78948EE,9.23741,80.32394,1.76,332.77,60.0,2026-08-26T07:26:00Z,N21
FIRMS_E7082651,9.27424,80.15481,2.74,330.55,60.0,2026-08-26T07:26:00Z,N21
FIRMS_C990A9B9,9.34347,80.16696,6.12,346.15,60.0,2026-08-26T07:26:00Z,N21
FIRMS_4BCDA2A0,9.39075,78.88336,2.89,336.06,60.0,2026-08-26T07:26:00Z,N21
FIRMS_5D070596,9.43175,80.37721,7.51,330.8,60.0,2026-08-26T07:26:00Z,N21
FIRMS_489AD8D8,9.44243,80.49594,5.77,331.63,60.0,2026-08-26T07:26:00Z,N21
FIRMS_F4280BB4,9.45457,80.4912,16.03,333.31,60.0,2026-08-26T07:26:00Z,N21
FIRMS_3D9E6E5E,9.45557,80.49669,16.03,340.96,60.0,2026-08-26T07:26:00Z,N21
FIRMS_31FEFA45,9.45706,80.49337,18.95,343.5,60.0,2026-08-26T07:26:00Z,N21
FIRMS_8CD4BAD7,10.38894,79.17622,5.0,330.34,60.0,2026-08-26T07:26:00Z,N21
FIRMS_46194683,11.74077,78.97653,3.99,347.16,60.0,2026-08-26T07:26:00Z,N21
FIRMS_9029DB57,11.7447,79.05466,1.51,333.07,60.0,2026-08-26T07:26:00Z,N21
FIRMS_F2B10CB2,15.62259,79.18162,6.57,334.29,60.0,2026-08-26T07:29:00Z,N21
FIRMS_5AE6BDD6,15.62631,79.17872,4.14,330.99,60.0,2026-08-26T07:29:00Z,N21
FIRMS_E80B6B93,16.40067,79.36681,8.29,335.24,60.0,2026-08-26T07:29:00Z,N21
FIRMS_FCEE6299,16.83534,79.16514,3.28,330.52,60.0,2026-08-26T07:29:00Z,N21
FIRMS_CCE62C73,17.60913,83.20387,9.96,331.24,30.0,2026-08-26T07:29:00Z,N21
FIRMS_E0A2EBA8,21.67331,84.0409,4.73,329.78,30.0,2026-08-26T07:29:00Z,N21
FIRMS_20889226,21.67999,84.03966,9.21,332.83,30.0,2026-08-26T07:29:00Z,N21
FIRMS_701C161D,22.21023,84.86258,3.63,331.63,60.0,2026-08-26T07:29:00Z,N21
FIRMS_6ACACB06,22.21333,84.83915,2.79,330.66,60.0,2026-08-26T07:29:00Z,N21
FIRMS_7F6411DC,22.21391,84.84286,3.38,330.93,60.0,2026-08-26T07:29:00Z,N21
FIRMS_E730C6CA,22.21468,84.8694,5.23,334.29,60.0,2026-08-26T07:29:00Z,N21
FIRMS_E410419A,21.10038,72.63611,6.31,334.04,60.0,2026-08-26T07:31:00Z,N21
FIRMS_1ACC0D94,29.33118,70.35696,2.09,330.0,60.0,2026-08-26T07:31:00Z,N21
FIRMS_952B89A9,29.64449,71.71342,2.84,330.87,60.0,2026-08-26T07:31:00Z,N21
FIRMS_03BA64B4,29.76768,72.25974,8.22,348.33,60.0,2026-08-26T07:31:00Z,N21
FIRMS_5F2BB76A,29.76867,72.26379,6.15,333.72,60.0,2026-08-26T07:31:00Z,N21
FIRMS_F249DF53,30.34867,74.23013,6.85,338.78,60.0,2026-08-26T07:31:00Z,N21
FIRMS_6A31B93C,30.64766,73.95101,6.69,334.29,60.0,2026-08-26T07:31:00Z,N21
FIRMS_81EC1F46,30.65028,73.94928,6.71,332.22,60.0,2026-08-26T07:31:00Z,N21
FIRMS_45478BE6,30.89061,73.20031,7.27,330.44,30.0,2026-08-26T07:31:00Z,N21
FIRMS_7B549990,31.6122,72.50623,1.45,331.82,60.0,2026-08-26T07:31:00Z,N21
FIRMS_BC80A64C,31.62439,72.42012,2.94,331.17,60.0,2026-08-26T07:31:00Z,N21
FIRMS_D99A9172,33.26753,71.30682,1.67,333.29,60.0,2026-08-26T07:31:00Z,N21
FIRMS_3936785E,21.10424,72.64529,7.18,332.55,60.0,2026-08-26T09:09:00Z,N21
FIRMS_8BD5D74F,21.10633,72.64521,6.43,332.78,60.0,2026-08-26T09:09:00Z,N21
FIRMS_ED1A6764,28.80681,71.14798,2.24,333.4,60.0,2026-08-26T09:11:00Z,N21
FIRMS_A9D7356E,30.94848,97.36194,0.98,298.7,60.0,2026-08-26T19:53:00Z,N21
FIRMS_0A6EA968,30.94955,97.36366,0.82,303.92,60.0,2026-08-26T19:53:00Z,N21
FIRMS_51E6C26E,31.40834,97.76369,0.68,297.27,60.0,2026-08-26T19:53:00Z,N21
FIRMS_146E2C08,31.40888,97.76285,0.78,295.31,60.0,2026-08-26T19:53:00Z,N21
FIRMS_329B3C61,35.97725,79.16998,0.88,303.84,60.0,2026-08-26T19:53:00Z,N21
FIRMS_808BA62E,20.79946,85.25735,0.78,306.59,60.0,2026-08-26T19:57:00Z,N21
FIRMS_FDC21404,20.86195,84.98651,2.02,328.95,60.0,2026-08-26T19:57:00Z,N21
FIRMS_5ADEF089,20.86411,84.99441,3.46,322.59,60.0,2026-08-26T19:57:00Z,N21
FIRMS_72595F2E,20.86468,84.99075,2.02,316.09,60.0,2026-08-26T19:57:00Z,N21
FIRMS_CFE00842,20.86524,84.98709,2.02,310.12,60.0,2026-08-26T19:57:00Z,N21
FIRMS_FFCC258F,20.86797,84.99133,1.49,305.97,60.0,2026-08-26T19:57:00Z,N21
FIRMS_48C7003C,20.88613,84.98322,4.18,326.31,60.0,2026-08-26T19:57:00Z,N21
FIRMS_AEE52840,20.88999,84.98014,1.28,310.5,60.0,2026-08-26T19:57:00Z,N21
FIRMS_EED32B95,20.98991,85.12567,0.71,300.84,60.0,2026-08-26T19:57:00Z,N21
FIRMS_16B4692E,22.24414,87.38998,5.3,323.61,60.0,2026-08-26T19:57:00Z,N21
FIRMS_E2D81459,22.35626,87.28948,1.98,309.68,60.0,2026-08-26T19:57:00Z,N21
FIRMS_0818B0F5,22.37569,87.27717,1.47,308.06,60.0,2026-08-26T19:57:00Z,N21
FIRMS_5DC7491A,22.37841,87.28172,1.97,302.42,60.0,2026-08-26T19:57:00Z,N21
FIRMS_D8B6AA85,22.37905,87.27782,1.47,312.36,60.0,2026-08-26T19:57:00Z,N21
FIRMS_97446B2D,22.47416,91.73537,1.81,315.17,60.0,2026-08-26T19:57:00Z,N21
FIRMS_79E49FC4,22.47527,91.73382,2.22,317.61,60.0,2026-08-26T19:57:00Z,N21
FIRMS_F2D96788,23.68759,87.12062,2.11,303.46,60.0,2026-08-26T19:57:00Z,N21
FIRMS_D0DD0024,24.14523,86.33312,3.46,317.53,60.0,2026-08-26T19:57:00Z,N21
FIRMS_DBC66A3B,11.26812,80.00212,1.51,308.67,60.0,2026-08-26T20:00:00Z,N21
FIRMS_2F07252C,11.80773,77.92281,1.42,307.55,60.0,2026-08-26T20:00:00Z,N21
FIRMS_031E0FB7,11.81676,77.91685,0.64,300.49,60.0,2026-08-26T20:00:00Z,N21
FIRMS_1A966155,14.60618,78.52363,2.22,308.46,60.0,2026-08-26T20:00:00Z,N21
FIRMS_604E310B,15.01244,79.80169,6.81,322.25,60.0,2026-08-26T20:00:00Z,N21
FIRMS_5FE0FDE8,15.17225,76.6562,1.92,303.66,60.0,2026-08-26T20:00:00Z,N21
FIRMS_735B52CF,15.17265,76.69075,1.27,305.8,60.0,2026-08-26T20:00:00Z,N21
FIRMS_24B4EAF8,15.1761,77.09933,1.4,304.79,60.0,2026-08-26T20:00:00Z,N21
FIRMS_C9986693,15.17625,76.66158,2.16,302.46,60.0,2026-08-26T20:00:00Z,N21
FIRMS_540C7B0E,15.17685,76.65675,1.92,314.98,60.0,2026-08-26T20:00:00Z,N21
FIRMS_E4AB0813,15.17745,76.65191,1.92,305.61,60.0,2026-08-26T20:00:00Z,N21
FIRMS_9B7C7C8E,15.17911,77.10237,1.45,305.35,60.0,2026-08-26T20:00:00Z,N21
FIRMS_DAF93DA3,15.17965,76.67181,3.57,304.26,60.0,2026-08-26T20:00:00Z,N21
FIRMS_C8CF75ED,15.17996,77.10442,1.88,304.53,60.0,2026-08-26T20:00:00Z,N21
FIRMS_AC576AE4,15.18025,76.66698,2.13,302.76,60.0,2026-08-26T20:00:00Z,N21
FIRMS_CECF64A1,15.18324,76.64272,2.15,309.38,60.0,2026-08-26T20:00:00Z,N21
FIRMS_34EA870F,15.33406,76.28747,2.0,307.41,60.0,2026-08-26T20:00:00Z,N21
FIRMS_12DF5D9F,15.65695,73.98811,1.29,308.16,60.0,2026-08-26T20:00:00Z,N21
FIRMS_D8869765,15.65726,73.98717,1.46,305.45,60.0,2026-08-26T20:00:00Z,N21
FIRMS_B04A99AF,15.84632,80.17049,6.76,316.79,60.0,2026-08-26T20:00:00Z,N21
FIRMS_97AF5122,17.02574,81.12362,1.64,305.54,60.0,2026-08-26T20:00:00Z,N21
FIRMS_9A2218FE,17.02656,81.12515,1.45,305.65,60.0,2026-08-26T20:00:00Z,N21
FIRMS_BDBEB2D1,7.03461,79.89082,0.32,302.5,60.0,2026-08-26T20:02:00Z,N21
FIRMS_299058B6,7.94468,81.32425,0.37,298.83,60.0,2026-08-26T20:02:00Z,N21
FIRMS_691CD711,32.0878,74.16367,1.32,312.41,60.0,2026-08-26T21:36:00Z,N21
FIRMS_BC9B3C5A,32.2946,70.72947,1.77,308.11,60.0,2026-08-26T21:36:00Z,N21
FIRMS_0D037520,32.64144,72.97498,2.24,307.93,60.0,2026-08-26T21:36:00Z,N21
FIRMS_85B32F79,32.65414,70.47597,1.1,308.38,60.0,2026-08-26T21:36:00Z,N21
FIRMS_4FAB7DAE,32.88595,71.61364,4.03,308.23,60.0,2026-08-26T21:36:00Z,N21
FIRMS_8CA4D7B8,32.8864,71.6179,6.02,315.16,60.0,2026-08-26T21:36:00Z,N21
FIRMS_7253CF27,32.89046,71.61523,4.03,310.27,60.0,2026-08-26T21:36:00Z,N21
FIRMS_7FAC8E67,33.26831,71.30979,2.78,317.41,60.0,2026-08-26T21:36:00Z,N21
FIRMS_9B749632,33.29576,71.18638,0.89,306.65,60.0,2026-08-26T21:36:00Z,N21
FIRMS_5266FF85,22.4143,69.03838,0.72,306.35,60.0,2026-08-26T21:38:00Z,N21
FIRMS_BC2D0FBC,25.38547,68.5816,2.48,307.81,60.0,2026-08-26T21:38:00Z,N21
FIRMS_F1BAA4FA,25.38613,68.58273,2.75,314.44,60.0,2026-08-26T21:38:00Z,N21
FIRMS_10E2686D,28.42484,69.70112,1.39,307.76,60.0,2026-08-26T21:38:00Z,N21
FIRMS_61F23FE3,7.78368,80.71448,5.28,330.27,60.0,2026-08-27T07:05:00Z,N21
FIRMS_74D408EB,7.91234,81.45569,12.52,335.18,60.0,2026-08-27T07:05:00Z,N21
FIRMS_104E9942,8.49462,80.63084,16.57,347.48,60.0,2026-08-27T07:05:00Z,N21
FIRMS_9551EF40,9.41347,80.41784,3.85,328.41,60.0,2026-08-27T07:07:00Z,N21
FIRMS_1936C315,20.79259,85.25351,11.26,339.62,60.0,2026-08-27T07:09:00Z,N21
FIRMS_07F263EA,20.96261,85.16816,5.52,330.87,60.0,2026-08-27T07:09:00Z,N21
FIRMS_0F457E19,20.96798,85.17476,9.02,339.3,60.0,2026-08-27T07:09:00Z,N21
FIRMS_9E742C86,24.00296,90.30739,4.75,337.7,60.0,2026-08-27T07:09:00Z,N21
FIRMS_F3BB97EA,27.50346,91.71323,6.5,333.87,60.0,2026-08-27T07:12:00Z,N21
FIRMS_EDD080C4,28.49938,97.02313,7.68,329.39,60.0,2026-08-27T07:12:00Z,N21
FIRMS_3F8E7CF3,28.90467,89.59788,5.7,342.21,60.0,2026-08-27T07:12:00Z,N21
FIRMS_C96E8D56,34.31184,76.76282,11.73,367.0,90.0,2026-08-27T07:14:00Z,N21
FIRMS_4F5ADD3B,9.08281,77.96626,3.55,331.57,60.0,2026-08-27T08:48:00Z,N21
FIRMS_225600DB,9.18647,77.63859,0.83,330.03,60.0,2026-08-27T08:48:00Z,N21
FIRMS_7D74A0E6,9.18691,77.63944,1.26,331.4,60.0,2026-08-27T08:48:00Z,N21
FIRMS_9605D1EB,9.20358,77.94232,4.47,343.32,60.0,2026-08-27T08:48:00Z,N21
FIRMS_631DF73E,9.20698,77.93936,9.27,332.0,60.0,2026-08-27T08:48:00Z,N21
FIRMS_CE19F0EC,9.38556,77.56399,4.92,330.37,60.0,2026-08-27T08:48:00Z,N21
FIRMS_8DDEBF23,9.39247,80.4873,11.0,330.79,60.0,2026-08-27T08:48:00Z,N21
FIRMS_EAAC0493,9.91148,78.28306,3.22,333.73,60.0,2026-08-27T08:48:00Z,N21
FIRMS_70A4FF25,10.05289,77.95028,11.04,355.42,60.0,2026-08-27T08:48:00Z,N21
FIRMS_37A3689F,10.87824,77.60252,1.69,332.96,60.0,2026-08-27T08:48:00Z,N21
FIRMS_68478E79,10.97389,77.72894,4.69,330.9,60.0,2026-08-27T08:48:00Z,N21
FIRMS_DD03207F,26.63483,70.38657,4.72,342.14,60.0,2026-08-27T08:52:00Z,N21
FIRMS_0D058FB9,27.72861,68.73631,13.07,342.73,60.0,2026-08-27T08:52:00Z,N21
FIRMS_5287E81E,30.28462,72.08875,18.15,354.77,60.0,2026-08-27T08:54:00Z,N21
FIRMS_524349ED,30.28489,72.09206,27.4,367.0,90.0,2026-08-27T08:54:00Z,N21
FIRMS_2C611022,32.28827,70.73756,1.96,310.68,60.0,2026-08-27T21:16:00Z,N21
FIRMS_41EE28A7,32.29341,70.72932,2.19,312.66,60.0,2026-08-27T21:16:00Z,N21
FIRMS_B384D54B,32.88759,71.61857,5.23,318.12,60.0,2026-08-27T21:16:00Z,N21
FIRMS_39E9A6C3,33.29765,71.1862,1.15,314.51,60.0,2026-08-27T21:16:00Z,N21
FIRMS_68D80810,33.54564,71.54948,1.54,311.22,60.0,2026-08-27T21:16:00Z,N21
FIRMS_75435815,28.34937,70.13097,1.25,313.03,60.0,2026-08-27T21:18:00Z,N21
FIRMS_390F1A9B,28.42327,69.70201,1.92,320.81,60.0,2026-08-27T21:18:00Z,N21
FIRMS_45CB9CD9,29.45728,76.87041,1.12,308.61,60.0,2026-08-27T21:18:00Z,N21
FIRMS_A7A79E50,29.90769,74.95112,4.03,324.48,60.0,2026-08-27T21:18:00Z,N21
FIRMS_5074AE1A,18.40169,74.43215,1.29,301.42,60.0,2026-08-27T21:21:00Z,N21
FIRMS_90635451,21.10197,72.63417,6.06,314.93,60.0,2026-08-27T21:21:00Z,N21
FIRMS_109B0824,21.10285,72.63518,3.87,315.13,60.0,2026-08-27T21:21:00Z,N21
FIRMS_F8C20E7E,21.10449,72.64615,5.35,317.36,60.0,2026-08-27T21:21:00Z,N21
FIRMS_4B4579EC,21.1053,72.64713,5.51,317.47,60.0,2026-08-27T21:21:00Z,N21
FIRMS_5C5A06BF,22.92664,70.10658,2.39,313.67,60.0,2026-08-27T21:21:00Z,N21
FIRMS_64E9A2FD,28.11855,95.48516,3.0,332.86,60.0,2026-08-28T06:52:00Z,N21
FIRMS_E5268395,29.35299,90.68972,2.25,332.74,60.0,2026-08-28T06:52:00Z,N21
FIRMS_4743CC0C,6.34752,80.94455,3.84,335.06,60.0,2026-08-28T08:28:00Z,N21
FIRMS_68D5C8D9,6.34773,80.94579,11.4,336.3,60.0,2026-08-28T08:28:00Z,N21
FIRMS_0BE86C10,6.35231,80.94385,3.84,330.71,60.0,2026-08-28T08:28:00Z,N21
FIRMS_A6A73B54,6.54393,81.05405,3.62,334.41,60.0,2026-08-28T08:28:00Z,N21
FIRMS_BDBC1E86,6.79759,81.44216,4.85,336.98,60.0,2026-08-28T08:28:00Z,N21
FIRMS_1B08C0D4,6.81724,81.43688,3.91,341.35,60.0,2026-08-28T08:28:00Z,N21
FIRMS_EE1AEB12,6.83981,81.52601,12.19,351.53,60.0,2026-08-28T08:28:00Z,N21
FIRMS_67406CB4,6.84022,81.52897,12.09,367.0,90.0,2026-08-28T08:28:00Z,N21
FIRMS_5BFA244D,6.84506,81.4536,8.06,353.77,60.0,2026-08-28T08:28:00Z,N21
FIRMS_7D458DB6,6.84526,81.52831,12.09,345.17,60.0,2026-08-28T08:28:00Z,N21
FIRMS_590511BD,7.27415,81.30084,3.98,337.25,60.0,2026-08-28T08:28:00Z,N21
FIRMS_F3733F1B,7.28009,81.34009,6.45,339.93,60.0,2026-08-28T08:28:00Z,N21
FIRMS_96619AE9,7.38517,81.284,4.91,331.17,60.0,2026-08-28T08:28:00Z,N21
FIRMS_DB2A59C9,7.38557,81.28701,4.91,339.98,60.0,2026-08-28T08:28:00Z,N21
FIRMS_69A3874A,7.40131,81.29066,3.64,346.59,60.0,2026-08-28T08:28:00Z,N21
FIRMS_F0BDB10F,7.41742,81.6457,4.45,331.86,60.0,2026-08-28T08:28:00Z,N21
FIRMS_FD7AB5D0,7.41949,81.646,5.03,344.25,60.0,2026-08-28T08:28:00Z,N21
FIRMS_90EBC69D,8.08326,81.3805,15.18,352.44,60.0,2026-08-28T08:28:00Z,N21
FIRMS_113CC485,8.08367,81.38351,13.51,351.19,60.0,2026-08-28T08:28:00Z,N21
FIRMS_A5172EE3,8.38569,80.18303,3.06,330.97,60.0,2026-08-28T08:28:00Z,N21
FIRMS_7FC4D44A,8.49315,80.21699,5.37,334.7,60.0,2026-08-28T08:28:00Z,N21
FIRMS_FC98731E,8.55665,80.50257,9.58,338.05,60.0,2026-08-28T08:28:00Z,N21
FIRMS_CFA2D309,8.55711,80.50637,5.59,338.24,60.0,2026-08-28T08:28:00Z,N21
FIRMS_BAE9324D,8.56521,80.78231,6.46,332.22,60.0,2026-08-28T08:28:00Z,N21
FIRMS_BF3D72BB,8.56604,78.08351,1.94,332.18,30.0,2026-08-28T08:28:00Z,N21
FIRMS_7F02D4A0,8.60504,80.46202,29.81,341.86,60.0,2026-08-28T08:28:00Z,N21
FIRMS_5C11DCE2,8.60969,77.83566,6.03,339.17,60.0,2026-08-28T08:28:00Z,N21
FIRMS_ADB1B2A6,8.60984,80.46139,13.78,341.14,60.0,2026-08-28T08:28:00Z,N21
FIRMS_79DBAE7A,8.67904,80.7544,5.34,332.12,60.0,2026-08-28T08:28:00Z,N21
FIRMS_3B0B53FC,8.71279,77.97305,7.52,343.0,60.0,2026-08-28T08:28:00Z,N21
FIRMS_347A67A6,8.80825,80.01944,5.55,335.42,60.0,2026-08-28T08:28:00Z,N21
FIRMS_F04937DC,8.81104,80.01739,5.76,339.67,60.0,2026-08-28T08:28:00Z,N21
FIRMS_1D3F4563,8.85495,80.46632,7.05,341.25,60.0,2026-08-28T08:28:00Z,N21
FIRMS_F163A5AD,8.86089,77.99239,3.92,337.56,30.0,2026-08-28T08:28:00Z,N21
FIRMS_7E1A370F,8.8614,77.99268,3.59,337.88,30.0,2026-08-28T08:28:00Z,N21
FIRMS_62D23A7B,8.89463,80.66376,14.44,341.91,60.0,2026-08-28T08:28:00Z,N21
FIRMS_09B9F6DE,8.89673,80.66447,18.02,344.52,60.0,2026-08-28T08:28:00Z,N21
FIRMS_147D7852,8.99345,77.86612,4.63,337.63,60.0,2026-08-28T08:28:00Z,N21
FIRMS_C406CF2F,9.00666,80.83084,8.18,335.7,60.0,2026-08-28T08:28:00Z,N21
FIRMS_2D8EB977,9.05433,80.49529,8.53,334.06,60.0,2026-08-28T08:28:00Z,N21
FIRMS_E7BEA6B9,9.06493,77.68907,4.13,340.71,60.0,2026-08-28T08:28:00Z,N21
FIRMS_807D6D01,9.0767,77.56914,4.9,338.85,60.0,2026-08-28T08:28:00Z,N21
FIRMS_A8F56F1B,9.07731,77.57346,4.03,342.45,60.0,2026-08-28T08:28:00Z,N21
FIRMS_520D0C40,9.18652,77.78751,15.58,350.7,60.0,2026-08-28T08:28:00Z,N21
FIRMS_8E6953B9,9.26581,77.91255,5.95,344.05,60.0,2026-08-28T08:28:00Z,N21
FIRMS_4DA7315D,9.2775,78.39238,4.12,332.61,60.0,2026-08-28T08:28:00Z,N21
FIRMS_F6AD636A,9.27803,78.39629,4.12,348.85,60.0,2026-08-28T08:28:00Z,N21
FIRMS_F17E770A,9.28223,78.3957,3.85,342.73,60.0,2026-08-28T08:28:00Z,N21
FIRMS_E55A8D08,9.33282,78.42058,6.56,341.42,60.0,2026-08-28T08:28:00Z,N21
FIRMS_D6101736,9.37102,77.52661,3.24,334.6,30.0,2026-08-28T08:28:00Z,N21
FIRMS_2114171D,9.37401,78.6227,5.53,341.48,60.0,2026-08-28T08:28:00Z,N21
FIRMS_50A373CF,9.40697,78.81196,3.78,338.76,60.0,2026-08-28T08:28:00Z,N21
FIRMS_FA3B5330,9.40914,78.81119,1.73,334.12,60.0,2026-08-28T08:28:00Z,N21
FIRMS_836D14D6,9.4172,77.50932,3.45,337.26,30.0,2026-08-28T08:28:00Z,N21
FIRMS_626EA78E,9.42099,80.38881,6.43,338.89,60.0,2026-08-28T08:28:00Z,N21
FIRMS_B1D80C2D,9.43409,80.37614,8.25,339.95,60.0,2026-08-28T08:28:00Z,N21
FIRMS_1BAB1461,9.43479,80.3815,8.0,337.41,60.0,2026-08-28T08:28:00Z,N21
FIRMS_6ADD9DF9,9.53326,78.18642,11.28,344.34,60.0,2026-08-28T08:28:00Z,N21
FIRMS_2833402C,9.53541,78.18616,7.91,344.4,60.0,2026-08-28T08:28:00Z,N21
FIRMS_4E1DD373,9.55345,78.51564,54.45,341.09,60.0,2026-08-28T08:28:00Z,N21
FIRMS_257E7B7D,9.68469,78.36857,13.95,345.19,60.0,2026-08-28T08:28:00Z,N21
FIRMS_0FA421D2,9.71987,77.97552,8.76,346.61,60.0,2026-08-28T08:28:00Z,N21
FIRMS_879E7C37,9.8426,78.13952,6.3,339.23,60.0,2026-08-28T08:28:00Z,N21
FIRMS_CF90B7A2,9.88012,78.4716,2.73,335.03,60.0,2026-08-28T08:28:00Z,N21
FIRMS_717225BA,10.03975,77.97247,5.07,338.0,60.0,2026-08-28T08:28:00Z,N21
FIRMS_C558135F,10.44864,79.65552,3.77,335.25,60.0,2026-08-28T08:28:00Z,N21
FIRMS_E63CCCC5,10.53153,78.34397,2.69,332.5,60.0,2026-08-28T08:28:00Z,N21
FIRMS_8CCA8D06,10.53212,78.34332,4.64,334.17,60.0,2026-08-28T08:28:00Z,N21
FIRMS_A869D10D,11.16639,78.01994,3.13,337.01,60.0,2026-08-28T08:28:00Z,N21
FIRMS_8E8E9006,11.23093,78.85033,1.73,335.32,60.0,2026-08-28T08:28:00Z,N21
FIRMS_4989929E,11.09134,76.9546,5.04,332.31,60.0,2026-08-28T08:30:00Z,N21
FIRMS_6B9AF421,11.48213,79.03663,2.53,337.21,60.0,2026-08-28T08:30:00Z,N21
FIRMS_28ADF068,11.48553,79.03905,1.84,333.95,60.0,2026-08-28T08:30:00Z,N21
FIRMS_F4AD2696,12.41271,77.18036,6.76,340.01,60.0,2026-08-28T08:30:00Z,N21
FIRMS_74169FB8,12.65077,79.52586,18.17,340.98,60.0,2026-08-28T08:30:00Z,N21
FIRMS_A9E0CF1B,13.32397,76.02139,6.95,332.09,60.0,2026-08-28T08:30:00Z,N21
FIRMS_894FB5B5,14.16654,79.82394,8.73,342.83,60.0,2026-08-28T08:30:00Z,N21
FIRMS_BE4CAE53,14.35824,77.18724,3.29,332.19,30.0,2026-08-28T08:30:00Z,N21
FIRMS_455EF0DC,14.50818,76.59798,3.88,339.54,60.0,2026-08-28T08:30:00Z,N21
FIRMS_54E9D379,14.50992,76.59728,3.17,333.2,60.0,2026-08-28T08:30:00Z,N21
FIRMS_E998C2D8,14.65814,75.65547,5.13,337.4,60.0,2026-08-28T08:30:00Z,N21
FIRMS_43D15218,14.80563,76.7702,2.35,330.63,60.0,2026-08-28T08:30:00Z,N21
FIRMS_7B7B5106,15.00715,79.72668,2.82,340.51,60.0,2026-08-28T08:30:00Z,N21
FIRMS_6C8B4A68,15.00776,79.72642,1.83,339.73,60.0,2026-08-28T08:30:00Z,N21
FIRMS_7C1014F9,15.08932,79.77341,6.01,333.03,60.0,2026-08-28T08:30:00Z,N21
FIRMS_D2AF531A,15.08967,79.7764,7.39,355.18,60.0,2026-08-28T08:30:00Z,N21
FIRMS_38F7E522,15.17567,76.67754,4.38,337.31,60.0,2026-08-28T08:30:00Z,N21
FIRMS_0BD26E33,15.23541,76.44022,3.65,333.74,60.0,2026-08-28T08:30:00Z,N21
FIRMS_FE584F3A,15.39007,80.13628,3.37,330.71,60.0,2026-08-28T08:30:00Z,N21
FIRMS_F64102D6,15.56243,79.89336,2.59,338.27,60.0,2026-08-28T08:30:00Z,N21
FIRMS_2653B9BF,15.84844,79.11243,4.29,333.77,60.0,2026-08-28T08:30:00Z,N21
FIRMS_F6898AEA,16.03076,79.71768,3.48,342.17,60.0,2026-08-28T08:30:00Z,N21
FIRMS_0CB3BACF,16.99839,79.08223,3.54,331.13,60.0,2026-08-28T08:30:00Z,N21
FIRMS_A7A928A3,18.69099,73.04218,2.95,333.21,60.0,2026-08-28T08:33:00Z,N21
FIRMS_F3F21A41,21.10448,72.6461,5.25,337.3,60.0,2026-08-28T08:33:00Z,N21
FIRMS_6967128E,21.74194,83.84369,7.65,327.14,60.0,2026-08-28T08:33:00Z,N21
FIRMS_B1C8AC1B,21.7424,83.8442,7.46,327.67,60.0,2026-08-28T08:33:00Z,N21
FIRMS_DBBD9385,22.92856,70.10652,12.98,343.86,60.0,2026-08-28T08:33:00Z,N21
FIRMS_751740DA,23.12482,70.94032,3.33,336.71,60.0,2026-08-28T08:33:00Z,N21
FIRMS_46A19EA3,25.9435,72.19397,4.28,337.43,60.0,2026-08-28T08:35:00Z,N21
FIRMS_689B7CA8,27.43725,70.85397,3.56,340.27,30.0,2026-08-28T08:35:00Z,N21
FIRMS_DC993874,28.42323,69.69987,4.84,335.15,30.0,2026-08-28T08:35:00Z,N21
FIRMS_923B2AB2,30.43859,73.86054,3.39,342.03,60.0,2026-08-28T08:35:00Z,N21
FIRMS_E4EF718C,30.83061,74.07903,4.51,340.17,60.0,2026-08-28T08:35:00Z,N21
FIRMS_5E3827B9,31.53816,75.11701,5.36,339.95,60.0,2026-08-28T08:35:00Z,N21
FIRMS_CCFD506C,31.53888,75.11586,7.68,337.82,60.0,2026-08-28T08:35:00Z,N21
FIRMS_4BD237A8,26.90533,93.00866,1.84,332.56,60.0,2026-08-29T06:33:00Z,N21
FIRMS_B9931CDD,7.38981,79.87487,3.38,333.68,60.0,2026-08-29T08:09:00Z,N21
FIRMS_2BE26DB8,7.53227,80.93926,6.91,339.97,60.0,2026-08-29T08:09:00Z,N21
FIRMS_5827E2E2,7.57354,80.92952,7.5,347.19,60.0,2026-08-29T08:09:00Z,N21
FIRMS_95EC5612,7.57407,80.92458,10.96,336.02,60.0,2026-08-29T08:09:00Z,N21
FIRMS_AFB69417,7.57469,80.92876,10.96,351.31,60.0,2026-08-29T08:09:00Z,N21
FIRMS_F7BE4B76,7.57653,80.92484,7.5,338.58,60.0,2026-08-29T08:09:00Z,N21
FIRMS_DC1FEC73,7.57713,80.92899,7.5,343.29,60.0,2026-08-29T08:09:00Z,N21
FIRMS_8A47AB91,7.61723,81.08107,8.56,338.76,60.0,2026-08-29T08:09:00Z,N21
FIRMS_7D01B987,7.61831,80.83424,5.7,334.1,60.0,2026-08-29T08:09:00Z,N21
FIRMS_5256E7B2,7.76922,81.44007,3.61,335.7,60.0,2026-08-29T08:09:00Z,N21
FIRMS_F91743E2,7.80681,81.43909,7.37,340.47,60.0,2026-08-29T08:09:00Z,N21
FIRMS_01A5F146,8.03799,80.01488,4.84,333.74,60.0,2026-08-29T08:09:00Z,N21
FIRMS_81A72CE4,8.60741,77.97129,5.38,337.16,60.0,2026-08-29T08:09:00Z,N21
FIRMS_76FA51CF,8.64931,80.38313,2.38,332.53,60.0,2026-08-29T08:09:00Z,N21
FIRMS_4C003AAD,8.64932,77.84006,3.29,343.62,60.0,2026-08-29T08:09:00Z,N21
FIRMS_3FBE3945,8.69619,80.35628,6.39,341.85,60.0,2026-08-29T08:09:00Z,N21
FIRMS_88B74C71,8.75016,78.08366,6.22,337.4,60.0,2026-08-29T08:09:00Z,N21
FIRMS_72CA1567,8.75985,77.6738,1.58,337.27,60.0,2026-08-29T08:09:00Z,N21
FIRMS_118670A3,8.84902,80.38763,3.26,329.71,60.0,2026-08-29T08:09:00Z,N21
FIRMS_E54E2A9D,8.85074,80.42461,3.26,336.56,60.0,2026-08-29T08:09:00Z,N21
FIRMS_4A6029FD,8.8745,77.98587,5.31,338.37,60.0,2026-08-29T08:09:00Z,N21
FIRMS_056573B2,8.91108,80.4406,9.58,346.56,60.0,2026-08-29T08:09:00Z,N21
FIRMS_0541EB89,8.91688,80.43262,2.84,328.96,60.0,2026-08-29T08:09:00Z,N21
FIRMS_5DA05497,8.93593,80.3884,4.35,335.47,60.0,2026-08-29T08:09:00Z,N21
FIRMS_BC51560D,8.93651,80.39246,5.68,333.11,60.0,2026-08-29T08:09:00Z,N21
FIRMS_1DD481F2,8.96052,77.90134,2.91,337.09,60.0,2026-08-29T08:09:00Z,N21
FIRMS_0487A3B4,9.02114,80.17536,6.05,335.22,60.0,2026-08-29T08:09:00Z,N21
FIRMS_355D3E0F,9.17868,80.46647,8.73,337.39,60.0,2026-08-29T08:09:00Z,N21
FIRMS_49BECBD7,9.17927,80.47058,8.73,336.15,60.0,2026-08-29T08:09:00Z,N21
FIRMS_1916BE5D,9.24698,80.31161,4.14,332.78,60.0,2026-08-29T08:09:00Z,N21
FIRMS_CE8ECB93,9.39508,80.46182,3.77,332.28,60.0,2026-08-29T08:09:00Z,N21
FIRMS_7B3B4762,9.41414,80.44216,5.16,334.1,60.0,2026-08-29T08:09:00Z,N21
FIRMS_6103DDA7,9.42272,78.75917,3.76,331.63,60.0,2026-08-29T08:09:00Z,N21
FIRMS_312C8CC6,9.43546,80.3385,6.99,336.38,60.0,2026-08-29T08:09:00Z,N21
FIRMS_4E67999C,9.49544,78.76971,4.96,340.22,60.0,2026-08-29T08:09:00Z,N21
FIRMS_72296FF0,9.6286,78.5695,1.55,330.03,60.0,2026-08-29T08:09:00Z,N21
FIRMS_02130CAA,9.63193,78.56899,1.55,332.81,60.0,2026-08-29T08:09:00Z,N21
FIRMS_219B921E,9.6353,80.29417,3.98,336.56,60.0,2026-08-29T08:09:00Z,N21
FIRMS_B55B73F6,9.69329,77.82059,5.11,338.36,60.0,2026-08-29T08:09:00Z,N21
FIRMS_A8B79CA4,9.76454,80.26393,1.66,334.94,60.0,2026-08-29T08:09:00Z,N21
FIRMS_E6DC4085,9.8565,78.18187,2.82,331.13,30.0,2026-08-29T08:09:00Z,N21
FIRMS_6960E56E,9.96644,78.03188,3.67,340.46,60.0,2026-08-29T08:09:00Z,N21
FIRMS_0F29BF1F,9.98556,78.31762,6.83,342.21,60.0,2026-08-29T08:09:00Z,N21
FIRMS_370B4357,10.40263,79.35952,3.41,336.63,60.0,2026-08-29T08:09:00Z,N21
FIRMS_44596E38,10.40814,79.51502,4.87,345.82,60.0,2026-08-29T08:09:00Z,N21
FIRMS_A601A86A,10.51079,79.66752,6.97,337.73,60.0,2026-08-29T08:09:00Z,N21
FIRMS_0373A9E7,10.52717,79.34861,2.96,335.93,60.0,2026-08-29T08:09:00Z,N21
FIRMS_F02E5C67,10.85161,78.75615,8.61,340.1,60.0,2026-08-29T08:09:00Z,N21
FIRMS_9C912361,10.93597,78.47108,6.07,339.62,60.0,2026-08-29T08:09:00Z,N21
FIRMS_B01BE876,10.93779,78.20586,4.0,337.13,60.0,2026-08-29T08:09:00Z,N21
FIRMS_F9587F47,10.95573,78.87653,9.96,347.12,60.0,2026-08-29T08:09:00Z,N21
FIRMS_694C98D7,10.98005,79.4278,2.61,332.11,60.0,2026-08-29T08:09:00Z,N21
FIRMS_9567C8B3,11.12129,78.68881,7.72,340.11,60.0,2026-08-29T08:09:00Z,N21
FIRMS_79DE932C,11.38602,78.86941,3.92,337.84,60.0,2026-08-29T08:09:00Z,N21
FIRMS_8542CD85,11.45934,79.18013,1.85,331.81,30.0,2026-08-29T08:09:00Z,N21
FIRMS_6CEA06F7,11.63834,77.61632,3.44,332.91,60.0,2026-08-29T08:09:00Z,N21
FIRMS_49B8C048,12.03365,79.08008,6.0,335.61,60.0,2026-08-29T08:09:00Z,N21
FIRMS_3C40475E,12.03421,79.08394,5.09,335.8,60.0,2026-08-29T08:09:00Z,N21
FIRMS_B515DF29,12.15724,79.71613,5.78,336.86,60.0,2026-08-29T08:09:00Z,N21
FIRMS_FFE2DE72,12.17833,79.73863,12.19,346.04,60.0,2026-08-29T08:09:00Z,N21
FIRMS_7612C2D7,12.17855,79.73819,11.61,345.4,60.0,2026-08-29T08:09:00Z,N21
FIRMS_62F4734F,12.46093,79.10439,2.1,332.34,30.0,2026-08-29T08:09:00Z,N21
FIRMS_BD464C90,12.62554,77.69179,2.07,330.23,30.0,2026-08-29T08:09:00Z,N21
FIRMS_4586FEB4,12.78404,79.31249,8.47,338.53,60.0,2026-08-29T08:09:00Z,N21
FIRMS_92D46F08,12.81844,79.32784,2.38,330.65,60.0,2026-08-29T08:09:00Z,N21
FIRMS_A0B0D59D,12.8281,79.57608,9.18,338.2,60.0,2026-08-29T08:09:00Z,N21
FIRMS_7FF7F638,13.38702,78.08879,1.87,333.31,60.0,2026-08-29T08:09:00Z,N21
FIRMS_8266220C,13.58733,76.33072,3.1,335.08,60.0,2026-08-29T08:09:00Z,N21
FIRMS_16E11D17,13.59061,76.3302,4.77,334.05,60.0,2026-08-29T08:09:00Z,N21
FIRMS_D8AA38B2,13.73211,78.2689,8.58,337.15,60.0,2026-08-29T08:09:00Z,N21
FIRMS_3292702A,14.65362,77.66443,4.3,338.32,60.0,2026-08-29T08:11:00Z,N21
FIRMS_C034C38B,14.79919,79.08913,4.9,336.6,60.0,2026-08-29T08:11:00Z,N21
FIRMS_8CE0B595,14.8166,78.35658,2.79,337.68,60.0,2026-08-29T08:11:00Z,N21
FIRMS_ECF6237E,14.91997,79.67854,3.0,330.97,60.0,2026-08-29T08:11:00Z,N21
FIRMS_46718B41,14.98676,76.88111,6.37,336.84,60.0,2026-08-29T08:11:00Z,N21
FIRMS_02897730,15.06239,79.87417,7.63,339.86,60.0,2026-08-29T08:11:00Z,N21
FIRMS_4D1209F7,15.08718,79.47825,6.38,336.48,60.0,2026-08-29T08:11:00Z,N21
FIRMS_30F8D999,15.65413,80.13641,4.69,337.27,60.0,2026-08-29T08:11:00Z,N21
FIRMS_74630DF0,16.03253,78.70424,8.58,338.63,60.0,2026-08-29T08:11:00Z,N21
FIRMS_CCA3367A,16.40797,79.41428,4.87,337.76,60.0,2026-08-29T08:11:00Z,N21
FIRMS_1FC04EC4,16.70544,78.78356,5.01,335.05,60.0,2026-08-29T08:11:00Z,N21
FIRMS_FA208881,16.7619,79.13581,5.96,341.31,60.0,2026-08-29T08:11:00Z,N21
FIRMS_12A9B14F,18.12482,75.44324,2.86,330.11,60.0,2026-08-29T08:11:00Z,N21
FIRMS_AB58CFF0,27.75664,68.69566,4.2,331.51,60.0,2026-08-29T08:16:00Z,N21
FIRMS_941F12B2,29.45856,76.89088,4.19,334.02,60.0,2026-08-29T08:16:00Z,N21
FIRMS_62AD21AF,29.89756,70.05154,3.54,338.88,60.0,2026-08-29T08:16:00Z,N21
FIRMS_07E06DFC,29.90098,70.05095,5.64,339.12,60.0,2026-08-29T08:16:00Z,N21
FIRMS_0C5D19CA,29.90875,74.95228,6.19,338.01,60.0,2026-08-29T08:16:00Z,N21
FIRMS_7E2B4988,30.80227,72.00471,2.89,336.35,60.0,2026-08-29T08:16:00Z,N21
FIRMS_76D9605D,30.80555,72.00403,5.03,337.03,60.0,2026-08-29T08:16:00Z,N21
FIRMS_71AFA487,31.35996,74.52962,3.94,330.29,30.0,2026-08-29T08:16:00Z,N21
FIRMS_DF19A58F,31.3634,74.529,2.79,331.33,60.0,2026-08-29T08:16:00Z,N21
FIRMS_E84FFBEB,31.4437,72.14252,5.53,346.28,60.0,2026-08-29T08:16:00Z,N21
FIRMS_F9C4ACB2,31.53692,75.11433,2.62,330.56,60.0,2026-08-29T08:16:00Z,N21
FIRMS_FC7D052F,31.58075,72.37492,3.32,330.07,30.0,2026-08-29T08:16:00Z,N21
FIRMS_CC1F2102,31.59401,72.16967,2.17,330.89,60.0,2026-08-29T08:16:00Z,N21
FIRMS_67634027,31.65866,74.43478,3.13,335.9,60.0,2026-08-29T08:16:00Z,N21
FIRMS_90BE63C6,31.96908,73.98364,2.09,335.71,60.0,2026-08-29T08:16:00Z,N21
FIRMS_CD072D7F,32.88716,71.61623,3.04,333.93,30.0,2026-08-29T08:16:00Z,N21
FIRMS_64FAFAAA,21.57803,96.23553,0.94,302.44,60.0,2026-08-29T19:00:00Z,N21
FIRMS_BDAD2CD3,26.41152,89.41228,2.71,295.54,60.0,2026-08-29T19:00:00Z,N21
FIRMS_E399D78F,26.41184,89.40777,2.71,295.73,60.0,2026-08-29T19:00:00Z,N21
FIRMS_86296369,26.41217,89.40324,5.25,295.44,60.0,2026-08-29T19:00:00Z,N21
FIRMS_1D17E85F,27.03239,94.89097,2.51,318.81,60.0,2026-08-29T19:00:00Z,N21
FIRMS_5D8BEED6,27.31635,95.26728,3.49,308.66,60.0,2026-08-29T19:00:00Z,N21
FIRMS_04F36F81,27.32357,95.2765,3.6,309.66,60.0,2026-08-29T19:00:00Z,N21
FIRMS_80308E02,27.37929,95.33325,2.06,317.58,60.0,2026-08-29T19:00:00Z,N21
FIRMS_5BDA22E5,20.86711,96.38932,1.26,303.74,60.0,2026-08-29T19:02:00Z,N21
FIRMS_CF466B88,22.2442,87.38879,2.16,296.84,60.0,2026-08-29T19:02:00Z,N21
FIRMS_D342A577,35.96741,68.68378,1.72,306.87,60.0,2026-08-29T20:38:00Z,N21
FIRMS_6D89D194,26.25701,74.09737,1.17,304.69,60.0,2026-08-29T20:40:00Z,N21
FIRMS_63A40E9B,26.29747,74.12477,0.64,303.83,60.0,2026-08-29T20:40:00Z,N21
FIRMS_B54540BB,26.87269,73.51617,2.18,312.82,60.0,2026-08-29T20:40:00Z,N21
FIRMS_7A4DC1A1,26.88006,73.51327,1.88,306.75,60.0,2026-08-29T20:40:00Z,N21
FIRMS_9AEE8E13,28.34853,70.13123,0.57,311.25,60.0,2026-08-29T20:40:00Z,N21
FIRMS_752FB9EF,28.35046,77.2559,0.81,305.23,60.0,2026-08-29T20:40:00Z,N21
FIRMS_E48A809D,28.37196,77.2264,2.13,322.5,60.0,2026-08-29T20:40:00Z,N21
FIRMS_2957FFD3,28.42259,69.69873,1.36,311.14,60.0,2026-08-29T20:40:00Z,N21
FIRMS_3557702E,28.42361,69.70136,1.9,315.13,60.0,2026-08-29T20:40:00Z,N21
FIRMS_97398999,28.74562,76.92708,0.66,301.37,60.0,2026-08-29T20:40:00Z,N21
FIRMS_B71BB93E,29.43284,77.00395,3.7,329.48,60.0,2026-08-29T20:40:00Z,N21
FIRMS_8909F074,29.45788,76.89092,4.24,321.48,60.0,2026-08-29T20:40:00Z,N21
FIRMS_2CAD90D5,29.46117,76.89161,4.24,328.7,60.0,2026-08-29T20:40:00Z,N21
FIRMS_95BF4D7C,31.76997,70.10649,3.69,312.27,60.0,2026-08-29T20:40:00Z,N21
FIRMS_408C653E,32.10337,74.17487,1.58,311.27,60.0,2026-08-29T20:40:00Z,N21
FIRMS_07A4324A,32.57681,72.56402,2.91,310.52,60.0,2026-08-29T20:40:00Z,N21
FIRMS_37C4F70B,33.23515,71.51561,2.3,315.12,60.0,2026-08-29T20:40:00Z,N21
FIRMS_57DD2F81,21.09752,72.6374,2.39,303.42,60.0,2026-08-29T20:42:00Z,N21
FIRMS_4939783F,21.09809,72.63358,3.0,304.5,60.0,2026-08-29T20:42:00Z,N21
FIRMS_F84C4918,21.10031,72.64175,2.39,304.8,60.0,2026-08-29T20:42:00Z,N21
FIRMS_874F33B4,21.10088,72.63794,2.39,326.61,60.0,2026-08-29T20:42:00Z,N21
FIRMS_D2DC8198,21.10144,72.63414,3.0,333.85,60.0,2026-08-29T20:42:00Z,N21
FIRMS_7BFC78D3,21.10201,72.63033,3.0,302.99,60.0,2026-08-29T20:42:00Z,N21
FIRMS_1E07FAF9,21.1031,72.64612,4.56,335.99,60.0,2026-08-29T20:42:00Z,N21
FIRMS_872190CF,21.10367,72.64231,1.33,306.36,60.0,2026-08-29T20:42:00Z,N21
FIRMS_35CAADAC,21.10423,72.6385,1.33,312.79,60.0,2026-08-29T20:42:00Z,N21
FIRMS_F53BF722,21.10479,72.63469,1.21,312.83,60.0,2026-08-29T20:42:00Z,N21
FIRMS_44D3A2AD,21.10536,72.63088,1.21,301.49,60.0,2026-08-29T20:42:00Z,N21
FIRMS_951163E8,21.10646,72.64668,4.56,328.62,60.0,2026-08-29T20:42:00Z,N21
FIRMS_02275A2D,21.10702,72.64287,1.33,304.47,60.0,2026-08-29T20:42:00Z,N21
FIRMS_D1F0BABA,21.10758,72.63906,1.33,308.44,60.0,2026-08-29T20:42:00Z,N21
FIRMS_2B62BF2E,21.10815,72.63525,1.21,307.06,60.0,2026-08-29T20:42:00Z,N21
FIRMS_2DF5F01B,24.68999,73.00279,0.98,303.15,60.0,2026-08-29T20:42:00Z,N21
FIRMS_D3E98BE5,24.69039,74.67906,0.43,299.8,60.0,2026-08-29T20:42:00Z,N21
FIRMS_56E470BF,24.76296,74.6066,0.41,295.01,60.0,2026-08-29T20:42:00Z,N21
FIRMS_0EB66CFA,10.93692,78.46759,2.94,317.71,60.0,2026-08-29T20:44:00Z,N21
FIRMS_CF56A7A6,10.94139,78.46842,4.22,329.14,60.0,2026-08-29T20:44:00Z,N21
FIRMS_B0DB6542,11.58347,77.52039,1.7,316.58,60.0,2026-08-29T20:44:00Z,N21
FIRMS_37DBF407,12.98313,74.85271,0.62,296.84,60.0,2026-08-29T20:44:00Z,N21
FIRMS_5443E6AA,18.67714,73.04291,1.8,304.94,60.0,2026-08-29T20:44:00Z,N21
FIRMS_57A1FCA9,18.68155,73.03622,2.4,310.04,60.0,2026-08-29T20:44:00Z,N21
FIRMS_338C8C8D,18.6821,73.03259,2.8,305.51,60.0,2026-08-29T20:44:00Z,N21
FIRMS_330CB71F,18.77779,73.7496,1.86,321.51,60.0,2026-08-29T20:44:00Z,N21
FIRMS_218CD2CF,8.67362,78.03297,1.52,305.07,60.0,2026-08-29T20:46:00Z,N21
FIRMS_89B1DD50,9.30188,77.40331,0.96,309.77,60.0,2026-08-29T20:46:00Z,N21
FIRMS_CC553207,9.75441,77.52235,3.36,304.88,60.0,2026-08-29T20:46:00Z,N21
FIRMS_87829894,9.75514,77.5182,3.36,336.79,60.0,2026-08-29T20:46:00Z,N21
FIRMS_FD469E53,9.75646,77.51951,6.77,339.71,60.0,2026-08-29T20:46:00Z,N21
FIRMS_355F5B96,10.07835,77.31503,0.23,295.94,60.0,2026-08-29T20:46:00Z,N21
FIRMS_A640FFB1,6.3257,81.36326,6.42,335.76,60.0,2026-08-30T07:50:00Z,N21
FIRMS_3DF67050,6.40834,81.07169,29.38,342.99,30.0,2026-08-30T07:50:00Z,N21
FIRMS_6CAB03B6,6.42115,80.9984,5.27,331.57,60.0,2026-08-30T07:50:00Z,N21
FIRMS_68A91ECB,6.45635,81.09051,111.34,323.9,30.0,2026-08-30T07:50:00Z,N21
FIRMS_64637DBC,6.45683,81.02672,6.58,337.31,60.0,2026-08-30T07:50:00Z,N21
FIRMS_8360D0F7,6.45692,81.09417,254.85,367.0,90.0,2026-08-30T07:50:00Z,N21
FIRMS_D4B6365D,6.81159,81.56016,8.35,337.32,30.0,2026-08-30T07:50:00Z,N21
FIRMS_1ED0E153,6.8962,81.66633,7.89,338.71,30.0,2026-08-30T07:50:00Z,N21
FIRMS_30F47747,7.06743,81.5852,3.56,333.36,30.0,2026-08-30T07:50:00Z,N21
FIRMS_1F1DB53A,7.12897,81.3464,5.02,339.08,60.0,2026-08-30T07:50:00Z,N21
FIRMS_EDB722EC,7.13438,81.13805,3.41,333.83,30.0,2026-08-30T07:50:00Z,N21
FIRMS_E5D134F6,7.19235,81.2737,2.29,332.52,60.0,2026-08-30T07:50:00Z,N21
FIRMS_B1AC68A8,7.21494,81.79165,8.93,337.88,30.0,2026-08-30T07:50:00Z,N21
FIRMS_B1BE5AB0,7.23978,81.40193,5.31,340.35,30.0,2026-08-30T07:50:00Z,N21
FIRMS_4B6606DD,7.28445,81.71198,5.37,338.52,30.0,2026-08-30T07:50:00Z,N21
FIRMS_50B954C6,7.29427,81.75349,3.23,334.18,30.0,2026-08-30T07:50:00Z,N21
FIRMS_D06367E3,7.29704,81.74947,8.39,345.13,60.0,2026-08-30T07:50:00Z,N21
FIRMS_4D4F8FC2,7.32707,81.21968,9.76,342.35,30.0,2026-08-30T07:50:00Z,N21
FIRMS_8F9CCAAF,7.33038,81.83376,4.51,337.07,30.0,2026-08-30T07:50:00Z,N21
FIRMS_C031C3BD,7.34586,81.82422,3.73,330.6,30.0,2026-08-30T07:50:00Z,N21
FIRMS_22668412,7.34865,81.44608,8.35,338.91,30.0,2026-08-30T07:50:00Z,N21
FIRMS_A2F90BC2,7.35109,81.19757,11.88,343.01,30.0,2026-08-30T07:50:00Z,N21
FIRMS_50565E09,7.35673,81.58574,3.08,334.09,60.0,2026-08-30T07:50:00Z,N21
FIRMS_B4EF060F,7.36785,81.19496,4.64,341.58,30.0,2026-08-30T07:50:00Z,N21
FIRMS_3B030A05,7.37181,81.81664,4.11,332.35,30.0,2026-08-30T07:50:00Z,N21
FIRMS_2FCF6CE7,7.3734,81.56155,6.16,338.55,30.0,2026-08-30T07:50:00Z,N21
FIRMS_52DB853B,7.37791,81.19337,3.89,342.34,60.0,2026-08-30T07:50:00Z,N21
FIRMS_7B83C13D,7.38338,81.56006,3.92,334.85,30.0,2026-08-30T07:50:00Z,N21
FIRMS_6751DDF1,7.39002,81.29404,7.5,335.76,30.0,2026-08-30T07:50:00Z,N21
FIRMS_93AF6F8D,7.39504,81.54742,4.3,340.55,30.0,2026-08-30T07:50:00Z,N21
FIRMS_FCAD4387,7.39559,81.55095,4.3,337.36,30.0,2026-08-30T07:50:00Z,N21
FIRMS_1FCD3E4A,7.39837,81.54692,4.3,335.48,30.0,2026-08-30T07:50:00Z,N21
FIRMS_B21D394B,7.40169,81.54639,11.45,353.44,60.0,2026-08-30T07:50:00Z,N21
FIRMS_ABACB986,7.42262,80.91231,4.73,330.67,30.0,2026-08-30T07:50:00Z,N21
FIRMS_BB3A8C89,7.43838,81.32238,8.78,343.37,30.0,2026-08-30T07:50:00Z,N21
FIRMS_BEB5932B,7.45504,81.34151,6.59,341.27,30.0,2026-08-30T07:50:00Z,N21
FIRMS_EC77AB0D,7.58441,81.69275,6.29,338.82,30.0,2026-08-30T07:50:00Z,N21
FIRMS_0C50BB9F,7.8727,81.46659,4.24,343.88,60.0,2026-08-30T07:50:00Z,N21
FIRMS_F7502E2E,8.93206,77.96355,6.73,336.81,60.0,2026-08-30T07:50:00Z,N21
FIRMS_B0CA8D4E,9.11486,77.77372,3.44,331.27,60.0,2026-08-30T07:50:00Z,N21
FIRMS_DB3BB53A,9.40275,80.4299,2.23,330.63,30.0,2026-08-30T07:50:00Z,N21
FIRMS_3545A7BF,9.44347,77.66592,7.48,337.18,60.0,2026-08-30T07:50:00Z,N21
FIRMS_F6AAF917,9.44426,77.67081,16.1,348.44,60.0,2026-08-30T07:50:00Z,N21
FIRMS_FF7F7561,9.44579,77.66801,17.27,351.06,60.0,2026-08-30T07:50:00Z,N21
FIRMS_8C71236B,11.81002,77.2115,11.53,340.99,60.0,2026-08-30T07:52:00Z,N21
FIRMS_9968CB14,13.80737,79.89786,3.51,333.6,30.0,2026-08-30T07:52:00Z,N21
FIRMS_7E18FD20,13.83721,79.3314,9.11,339.47,30.0,2026-08-30T07:52:00Z,N21
FIRMS_2AD42BD7,14.25786,80.12138,9.42,336.17,30.0,2026-08-30T07:52:00Z,N21
FIRMS_33B10AFC,14.67095,79.82304,4.38,333.89,60.0,2026-08-30T07:52:00Z,N21
FIRMS_4AAA706E,14.91308,77.69633,6.48,333.12,60.0,2026-08-30T07:52:00Z,N21
FIRMS_91734CC9,15.18088,76.66781,3.18,333.34,60.0,2026-08-30T07:52:00Z,N21
FIRMS_9B8B7776,18.3947,74.34995,1.79,332.85,60.0,2026-08-30T07:54:00Z,N21
FIRMS_61875679,18.56188,74.5267,4.39,335.86,60.0,2026-08-30T07:54:00Z,N21
FIRMS_17742BE9,23.77771,86.20815,11.8,329.0,60.0,2026-08-30T07:54:00Z,N21
FIRMS_8D40E958,27.45579,70.42984,7.92,344.07,60.0,2026-08-30T07:56:00Z,N21
FIRMS_A285A7DE,27.45659,70.43187,9.08,344.42,60.0,2026-08-30T07:56:00Z,N21
FIRMS_8F1A271F,27.62523,70.73109,2.05,341.31,60.0,2026-08-30T07:56:00Z,N21
FIRMS_57D96366,28.05127,69.3676,5.64,335.12,60.0,2026-08-30T07:56:00Z,N21
FIRMS_D6BCF1EA,28.34536,68.13979,2.98,332.45,30.0,2026-08-30T07:56:00Z,N21
FIRMS_AF36022D,28.60635,68.63322,10.16,335.73,30.0,2026-08-30T07:56:00Z,N21
FIRMS_AD68F225,29.89409,69.47026,3.83,339.59,60.0,2026-08-30T07:56:00Z,N21
FIRMS_36449F35,30.04145,72.11039,6.68,336.3,60.0,2026-08-30T07:56:00Z,N21
FIRMS_BEEA15AA,30.08393,71.72083,2.31,334.39,60.0,2026-08-30T07:56:00Z,N21
FIRMS_6C6B4221,31.27915,74.4353,1.86,331.11,60.0,2026-08-30T07:58:00Z,N21
FIRMS_2EC1D399,32.32051,76.85158,3.22,332.07,60.0,2026-08-30T07:58:00Z,N21
FIRMS_7AE32198,34.19078,74.22848,3.13,330.02,60.0,2026-08-30T07:58:00Z,N21
FIRMS_ADEAEB6B,32.08688,74.16473,2.17,308.73,60.0,2026-08-30T20:19:00Z,N21
FIRMS_5456A9B0,32.29146,70.72985,2.86,307.46,60.0,2026-08-30T20:19:00Z,N21
FIRMS_D8252064,32.57693,72.56086,5.11,306.66,60.0,2026-08-30T20:19:00Z,N21
FIRMS_C08517FC,32.88914,71.61612,4.64,310.25,60.0,2026-08-30T20:19:00Z,N21
FIRMS_AAC5ACD0,32.88963,71.61536,3.63,307.87,60.0,2026-08-30T20:19:00Z,N21
FIRMS_BB335055,35.96629,68.68493,1.79,305.18,60.0,2026-08-30T20:19:00Z,N21
FIRMS_04C073AE,23.69337,85.36873,1.79,306.66,60.0,2026-08-30T20:21:00Z,N21
FIRMS_014C6459,25.9405,72.18806,1.27,308.88,60.0,2026-08-30T20:21:00Z,N21
FIRMS_E2C613A4,26.095,68.87676,0.55,304.0,60.0,2026-08-30T20:21:00Z,N21
FIRMS_093FE9DF,26.87142,73.51697,1.0,304.58,60.0,2026-08-30T20:21:00Z,N21
FIRMS_9BA83D4F,28.42203,69.69844,2.03,308.48,60.0,2026-08-30T20:21:00Z,N21
FIRMS_823A1D24,17.06211,76.97839,0.27,296.6,60.0,2026-08-30T20:23:00Z,N21
FIRMS_EFA79ED8,18.54595,74.25349,1.61,306.23,60.0,2026-08-30T20:23:00Z,N21
FIRMS_D57AB2A4,18.68679,73.03175,0.79,299.44,60.0,2026-08-30T20:23:00Z,N21
FIRMS_63334AD7,21.10025,72.63715,5.24,330.55,60.0,2026-08-30T20:23:00Z,N21
FIRMS_6C672E08,21.10076,72.63288,5.24,318.99,60.0,2026-08-30T20:23:00Z,N21
FIRMS_3557281C,21.10351,72.64619,5.52,339.7,60.0,2026-08-30T20:23:00Z,N21
FIRMS_324DB03F,21.10401,72.64194,5.52,305.83,60.0,2026-08-30T20:23:00Z,N21
FIRMS_C28366C2,21.10776,72.64674,5.52,316.31,60.0,2026-08-30T20:23:00Z,N21
FIRMS_032E8FAE,21.43382,72.97546,1.11,306.45,60.0,2026-08-30T20:23:00Z,N21
FIRMS_6F7B4163,22.38949,73.11753,2.05,317.74,60.0,2026-08-30T20:23:00Z,N21
FIRMS_A24175AE,7.27278,81.17397,2.1,306.48,60.0,2026-08-30T20:25:00Z,N21
FIRMS_FAA310F3,7.49031,81.336,1.34,310.14,60.0,2026-08-30T20:25:00Z,N21
FIRMS_E96529D4,7.49099,81.33207,1.34,307.76,60.0,2026-08-30T20:25:00Z,N21
FIRMS_3AF96A69,7.60381,81.15863,1.44,314.73,60.0,2026-08-30T20:25:00Z,N21
FIRMS_2AB11212,7.60446,81.1549,1.44,306.62,60.0,2026-08-30T20:25:00Z,N21
FIRMS_70B3B0E3,7.60591,81.15605,2.81,319.26,60.0,2026-08-30T20:25:00Z,N21
FIRMS_D64A948C,8.06793,80.64336,1.32,309.4,60.0,2026-08-30T20:25:00Z,N21
FIRMS_4993C7A1,8.86577,81.02528,1.59,308.28,60.0,2026-08-30T20:25:00Z,N21
FIRMS_68D0EE9A,9.66644,77.4579,0.88,301.05,60.0,2026-08-30T20:25:00Z,N21
FIRMS_708D6B21,9.66702,77.4543,0.68,301.83,60.0,2026-08-30T20:25:00Z,N21
FIRMS_58155F56,9.97713,76.37589,0.97,300.76,60.0,2026-08-30T20:25:00Z,N21
FIRMS_7A5D1CE5,10.1045,77.46542,0.59,307.32,60.0,2026-08-30T20:25:00Z,N21
FIRMS_211F4339,11.18236,79.10169,1.27,308.16,60.0,2026-08-30T20:25:00Z,N21
FIRMS_DC4F33AB,11.81654,77.91914,1.71,308.82,60.0,2026-08-30T20:25:00Z,N21
FIRMS_0DA23A0B,13.70962,79.62088,1.51,307.73,60.0,2026-08-30T20:25:00Z,N21
FIRMS_4BDC0E3C,13.82651,79.33714,0.65,299.57,60.0,2026-08-30T20:25:00Z,N21
FIRMS_01543114,13.82714,79.33331,0.86,296.35,60.0,2026-08-30T20:25:00Z,N21
FIRMS_2EC41495,13.89755,76.56599,1.04,306.74,60.0,2026-08-30T20:25:00Z,N21
FIRMS_5C73AE56,14.92978,78.3416,0.3,299.8,60.0,2026-08-30T20:25:00Z,N21
FIRMS_08F09D81,15.02291,78.01446,0.47,304.77,60.0,2026-08-30T20:25:00Z,N21
FIRMS_0040316A,15.06977,76.86497,1.13,303.21,60.0,2026-08-30T20:25:00Z,N21
FIRMS_6912E3D4,15.16705,76.67205,1.27,308.78,60.0,2026-08-30T20:25:00Z,N21
FIRMS_C381DC99,15.16712,76.38071,1.69,306.74,60.0,2026-08-30T20:25:00Z,N21
FIRMS_70D9C835,15.17045,76.38124,1.14,306.12,60.0,2026-08-30T20:25:00Z,N21
FIRMS_6925BEB2,15.17146,76.66541,1.63,309.81,60.0,2026-08-30T20:25:00Z,N21
FIRMS_F5F58E5F,15.17321,76.78666,0.98,303.84,60.0,2026-08-30T20:25:00Z,N21
FIRMS_08AD3FB0,15.17424,76.69155,1.86,320.05,60.0,2026-08-30T20:25:00Z,N21
FIRMS_96726E72,15.17587,76.65878,3.02,330.77,60.0,2026-08-30T20:25:00Z,N21
FIRMS_1DC33338,15.17624,77.10066,0.92,301.93,60.0,2026-08-30T20:25:00Z,N21
FIRMS_A6835861,15.17641,76.65518,3.2,321.08,60.0,2026-08-30T20:25:00Z,N21
FIRMS_7CD5C4A2,15.17644,76.67721,1.48,323.12,60.0,2026-08-30T20:25:00Z,N21
FIRMS_4B31AB3A,15.17698,76.67363,1.48,305.17,60.0,2026-08-30T20:25:00Z,N21
FIRMS_287697FC,15.17808,76.66647,0.67,304.26,60.0,2026-08-30T20:25:00Z,N21
FIRMS_1E31C74E,15.17899,77.10476,0.66,300.35,60.0,2026-08-30T20:25:00Z,N21
FIRMS_96D10B33,15.1803,76.67416,2.21,315.15,60.0,2026-08-30T20:25:00Z,N21
FIRMS_232B9CF2,15.18139,76.66699,6.39,331.56,60.0,2026-08-30T20:25:00Z,N21
FIRMS_DFDB1452,15.30024,76.21906,0.29,299.57,60.0,2026-08-30T20:25:00Z,N21
FIRMS_35C5B082,15.33369,76.24677,0.69,302.99,60.0,2026-08-30T20:25:00Z,N21
FIRMS_59FFB5AE,15.6589,73.98905,1.82,313.76,60.0,2026-08-30T20:25:00Z,N21
FIRMS_D3D8F5D8,6.87961,81.14127,0.76,303.98,60.0,2026-08-30T20:27:00Z,N21
FIRMS_DB1D8010,32.88976,71.61594,1.6,304.02,60.0,2026-08-30T21:59:00Z,N21
FIRMS_1DB027AA,35.96748,68.68383,0.99,307.28,60.0,2026-08-30T21:59:00Z,N21
FIRMS_F0FC0CC2,9.25059,78.28757,3.55,331.5,60.0,2026-08-01T07:29:00Z,VIIRS
FIRMS_7D80AA1C,9.7793,80.18807,4.4,345.44,60.0,2026-08-01T07:29:00Z,VIIRS
FIRMS_333E3F31,10.53246,79.23427,3.88,335.62,60.0,2026-08-01T07:29:00Z,VIIRS
FIRMS_F97705AE,11.05063,79.35343,6.21,339.95,60.0,2026-08-01T07:29:00Z,VIIRS
FIRMS_E8954719,11.05169,79.3529,7.35,342.3,60.0,2026-08-01T07:29:00Z,VIIRS
FIRMS_8B955288,11.29512,79.7821,4.08,337.98,60.0,2026-08-01T07:29:00Z,VIIRS
FIRMS_BF45B65E,11.30795,78.57752,2.75,333.94,60.0,2026-08-01T07:29:00Z,VIIRS
FIRMS_668DB6B6,12.16273,79.51328,2.43,335.62,60.0,2026-08-01T07:29:00Z,VIIRS
FIRMS_A4E6099C,12.16129,79.51262,4.49,332.86,60.0,2026-08-01T07:31:00Z,VIIRS
FIRMS_9DB0E8E0,12.28848,79.43398,2.66,336.2,60.0,2026-08-01T07:31:00Z,VIIRS
FIRMS_7EE6037B,21.67993,84.03944,7.89,333.65,30.0,2026-08-01T07:33:00Z,VIIRS
FIRMS_CDAF0B33,21.74527,83.84196,10.63,341.54,30.0,2026-08-01T07:33:00Z,VIIRS
FIRMS_380D21B9,21.74885,83.84124,6.71,337.51,60.0,2026-08-01T07:33:00Z,VIIRS
FIRMS_253AA83B,21.7496,83.8456,6.71,335.9,60.0,2026-08-01T07:33:00Z,VIIRS
FIRMS_444B1043,22.37792,87.2805,5.85,333.8,60.0,2026-08-01T07:33:00Z,VIIRS
FIRMS_32AC6E36,22.7971,86.2003,8.03,331.13,30.0,2026-08-01T07:33:00Z,VIIRS
FIRMS_BC14D254,23.64927,85.44041,5.48,340.0,60.0,2026-08-01T07:33:00Z,VIIRS
FIRMS_237A3928,23.75833,85.85569,7.5,332.89,30.0,2026-08-01T07:33:00Z,VIIRS
FIRMS_6B5507D9,23.78781,85.55238,5.5,330.66,30.0,2026-08-01T07:33:00Z,VIIRS
FIRMS_9C4D5720,24.11647,86.8599,2.89,332.08,60.0,2026-08-01T07:33:00Z,VIIRS
FIRMS_23567F5A,25.982,93.68969,7.61,342.01,60.0,2026-08-01T07:33:00Z,VIIRS
FIRMS_11D9E763,31.67013,73.18804,4.43,333.96,60.0,2026-08-01T09:15:00Z,VIIRS
FIRMS_16B3458F,31.67132,73.1893,4.88,333.79,60.0,2026-08-01T09:15:00Z,VIIRS
FIRMS_DC8B95F9,35.9893,94.82854,1.07,297.36,60.0,2026-08-01T19:57:00Z,VIIRS
FIRMS_78485E46,29.78733,91.60574,0.81,296.36,60.0,2026-08-01T20:00:00Z,VIIRS
FIRMS_557F6DAB,31.01247,76.57536,4.85,295.38,60.0,2026-08-01T20:00:00Z,VIIRS
FIRMS_4EFCD361,32.13066,74.1754,1.05,304.85,60.0,2026-08-01T20:00:00Z,VIIRS
FIRMS_4C6EA3C2,20.69733,78.63657,0.78,303.71,60.0,2026-08-01T20:02:00Z,VIIRS
FIRMS_F7CCF5CD,20.70397,78.62037,0.76,303.12,60.0,2026-08-01T20:02:00Z,VIIRS
FIRMS_2FD10246,20.76011,85.29779,0.35,296.28,60.0,2026-08-01T20:02:00Z,VIIRS
FIRMS_31D7F2B5,20.95089,86.04455,0.94,297.51,60.0,2026-08-01T20:02:00Z,VIIRS
FIRMS_CF10948C,20.96381,86.00493,1.13,307.5,60.0,2026-08-01T20:02:00Z,VIIRS
FIRMS_67F03AE9,20.97377,86.00666,1.63,309.01,60.0,2026-08-01T20:02:00Z,VIIRS
FIRMS_40B13FF9,21.18271,81.38761,0.74,302.58,60.0,2026-08-01T20:02:00Z,VIIRS
FIRMS_3D137C32,21.18629,81.39201,0.74,303.54,60.0,2026-08-01T20:02:00Z,VIIRS
FIRMS_DDAE7383,21.18678,81.38819,0.74,307.31,60.0,2026-08-01T20:02:00Z,VIIRS
FIRMS_1FF99D6D,21.19393,81.39698,0.8,309.9,60.0,2026-08-01T20:02:00Z,VIIRS
FIRMS_35DB2BB3,21.33393,78.9678,2.03,307.82,60.0,2026-08-01T20:02:00Z,VIIRS
FIRMS_FFC7885D,21.37675,81.67848,3.46,305.17,60.0,2026-08-01T20:02:00Z,VIIRS
FIRMS_CE7336AC,21.37762,81.63985,2.14,304.99,60.0,2026-08-01T20:02:00Z,VIIRS
FIRMS_8A9CB6FA,21.38916,81.64533,3.06,307.65,60.0,2026-08-01T20:02:00Z,VIIRS
FIRMS_06E5AF1A,22.24395,87.38752,1.09,304.81,60.0,2026-08-01T20:02:00Z,VIIRS
FIRMS_50406786,22.31699,82.56023,1.67,305.32,60.0,2026-08-01T20:02:00Z,VIIRS
FIRMS_2287C638,22.3195,82.57103,0.63,297.42,60.0,2026-08-01T20:02:00Z,VIIRS
FIRMS_60F05211,22.32017,82.56593,1.55,302.71,60.0,2026-08-01T20:02:00Z,VIIRS
FIRMS_9E193901,22.32667,82.54604,0.4,296.31,60.0,2026-08-01T20:02:00Z,VIIRS
FIRMS_3950D071,22.33086,82.60378,0.93,300.67,60.0,2026-08-01T20:02:00Z,VIIRS
FIRMS_8FE8BB4F,22.35773,87.28947,1.01,308.72,60.0,2026-08-01T20:02:00Z,VIIRS
FIRMS_EC78D7B0,22.35836,82.30158,2.25,308.46,60.0,2026-08-01T20:02:00Z,VIIRS
FIRMS_82612E48,22.36079,87.01614,1.21,308.55,60.0,2026-08-01T20:02:00Z,VIIRS
FIRMS_FA95C21F,22.36255,87.30181,0.96,310.9,60.0,2026-08-01T20:02:00Z,VIIRS
FIRMS_6A7C2763,22.36585,87.30242,0.96,312.71,60.0,2026-08-01T20:02:00Z,VIIRS
FIRMS_01487B78,22.36645,87.29871,1.57,303.72,60.0,2026-08-01T20:02:00Z,VIIRS
FIRMS_E663CA27,22.37601,87.28139,1.19,314.12,60.0,2026-08-01T20:02:00Z,VIIRS
FIRMS_C4C3B9CB,22.3766,87.27768,3.12,325.56,60.0,2026-08-01T20:02:00Z,VIIRS
FIRMS_4B15D105,22.3799,87.27829,0.73,303.78,60.0,2026-08-01T20:02:00Z,VIIRS
FIRMS_D596D143,23.1645,82.33836,1.72,304.63,60.0,2026-08-01T20:02:00Z,VIIRS
FIRMS_257ACD80,23.5629,87.08395,1.36,309.67,60.0,2026-08-01T20:02:00Z,VIIRS
FIRMS_80258236,23.63226,86.83409,0.92,302.57,60.0,2026-08-01T20:02:00Z,VIIRS
FIRMS_593363F3,23.64538,85.43893,2.6,323.94,60.0,2026-08-01T20:02:00Z,VIIRS
FIRMS_DF3CEC89,23.64879,85.43953,2.69,324.61,60.0,2026-08-01T20:02:00Z,VIIRS
FIRMS_2420B063,23.64938,85.43553,2.11,314.88,60.0,2026-08-01T20:02:00Z,VIIRS
FIRMS_56DC9660,23.65649,85.50642,1.28,309.43,60.0,2026-08-01T20:02:00Z,VIIRS
FIRMS_1B17EFD7,23.66364,86.91719,2.27,306.08,60.0,2026-08-01T20:02:00Z,VIIRS
FIRMS_7CC09C04,23.67486,86.08758,1.36,303.38,60.0,2026-08-01T20:02:00Z,VIIRS
FIRMS_D7889100,23.67597,85.32473,0.56,303.55,60.0,2026-08-01T20:02:00Z,VIIRS
FIRMS_22028D76,23.67822,86.39868,0.7,298.17,60.0,2026-08-01T20:02:00Z,VIIRS
FIRMS_B2CF5065,23.67879,86.0843,1.51,307.51,60.0,2026-08-01T20:02:00Z,VIIRS
FIRMS_9858A643,23.6788,86.39487,0.7,297.19,60.0,2026-08-01T20:02:00Z,VIIRS
FIRMS_13B97C1C,23.68041,86.09647,0.88,306.91,60.0,2026-08-01T20:02:00Z,VIIRS
FIRMS_90D8B646,23.68213,86.39546,0.63,303.37,60.0,2026-08-01T20:02:00Z,VIIRS
FIRMS_B52487CC,23.68604,86.39225,1.49,309.34,60.0,2026-08-01T20:02:00Z,VIIRS
FIRMS_B14A97E8,23.69555,85.28658,1.02,307.46,60.0,2026-08-01T20:02:00Z,VIIRS
FIRMS_54D1E541,23.73648,85.48212,1.24,305.54,60.0,2026-08-01T20:02:00Z,VIIRS
FIRMS_2E4394F6,23.7438,85.50382,0.74,304.15,60.0,2026-08-01T20:02:00Z,VIIRS
FIRMS_2541E9A2,23.75588,85.85352,0.94,306.39,60.0,2026-08-01T20:02:00Z,VIIRS
FIRMS_78B39D98,23.75601,86.40481,1.9,297.49,60.0,2026-08-01T20:02:00Z,VIIRS
FIRMS_D000AB37,23.75925,85.8541,0.94,298.83,60.0,2026-08-01T20:02:00Z,VIIRS
FIRMS_C4ACF6C3,23.77836,86.21198,0.81,301.64,60.0,2026-08-01T20:02:00Z,VIIRS
FIRMS_FC7D7F03,23.77894,86.20814,0.81,299.39,60.0,2026-08-01T20:02:00Z,VIIRS
FIRMS_A2770BF5,23.78228,86.20873,0.81,301.5,60.0,2026-08-01T20:02:00Z,VIIRS
FIRMS_FD96C084,23.79666,86.35281,1.24,297.36,60.0,2026-08-01T20:02:00Z,VIIRS
FIRMS_BE309F4C,23.79724,86.34898,1.62,299.93,60.0,2026-08-01T20:02:00Z,VIIRS
FIRMS_20618A8D,23.80345,86.33042,0.94,297.73,60.0,2026-08-01T20:02:00Z,VIIRS
FIRMS_22BC89E0,23.82184,85.4957,2.48,311.16,60.0,2026-08-01T20:02:00Z,VIIRS
FIRMS_8719E9AA,23.83612,85.4694,1.46,308.06,60.0,2026-08-01T20:02:00Z,VIIRS
FIRMS_0AE99AE3,24.11583,86.86163,2.01,314.57,60.0,2026-08-01T20:02:00Z,VIIRS
FIRMS_0C5EFEE2,11.28438,79.75117,2.23,315.05,60.0,2026-08-01T20:04:00Z,VIIRS
FIRMS_44E548CC,11.65214,78.03033,0.83,304.86,60.0,2026-08-01T20:04:00Z,VIIRS
FIRMS_A7DB516B,11.80772,77.92508,1.05,305.82,60.0,2026-08-01T20:04:00Z,VIIRS
FIRMS_A2BF944F,11.81063,77.9237,1.56,307.7,60.0,2026-08-01T20:04:00Z,VIIRS
FIRMS_909DACA0,17.13722,77.17518,0.65,302.76,60.0,2026-08-01T20:04:00Z,VIIRS
FIRMS_DC241598,6.41755,80.93444,1.55,306.82,60.0,2026-08-01T20:06:00Z,VIIRS
FIRMS_24F33AE3,6.41834,80.93413,1.52,307.68,60.0,2026-08-01T20:06:00Z,VIIRS
FIRMS_0438D093,7.03865,81.23909,1.1,306.6,60.0,2026-08-01T20:06:00Z,VIIRS
FIRMS_676AFE00,7.53774,81.26874,1.05,301.98,60.0,2026-08-01T20:06:00Z,VIIRS
FIRMS_16A8C855,7.55418,80.92736,2.17,307.3,60.0,2026-08-01T20:06:00Z,VIIRS
FIRMS_79F445A6,7.55771,80.92791,3.64,328.97,60.0,2026-08-01T20:06:00Z,VIIRS
FIRMS_26219254,7.78199,81.04093,2.12,303.24,60.0,2026-08-01T20:06:00Z,VIIRS
FIRMS_3B385DEF,8.04788,79.85087,2.51,303.55,60.0,2026-08-01T20:06:00Z,VIIRS
FIRMS_36F63C8D,8.4537,80.7448,1.36,305.67,60.0,2026-08-01T20:06:00Z,VIIRS
FIRMS_8772E32D,8.75715,78.183,2.06,326.49,60.0,2026-08-01T20:06:00Z,VIIRS
FIRMS_7A02C3CA,8.75772,78.17909,2.06,306.04,60.0,2026-08-01T20:06:00Z,VIIRS
FIRMS_143B6851,8.81475,80.95029,1.27,308.84,60.0,2026-08-01T20:06:00Z,VIIRS
FIRMS_28C38C40,8.82639,78.08728,22.26,349.32,60.0,2026-08-01T20:06:00Z,VIIRS
FIRMS_234E32EC,11.17522,79.08694,2.63,307.05,60.0,2026-08-01T20:06:00Z,VIIRS
FIRMS_EEC11F23,11.18186,79.0993,2.34,306.32,60.0,2026-08-01T20:06:00Z,VIIRS
FIRMS_3A881A58,32.29587,74.31384,1.62,312.34,60.0,2026-08-01T21:40:00Z,VIIRS
FIRMS_C17B11C6,32.72144,72.9237,3.4,304.06,60.0,2026-08-01T21:40:00Z,VIIRS
FIRMS_1CF1B29D,33.54581,71.54897,3.2,308.46,60.0,2026-08-01T21:40:00Z,VIIRS
FIRMS_9F342FB8,35.96622,68.68608,1.64,312.27,60.0,2026-08-01T21:40:00Z,VIIRS
FIRMS_424E1046,20.90794,71.4593,0.99,300.98,60.0,2026-08-01T21:44:00Z,VIIRS
FIRMS_515DEC65,7.53017,81.24847,9.39,330.65,60.0,2026-08-02T07:09:00Z,VIIRS
FIRMS_69A6E44D,7.75788,81.55358,10.6,356.17,60.0,2026-08-02T07:09:00Z,VIIRS
FIRMS_65172413,7.7611,81.55444,13.39,348.53,60.0,2026-08-02T07:09:00Z,VIIRS
FIRMS_EB1A252D,17.6107,83.20548,3.23,332.53,60.0,2026-08-02T07:14:00Z,VIIRS
FIRMS_8E4199F4,20.96841,85.17646,9.11,336.43,60.0,2026-08-02T07:14:00Z,VIIRS
FIRMS_F1ED69B7,21.6516,94.757,4.96,339.34,60.0,2026-08-02T07:14:00Z,VIIRS
FIRMS_DB86EFCC,21.65218,94.76128,4.12,333.39,60.0,2026-08-02T07:14:00Z,VIIRS
FIRMS_F28911AF,25.85723,93.33242,6.84,340.14,60.0,2026-08-02T07:16:00Z,VIIRS
FIRMS_416236BC,25.87871,93.3072,4.96,334.7,60.0,2026-08-02T07:16:00Z,VIIRS
FIRMS_FB7AF19B,26.01458,93.35497,2.52,333.87,60.0,2026-08-02T07:16:00Z,VIIRS
FIRMS_AB50C3CC,26.0261,93.54562,3.09,334.11,60.0,2026-08-02T07:16:00Z,VIIRS
FIRMS_95B0718B,29.30248,90.72501,2.87,335.78,60.0,2026-08-02T07:16:00Z,VIIRS
FIRMS_FEDE6659,29.55462,90.9945,5.56,330.74,30.0,2026-08-02T07:16:00Z,VIIRS
FIRMS_C396A74A,29.55521,90.99853,6.45,333.58,30.0,2026-08-02T07:16:00Z,VIIRS
FIRMS_91F70F6B,29.68633,90.89947,4.9,332.02,30.0,2026-08-02T07:16:00Z,VIIRS
FIRMS_F0DDC09F,9.02032,77.84805,2.17,333.75,60.0,2026-08-02T08:52:00Z,VIIRS
FIRMS_8B54717D,12.33321,79.90759,2.98,338.17,60.0,2026-08-02T08:52:00Z,VIIRS
FIRMS_0335A967,13.93082,77.46706,2.72,332.72,60.0,2026-08-02T08:52:00Z,VIIRS
FIRMS_EECBF828,29.75553,72.53855,5.19,338.57,60.0,2026-08-02T08:58:00Z,VIIRS
FIRMS_FCB0BBCA,29.77161,72.32706,3.37,335.74,60.0,2026-08-02T08:58:00Z,VIIRS
FIRMS_BC1049CC,29.77267,72.3238,6.76,331.35,60.0,2026-08-02T08:58:00Z,VIIRS
FIRMS_95A01B76,29.93701,72.94817,9.12,346.83,60.0,2026-08-02T08:58:00Z,VIIRS
FIRMS_2C10323D,29.93864,72.94911,10.62,350.22,60.0,2026-08-02T08:58:00Z,VIIRS
FIRMS_7E090DF6,29.99647,72.85107,4.3,333.6,60.0,2026-08-02T08:58:00Z,VIIRS
FIRMS_27A62507,30.26365,73.24959,5.36,334.22,60.0,2026-08-02T08:58:00Z,VIIRS
FIRMS_40C236E4,30.69283,71.80653,10.5,334.65,60.0,2026-08-02T08:58:00Z,VIIRS
FIRMS_CEE2F403,30.9766,70.80549,7.39,330.32,60.0,2026-08-02T08:58:00Z,VIIRS
FIRMS_945DAE20,35.99157,94.83187,0.79,306.32,60.0,2026-08-02T19:38:00Z,VIIRS
FIRMS_4269D661,22.47871,90.71017,1.3,304.8,60.0,2026-08-02T19:42:00Z,VIIRS
FIRMS_5602B680,22.87305,88.21144,2.5,304.86,60.0,2026-08-02T19:42:00Z,VIIRS
FIRMS_35C88CF6,23.61413,86.78986,1.13,302.09,60.0,2026-08-02T19:42:00Z,VIIRS
FIRMS_2F6B0A89,23.66153,86.91164,0.33,296.16,60.0,2026-08-02T19:42:00Z,VIIRS
FIRMS_4B1FE86B,23.6746,86.08565,1.51,303.86,60.0,2026-08-02T19:42:00Z,VIIRS
FIRMS_89072D8A,23.67882,86.08623,3.33,312.7,60.0,2026-08-02T19:42:00Z,VIIRS
FIRMS_33E857BE,23.68204,86.09521,1.86,305.92,60.0,2026-08-02T19:42:00Z,VIIRS
FIRMS_1BB1809C,23.68833,87.11887,1.46,299.4,60.0,2026-08-02T19:42:00Z,VIIRS
FIRMS_8C77428A,23.69229,87.11947,2.46,299.81,60.0,2026-08-02T19:42:00Z,VIIRS
FIRMS_B9CADE48,23.69368,87.10851,1.93,301.55,60.0,2026-08-02T19:42:00Z,VIIRS
FIRMS_B6BDBF4A,23.69447,87.12154,0.72,300.48,60.0,2026-08-02T19:42:00Z,VIIRS
FIRMS_E64C7094,23.70696,86.43157,0.76,300.02,60.0,2026-08-02T19:42:00Z,VIIRS
FIRMS_07F95C13,23.71281,86.45299,1.48,312.23,60.0,2026-08-02T19:42:00Z,VIIRS
FIRMS_A132CECB,23.71329,86.44895,1.48,305.82,60.0,2026-08-02T19:42:00Z,VIIRS
FIRMS_0F7BD488,23.71837,86.44152,1.62,305.79,60.0,2026-08-02T19:42:00Z,VIIRS
FIRMS_D81D731E,23.72077,86.42135,0.66,298.98,60.0,2026-08-02T19:42:00Z,VIIRS
FIRMS_30DEDE2F,23.72297,86.4381,0.81,302.79,60.0,2026-08-02T19:42:00Z,VIIRS
FIRMS_CE3B07B3,23.73582,86.43589,1.57,307.08,60.0,2026-08-02T19:42:00Z,VIIRS
FIRMS_C30C1326,23.73631,86.43188,2.93,318.3,60.0,2026-08-02T19:42:00Z,VIIRS
FIRMS_24F152AF,23.75063,86.41763,1.84,312.47,60.0,2026-08-02T19:42:00Z,VIIRS
FIRMS_156604B4,23.75622,86.40613,0.87,307.32,60.0,2026-08-02T19:42:00Z,VIIRS
FIRMS_FA36F53A,23.76085,86.40268,1.97,303.96,60.0,2026-08-02T19:42:00Z,VIIRS
FIRMS_00EAFE74,23.76448,86.40738,1.38,308.19,60.0,2026-08-02T19:42:00Z,VIIRS
FIRMS_79D2737C,23.76498,86.40328,2.45,321.81,60.0,2026-08-02T19:42:00Z,VIIRS
FIRMS_D31F0D77,23.76912,86.40388,2.45,315.91,60.0,2026-08-02T19:42:00Z,VIIRS
FIRMS_B3CC85A0,23.77303,86.19574,1.34,304.68,60.0,2026-08-02T19:42:00Z,VIIRS
FIRMS_04E23094,23.77356,86.36737,0.98,304.42,60.0,2026-08-02T19:42:00Z,VIIRS
FIRMS_E3BD7239,23.77406,86.36327,2.37,319.81,60.0,2026-08-02T19:42:00Z,VIIRS
FIRMS_0F52833A,23.77522,86.38833,1.78,305.6,60.0,2026-08-02T19:42:00Z,VIIRS
FIRMS_50E70B97,23.77571,86.38428,1.78,304.85,60.0,2026-08-02T19:42:00Z,VIIRS
FIRMS_24D4C2F3,23.77886,86.39299,1.97,307.33,60.0,2026-08-02T19:42:00Z,VIIRS
FIRMS_C576026B,23.77936,86.38896,1.78,329.28,60.0,2026-08-02T19:42:00Z,VIIRS
FIRMS_71FE3D19,23.7799,86.20953,1.94,314.74,60.0,2026-08-02T19:42:00Z,VIIRS
FIRMS_24D31C31,23.78135,86.37264,1.29,306.03,60.0,2026-08-02T19:42:00Z,VIIRS
FIRMS_35E02D4F,23.79365,86.35276,1.21,308.29,60.0,2026-08-02T19:42:00Z,VIIRS
FIRMS_19AD1FD7,23.79628,86.3541,1.43,312.33,60.0,2026-08-02T19:42:00Z,VIIRS
FIRMS_4EA60808,23.79679,86.34998,3.47,321.22,60.0,2026-08-02T19:42:00Z,VIIRS
FIRMS_640A9214,23.79779,86.35337,1.21,305.54,60.0,2026-08-02T19:42:00Z,VIIRS
FIRMS_A2C62E43,23.79827,86.34924,3.51,325.36,60.0,2026-08-02T19:42:00Z,VIIRS
FIRMS_590E2C81,23.80063,86.3289,1.57,307.74,60.0,2026-08-02T19:42:00Z,VIIRS
FIRMS_073051C5,23.80343,86.33026,3.48,327.85,60.0,2026-08-02T19:42:00Z,VIIRS
FIRMS_D3E4F65C,23.80479,86.32948,3.03,324.81,60.0,2026-08-02T19:42:00Z,VIIRS
FIRMS_E718F405,23.82626,84.92207,1.64,296.97,60.0,2026-08-02T19:42:00Z,VIIRS
FIRMS_D4731C46,17.46558,80.65414,0.71,306.05,60.0,2026-08-02T19:45:00Z,VIIRS
FIRMS_E2A85327,17.60139,83.19848,3.28,306.19,60.0,2026-08-02T19:45:00Z,VIIRS
FIRMS_35DFEBC2,17.61015,83.20491,2.32,306.46,60.0,2026-08-02T19:45:00Z,VIIRS
FIRMS_74FCB9FD,19.09864,82.16866,1.35,302.78,60.0,2026-08-02T19:45:00Z,VIIRS
FIRMS_19E9FA34,19.09899,82.16546,1.22,306.23,60.0,2026-08-02T19:45:00Z,VIIRS
FIRMS_FB0A12D7,20.75994,85.29595,1.03,305.51,60.0,2026-08-02T19:45:00Z,VIIRS
FIRMS_49806C15,20.76046,85.29165,1.03,306.03,60.0,2026-08-02T19:45:00Z,VIIRS
FIRMS_BFDAEB66,20.78596,85.26057,1.76,314.14,60.0,2026-08-02T19:45:00Z,VIIRS
FIRMS_AD8A3992,20.79554,85.25333,4.16,323.82,60.0,2026-08-02T19:45:00Z,VIIRS
FIRMS_C02E2762,20.80839,85.255,1.4,307.23,60.0,2026-08-02T19:45:00Z,VIIRS
FIRMS_D1F5AA3C,20.95151,86.04935,1.85,317.0,60.0,2026-08-02T19:45:00Z,VIIRS
FIRMS_77F9E595,20.95197,86.04553,1.85,314.46,60.0,2026-08-02T19:45:00Z,VIIRS
FIRMS_962B2537,20.96047,85.18936,0.78,303.66,60.0,2026-08-02T19:45:00Z,VIIRS
FIRMS_488B3F08,20.96097,85.18511,0.78,303.9,60.0,2026-08-02T19:45:00Z,VIIRS
FIRMS_077264A4,20.96251,85.17209,1.23,310.06,60.0,2026-08-02T19:45:00Z,VIIRS
FIRMS_D5762C5A,20.96303,85.16774,1.23,308.17,60.0,2026-08-02T19:45:00Z,VIIRS
FIRMS_10884C5B,20.96354,85.16335,2.28,307.99,60.0,2026-08-02T19:45:00Z,VIIRS
FIRMS_AEDDF8B5,20.96477,85.18999,0.78,307.17,60.0,2026-08-02T19:45:00Z,VIIRS
FIRMS_5888E90A,20.96528,85.1857,0.78,301.31,60.0,2026-08-02T19:45:00Z,VIIRS
FIRMS_E408E031,20.96579,85.18137,1.31,302.44,60.0,2026-08-02T19:45:00Z,VIIRS
FIRMS_C2E3BC7A,20.96631,85.17702,1.31,300.99,60.0,2026-08-02T19:45:00Z,VIIRS
FIRMS_79914CFF,20.96683,85.17267,1.23,307.88,60.0,2026-08-02T19:45:00Z,VIIRS
FIRMS_475329FC,20.96734,85.16828,1.23,310.75,60.0,2026-08-02T19:45:00Z,VIIRS
FIRMS_976DA52E,20.96753,86.02036,0.77,304.92,60.0,2026-08-02T19:45:00Z,VIIRS
FIRMS_FF246722,20.96889,85.15518,1.09,300.54,60.0,2026-08-02T19:45:00Z,VIIRS
FIRMS_B13BF761,20.97062,85.17761,2.46,318.44,60.0,2026-08-02T19:45:00Z,VIIRS
FIRMS_B090CEA3,20.97114,85.17324,1.07,304.52,60.0,2026-08-02T19:45:00Z,VIIRS
FIRMS_27E49578,20.97161,86.02093,0.77,304.6,60.0,2026-08-02T19:45:00Z,VIIRS
FIRMS_223DB68A,20.97545,85.1738,1.07,302.12,60.0,2026-08-02T19:45:00Z,VIIRS
FIRMS_97DDA495,20.97579,85.13397,1.38,300.2,60.0,2026-08-02T19:45:00Z,VIIRS
FIRMS_1398EB98,20.97597,85.16943,1.07,303.66,60.0,2026-08-02T19:45:00Z,VIIRS
FIRMS_4DA1B041,21.00018,86.02511,0.98,306.52,60.0,2026-08-02T19:45:00Z,VIIRS
FIRMS_899F38D6,15.17672,77.09852,2.62,300.82,60.0,2026-08-02T19:47:00Z,VIIRS
FIRMS_C0DB7F05,33.54551,71.54941,2.7,309.07,60.0,2026-08-02T21:21:00Z,VIIRS
FIRMS_64A5D2EE,29.45936,76.88863,1.68,301.32,60.0,2026-08-02T21:23:00Z,VIIRS
FIRMS_C996ACC2,29.47635,76.85744,4.23,313.34,60.0,2026-08-02T21:23:00Z,VIIRS
FIRMS_A96D8143,32.28885,70.73775,2.63,311.45,60.0,2026-08-02T21:23:00Z,VIIRS
FIRMS_B09BD43B,32.29361,70.73022,2.91,314.35,60.0,2026-08-02T21:23:00Z,VIIRS
FIRMS_2EA10F4B,32.72001,72.92347,1.42,308.36,60.0,2026-08-02T21:23:00Z,VIIRS
FIRMS_BAE51B57,32.82849,71.60101,1.28,309.18,60.0,2026-08-02T21:23:00Z,VIIRS
FIRMS_EE52EBF0,32.8896,71.61601,2.93,309.09,60.0,2026-08-02T21:23:00Z,VIIRS
FIRMS_C6BF4125,33.17102,70.44909,1.39,314.58,60.0,2026-08-02T21:23:00Z,VIIRS
FIRMS_0DC47943,33.17432,70.44987,1.39,311.24,60.0,2026-08-02T21:23:00Z,VIIRS
FIRMS_19EE24E4,33.40666,71.93804,2.65,308.0,60.0,2026-08-02T21:23:00Z,VIIRS
FIRMS_C0E9A82C,24.93391,74.63229,0.9,300.31,60.0,2026-08-02T21:25:00Z,VIIRS
FIRMS_5FC6E5E1,20.70475,94.89364,0.88,305.12,60.0,2026-08-04T19:06:00Z,VIIRS
FIRMS_83B81F32,28.42711,69.6979,1.32,307.53,60.0,2026-08-04T20:44:00Z,VIIRS
FIRMS_A7402877,29.12459,75.77742,1.38,305.13,60.0,2026-08-04T20:44:00Z,VIIRS
FIRMS_1E06E03D,29.78699,91.60419,1.03,297.88,60.0,2026-08-04T20:44:00Z,VIIRS
FIRMS_FFDF5901,32.0877,74.16732,4.19,309.54,60.0,2026-08-04T20:44:00Z,VIIRS
FIRMS_6995AF85,32.102,74.17516,4.06,308.77,60.0,2026-08-04T20:44:00Z,VIIRS
FIRMS_573BBCF4,32.10204,74.17721,3.15,311.22,60.0,2026-08-04T20:44:00Z,VIIRS
FIRMS_9A78529E,33.40667,71.93839,2.55,307.99,60.0,2026-08-04T20:44:00Z,VIIRS
FIRMS_2D0A339E,20.91014,71.45751,0.51,296.94,60.0,2026-08-04T20:46:00Z,VIIRS
FIRMS_36535160,24.76383,74.6097,1.25,310.94,60.0,2026-08-04T20:46:00Z,VIIRS
FIRMS_4F530F80,24.9348,74.63297,0.78,303.67,60.0,2026-08-04T20:46:00Z,VIIRS
FIRMS_19003E1F,25.38999,68.58211,2.57,310.34,60.0,2026-08-04T20:46:00Z,VIIRS
FIRMS_AAAA0774,17.95609,80.79395,0.69,298.78,60.0,2026-08-04T20:49:00Z,VIIRS
FIRMS_1F48A8AE,18.57686,72.24059,3.82,332.34,60.0,2026-08-04T20:49:00Z,VIIRS
FIRMS_F836029C,18.5774,72.24236,3.39,329.16,60.0,2026-08-04T20:49:00Z,VIIRS
FIRMS_7D824EE0,8.60547,80.44852,5.58,336.24,60.0,2026-08-05T07:56:00Z,VIIRS
FIRMS_8CE9B13B,8.89853,79.95344,2.36,332.44,60.0,2026-08-05T07:56:00Z,VIIRS
FIRMS_D742C318,9.11885,77.59209,11.22,351.96,60.0,2026-08-05T07:56:00Z,VIIRS
FIRMS_869D3AC2,9.47616,78.53864,4.1,335.0,60.0,2026-08-05T07:56:00Z,VIIRS
FIRMS_03ABA493,9.49282,78.58743,2.54,338.87,60.0,2026-08-05T07:56:00Z,VIIRS
FIRMS_5CCD6711,9.56233,77.6048,3.81,340.82,60.0,2026-08-05T07:56:00Z,VIIRS
FIRMS_4305DF34,9.62131,78.80132,12.57,347.9,60.0,2026-08-05T07:56:00Z,VIIRS
FIRMS_7DFA41C8,9.62481,78.86961,3.43,338.14,60.0,2026-08-05T07:56:00Z,VIIRS
FIRMS_2EAC27DE,9.7414,78.95979,1.9,331.18,60.0,2026-08-05T07:56:00Z,VIIRS
FIRMS_16D26EC3,9.76804,78.0972,2.63,337.65,60.0,2026-08-05T07:56:00Z,VIIRS
FIRMS_FF6F5E6E,9.87739,78.25546,4.92,330.53,60.0,2026-08-05T07:56:00Z,VIIRS
FIRMS_6DFA68C6,9.88149,78.25475,5.39,333.28,60.0,2026-08-05T07:56:00Z,VIIRS
FIRMS_7A27F5F9,9.96715,78.24461,4.27,347.06,60.0,2026-08-05T07:56:00Z,VIIRS
FIRMS_6DC76A0E,10.0521,77.96274,3.78,331.0,60.0,2026-08-05T07:56:00Z,VIIRS
FIRMS_3C29FB8C,10.10864,78.09402,3.84,341.61,60.0,2026-08-05T07:56:00Z,VIIRS
FIRMS_D9A99FDD,10.21352,77.844,4.9,333.73,60.0,2026-08-05T07:56:00Z,VIIRS
FIRMS_221A0C44,15.49071,76.92935,3.58,334.81,60.0,2026-08-05T07:58:00Z,VIIRS
FIRMS_BAC372B1,21.1036,72.63686,10.09,343.75,60.0,2026-08-05T07:58:00Z,VIIRS
FIRMS_58AEA929,21.10476,72.64249,10.09,332.91,60.0,2026-08-05T07:58:00Z,VIIRS
FIRMS_DD022170,21.10591,72.6481,15.08,343.53,60.0,2026-08-05T07:58:00Z,VIIRS
FIRMS_15BC9246,26.78024,72.00262,12.75,334.45,60.0,2026-08-05T08:01:00Z,VIIRS
FIRMS_A0A915A9,29.4396,90.17079,1.82,329.58,30.0,2026-08-05T08:01:00Z,VIIRS
FIRMS_EE0C5A25,29.89824,72.57191,1.76,331.66,60.0,2026-08-05T08:03:00Z,VIIRS
FIRMS_BE608D1B,30.14267,71.65752,2.01,330.39,60.0,2026-08-05T08:03:00Z,VIIRS
FIRMS_167026BC,30.31328,71.88339,5.13,335.92,60.0,2026-08-05T08:03:00Z,VIIRS
FIRMS_DA17D082,30.48498,72.10117,2.66,331.29,60.0,2026-08-05T08:03:00Z,VIIRS
FIRMS_DDCA8B8E,30.52451,71.7824,4.9,342.37,60.0,2026-08-05T08:03:00Z,VIIRS
FIRMS_4A04C257,30.62111,71.74289,5.85,346.32,60.0,2026-08-05T08:03:00Z,VIIRS
FIRMS_9254333A,30.65468,72.24837,4.42,340.21,60.0,2026-08-05T08:03:00Z,VIIRS
FIRMS_26160B99,30.67063,71.8972,5.51,331.32,60.0,2026-08-05T08:03:00Z,VIIRS
FIRMS_D53A57F7,30.76111,71.84575,5.81,342.55,60.0,2026-08-05T08:03:00Z,VIIRS
FIRMS_4258D95A,30.90367,72.1739,8.84,342.92,60.0,2026-08-05T08:03:00Z,VIIRS
FIRMS_46A390F1,30.92236,71.97179,5.71,341.51,60.0,2026-08-05T08:03:00Z,VIIRS
FIRMS_10831CA9,30.92493,71.85684,4.41,338.82,60.0,2026-08-05T08:03:00Z,VIIRS
FIRMS_5A9ACA3A,30.982,71.91636,2.54,331.92,60.0,2026-08-05T08:03:00Z,VIIRS
FIRMS_C8A9C526,27.22297,95.34383,1.02,307.44,60.0,2026-08-05T18:43:00Z,VIIRS
FIRMS_E2681CB0,27.45947,95.47298,2.65,303.51,60.0,2026-08-05T18:43:00Z,VIIRS
FIRMS_7B9C175A,27.46189,95.4748,3.71,312.22,60.0,2026-08-05T18:43:00Z,VIIRS
FIRMS_AF4A4D98,35.99224,94.83033,0.83,302.68,60.0,2026-08-05T20:21:00Z,VIIRS
FIRMS_EC3F442B,35.99246,94.83126,1.0,303.71,60.0,2026-08-05T20:21:00Z,VIIRS
FIRMS_C5954128,32.57634,72.56051,2.6,307.41,60.0,2026-08-05T20:23:00Z,VIIRS
FIRMS_B1F646CC,23.16576,82.3386,1.42,295.04,60.0,2026-08-05T20:25:00Z,VIIRS
FIRMS_BB451790,24.7634,74.60711,1.12,303.9,60.0,2026-08-05T20:25:00Z,VIIRS
FIRMS_B197F2A1,25.54031,91.23436,0.49,296.04,60.0,2026-08-05T20:25:00Z,VIIRS
FIRMS_645CC718,25.77749,73.70023,1.22,304.82,60.0,2026-08-05T20:25:00Z,VIIRS
FIRMS_73599828,25.94093,72.19228,7.49,320.34,60.0,2026-08-05T20:25:00Z,VIIRS
FIRMS_11D841F3,25.94124,72.18885,12.04,367.0,90.0,2026-08-05T20:25:00Z,VIIRS
FIRMS_E1B1A80E,25.94155,72.18542,12.04,314.83,60.0,2026-08-05T20:25:00Z,VIIRS
FIRMS_A09FDBE2,25.94612,72.1929,1.39,305.82,60.0,2026-08-05T20:25:00Z,VIIRS
FIRMS_54666571,25.94643,72.18946,1.02,316.77,60.0,2026-08-05T20:25:00Z,VIIRS
FIRMS_8B77CCA5,25.94674,72.18602,1.02,304.69,60.0,2026-08-05T20:25:00Z,VIIRS
FIRMS_9C70FBB0,27.32435,95.27443,1.35,303.53,60.0,2026-08-05T20:25:00Z,VIIRS
FIRMS_522CB82D,27.37853,95.08959,1.0,304.54,60.0,2026-08-05T20:25:00Z,VIIRS
FIRMS_DFE2049E,17.0624,76.98035,0.68,303.77,60.0,2026-08-05T20:27:00Z,VIIRS
FIRMS_F6BAE9B9,17.14041,77.1832,0.5,297.32,60.0,2026-08-05T20:27:00Z,VIIRS
FIRMS_2C97101A,21.17995,81.38754,3.08,314.91,60.0,2026-08-05T20:27:00Z,VIIRS
FIRMS_021E3CB6,21.18328,81.38815,3.08,341.74,60.0,2026-08-05T20:27:00Z,VIIRS
FIRMS_DB3E1310,22.31735,82.56773,1.29,297.2,60.0,2026-08-05T20:27:00Z,VIIRS
FIRMS_36960E21,22.31869,82.55992,1.6,309.2,60.0,2026-08-05T20:27:00Z,VIIRS
FIRMS_C4CE004E,22.3214,82.56449,1.35,300.88,60.0,2026-08-05T20:27:00Z,VIIRS
FIRMS_2214ABF2,9.89198,78.10873,0.85,310.02,60.0,2026-08-05T20:29:00Z,VIIRS
FIRMS_113A0B3F,11.18289,79.10062,0.72,301.17,60.0,2026-08-05T20:29:00Z,VIIRS
FIRMS_28ABF1BB,11.77638,78.05933,2.18,315.9,60.0,2026-08-05T20:29:00Z,VIIRS
FIRMS_331CE3B5,12.60402,77.88007,0.7,300.19,60.0,2026-08-05T20:29:00Z,VIIRS
FIRMS_08030B3B,14.24024,76.98493,0.42,300.74,60.0,2026-08-05T20:29:00Z,VIIRS
FIRMS_E02BF2CE,14.29144,77.75444,0.59,308.0,60.0,2026-08-05T20:29:00Z,VIIRS
FIRMS_5E3DF271,14.29199,77.75083,0.67,302.26,60.0,2026-08-05T20:29:00Z,VIIRS
FIRMS_48D2D1CF,15.02261,78.01593,0.46,298.12,60.0,2026-08-05T20:29:00Z,VIIRS
FIRMS_050A3699,15.16628,76.67182,0.73,301.27,60.0,2026-08-05T20:29:00Z,VIIRS
FIRMS_7CE55ECD,15.17377,76.69308,1.07,311.01,60.0,2026-08-05T20:29:00Z,VIIRS
FIRMS_12A3CCF0,15.17558,76.6571,2.48,330.04,60.0,2026-08-05T20:29:00Z,VIIRS
FIRMS_94D6FDFC,15.17612,76.67731,1.75,304.33,60.0,2026-08-05T20:29:00Z,VIIRS
FIRMS_F2A4807D,15.17617,76.65316,2.48,304.09,60.0,2026-08-05T20:29:00Z,VIIRS
FIRMS_19B809BE,15.18018,76.67391,2.31,303.23,60.0,2026-08-05T20:29:00Z,VIIRS
FIRMS_EF5895CD,15.18135,76.66604,5.17,335.98,60.0,2026-08-05T20:29:00Z,VIIRS
FIRMS_BB94E13A,15.33476,76.28623,1.11,306.4,60.0,2026-08-05T20:29:00Z,VIIRS
FIRMS_85311F6E,8.86704,78.12225,2.03,306.96,60.0,2026-08-05T20:32:00Z,VIIRS
FIRMS_CB183ED7,9.46912,78.57309,0.87,305.76,60.0,2026-08-05T20:32:00Z,VIIRS
FIRMS_D2041BA7,9.47245,78.57364,0.8,305.05,60.0,2026-08-05T20:32:00Z,VIIRS
FIRMS_3568A85A,27.69931,96.24134,3.33,335.86,60.0,2026-08-06T05:59:00Z,VIIRS
FIRMS_D44DC4FD,6.98357,81.58679,3.94,333.48,60.0,2026-08-06T07:35:00Z,VIIRS
FIRMS_1748A1B7,6.98379,81.58831,3.86,334.02,60.0,2026-08-06T07:35:00Z,VIIRS
FIRMS_CF3346C6,7.17432,81.75636,54.49,353.99,60.0,2026-08-06T07:35:00Z,VIIRS
FIRMS_CDECAA06,7.24169,81.63509,4.28,334.38,60.0,2026-08-06T07:35:00Z,VIIRS
FIRMS_A640A014,7.42439,81.33109,3.54,340.65,60.0,2026-08-06T07:35:00Z,VIIRS
FIRMS_A0748504,7.43016,81.24944,4.84,329.84,60.0,2026-08-06T07:35:00Z,VIIRS
FIRMS_5A421445,7.44586,81.37011,7.37,338.34,60.0,2026-08-06T07:35:00Z,VIIRS
FIRMS_27224A21,7.44782,81.14836,3.76,331.78,60.0,2026-08-06T07:35:00Z,VIIRS
FIRMS_A8260DAD,7.45074,81.14673,10.77,344.65,60.0,2026-08-06T07:35:00Z,VIIRS
FIRMS_241E7EE2,7.45266,81.14748,3.76,334.02,60.0,2026-08-06T07:35:00Z,VIIRS
FIRMS_3E290631,7.54742,81.19791,14.89,343.29,60.0,2026-08-06T07:35:00Z,VIIRS
FIRMS_9F5A979D,8.68045,80.94418,7.52,330.8,60.0,2026-08-06T07:35:00Z,VIIRS
FIRMS_FEDE5458,8.82624,80.33823,10.46,345.51,60.0,2026-08-06T07:35:00Z,VIIRS
FIRMS_DEA53414,29.73682,71.41401,3.56,339.09,60.0,2026-08-06T07:41:00Z,VIIRS
FIRMS_80BF9B5D,29.88022,72.7646,4.84,343.46,60.0,2026-08-06T07:41:00Z,VIIRS
FIRMS_C41C3944,29.95837,72.81926,2.13,332.02,60.0,2026-08-06T07:41:00Z,VIIRS
FIRMS_456C34D0,30.03027,72.00449,2.81,334.85,60.0,2026-08-06T07:41:00Z,VIIRS
FIRMS_330536E1,30.03642,71.48891,5.26,350.53,60.0,2026-08-06T07:41:00Z,VIIRS
FIRMS_DA5F68DA,30.18674,73.366,2.09,330.5,60.0,2026-08-06T07:41:00Z,VIIRS
FIRMS_F2C8C6F0,30.52497,71.84679,6.89,352.94,60.0,2026-08-06T07:41:00Z,VIIRS
FIRMS_8565A472,30.56788,71.62594,11.16,367.0,90.0,2026-08-06T07:41:00Z,VIIRS
FIRMS_2AC59CEC,30.56894,71.63015,13.85,351.07,60.0,2026-08-06T07:41:00Z,VIIRS
FIRMS_1DEB9B3C,33.17128,70.45007,1.97,332.42,60.0,2026-08-06T07:44:00Z,VIIRS
FIRMS_EBFEFC53,22.92897,70.10838,6.02,342.39,60.0,2026-08-06T09:22:00Z,VIIRS
FIRMS_C79E692A,25.71193,68.33328,3.07,338.85,60.0,2026-08-06T09:22:00Z,VIIRS
FIRMS_14D2D15D,30.65817,71.87918,4.39,330.81,60.0,2026-08-06T09:24:00Z,VIIRS
FIRMS_F126CED2,35.99208,94.82857,1.79,302.48,60.0,2026-08-06T20:04:00Z,VIIRS
FIRMS_08D9D718,35.99247,94.82925,1.09,302.22,60.0,2026-08-06T20:04:00Z,VIIRS
FIRMS_E2FF4A09,29.22348,88.34969,1.5,306.16,60.0,2026-08-06T20:06:00Z,VIIRS
FIRMS_0798B906,29.37585,91.15074,1.07,300.38,60.0,2026-08-06T20:06:00Z,VIIRS
FIRMS_2380D739,29.6602,90.89965,1.19,296.59,60.0,2026-08-06T20:06:00Z,VIIRS
FIRMS_74D2E1CE,29.78754,91.60615,1.03,298.05,60.0,2026-08-06T20:06:00Z,VIIRS
FIRMS_7B5C64B9,21.24483,79.22414,0.56,299.94,60.0,2026-08-06T20:08:00Z,VIIRS
FIRMS_B6EF1BB1,22.0551,85.4648,1.0,302.09,60.0,2026-08-06T20:08:00Z,VIIRS
FIRMS_4B654B0A,22.21637,84.86812,0.92,295.01,60.0,2026-08-06T20:08:00Z,VIIRS
FIRMS_DDAA6AC3,22.36406,87.0181,1.19,305.66,60.0,2026-08-06T20:08:00Z,VIIRS
FIRMS_E029B06D,22.36742,87.01875,1.19,308.89,60.0,2026-08-06T20:08:00Z,VIIRS
FIRMS_E936D94B,23.61129,87.14533,2.72,306.73,60.0,2026-08-06T20:08:00Z,VIIRS
FIRMS_EC41A860,23.61498,86.79118,2.43,310.4,60.0,2026-08-06T20:08:00Z,VIIRS
FIRMS_E6C2BFC1,23.61562,86.78735,2.08,304.7,60.0,2026-08-06T20:08:00Z,VIIRS
FIRMS_3E28D28C,23.77308,86.19608,2.31,314.75,60.0,2026-08-06T20:08:00Z,VIIRS
FIRMS_C9CBE763,23.77788,86.20856,1.73,303.27,60.0,2026-08-06T20:08:00Z,VIIRS
FIRMS_7961CE63,23.77868,86.3903,2.92,303.41,60.0,2026-08-06T20:08:00Z,VIIRS
FIRMS_6B34C5B5,23.78112,86.37527,2.52,305.55,60.0,2026-08-06T20:08:00Z,VIIRS
FIRMS_6DB4D9C1,23.78118,86.20918,1.64,306.17,60.0,2026-08-06T20:08:00Z,VIIRS
FIRMS_BE208D88,23.79362,86.2345,1.82,308.3,60.0,2026-08-06T20:08:00Z,VIIRS
FIRMS_B38C7B26,25.03371,87.36905,3.41,316.86,60.0,2026-08-06T20:08:00Z,VIIRS
FIRMS_C7D6132D,25.03714,87.38972,2.13,307.8,60.0,2026-08-06T20:08:00Z,VIIRS
FIRMS_F508969D,25.4376,86.06772,1.96,310.53,60.0,2026-08-06T20:08:00Z,VIIRS
FIRMS_58AEABE5,7.3182,81.55324,0.58,300.22,60.0,2026-08-06T20:12:00Z,VIIRS
FIRMS_DC77FEDC,7.4045,81.22028,1.81,318.53,60.0,2026-08-06T20:12:00Z,VIIRS
FIRMS_46682208,7.40504,81.21681,1.81,321.82,60.0,2026-08-06T20:12:00Z,VIIRS
FIRMS_98C5BFD5,7.45515,81.23867,1.29,301.09,60.0,2026-08-06T20:12:00Z,VIIRS
FIRMS_E8D6C1CE,35.96618,68.6852,1.38,304.61,60.0,2026-08-06T21:46:00Z,VIIRS
FIRMS_436BE7CD,25.38972,68.58502,1.59,310.44,60.0,2026-08-06T21:48:00Z,VIIRS
FIRMS_A9C93382,25.39073,68.58144,1.05,307.26,60.0,2026-08-06T21:48:00Z,VIIRS
FIRMS_2999635C,25.94364,72.19364,2.7,327.35,60.0,2026-08-06T21:48:00Z,VIIRS
FIRMS_5312BDF0,27.86767,68.95682,1.69,307.81,60.0,2026-08-06T21:48:00Z,VIIRS
FIRMS_195F1C91,29.22012,88.95742,11.32,349.19,60.0,2026-08-07T07:22:00Z,VIIRS
FIRMS_4DA35D00,29.26978,88.90321,3.97,336.33,30.0,2026-08-07T07:22:00Z,VIIRS
FIRMS_302FA21A,8.75627,78.18294,5.28,351.99,60.0,2026-08-07T08:58:00Z,VIIRS
FIRMS_5272C468,8.76202,78.18221,5.28,335.65,60.0,2026-08-07T08:58:00Z,VIIRS
FIRMS_A4A2597D,22.92664,70.10907,3.96,333.56,60.0,2026-08-07T09:02:00Z,VIIRS
FIRMS_C021F38E,24.45387,68.30828,4.49,335.35,60.0,2026-08-07T09:02:00Z,VIIRS
FIRMS_418551D9,24.45394,68.31149,4.14,335.11,60.0,2026-08-07T09:02:00Z,VIIRS
FIRMS_910E5DC1,27.62686,69.46743,5.3,344.75,60.0,2026-08-07T09:05:00Z,VIIRS
FIRMS_AA5B034E,27.62732,69.47166,5.3,336.3,60.0,2026-08-07T09:05:00Z,VIIRS
FIRMS_A3FFD1F4,29.47439,71.57051,12.38,342.03,60.0,2026-08-07T09:05:00Z,VIIRS
FIRMS_DDAFCBCF,29.47925,71.56997,12.38,345.55,60.0,2026-08-07T09:05:00Z,VIIRS
FIRMS_2407061F,29.9692,72.58241,1.89,333.64,60.0,2026-08-07T09:05:00Z,VIIRS
FIRMS_0C6F4C88,29.99058,72.58743,4.97,344.35,60.0,2026-08-07T09:05:00Z,VIIRS
FIRMS_C633F136,30.27043,73.32155,4.6,330.42,60.0,2026-08-07T09:05:00Z,VIIRS
FIRMS_BE243FB7,30.27074,73.32553,8.07,352.08,60.0,2026-08-07T09:05:00Z,VIIRS
FIRMS_ABB61934,30.27128,73.32471,8.61,367.0,90.0,2026-08-07T09:05:00Z,VIIRS
FIRMS_FFE4367A,30.61707,72.13042,2.56,334.09,60.0,2026-08-07T09:05:00Z,VIIRS
FIRMS_465B9513,30.61736,72.13383,2.56,337.32,60.0,2026-08-07T09:05:00Z,VIIRS
FIRMS_BA5ED0C1,30.61991,72.13137,5.18,355.67,60.0,2026-08-07T09:05:00Z,VIIRS
FIRMS_DC6E2608,30.62494,72.0656,2.81,330.11,60.0,2026-08-07T09:05:00Z,VIIRS
FIRMS_444E7AC7,30.65503,72.24939,5.05,350.62,60.0,2026-08-07T09:05:00Z,VIIRS
FIRMS_1D5CA8E4,30.66016,72.24886,5.05,342.65,60.0,2026-08-07T09:05:00Z,VIIRS
FIRMS_042F608B,30.78971,71.86646,15.35,355.39,60.0,2026-08-07T09:05:00Z,VIIRS
FIRMS_93C91383,30.79083,71.86834,14.67,342.95,60.0,2026-08-07T09:05:00Z,VIIRS
FIRMS_4196E895,31.69593,73.21014,2.58,339.71,60.0,2026-08-07T09:05:00Z,VIIRS
FIRMS_9FBF9048,24.11555,86.86207,1.11,303.43,60.0,2026-08-07T19:47:00Z,VIIRS
FIRMS_F12020B9,24.11618,86.85732,1.11,305.24,60.0,2026-08-07T19:47:00Z,VIIRS
FIRMS_499E1A62,25.03565,87.36957,1.86,306.65,60.0,2026-08-07T19:47:00Z,VIIRS
FIRMS_268FBDD8,25.43726,86.06737,1.08,310.9,60.0,2026-08-07T19:47:00Z,VIIRS
FIRMS_1F96133A,26.64386,79.47507,2.77,295.42,60.0,2026-08-07T19:47:00Z,VIIRS
FIRMS_EE352549,35.98919,94.83079,0.62,296.21,60.0,2026-08-07T19:47:00Z,VIIRS
FIRMS_B967C4AE,35.99247,94.8316,0.58,302.11,60.0,2026-08-07T19:47:00Z,VIIRS
FIRMS_7C58430D,23.6634,84.99857,1.32,303.84,60.0,2026-08-07T19:49:00Z,VIIRS
FIRMS_1584BB8B,23.66748,84.99914,1.32,300.96,60.0,2026-08-07T19:49:00Z,VIIRS
FIRMS_524C0AE6,23.66795,86.93554,2.06,298.17,60.0,2026-08-07T19:49:00Z,VIIRS
FIRMS_E8379FA2,23.67205,84.99582,1.86,300.43,60.0,2026-08-07T19:49:00Z,VIIRS
FIRMS_E35A765A,23.67646,86.39635,2.02,306.18,60.0,2026-08-07T19:49:00Z,VIIRS
FIRMS_2D56B37B,23.68022,86.39696,2.02,309.59,60.0,2026-08-07T19:49:00Z,VIIRS
FIRMS_CE500E64,23.68087,86.39198,3.06,302.45,60.0,2026-08-07T19:49:00Z,VIIRS
FIRMS_7A6B1470,23.68398,86.39757,2.63,306.33,60.0,2026-08-07T19:49:00Z,VIIRS
FIRMS_A9A591A1,23.68464,86.39258,1.83,321.46,60.0,2026-08-07T19:49:00Z,VIIRS
FIRMS_9EC5C567,23.6884,86.39319,1.83,301.71,60.0,2026-08-07T19:49:00Z,VIIRS
FIRMS_904C40DF,23.68906,86.38818,1.83,303.34,60.0,2026-08-07T19:49:00Z,VIIRS
FIRMS_A2297C05,23.69792,85.28923,1.32,300.5,60.0,2026-08-07T19:49:00Z,VIIRS
FIRMS_05539EB9,23.72468,86.44123,1.72,304.22,60.0,2026-08-07T19:49:00Z,VIIRS
FIRMS_E5B056EA,23.73722,86.43314,6.64,329.09,60.0,2026-08-07T19:49:00Z,VIIRS
FIRMS_D79410F8,23.73785,86.4282,2.55,306.48,60.0,2026-08-07T19:49:00Z,VIIRS
FIRMS_4BAAB74F,23.74098,86.43374,1.96,302.97,60.0,2026-08-07T19:49:00Z,VIIRS
FIRMS_AFE57CDB,23.75105,86.41519,3.62,307.74,60.0,2026-08-07T19:49:00Z,VIIRS
FIRMS_5FF221C8,23.76051,86.40147,3.28,320.14,60.0,2026-08-07T19:49:00Z,VIIRS
FIRMS_0C94581B,23.76362,86.40708,2.78,304.9,60.0,2026-08-07T19:49:00Z,VIIRS
FIRMS_F58E6FFA,23.76427,86.40208,3.28,313.91,60.0,2026-08-07T19:49:00Z,VIIRS
FIRMS_37AD2160,23.76556,86.39212,2.54,306.89,60.0,2026-08-07T19:49:00Z,VIIRS
FIRMS_B724E5BB,23.76739,86.40766,2.25,303.61,60.0,2026-08-07T19:49:00Z,VIIRS
FIRMS_48E3D692,23.76804,86.40265,5.76,326.74,60.0,2026-08-07T19:49:00Z,VIIRS
FIRMS_1E965AFB,27.46227,95.47478,1.22,297.33,60.0,2026-08-07T19:49:00Z,VIIRS
FIRMS_C978C478,29.26254,91.92178,1.44,301.34,60.0,2026-08-07T19:49:00Z,VIIRS
FIRMS_0DC80151,29.26521,91.92635,1.48,306.5,60.0,2026-08-07T19:49:00Z,VIIRS
FIRMS_E3D5ECD4,29.37461,91.1497,0.94,298.36,60.0,2026-08-07T19:49:00Z,VIIRS
FIRMS_9D525700,29.37792,91.15035,0.84,299.45,60.0,2026-08-07T19:49:00Z,VIIRS
FIRMS_DED5D55D,29.66177,90.90686,1.06,299.46,60.0,2026-08-07T19:49:00Z,VIIRS
FIRMS_C4257966,6.62676,81.18913,3.45,301.4,60.0,2026-08-07T19:53:00Z,VIIRS
FIRMS_16843A93,6.62731,81.18541,3.45,352.97,60.0,2026-08-07T19:53:00Z,VIIRS
FIRMS_F74E8066,6.62785,81.18169,2.42,297.82,60.0,2026-08-07T19:53:00Z,VIIRS
FIRMS_16B7FCD6,6.6309,81.18976,3.45,298.17,60.0,2026-08-07T19:53:00Z,VIIRS
FIRMS_E3BC1131,6.63144,81.18604,3.45,335.44,60.0,2026-08-07T19:53:00Z,VIIRS
FIRMS_12C4303B,7.50678,81.1167,1.9,324.18,60.0,2026-08-07T19:53:00Z,VIIRS
FIRMS_6E396598,7.53914,81.10133,0.63,299.6,60.0,2026-08-07T19:53:00Z,VIIRS
FIRMS_122B3041,28.42482,69.70239,5.87,316.52,60.0,2026-08-07T21:27:00Z,VIIRS
FIRMS_23133BD8,32.13319,74.17912,0.95,307.79,60.0,2026-08-07T21:27:00Z,VIIRS
FIRMS_99F9A81D,32.2928,70.73085,2.81,310.6,60.0,2026-08-07T21:27:00Z,VIIRS
FIRMS_5DD99557,32.72197,72.92547,1.14,305.16,60.0,2026-08-07T21:27:00Z,VIIRS
FIRMS_2F358A59,32.88826,71.61584,2.44,309.04,60.0,2026-08-07T21:27:00Z,VIIRS
FIRMS_B86E9075,33.17331,70.45238,0.44,305.79,60.0,2026-08-07T21:27:00Z,VIIRS
FIRMS_BD402E39,33.5473,71.54827,1.28,305.92,60.0,2026-08-07T21:27:00Z,VIIRS
FIRMS_0C4F267C,25.38842,68.58425,1.14,323.26,60.0,2026-08-07T21:29:00Z,VIIRS
FIRMS_1BFD647B,26.0948,68.87952,0.56,307.26,60.0,2026-08-07T21:29:00Z,VIIRS
FIRMS_641AC11C,21.29586,95.51554,2.7,331.63,60.0,2026-08-08T07:01:00Z,VIIRS
FIRMS_3EDB0CFB,23.70372,90.53355,3.78,331.1,30.0,2026-08-08T07:01:00Z,VIIRS
FIRMS_D7A0FDBF,23.76534,86.40513,6.4,331.15,60.0,2026-08-08T07:01:00Z,VIIRS
FIRMS_BB2F6CE6,23.9407,90.31876,3.46,332.3,60.0,2026-08-08T07:01:00Z,VIIRS
FIRMS_D411FE1A,29.64765,90.94865,22.55,367.0,90.0,2026-08-08T07:03:00Z,VIIRS
FIRMS_34FE95C3,29.65398,90.98617,16.99,367.0,90.0,2026-08-08T07:03:00Z,VIIRS
FIRMS_65B5C0C7,6.81248,81.78204,3.57,334.07,60.0,2026-08-08T08:37:00Z,VIIRS
FIRMS_34B2DB9D,6.81376,81.77986,3.82,345.17,60.0,2026-08-08T08:37:00Z,VIIRS
FIRMS_EF05E146,6.82072,81.803,2.19,333.23,60.0,2026-08-08T08:37:00Z,VIIRS
FIRMS_B4247275,6.82115,81.8061,2.19,336.02,60.0,2026-08-08T08:37:00Z,VIIRS
FIRMS_4002F941,6.82226,81.80397,4.9,336.51,60.0,2026-08-08T08:37:00Z,VIIRS
FIRMS_338518BF,6.82267,81.80707,4.58,333.26,60.0,2026-08-08T08:37:00Z,VIIRS
FIRMS_159EEC29,6.8258,81.76459,3.15,336.44,60.0,2026-08-08T08:37:00Z,VIIRS
FIRMS_C244D440,7.46902,81.17296,4.85,330.0,60.0,2026-08-08T08:37:00Z,VIIRS
FIRMS_85E0C208,9.75537,77.6293,10.98,367.0,90.0,2026-08-08T08:39:00Z,VIIRS
FIRMS_446DE94F,9.77946,77.68204,2.63,333.54,60.0,2026-08-08T08:39:00Z,VIIRS
FIRMS_BA6DD7E6,22.60662,70.24954,2.24,331.84,60.0,2026-08-08T08:43:00Z,VIIRS
FIRMS_D7A28D94,24.32291,72.46162,4.09,332.77,60.0,2026-08-08T08:43:00Z,VIIRS
FIRMS_3F04260D,27.98071,69.4438,2.19,337.33,60.0,2026-08-08T08:43:00Z,VIIRS
FIRMS_302BE182,28.83582,70.42214,6.67,330.2,30.0,2026-08-08T08:43:00Z,VIIRS
FIRMS_B229C222,30.60304,72.0806,3.22,332.68,60.0,2026-08-08T08:45:00Z,VIIRS
FIRMS_949BD5AD,30.61395,72.13991,4.51,334.77,60.0,2026-08-08T08:45:00Z,VIIRS
FIRMS_084C287F,30.62572,71.72218,3.25,335.05,60.0,2026-08-08T08:45:00Z,VIIRS
FIRMS_94AEDA8A,30.62918,72.07106,4.51,343.13,60.0,2026-08-08T08:45:00Z,VIIRS
FIRMS_8B117B6D,30.63301,72.07047,4.51,338.93,60.0,2026-08-08T08:45:00Z,VIIRS
FIRMS_6A8D50D2,30.65776,72.24519,4.05,337.36,60.0,2026-08-08T08:45:00Z,VIIRS
FIRMS_81C05D81,30.65879,72.24271,5.84,332.84,60.0,2026-08-08T08:45:00Z,VIIRS
FIRMS_44A4C1BA,30.66328,71.87726,6.51,332.77,60.0,2026-08-08T08:45:00Z,VIIRS
FIRMS_7EC5CB1F,30.66391,71.88257,6.51,335.64,60.0,2026-08-08T08:45:00Z,VIIRS
FIRMS_34ED1F4E,30.6943,71.97591,10.41,337.7,60.0,2026-08-08T08:45:00Z,VIIRS
FIRMS_C62FA220,30.6985,71.78544,9.01,347.61,60.0,2026-08-08T08:45:00Z,VIIRS
FIRMS_81D2735A,30.74677,71.74284,2.7,333.79,60.0,2026-08-08T08:45:00Z,VIIRS
FIRMS_ACD14B08,30.79273,71.87044,8.25,331.09,60.0,2026-08-08T08:45:00Z,VIIRS
FIRMS_4B5E6746,30.79337,71.87579,8.25,333.61,60.0,2026-08-08T08:45:00Z,VIIRS
FIRMS_DBDA1B63,30.85815,71.87492,6.29,333.73,60.0,2026-08-08T08:45:00Z,VIIRS
FIRMS_1F9DA54E,30.86695,71.91726,6.19,343.55,60.0,2026-08-08T08:45:00Z,VIIRS
FIRMS_48300EEA,30.91326,71.91548,7.93,337.43,60.0,2026-08-08T08:45:00Z,VIIRS
FIRMS_DEF03BA5,30.9771,70.80613,8.22,330.41,30.0,2026-08-08T08:45:00Z,VIIRS
FIRMS_6D4805B1,32.10804,72.90211,3.07,341.29,60.0,2026-08-08T08:45:00Z,VIIRS
FIRMS_72E50A88,33.74333,70.22848,4.18,336.46,30.0,2026-08-08T08:45:00Z,VIIRS
FIRMS_EF1736DD,33.74356,70.23043,4.05,338.46,60.0,2026-08-08T08:45:00Z,VIIRS
FIRMS_8C766D74,34.44895,71.26234,4.53,341.11,60.0,2026-08-08T08:45:00Z,VIIRS
FIRMS_257BFDF7,35.99072,94.83022,0.79,301.4,60.0,2026-08-08T19:25:00Z,VIIRS
FIRMS_F2B40236,29.37856,91.14952,0.33,301.29,60.0,2026-08-08T19:28:00Z,VIIRS
FIRMS_8480827A,29.65848,90.89863,0.89,301.16,60.0,2026-08-08T19:28:00Z,VIIRS
FIRMS_A824E3F8,30.06933,96.97936,0.66,297.11,60.0,2026-08-08T19:28:00Z,VIIRS
FIRMS_94E323C9,22.05452,88.1247,3.89,312.18,60.0,2026-08-08T19:30:00Z,VIIRS
FIRMS_CD654EFF,23.5617,87.08315,4.17,310.49,60.0,2026-08-08T19:30:00Z,VIIRS
FIRMS_4B8BE974,23.56486,87.08422,2.6,305.78,60.0,2026-08-08T19:30:00Z,VIIRS
FIRMS_671B4061,23.75794,86.39742,0.97,301.47,60.0,2026-08-08T19:30:00Z,VIIRS
FIRMS_88EAF758,23.75988,86.39985,0.91,304.81,60.0,2026-08-08T19:30:00Z,VIIRS
FIRMS_92F647B1,23.76022,86.39659,1.08,304.41,60.0,2026-08-08T19:30:00Z,VIIRS
FIRMS_C30128E0,23.76302,86.39813,0.97,306.55,60.0,2026-08-08T19:30:00Z,VIIRS
FIRMS_22980A81,23.76778,86.40202,0.29,301.64,60.0,2026-08-08T19:30:00Z,VIIRS
FIRMS_8B5C7680,23.7681,86.39877,0.92,303.31,60.0,2026-08-08T19:30:00Z,VIIRS
FIRMS_4CD8851A,23.77151,86.3633,1.41,304.89,60.0,2026-08-08T19:30:00Z,VIIRS
FIRMS_4710FA0E,23.77661,86.36392,1.41,319.54,60.0,2026-08-08T19:30:00Z,VIIRS
FIRMS_FE947256,23.77692,86.36066,2.79,303.77,60.0,2026-08-08T19:30:00Z,VIIRS
FIRMS_1F3834E0,23.77917,86.39056,1.43,311.63,60.0,2026-08-08T19:30:00Z,VIIRS
FIRMS_31054B97,23.77949,86.38737,3.29,321.08,60.0,2026-08-08T19:30:00Z,VIIRS
FIRMS_DA443753,23.78107,86.37106,0.81,303.3,60.0,2026-08-08T19:30:00Z,VIIRS
FIRMS_BBE296FF,23.79314,86.35291,0.87,303.24,60.0,2026-08-08T19:30:00Z,VIIRS
FIRMS_60DEF21A,23.79824,86.35355,0.87,306.5,60.0,2026-08-08T19:30:00Z,VIIRS
FIRMS_1267EF22,23.79856,86.35028,1.95,327.19,60.0,2026-08-08T19:30:00Z,VIIRS
FIRMS_24E0B8C6,23.79887,86.34701,1.95,303.72,60.0,2026-08-08T19:30:00Z,VIIRS
FIRMS_FB4A2EF1,23.80587,86.32827,1.03,309.0,60.0,2026-08-08T19:30:00Z,VIIRS
FIRMS_CC0A180D,17.30454,97.0611,0.53,305.01,60.0,2026-08-08T19:32:00Z,VIIRS
FIRMS_CD003298,20.78619,85.2653,0.68,300.75,60.0,2026-08-08T19:32:00Z,VIIRS
FIRMS_03BE02E8,20.78667,85.26571,0.61,302.89,60.0,2026-08-08T19:32:00Z,VIIRS
FIRMS_A7B7D229,20.78687,85.25846,1.2,308.31,60.0,2026-08-08T19:32:00Z,VIIRS
FIRMS_A73C2F60,20.78739,85.2589,1.2,310.55,60.0,2026-08-08T19:32:00Z,VIIRS
FIRMS_A005A762,20.80865,85.25416,1.39,305.48,60.0,2026-08-08T19:32:00Z,VIIRS
FIRMS_2522482F,20.9495,86.05014,2.05,302.74,60.0,2026-08-08T19:32:00Z,VIIRS
FIRMS_A258FE3C,20.95013,86.04408,2.05,306.58,60.0,2026-08-08T19:32:00Z,VIIRS
FIRMS_13987A39,20.9638,85.18809,1.05,307.75,60.0,2026-08-08T19:32:00Z,VIIRS
FIRMS_EAB4427A,20.96416,85.18463,0.65,302.01,60.0,2026-08-08T19:32:00Z,VIIRS
FIRMS_5D905DF1,20.96451,85.18114,0.65,301.1,60.0,2026-08-08T19:32:00Z,VIIRS
FIRMS_B273CEFF,20.96523,85.17413,0.74,306.67,60.0,2026-08-08T19:32:00Z,VIIRS
FIRMS_F819FDF3,20.96631,85.1635,1.02,301.58,60.0,2026-08-08T19:32:00Z,VIIRS
FIRMS_4673D675,20.97019,85.17823,0.74,302.29,60.0,2026-08-08T19:32:00Z,VIIRS
FIRMS_83627F2E,20.97055,85.1747,0.74,306.8,60.0,2026-08-08T19:32:00Z,VIIRS
FIRMS_D138020A,20.97623,85.17174,0.86,302.12,60.0,2026-08-08T19:32:00Z,VIIRS
FIRMS_D5A8FE5B,20.98516,85.13718,1.21,301.48,60.0,2026-08-08T19:32:00Z,VIIRS
FIRMS_8D0844E4,21.07961,85.03843,1.56,302.21,60.0,2026-08-08T19:32:00Z,VIIRS
FIRMS_C07D7217,6.74823,81.13704,0.76,303.98,60.0,2026-08-08T19:34:00Z,VIIRS
FIRMS_6E5372CC,7.64384,80.96423,1.85,305.29,60.0,2026-08-08T19:34:00Z,VIIRS
FIRMS_1C6B60D9,7.6444,80.95997,3.48,324.28,60.0,2026-08-08T19:34:00Z,VIIRS
FIRMS_3CEE7C60,32.08747,74.16682,3.73,307.55,60.0,2026-08-08T21:08:00Z,VIIRS
FIRMS_A2F23CC6,32.10377,74.17783,3.82,310.51,60.0,2026-08-08T21:08:00Z,VIIRS
FIRMS_43FBB40F,32.29091,70.73779,2.81,314.75,60.0,2026-08-08T21:08:00Z,VIIRS
FIRMS_DCAA57C8,32.29551,70.73,2.37,312.53,60.0,2026-08-08T21:08:00Z,VIIRS
FIRMS_2E64F9F1,32.72028,72.92399,0.62,305.56,60.0,2026-08-08T21:08:00Z,VIIRS
FIRMS_ABF86338,32.73539,72.80925,0.28,304.99,60.0,2026-08-08T21:08:00Z,VIIRS
FIRMS_723442B0,33.4081,71.94009,1.85,311.34,60.0,2026-08-08T21:08:00Z,VIIRS
FIRMS_BEC8D7E2,33.68829,72.71162,3.1,314.05,60.0,2026-08-08T21:08:00Z,VIIRS
FIRMS_DA16AA4C,33.69244,72.85727,1.73,305.7,60.0,2026-08-08T21:08:00Z,VIIRS
FIRMS_2012FB32,33.84938,72.87296,1.4,306.89,60.0,2026-08-08T21:08:00Z,VIIRS
FIRMS_23B6F5CA,34.31626,72.82005,1.69,315.38,60.0,2026-08-08T21:08:00Z,VIIRS
FIRMS_F1216541,25.38646,68.58366,0.56,309.09,60.0,2026-08-08T21:10:00Z,VIIRS
FIRMS_7B302729,25.38986,68.58427,0.56,316.63,60.0,2026-08-08T21:10:00Z,VIIRS
FIRMS_6E29A85F,26.64085,79.47772,0.85,304.21,60.0,2026-08-08T21:10:00Z,VIIRS
FIRMS_C6EA18C9,26.6441,79.47943,1.11,302.9,60.0,2026-08-08T21:10:00Z,VIIRS
FIRMS_13321819,27.08046,73.81846,3.01,306.16,60.0,2026-08-08T21:10:00Z,VIIRS
FIRMS_46C83C44,27.2877,73.83897,1.52,306.61,60.0,2026-08-08T21:10:00Z,VIIRS
FIRMS_8D038CDC,27.66929,76.13332,1.49,305.1,60.0,2026-08-08T21:10:00Z,VIIRS
FIRMS_0EBF6C3E,28.42521,69.70253,3.12,313.43,60.0,2026-08-08T21:10:00Z,VIIRS
FIRMS_4039887F,17.60958,83.20309,4.39,306.71,60.0,2026-08-08T21:12:00Z,VIIRS
FIRMS_36F89DD2,17.61204,83.20204,5.14,299.99,60.0,2026-08-08T21:12:00Z,VIIRS
FIRMS_B08E3F74,18.9562,73.94472,1.22,306.32,60.0,2026-08-08T21:12:00Z,VIIRS
FIRMS_1CBD1695,20.90929,71.46087,2.48,308.1,60.0,2026-08-08T21:12:00Z,VIIRS
FIRMS_5EC00F55,22.93194,69.69582,1.91,309.33,60.0,2026-08-08T21:12:00Z,VIIRS
FIRMS_C1B5E697,22.93406,69.70388,1.88,308.32,60.0,2026-08-08T21:12:00Z,VIIRS
FIRMS_99A183A5,22.93524,69.69643,1.91,319.89,60.0,2026-08-08T21:12:00Z,VIIRS
FIRMS_F242B707,23.26628,70.25836,1.92,317.52,60.0,2026-08-08T21:12:00Z,VIIRS
FIRMS_5CB3D517,23.49982,68.57675,1.69,307.53,60.0,2026-08-08T21:12:00Z,VIIRS
FIRMS_619A7CD3,9.75953,77.62386,0.89,309.37,60.0,2026-08-08T21:14:00Z,VIIRS
FIRMS_C958350A,14.93187,78.341,0.4,300.72,60.0,2026-08-08T21:14:00Z,VIIRS
FIRMS_2F2FEBD0,15.1377,76.70893,0.29,295.3,60.0,2026-08-08T21:14:00Z,VIIRS
FIRMS_2D2FC069,15.17642,76.65977,0.77,295.23,60.0,2026-08-08T21:14:00Z,VIIRS
FIRMS_EDE76693,15.17704,76.6567,0.77,307.58,60.0,2026-08-08T21:14:00Z,VIIRS
FIRMS_1C9D04AB,15.17765,76.65363,1.77,315.04,60.0,2026-08-08T21:14:00Z,VIIRS
FIRMS_1917D3C2,15.17838,76.67624,1.0,301.88,60.0,2026-08-08T21:14:00Z,VIIRS
FIRMS_C7172FBA,15.18023,76.66703,0.53,301.02,60.0,2026-08-08T21:14:00Z,VIIRS
FIRMS_F7F684C5,15.18526,76.66817,0.53,296.14,60.0,2026-08-08T21:14:00Z,VIIRS
FIRMS_F2752458,15.33485,76.28472,0.68,298.31,60.0,2026-08-08T21:14:00Z,VIIRS
FIRMS_56CE61B2,16.6483,74.31618,0.58,296.42,60.0,2026-08-08T21:14:00Z,VIIRS
FIRMS_1C0A7BFA,22.28264,91.77599,3.05,326.7,60.0,2026-08-09T06:44:00Z,VIIRS
FIRMS_D9384C9E,27.95665,95.6004,9.26,329.31,30.0,2026-08-09T06:44:00Z,VIIRS
FIRMS_1AAA756A,29.30249,90.7239,3.78,338.3,60.0,2026-08-09T06:46:00Z,VIIRS
FIRMS_0FF21C33,29.66758,91.21227,9.59,339.96,60.0,2026-08-09T06:46:00Z,VIIRS
FIRMS_A8C18EC7,29.678,91.13467,2.75,338.91,60.0,2026-08-09T06:46:00Z,VIIRS
FIRMS_39156CFD,29.67816,91.13667,5.34,344.64,60.0,2026-08-09T06:46:00Z,VIIRS
FIRMS_D5182CD0,29.68395,91.14246,3.29,338.62,60.0,2026-08-09T06:46:00Z,VIIRS
FIRMS_B9BC2294,29.68417,91.14444,5.13,341.13,60.0,2026-08-09T06:46:00Z,VIIRS
FIRMS_4B950963,29.7055,91.12065,3.27,333.05,60.0,2026-08-09T06:46:00Z,VIIRS
FIRMS_F8FF16A6,6.83105,81.75486,3.36,331.89,60.0,2026-08-09T08:20:00Z,VIIRS
FIRMS_EBE37370,6.92662,81.673,7.72,335.75,60.0,2026-08-09T08:20:00Z,VIIRS
FIRMS_509498EB,7.19186,81.74882,6.36,336.07,60.0,2026-08-09T08:20:00Z,VIIRS
FIRMS_532613BE,7.19216,81.75013,6.79,332.65,60.0,2026-08-09T08:20:00Z,VIIRS
FIRMS_E0AF671D,7.24903,81.69079,4.99,335.64,60.0,2026-08-09T08:20:00Z,VIIRS
FIRMS_003B4DF7,7.24969,81.69533,13.0,338.64,60.0,2026-08-09T08:20:00Z,VIIRS
FIRMS_6C484F9F,7.27246,81.6412,3.65,332.87,60.0,2026-08-09T08:20:00Z,VIIRS
FIRMS_CE087DD6,7.44569,81.23631,5.86,342.07,60.0,2026-08-09T08:20:00Z,VIIRS
FIRMS_32881D33,7.44688,81.23547,5.73,338.36,60.0,2026-08-09T08:20:00Z,VIIRS
FIRMS_5C62FE6D,7.46565,81.67219,3.28,334.09,60.0,2026-08-09T08:20:00Z,VIIRS
FIRMS_1FA53876,7.47098,81.70876,10.18,343.6,60.0,2026-08-09T08:20:00Z,VIIRS
FIRMS_D4F90B39,7.54155,80.94489,5.4,334.51,60.0,2026-08-09T08:20:00Z,VIIRS
FIRMS_F1960C86,7.5681,80.92384,4.36,333.43,60.0,2026-08-09T08:20:00Z,VIIRS
FIRMS_0425B52B,7.65889,81.14084,8.06,337.46,60.0,2026-08-09T08:20:00Z,VIIRS
FIRMS_77C57340,7.69379,81.14894,3.61,337.21,60.0,2026-08-09T08:20:00Z,VIIRS
FIRMS_7BF212E0,7.69441,81.15324,3.61,332.53,60.0,2026-08-09T08:20:00Z,VIIRS
FIRMS_CB129B71,7.69746,81.14842,3.61,333.75,60.0,2026-08-09T08:20:00Z,VIIRS
FIRMS_2C778D21,7.93397,81.3446,3.25,330.94,60.0,2026-08-09T08:20:00Z,VIIRS
FIRMS_C6C032A6,8.00115,81.21894,2.61,331.95,60.0,2026-08-09T08:20:00Z,VIIRS
FIRMS_ACE53A7E,8.00548,81.22277,4.29,331.67,60.0,2026-08-09T08:20:00Z,VIIRS
FIRMS_83479DB2,8.1039,81.107,4.61,333.36,60.0,2026-08-09T08:20:00Z,VIIRS
FIRMS_31FC71D3,8.20257,80.4487,4.26,338.59,60.0,2026-08-09T08:20:00Z,VIIRS
FIRMS_8209715A,8.20783,80.57188,3.69,337.75,60.0,2026-08-09T08:20:00Z,VIIRS
FIRMS_57032ECD,8.2831,80.20823,8.29,347.16,60.0,2026-08-09T08:20:00Z,VIIRS
FIRMS_FA92BA1B,8.35285,80.79776,8.24,350.02,60.0,2026-08-09T08:20:00Z,VIIRS
FIRMS_493785F8,8.35344,80.7984,9.06,340.16,60.0,2026-08-09T08:20:00Z,VIIRS
FIRMS_C6F9FCFB,8.38241,80.6659,8.36,348.52,60.0,2026-08-09T08:20:00Z,VIIRS
FIRMS_E63DD64C,8.39263,80.66016,12.33,347.48,60.0,2026-08-09T08:20:00Z,VIIRS
FIRMS_ECC4A4CA,8.67597,80.36073,3.28,339.48,60.0,2026-08-09T08:20:00Z,VIIRS
FIRMS_64445E3E,8.67835,80.37698,5.08,335.78,60.0,2026-08-09T08:20:00Z,VIIRS
FIRMS_B2A762B2,8.71225,80.35955,6.61,339.92,60.0,2026-08-09T08:20:00Z,VIIRS
FIRMS_D7EDCC21,8.71466,80.3596,2.51,331.0,60.0,2026-08-09T08:20:00Z,VIIRS
FIRMS_E8D24399,8.73953,80.40584,3.51,332.52,60.0,2026-08-09T08:20:00Z,VIIRS
FIRMS_64F0239C,8.86085,80.50182,10.71,347.4,60.0,2026-08-09T08:20:00Z,VIIRS
FIRMS_D4DD4D0A,8.87646,80.48267,3.62,332.63,60.0,2026-08-09T08:20:00Z,VIIRS
FIRMS_19A4E7A0,8.89835,78.04342,1.95,335.75,60.0,2026-08-09T08:20:00Z,VIIRS
FIRMS_941B9D19,8.90778,77.70798,1.5,331.91,60.0,2026-08-09T08:20:00Z,VIIRS
FIRMS_971CAB33,9.23388,78.68824,2.14,333.0,60.0,2026-08-09T08:20:00Z,VIIRS
FIRMS_680FE848,9.23726,78.68773,2.14,340.37,60.0,2026-08-09T08:20:00Z,VIIRS
FIRMS_B3DBD94A,9.25581,78.76631,2.38,338.32,60.0,2026-08-09T08:20:00Z,VIIRS
FIRMS_DF4C99EB,9.25919,78.76579,1.43,331.52,60.0,2026-08-09T08:20:00Z,VIIRS
FIRMS_E6040070,9.27793,79.12687,6.85,335.7,60.0,2026-08-09T08:20:00Z,VIIRS
FIRMS_20F41399,9.30707,78.76228,1.64,334.15,60.0,2026-08-09T08:20:00Z,VIIRS
FIRMS_2D2279C3,9.40249,77.86951,8.77,344.04,60.0,2026-08-09T08:20:00Z,VIIRS
FIRMS_89CEDEE8,9.50695,78.22846,7.49,338.61,60.0,2026-08-09T08:20:00Z,VIIRS
FIRMS_04626EB1,9.55556,77.81236,12.87,341.93,60.0,2026-08-09T08:20:00Z,VIIRS
FIRMS_712810B5,9.64156,80.321,5.12,339.23,60.0,2026-08-09T08:20:00Z,VIIRS
FIRMS_D0DFA516,9.65162,78.06435,3.22,337.75,60.0,2026-08-09T08:20:00Z,VIIRS
FIRMS_5C810142,9.76124,80.20286,3.86,334.41,60.0,2026-08-09T08:20:00Z,VIIRS
FIRMS_47CED587,9.80894,78.38943,2.49,336.39,60.0,2026-08-09T08:20:00Z,VIIRS
FIRMS_F76E0BA7,9.83043,78.55554,1.93,330.15,60.0,2026-08-09T08:20:00Z,VIIRS
FIRMS_D20B6D64,9.88524,78.29355,19.84,335.89,60.0,2026-08-09T08:20:00Z,VIIRS
FIRMS_773055DC,9.88578,78.29712,19.84,347.52,60.0,2026-08-09T08:20:00Z,VIIRS
FIRMS_4D266828,10.70734,79.56654,16.49,347.98,60.0,2026-08-09T08:20:00Z,VIIRS
FIRMS_2154F6D1,10.8716,79.0443,10.47,352.09,60.0,2026-08-09T08:20:00Z,VIIRS
FIRMS_CF4D28FA,10.9494,78.43846,2.47,338.87,60.0,2026-08-09T08:20:00Z,VIIRS
FIRMS_CC4A71EC,10.96547,78.87568,4.12,336.29,60.0,2026-08-09T08:20:00Z,VIIRS
FIRMS_5FEBD724,11.19703,78.23231,5.29,336.41,60.0,2026-08-09T08:22:00Z,VIIRS
FIRMS_40522E8C,12.07076,79.81661,4.54,338.9,60.0,2026-08-09T08:22:00Z,VIIRS
FIRMS_DF098CBF,12.71801,77.46906,8.87,339.87,60.0,2026-08-09T08:22:00Z,VIIRS
FIRMS_7176A4D1,13.35524,76.1264,2.36,334.62,60.0,2026-08-09T08:22:00Z,VIIRS
FIRMS_B29DED2C,13.35856,76.12586,2.36,335.1,60.0,2026-08-09T08:22:00Z,VIIRS
FIRMS_E79979F5,14.49981,79.59328,3.06,337.67,60.0,2026-08-09T08:22:00Z,VIIRS
FIRMS_3E4460B9,15.05902,77.04708,5.81,337.61,60.0,2026-08-09T08:22:00Z,VIIRS
FIRMS_D94DD275,15.11534,76.20264,4.95,343.73,60.0,2026-08-09T08:22:00Z,VIIRS
FIRMS_A8DBFB2C,15.26647,79.7698,2.71,336.78,60.0,2026-08-09T08:22:00Z,VIIRS
FIRMS_BFA3C083,15.57389,79.7675,3.73,335.75,60.0,2026-08-09T08:22:00Z,VIIRS
FIRMS_5421E2F0,15.58949,79.25832,6.62,343.05,60.0,2026-08-09T08:22:00Z,VIIRS
FIRMS_5A262212,15.6994,76.64658,4.95,338.0,60.0,2026-08-09T08:22:00Z,VIIRS
FIRMS_30964D76,15.86068,76.55389,2.28,333.95,60.0,2026-08-09T08:22:00Z,VIIRS
FIRMS_0F48D95D,15.86401,76.55335,2.28,341.33,60.0,2026-08-09T08:22:00Z,VIIRS
FIRMS_EB3DEE49,15.86455,76.55697,2.28,336.54,60.0,2026-08-09T08:22:00Z,VIIRS
FIRMS_EE9B6FAD,15.94282,77.87696,4.61,333.12,60.0,2026-08-09T08:22:00Z,VIIRS
FIRMS_4E21E2C2,16.28229,77.94062,1.82,332.97,60.0,2026-08-09T08:22:00Z,VIIRS
FIRMS_623FBBEE,16.87387,76.99135,1.83,331.58,60.0,2026-08-09T08:22:00Z,VIIRS
FIRMS_31F171FD,16.87724,76.99081,3.0,333.41,60.0,2026-08-09T08:22:00Z,VIIRS
FIRMS_36F113A1,16.93182,80.82512,1.84,334.89,60.0,2026-08-09T08:22:00Z,VIIRS
FIRMS_D5B831FD,21.74523,83.8415,10.2,357.33,30.0,2026-08-09T08:24:00Z,VIIRS
FIRMS_0B1CFED4,21.74558,83.84499,13.51,348.88,60.0,2026-08-09T08:24:00Z,VIIRS
FIRMS_3689B0C5,30.11512,71.60341,0.77,333.26,60.0,2026-08-09T08:26:00Z,VIIRS
FIRMS_ECC5574B,30.74251,72.91972,6.66,330.09,30.0,2026-08-09T08:26:00Z,VIIRS
FIRMS_20FFFFAB,30.89251,73.20496,3.85,330.43,30.0,2026-08-09T08:26:00Z,VIIRS
FIRMS_E0E09295,30.89644,73.2084,4.04,331.57,30.0,2026-08-09T08:26:00Z,VIIRS
FIRMS_E5662846,30.91877,71.95527,2.3,335.14,60.0,2026-08-09T08:26:00Z,VIIRS
FIRMS_6710CFE6,31.53647,70.73714,1.61,330.33,30.0,2026-08-09T08:26:00Z,VIIRS
FIRMS_A6ED9989,34.00609,71.46138,1.22,330.72,30.0,2026-08-09T08:28:00Z,VIIRS
FIRMS_A8243C0A,29.22542,88.34853,1.72,300.65,60.0,2026-08-09T19:10:00Z,VIIRS
FIRMS_0C0167E8,22.36211,87.01589,2.38,305.84,60.0,2026-08-09T19:13:00Z,VIIRS
FIRMS_450BBBF3,22.36279,87.01665,2.89,310.07,60.0,2026-08-09T19:13:00Z,VIIRS
FIRMS_0F65DD5B,22.36856,87.01659,1.6,301.8,60.0,2026-08-09T19:13:00Z,VIIRS
FIRMS_BEC45DDA,22.78946,86.20515,3.0,299.41,60.0,2026-08-09T19:13:00Z,VIIRS
FIRMS_7E202396,23.56024,87.23846,4.18,307.75,60.0,2026-08-09T19:13:00Z,VIIRS
FIRMS_4212A21D,23.60814,85.67458,2.14,301.04,60.0,2026-08-09T19:13:00Z,VIIRS
FIRMS_6D03321D,23.61382,86.79093,1.0,301.45,60.0,2026-08-09T19:13:00Z,VIIRS
FIRMS_DDAED3AF,23.6142,86.78581,1.0,300.2,60.0,2026-08-09T19:13:00Z,VIIRS
FIRMS_10151E4E,23.64419,85.44029,2.76,303.65,60.0,2026-08-09T19:13:00Z,VIIRS
FIRMS_48ADE1C9,23.65178,85.43373,2.09,303.24,60.0,2026-08-09T19:13:00Z,VIIRS
FIRMS_048B7892,23.67829,86.09538,1.68,303.21,60.0,2026-08-09T19:13:00Z,VIIRS
FIRMS_77FF79AB,23.679,86.08202,4.5,310.64,60.0,2026-08-09T19:13:00Z,VIIRS
FIRMS_373898B1,23.67917,86.08173,5.35,308.47,60.0,2026-08-09T19:13:00Z,VIIRS
FIRMS_2AF9C27A,23.69268,87.12355,3.42,302.44,60.0,2026-08-09T19:13:00Z,VIIRS
FIRMS_2656C2E4,23.72358,86.43977,3.39,304.84,60.0,2026-08-09T19:13:00Z,VIIRS
FIRMS_72822FBF,23.72545,86.43877,2.72,303.96,60.0,2026-08-09T19:13:00Z,VIIRS
FIRMS_89D3BB69,23.73755,86.43457,2.18,301.63,60.0,2026-08-09T19:13:00Z,VIIRS
FIRMS_6E36672E,23.77515,86.38584,5.89,302.55,60.0,2026-08-09T19:13:00Z,VIIRS
FIRMS_29B26150,23.7766,86.36593,3.79,303.26,60.0,2026-08-09T19:13:00Z,VIIRS
FIRMS_0769DA31,23.77668,86.38493,4.09,303.03,60.0,2026-08-09T19:13:00Z,VIIRS
FIRMS_F3FC151B,28.37205,77.22668,0.97,305.23,60.0,2026-08-09T20:51:00Z,VIIRS
FIRMS_4FC14BA4,28.74297,76.93353,0.94,308.59,60.0,2026-08-09T20:51:00Z,VIIRS
FIRMS_851B1692,29.22488,88.34971,1.28,305.89,60.0,2026-08-09T20:51:00Z,VIIRS
FIRMS_D61E3238,29.22537,88.34882,1.23,304.73,60.0,2026-08-09T20:51:00Z,VIIRS
FIRMS_37198FA6,29.37353,91.14912,1.72,296.0,60.0,2026-08-09T20:51:00Z,VIIRS
FIRMS_41A0FC7C,29.37619,91.15083,2.03,301.85,60.0,2026-08-09T20:51:00Z,VIIRS
FIRMS_E8B1DBF0,29.47577,76.85696,0.61,307.79,60.0,2026-08-09T20:51:00Z,VIIRS
FIRMS_2F978AF5,30.09282,71.3667,1.08,311.7,60.0,2026-08-09T20:51:00Z,VIIRS
FIRMS_ED213EBA,33.27035,71.58929,1.04,316.72,60.0,2026-08-09T20:51:00Z,VIIRS
FIRMS_FB9C9B1E,33.27303,71.59341,5.23,316.26,60.0,2026-08-09T20:51:00Z,VIIRS
FIRMS_C058DD30,33.27439,71.58952,1.04,318.46,60.0,2026-08-09T20:51:00Z,VIIRS
FIRMS_EFCA3189,33.68818,72.70954,3.05,309.12,60.0,2026-08-09T20:51:00Z,VIIRS
FIRMS_B7E4EA80,34.15973,77.6091,0.61,303.4,60.0,2026-08-09T20:51:00Z,VIIRS
FIRMS_069C62CF,15.02215,78.01655,1.21,309.3,60.0,2026-08-09T20:53:00Z,VIIRS
FIRMS_FB2C3428,15.17016,76.66847,1.7,305.37,60.0,2026-08-09T20:53:00Z,VIIRS
FIRMS_F0B6FBEB,15.17357,76.69316,0.94,307.58,60.0,2026-08-09T20:53:00Z,VIIRS
FIRMS_09BE6538,15.17477,77.1009,0.93,304.35,60.0,2026-08-09T20:53:00Z,VIIRS
FIRMS_32C83F8A,15.17551,76.65991,1.92,309.43,60.0,2026-08-09T20:53:00Z,VIIRS
FIRMS_2FDCF282,15.176,76.67924,2.26,303.56,60.0,2026-08-09T20:53:00Z,VIIRS
FIRMS_B5F9698C,15.17632,76.65526,1.92,316.1,60.0,2026-08-09T20:53:00Z,VIIRS
FIRMS_F075AFDE,15.17859,77.10164,0.93,303.55,60.0,2026-08-09T20:53:00Z,VIIRS
FIRMS_340BB556,15.18005,76.65598,1.25,305.06,60.0,2026-08-09T20:53:00Z,VIIRS
FIRMS_733B283E,15.18752,76.65742,1.82,305.57,60.0,2026-08-09T20:53:00Z,VIIRS
FIRMS_84853AE8,15.22696,76.76333,1.96,317.11,60.0,2026-08-09T20:53:00Z,VIIRS
FIRMS_E52FB5B9,15.33284,76.24754,0.67,304.58,60.0,2026-08-09T20:53:00Z,VIIRS
FIRMS_253E4A69,15.33398,76.28428,0.61,301.8,60.0,2026-08-09T20:53:00Z,VIIRS
FIRMS_E982BAAA,15.3384,76.28057,1.24,319.07,60.0,2026-08-09T20:53:00Z,VIIRS
FIRMS_18B81C9F,18.57529,72.24021,2.83,312.1,60.0,2026-08-09T20:53:00Z,VIIRS
FIRMS_31C47EC4,18.57864,72.24078,2.83,324.38,60.0,2026-08-09T20:53:00Z,VIIRS
FIRMS_B518F2DA,20.79585,85.25479,4.58,322.38,60.0,2026-08-09T20:53:00Z,VIIRS
FIRMS_AE4D1238,20.96531,85.17321,1.68,303.02,60.0,2026-08-09T20:53:00Z,VIIRS
FIRMS_ED025526,20.96626,85.16904,1.68,306.44,60.0,2026-08-09T20:53:00Z,VIIRS
FIRMS_8D823A50,20.9672,85.16487,3.57,305.74,60.0,2026-08-09T20:53:00Z,VIIRS
FIRMS_FB4E6893,20.97097,85.17477,1.68,306.12,60.0,2026-08-09T20:53:00Z,VIIRS
FIRMS_5EEDC140,20.97757,85.17213,1.67,306.64,60.0,2026-08-09T20:53:00Z,VIIRS
FIRMS_0DDA3CB0,20.97851,85.16796,2.42,303.53,60.0,2026-08-09T20:53:00Z,VIIRS
FIRMS_8941E2AA,20.97952,85.13689,2.03,304.81,60.0,2026-08-09T20:53:00Z,VIIRS
FIRMS_B7F8114C,20.98047,85.13264,2.63,309.35,60.0,2026-08-09T20:53:00Z,VIIRS
FIRMS_AAB9F051,20.98613,85.13412,1.25,307.17,60.0,2026-08-09T20:53:00Z,VIIRS
FIRMS_CFEB02ED,21.05272,72.85251,0.73,305.92,60.0,2026-08-09T20:53:00Z,VIIRS
FIRMS_C7CDAF72,21.05607,72.85309,0.73,308.76,60.0,2026-08-09T20:53:00Z,VIIRS
FIRMS_69A9E39F,21.10189,72.63857,2.43,299.87,60.0,2026-08-09T20:53:00Z,VIIRS
FIRMS_AFAF21A6,21.10246,72.63474,2.43,334.79,60.0,2026-08-09T20:53:00Z,VIIRS
FIRMS_0D531661,21.10411,72.6468,2.5,327.81,60.0,2026-08-09T20:53:00Z,VIIRS
FIRMS_314AC8CF,21.10468,72.64297,2.5,304.37,60.0,2026-08-09T20:53:00Z,VIIRS
FIRMS_9B87580B,21.10583,72.63531,0.95,301.51,60.0,2026-08-09T20:53:00Z,VIIRS
FIRMS_442E458B,21.10748,72.64737,2.5,337.04,60.0,2026-08-09T20:53:00Z,VIIRS
FIRMS_44F0A106,21.10805,72.64354,2.5,305.64,60.0,2026-08-09T20:53:00Z,VIIRS
FIRMS_91A68B25,21.10862,72.63972,0.95,304.99,60.0,2026-08-09T20:53:00Z,VIIRS
FIRMS_5C4DAD41,21.18384,81.38453,2.28,308.14,60.0,2026-08-09T20:53:00Z,VIIRS
FIRMS_C8BB104F,21.29874,81.60884,1.09,301.03,60.0,2026-08-09T20:53:00Z,VIIRS
FIRMS_1539DD23,21.36524,81.67861,1.74,305.57,60.0,2026-08-09T20:53:00Z,VIIRS
FIRMS_CD385FF3,21.57567,82.02277,1.36,305.27,60.0,2026-08-09T20:53:00Z,VIIRS
FIRMS_B3B757A1,21.57739,82.02422,0.74,303.84,60.0,2026-08-09T20:53:00Z,VIIRS
FIRMS_C933E969,21.69786,84.03272,0.95,300.38,60.0,2026-08-09T20:53:00Z,VIIRS
FIRMS_B2439C42,21.73952,83.84424,2.16,301.74,60.0,2026-08-09T20:53:00Z,VIIRS
FIRMS_FB5D8AEC,21.73995,83.84397,2.07,303.18,60.0,2026-08-09T20:53:00Z,VIIRS
FIRMS_E36AAC6D,21.74026,83.84083,4.43,303.89,60.0,2026-08-09T20:53:00Z,VIIRS
FIRMS_4EF11D55,21.7407,83.84058,4.53,308.79,60.0,2026-08-09T20:53:00Z,VIIRS
FIRMS_6ED836DB,21.74466,83.84566,2.16,304.79,60.0,2026-08-09T20:53:00Z,VIIRS
FIRMS_AC5CE1CC,21.74508,83.84539,2.07,304.62,60.0,2026-08-09T20:53:00Z,VIIRS
FIRMS_341ADB99,21.7454,83.84225,4.43,367.0,90.0,2026-08-09T20:53:00Z,VIIRS
FIRMS_21D147BD,21.74584,83.84196,4.53,367.0,90.0,2026-08-09T20:53:00Z,VIIRS
FIRMS_8245858B,21.74613,83.83881,4.43,302.67,60.0,2026-08-09T20:53:00Z,VIIRS
FIRMS_E29F480A,21.7466,83.83854,4.53,303.08,60.0,2026-08-09T20:53:00Z,VIIRS
FIRMS_A164AB06,21.75098,83.84337,1.57,321.57,60.0,2026-08-09T20:53:00Z,VIIRS
FIRMS_35C6E314,21.75174,83.83995,1.57,301.66,60.0,2026-08-09T20:53:00Z,VIIRS
FIRMS_6CE9235A,21.75475,84.02496,1.14,311.48,60.0,2026-08-09T20:53:00Z,VIIRS
FIRMS_79C3592E,21.7555,84.02152,1.14,304.3,60.0,2026-08-09T20:53:00Z,VIIRS
FIRMS_2C3A1F17,21.75613,83.84473,1.57,331.1,60.0,2026-08-09T20:53:00Z,VIIRS
FIRMS_BDA69B11,21.75689,83.84132,1.57,306.24,60.0,2026-08-09T20:53:00Z,VIIRS
FIRMS_7D44C822,21.76073,84.02281,1.14,305.64,60.0,2026-08-09T20:53:00Z,VIIRS
FIRMS_AD31EA9E,21.76148,84.01937,1.97,309.95,60.0,2026-08-09T20:53:00Z,VIIRS
FIRMS_9995BE02,21.76204,83.84266,0.74,302.22,60.0,2026-08-09T20:53:00Z,VIIRS
FIRMS_CC7BAE64,21.76645,83.84737,0.74,304.54,60.0,2026-08-09T20:53:00Z,VIIRS
FIRMS_681A7392,21.7667,84.02068,1.45,311.13,60.0,2026-08-09T20:53:00Z,VIIRS
FIRMS_9FAEAF19,21.76745,84.01727,1.45,308.2,60.0,2026-08-09T20:53:00Z,VIIRS
FIRMS_59EFF525,21.77686,83.8248,2.22,317.02,60.0,2026-08-09T20:53:00Z,VIIRS
FIRMS_3D833B16,21.80161,82.04208,1.46,298.97,60.0,2026-08-09T20:53:00Z,VIIRS
FIRMS_D5F1717A,21.85959,83.96744,0.85,305.11,60.0,2026-08-09T20:53:00Z,VIIRS
FIRMS_6CF7951F,21.9223,83.35155,1.99,327.47,60.0,2026-08-09T20:53:00Z,VIIRS
FIRMS_3400C2F2,21.92297,83.34842,1.99,305.39,60.0,2026-08-09T20:53:00Z,VIIRS
FIRMS_B5E34738,21.92497,83.3391,2.53,319.32,60.0,2026-08-09T20:53:00Z,VIIRS
FIRMS_57BA8172,21.96346,83.77216,0.98,306.88,60.0,2026-08-09T20:53:00Z,VIIRS
FIRMS_705C7130,21.96713,83.77322,0.96,306.19,60.0,2026-08-09T20:53:00Z,VIIRS
FIRMS_F3BE02F0,21.98326,83.23328,1.54,308.46,60.0,2026-08-09T20:53:00Z,VIIRS
FIRMS_EE992FE0,21.98404,83.23331,0.63,313.26,60.0,2026-08-09T20:53:00Z,VIIRS
FIRMS_4C875D05,22.01604,83.75397,0.71,302.39,60.0,2026-08-09T20:53:00Z,VIIRS
FIRMS_E13F535D,22.03315,83.36578,0.93,309.35,60.0,2026-08-09T20:53:00Z,VIIRS
FIRMS_DECF673D,22.03383,83.36263,0.93,302.33,60.0,2026-08-09T20:53:00Z,VIIRS
FIRMS_97C1EA6E,22.03518,83.35629,1.37,303.07,60.0,2026-08-09T20:53:00Z,VIIRS
FIRMS_9D2A4272,22.03585,83.35313,0.9,302.69,60.0,2026-08-09T20:53:00Z,VIIRS
FIRMS_F1E23508,22.03652,83.35001,0.9,309.81,60.0,2026-08-09T20:53:00Z,VIIRS
FIRMS_BB555F3B,22.04084,83.35434,0.62,305.59,60.0,2026-08-09T20:53:00Z,VIIRS
FIRMS_CB7A3A23,22.04151,83.35121,0.62,306.0,60.0,2026-08-09T20:53:00Z,VIIRS
FIRMS_B1A7B3CA,22.06459,83.70384,0.62,299.4,60.0,2026-08-09T20:53:00Z,VIIRS
FIRMS_6180DCF1,22.33633,69.86706,0.94,296.59,60.0,2026-08-09T20:53:00Z,VIIRS
FIRMS_42BDDD7B,22.41452,69.03976,2.56,305.86,60.0,2026-08-09T20:53:00Z,VIIRS
FIRMS_4A763409,22.57261,85.8962,2.37,315.67,60.0,2026-08-09T20:53:00Z,VIIRS
FIRMS_A1145C79,22.57268,85.89642,2.38,315.22,60.0,2026-08-09T20:53:00Z,VIIRS
FIRMS_9AC23E42,22.93463,69.69802,1.61,308.32,60.0,2026-08-09T20:53:00Z,VIIRS
FIRMS_A48EABA8,23.26503,70.2586,0.45,300.98,60.0,2026-08-09T20:53:00Z,VIIRS
FIRMS_E07D0E97,23.31598,70.48666,1.34,304.72,60.0,2026-08-09T20:53:00Z,VIIRS
FIRMS_78E2AE7C,23.55688,87.24264,3.94,319.62,60.0,2026-08-09T20:53:00Z,VIIRS
FIRMS_4057399A,23.55756,87.23849,6.46,331.11,60.0,2026-08-09T20:53:00Z,VIIRS
FIRMS_9D12FC48,23.5581,87.23757,3.94,320.15,60.0,2026-08-09T20:53:00Z,VIIRS
FIRMS_DD5B67DA,23.5636,87.24025,3.77,311.73,60.0,2026-08-09T20:53:00Z,VIIRS
FIRMS_2A58149F,23.68279,85.36151,1.0,303.63,60.0,2026-08-09T20:53:00Z,VIIRS
FIRMS_A55B784B,23.69139,85.37067,1.02,301.7,60.0,2026-08-09T20:53:00Z,VIIRS
FIRMS_AC8CFA20,23.69188,85.37228,0.75,300.95,60.0,2026-08-09T20:53:00Z,VIIRS
FIRMS_64F9C027,23.69277,85.36834,0.75,301.77,60.0,2026-08-09T20:53:00Z,VIIRS
FIRMS_6990C2D4,23.69682,85.37211,2.51,312.73,60.0,2026-08-09T20:53:00Z,VIIRS
FIRMS_A799B117,23.6982,85.36979,0.75,304.83,60.0,2026-08-09T20:53:00Z,VIIRS
FIRMS_90F178B7,23.70715,86.07474,1.54,309.27,60.0,2026-08-09T20:53:00Z,VIIRS
FIRMS_AA7799BF,23.78459,85.56609,1.71,303.32,60.0,2026-08-09T20:53:00Z,VIIRS
FIRMS_49E885A6,23.78739,85.55407,1.76,304.64,60.0,2026-08-09T20:53:00Z,VIIRS
FIRMS_3163B410,23.82163,84.57192,1.68,296.02,60.0,2026-08-09T20:53:00Z,VIIRS
FIRMS_B2D3D209,24.17704,82.64884,1.95,304.12,60.0,2026-08-09T20:53:00Z,VIIRS
FIRMS_886A2040,24.17747,82.65152,1.92,309.63,60.0,2026-08-09T20:53:00Z,VIIRS
FIRMS_CCF23D4F,24.18504,82.65644,1.5,305.11,60.0,2026-08-09T20:53:00Z,VIIRS
FIRMS_D4044350,25.3889,68.5837,1.21,316.63,60.0,2026-08-09T20:53:00Z,VIIRS
FIRMS_9B69BE19,25.3894,68.57915,1.39,309.02,60.0,2026-08-09T20:53:00Z,VIIRS
FIRMS_CAC40A09,25.94221,72.19034,0.98,297.05,60.0,2026-08-09T20:53:00Z,VIIRS
FIRMS_A9ED0399,26.09499,68.87696,0.93,311.21,60.0,2026-08-09T20:53:00Z,VIIRS
FIRMS_4A8B5DDF,9.71063,77.60217,3.01,307.3,60.0,2026-08-09T20:55:00Z,VIIRS
FIRMS_AA0088F6,9.71142,77.59763,3.01,326.39,60.0,2026-08-09T20:55:00Z,VIIRS
FIRMS_25BDA4C0,9.71238,77.60028,5.68,342.1,60.0,2026-08-09T20:55:00Z,VIIRS
FIRMS_5EDC7738,9.7151,77.60211,3.01,318.67,60.0,2026-08-09T20:55:00Z,VIIRS
FIRMS_8BF253F9,9.71592,77.59735,3.01,333.99,60.0,2026-08-09T20:55:00Z,VIIRS
FIRMS_127C830C,9.71691,77.59991,5.68,322.27,60.0,2026-08-09T20:55:00Z,VIIRS
FIRMS_31AB5795,9.71963,77.60168,0.83,307.9,60.0,2026-08-09T20:55:00Z,VIIRS
FIRMS_FAC7D6CD,9.71971,77.60912,1.92,316.36,60.0,2026-08-09T20:55:00Z,VIIRS
FIRMS_7BA44489,9.72057,77.60439,1.92,325.17,60.0,2026-08-09T20:55:00Z,VIIRS
FIRMS_29C7FF6B,9.72244,77.61123,3.78,314.72,60.0,2026-08-09T20:55:00Z,VIIRS
FIRMS_35F6E007,9.72325,77.60651,3.78,334.47,60.0,2026-08-09T20:55:00Z,VIIRS
FIRMS_A7FAD6E2,9.72415,77.60929,1.92,319.58,60.0,2026-08-09T20:55:00Z,VIIRS
FIRMS_E7556310,9.725,77.60458,1.92,302.41,60.0,2026-08-09T20:55:00Z,VIIRS
FIRMS_B556D9DE,10.41551,77.10945,2.55,320.29,60.0,2026-08-09T20:55:00Z,VIIRS
FIRMS_F2F05AB6,18.68412,73.03049,1.37,310.97,60.0,2026-08-09T20:55:00Z,VIIRS
FIRMS_C055E777,18.68744,73.03105,1.37,310.64,60.0,2026-08-09T20:55:00Z,VIIRS
FIRMS_728C2828,18.95695,73.94106,0.43,304.84,60.0,2026-08-09T20:55:00Z,VIIRS
FIRMS_C72B11A0,19.17647,70.94337,2.67,304.83,60.0,2026-08-09T20:55:00Z,VIIRS
FIRMS_C7E0123B,20.86897,70.56341,1.22,304.13,60.0,2026-08-09T20:55:00Z,VIIRS
FIRMS_1ED97DBE,23.95202,97.65089,3.55,328.56,60.0,2026-08-10T06:25:00Z,VIIRS
FIRMS_95599AB2,25.23627,97.25916,2.92,327.99,60.0,2026-08-10T06:25:00Z,VIIRS
FIRMS_F91CF00D,27.26478,97.50578,1.65,326.33,60.0,2026-08-10T06:27:00Z,VIIRS
FIRMS_DAD7084D,6.11241,81.09345,4.57,339.02,60.0,2026-08-10T07:58:00Z,VIIRS
FIRMS_BE4E9D2E,6.23674,80.99846,5.44,335.42,60.0,2026-08-10T07:58:00Z,VIIRS
FIRMS_C75C17DA,6.75074,81.74324,10.85,354.65,60.0,2026-08-10T07:58:00Z,VIIRS
FIRMS_7F7C9A33,7.24348,81.25483,4.29,333.67,30.0,2026-08-10T08:01:00Z,VIIRS
FIRMS_CB9925BF,7.33924,81.19566,7.25,330.99,30.0,2026-08-10T08:01:00Z,VIIRS
FIRMS_5BE2EA76,8.2479,80.687,2.23,331.95,30.0,2026-08-10T08:01:00Z,VIIRS
FIRMS_3DB53F6F,8.28735,80.1686,5.09,334.38,60.0,2026-08-10T08:01:00Z,VIIRS
FIRMS_10580AA1,8.50113,80.65372,1.56,331.8,30.0,2026-08-10T08:01:00Z,VIIRS
FIRMS_A960E5AE,8.56523,80.44241,5.48,340.41,60.0,2026-08-10T08:01:00Z,VIIRS
FIRMS_7B0F1AF2,8.56684,80.65114,6.16,332.25,30.0,2026-08-10T08:01:00Z,VIIRS
FIRMS_910E6D6C,8.58914,80.54917,7.15,345.35,30.0,2026-08-10T08:01:00Z,VIIRS
FIRMS_2EB45C60,8.65186,80.48193,6.71,339.28,60.0,2026-08-10T08:01:00Z,VIIRS
FIRMS_F7C46FDD,8.66093,81.11579,3.44,330.25,30.0,2026-08-10T08:01:00Z,VIIRS
FIRMS_B73B8589,8.66499,77.87334,6.53,340.85,60.0,2026-08-10T08:01:00Z,VIIRS
FIRMS_D9858F3D,8.67884,80.29721,2.98,335.32,60.0,2026-08-10T08:01:00Z,VIIRS
FIRMS_142D3B18,8.68488,80.46899,4.33,334.26,30.0,2026-08-10T08:01:00Z,VIIRS
FIRMS_A545D169,8.74038,77.72398,2.94,332.77,60.0,2026-08-10T08:01:00Z,VIIRS
FIRMS_4514B2AD,8.84993,80.89687,5.9,333.39,30.0,2026-08-10T08:01:00Z,VIIRS
FIRMS_50CA92EB,8.86692,80.58389,3.17,337.39,30.0,2026-08-10T08:01:00Z,VIIRS
FIRMS_5CC79CAA,8.86749,80.58756,3.17,334.47,30.0,2026-08-10T08:01:00Z,VIIRS
FIRMS_5702674E,9.11507,77.54341,5.08,346.35,60.0,2026-08-10T08:01:00Z,VIIRS
FIRMS_95CE4F1A,9.1559,80.68771,6.05,337.55,30.0,2026-08-10T08:01:00Z,VIIRS
FIRMS_D51BDA42,9.42565,78.80767,8.7,336.8,30.0,2026-08-10T08:01:00Z,VIIRS
FIRMS_E1B275EA,9.53488,78.5205,2.49,330.49,30.0,2026-08-10T08:01:00Z,VIIRS
FIRMS_A488626D,9.65751,78.09645,4.57,338.99,60.0,2026-08-10T08:01:00Z,VIIRS
FIRMS_D7796F27,9.65848,78.09887,5.64,336.36,60.0,2026-08-10T08:01:00Z,VIIRS
FIRMS_BF7FC740,9.67706,77.40768,27.78,353.93,60.0,2026-08-10T08:01:00Z,VIIRS
FIRMS_E2304C10,9.70958,77.59943,6.59,339.29,60.0,2026-08-10T08:01:00Z,VIIRS
FIRMS_EE15ED07,9.90223,78.1714,2.8,335.02,60.0,2026-08-10T08:01:00Z,VIIRS
FIRMS_30BF2B90,10.007,78.03323,19.23,355.73,60.0,2026-08-10T08:01:00Z,VIIRS
FIRMS_32DEA610,10.40051,79.41708,8.13,346.89,60.0,2026-08-10T08:01:00Z,VIIRS
FIRMS_27E7A083,11.73288,79.25768,6.56,339.42,60.0,2026-08-10T08:01:00Z,VIIRS
FIRMS_7D3F3BBD,12.09698,79.78356,8.28,346.95,60.0,2026-08-10T08:01:00Z,VIIRS
FIRMS_BE0DABB5,12.56739,76.95238,6.39,341.37,60.0,2026-08-10T08:01:00Z,VIIRS
FIRMS_279E676E,13.99028,79.82359,9.45,345.75,60.0,2026-08-10T08:01:00Z,VIIRS
FIRMS_9BC5066C,14.25999,80.11745,7.87,337.94,30.0,2026-08-10T08:01:00Z,VIIRS
FIRMS_3BDC85C1,14.41773,77.48374,4.22,336.38,30.0,2026-08-10T08:03:00Z,VIIRS
FIRMS_D922AFC9,14.61157,79.57929,3.22,331.31,30.0,2026-08-10T08:03:00Z,VIIRS
FIRMS_33737461,14.78313,77.36995,5.15,333.51,30.0,2026-08-10T08:03:00Z,VIIRS
FIRMS_BF70919B,15.17701,79.4042,3.8,335.91,30.0,2026-08-10T08:03:00Z,VIIRS
FIRMS_95C72768,15.29744,79.91622,6.41,336.62,30.0,2026-08-10T08:03:00Z,VIIRS
FIRMS_800CFE02,15.31481,79.78688,7.27,339.73,30.0,2026-08-10T08:03:00Z,VIIRS
FIRMS_C4655589,15.66939,80.24091,26.37,340.92,60.0,2026-08-10T08:03:00Z,VIIRS
FIRMS_D12E4437,15.73965,76.86564,6.36,333.53,60.0,2026-08-10T08:03:00Z,VIIRS
FIRMS_6A47E8D5,16.6777,79.28349,3.93,334.32,30.0,2026-08-10T08:03:00Z,VIIRS
FIRMS_5355B762,17.95901,80.79624,2.82,331.58,60.0,2026-08-10T08:03:00Z,VIIRS
FIRMS_F6CB2A2F,19.81181,79.30586,1.52,333.62,60.0,2026-08-10T08:03:00Z,VIIRS
FIRMS_4C2C393B,24.96334,68.29653,7.01,367.0,90.0,2026-08-10T08:05:00Z,VIIRS
FIRMS_5528247C,27.41576,68.69434,11.3,330.47,30.0,2026-08-10T08:07:00Z,VIIRS
FIRMS_863B77F2,29.47674,71.57613,1.95,333.68,60.0,2026-08-10T08:07:00Z,VIIRS
FIRMS_A0675C2B,29.75784,71.19679,4.14,341.31,60.0,2026-08-10T08:07:00Z,VIIRS
FIRMS_80488511,29.80911,71.22158,0.95,330.73,60.0,2026-08-10T08:07:00Z,VIIRS
FIRMS_87AD2C01,29.87585,72.1666,2.0,330.63,60.0,2026-08-10T08:07:00Z,VIIRS
FIRMS_82186B1D,30.44198,72.03133,2.14,331.4,60.0,2026-08-10T08:07:00Z,VIIRS
FIRMS_333D79BF,30.6178,72.00645,1.87,331.22,60.0,2026-08-10T08:07:00Z,VIIRS
FIRMS_12B60929,30.66344,72.10561,3.42,336.39,60.0,2026-08-10T08:07:00Z,VIIRS
FIRMS_F10336E6,30.66452,72.10686,4.7,334.89,60.0,2026-08-10T08:07:00Z,VIIRS
FIRMS_60AFB4BC,30.6663,71.79234,2.69,332.62,60.0,2026-08-10T08:07:00Z,VIIRS
FIRMS_4E184637,30.74711,71.97482,3.62,330.13,60.0,2026-08-10T08:07:00Z,VIIRS
FIRMS_E83BA07E,30.82264,71.89292,5.59,342.09,60.0,2026-08-10T08:07:00Z,VIIRS
FIRMS_C06043E4,30.92426,71.95514,6.69,344.23,60.0,2026-08-10T08:07:00Z,VIIRS
FIRMS_AEF7DBEE,30.93043,71.92529,6.31,334.04,60.0,2026-08-10T08:07:00Z,VIIRS
FIRMS_A5C7B256,30.93421,71.92432,6.31,334.6,60.0,2026-08-10T08:07:00Z,VIIRS
FIRMS_CD214393,30.97559,70.80282,7.21,330.49,30.0,2026-08-10T08:07:00Z,VIIRS
FIRMS_BE108FBA,31.03724,70.81618,4.71,331.0,30.0,2026-08-10T08:07:00Z,VIIRS
FIRMS_0736B511,29.26117,91.92243,2.96,300.93,60.0,2026-08-10T18:49:00Z,VIIRS
FIRMS_825E1D82,30.06718,96.97577,1.16,298.83,60.0,2026-08-10T18:49:00Z,VIIRS
FIRMS_42DE5ABC,26.77199,94.50657,3.63,307.07,60.0,2026-08-10T18:51:00Z,VIIRS
FIRMS_F6E0D41E,27.22299,95.34394,1.19,307.29,60.0,2026-08-10T18:51:00Z,VIIRS
FIRMS_20200A33,27.22307,95.34376,0.8,308.54,60.0,2026-08-10T18:51:00Z,VIIRS
FIRMS_8347A727,27.31815,95.26571,1.48,306.66,60.0,2026-08-10T18:51:00Z,VIIRS
FIRMS_DEA7A1DA,27.46151,95.47781,2.14,305.79,60.0,2026-08-10T18:51:00Z,VIIRS
FIRMS_A74CA052,35.99197,94.82977,1.0,300.52,60.0,2026-08-10T20:27:00Z,VIIRS
FIRMS_4A92EA75,35.99315,94.82987,0.76,295.44,60.0,2026-08-10T20:27:00Z,VIIRS
FIRMS_54A88FD5,33.40569,71.93793,0.51,307.04,60.0,2026-08-10T20:29:00Z,VIIRS
FIRMS_B922073E,35.96609,68.6862,2.57,303.69,60.0,2026-08-10T20:29:00Z,VIIRS
FIRMS_562B4CD8,23.67876,86.3997,1.54,302.17,60.0,2026-08-10T20:32:00Z,VIIRS
FIRMS_A961F4F5,23.6797,86.39513,1.54,304.13,60.0,2026-08-10T20:32:00Z,VIIRS
FIRMS_AAEBE479,23.71038,86.44572,0.96,303.13,60.0,2026-08-10T20:32:00Z,VIIRS
FIRMS_0FAA5BFD,23.73582,86.4325,1.47,307.8,60.0,2026-08-10T20:32:00Z,VIIRS
FIRMS_103EEB64,23.73635,86.43119,1.6,309.38,60.0,2026-08-10T20:32:00Z,VIIRS
FIRMS_3BE8DD4C,23.74017,86.43353,1.47,305.53,60.0,2026-08-10T20:32:00Z,VIIRS
FIRMS_28B2B098,23.74069,86.43222,1.6,303.33,60.0,2026-08-10T20:32:00Z,VIIRS
FIRMS_E46D1625,23.74609,85.50594,0.92,304.91,60.0,2026-08-10T20:32:00Z,VIIRS
FIRMS_2F5903E3,23.75457,85.85389,2.36,308.66,60.0,2026-08-10T20:32:00Z,VIIRS
FIRMS_52DF4D3D,23.75578,85.85191,5.25,315.07,60.0,2026-08-10T20:32:00Z,VIIRS
FIRMS_4EA9853E,23.75876,85.85487,2.36,306.85,60.0,2026-08-10T20:32:00Z,VIIRS
FIRMS_AA492DA6,23.76469,86.40427,1.8,304.0,60.0,2026-08-10T20:32:00Z,VIIRS
FIRMS_40CEF225,23.78002,85.57363,2.75,308.17,60.0,2026-08-10T20:32:00Z,VIIRS
FIRMS_E565E66E,23.78163,85.56542,1.44,310.99,60.0,2026-08-10T20:32:00Z,VIIRS
FIRMS_E7EE4F90,23.78816,85.55405,1.27,308.19,60.0,2026-08-10T20:32:00Z,VIIRS
FIRMS_72EFE5CF,23.82257,85.49671,1.94,308.19,60.0,2026-08-10T20:32:00Z,VIIRS
FIRMS_21B86732,23.82469,85.49886,2.63,307.93,60.0,2026-08-10T20:32:00Z,VIIRS
FIRMS_752B41EE,29.22212,88.35135,0.68,295.74,60.0,2026-08-10T20:32:00Z,VIIRS
FIRMS_1C202B6F,29.26332,91.92432,1.32,305.14,60.0,2026-08-10T20:32:00Z,VIIRS
FIRMS_68AAF342,29.37813,91.15085,0.76,305.5,60.0,2026-08-10T20:32:00Z,VIIRS
FIRMS_DA52C774,18.71598,79.53969,1.6,307.68,60.0,2026-08-10T20:34:00Z,VIIRS
FIRMS_9048EC04,18.71994,79.53657,1.69,309.87,60.0,2026-08-10T20:34:00Z,VIIRS
FIRMS_6738FB59,19.96435,79.33541,1.08,308.94,60.0,2026-08-10T20:34:00Z,VIIRS
FIRMS_DD2D2F8D,20.86225,84.98945,3.24,303.1,60.0,2026-08-10T20:34:00Z,VIIRS
FIRMS_BDDAF3F5,20.86358,84.98724,2.21,310.48,60.0,2026-08-10T20:34:00Z,VIIRS
FIRMS_61D1BC46,20.86561,84.9946,2.57,308.58,60.0,2026-08-10T20:34:00Z,VIIRS
FIRMS_8CE73A19,20.86698,84.99238,2.35,305.69,60.0,2026-08-10T20:34:00Z,VIIRS
FIRMS_F2C6D69E,22.79259,86.1953,2.71,306.0,60.0,2026-08-10T20:34:00Z,VIIRS
FIRMS_C10E3CFF,22.79967,86.0918,2.5,312.26,60.0,2026-08-10T20:34:00Z,VIIRS
FIRMS_925717A3,22.87322,86.06417,1.81,311.97,60.0,2026-08-10T20:34:00Z,VIIRS
FIRMS_315EE21C,23.69358,85.36925,1.3,320.89,60.0,2026-08-10T20:34:00Z,VIIRS
FIRMS_E9539F0A,23.69617,85.29114,1.31,313.71,60.0,2026-08-10T20:34:00Z,VIIRS
FIRMS_5C95F748,23.69766,85.37018,1.3,304.92,60.0,2026-08-10T20:34:00Z,VIIRS
FIRMS_12ED4F6C,23.71813,85.00859,0.65,304.69,60.0,2026-08-10T20:34:00Z,VIIRS
FIRMS_22FDEED4,23.72211,85.0095,0.65,304.33,60.0,2026-08-10T20:34:00Z,VIIRS
FIRMS_301271F4,23.73483,85.00838,0.8,303.67,60.0,2026-08-10T20:34:00Z,VIIRS
FIRMS_C4F050C8,23.73657,85.02082,1.07,306.38,60.0,2026-08-10T20:34:00Z,VIIRS
FIRMS_68A7E3FE,23.73882,85.00931,1.47,304.21,60.0,2026-08-10T20:34:00Z,VIIRS
FIRMS_F3283C9D,25.38742,68.58064,1.64,317.53,60.0,2026-08-10T20:34:00Z,VIIRS
FIRMS_F87C4822,6.86747,81.55627,1.39,307.5,60.0,2026-08-10T20:38:00Z,VIIRS
FIRMS_128128AD,7.36113,80.89506,1.04,307.16,60.0,2026-08-10T20:38:00Z,VIIRS
FIRMS_44B934A5,7.38877,81.22155,6.13,339.66,60.0,2026-08-10T20:38:00Z,VIIRS
FIRMS_D849222E,8.29562,80.34652,2.86,320.93,60.0,2026-08-10T20:38:00Z,VIIRS
FIRMS_3E4A5014,8.69899,78.05886,1.16,316.48,60.0,2026-08-10T20:38:00Z,VIIRS
FIRMS_BF477585,9.20653,77.49845,1.56,310.68,60.0,2026-08-10T20:38:00Z,VIIRS
FIRMS_8E55B65E,9.28078,77.39169,2.94,329.87,60.0,2026-08-10T20:38:00Z,VIIRS
FIRMS_F0B78CCC,9.52627,77.44958,3.14,320.1,60.0,2026-08-10T20:38:00Z,VIIRS
FIRMS_23D5F20D,9.52684,77.44609,3.14,315.95,60.0,2026-08-10T20:38:00Z,VIIRS
FIRMS_BED777C7,9.52966,77.44995,3.14,337.96,60.0,2026-08-10T20:38:00Z,VIIRS
FIRMS_49870B57,9.53022,77.44653,3.14,342.64,60.0,2026-08-10T20:38:00Z,VIIRS
FIRMS_13AEFE54,9.70315,77.58917,6.37,344.88,60.0,2026-08-10T20:38:00Z,VIIRS
FIRMS_2C1CFB4B,9.70653,77.58966,1.61,309.63,60.0,2026-08-10T20:38:00Z,VIIRS
FIRMS_44115ADF,9.71671,77.59083,1.08,305.73,60.0,2026-08-10T20:38:00Z,VIIRS
FIRMS_106DC75E,9.72326,77.61427,0.32,303.75,60.0,2026-08-10T20:38:00Z,VIIRS
FIRMS_1F09C546,9.89699,77.68813,2.01,321.31,60.0,2026-08-10T20:38:00Z,VIIRS
FIRMS_1DF0999C,9.90036,77.68868,2.83,330.49,60.0,2026-08-10T20:38:00Z,VIIRS
FIRMS_D806949B,34.44133,71.02061,1.53,302.32,60.0,2026-08-10T22:10:00Z,VIIRS
FIRMS_D729C28D,35.96784,68.68665,1.41,302.47,60.0,2026-08-10T22:10:00Z,VIIRS
FIRMS_8A2E5F7A,28.06321,95.35553,4.22,327.28,60.0,2026-08-11T06:08:00Z,VIIRS
FIRMS_2BE67E12,6.37665,81.13255,4.36,329.86,60.0,2026-08-11T07:41:00Z,VIIRS
FIRMS_58C5E2F7,6.65509,81.18199,3.37,332.54,60.0,2026-08-11T07:41:00Z,VIIRS
FIRMS_72E483E6,6.65942,81.1833,5.83,341.39,60.0,2026-08-11T07:41:00Z,VIIRS
FIRMS_D19C1573,6.6595,81.18127,3.37,334.1,60.0,2026-08-11T07:41:00Z,VIIRS
FIRMS_712DF308,6.68748,81.3247,11.45,344.69,60.0,2026-08-11T07:41:00Z,VIIRS
FIRMS_CECBA9D5,6.68776,81.32225,4.67,341.77,60.0,2026-08-11T07:41:00Z,VIIRS
FIRMS_51F13F37,6.70039,81.40369,6.7,331.46,60.0,2026-08-11T07:41:00Z,VIIRS
FIRMS_985C234B,6.73881,81.27922,3.35,331.02,60.0,2026-08-11T07:41:00Z,VIIRS
FIRMS_9AE4E1F3,6.7392,81.33511,3.63,336.69,60.0,2026-08-11T07:41:00Z,VIIRS
FIRMS_890A62AA,6.75822,81.31496,2.7,334.62,60.0,2026-08-11T07:41:00Z,VIIRS
FIRMS_3C426B3C,6.76589,81.44145,2.06,334.51,60.0,2026-08-11T07:41:00Z,VIIRS
FIRMS_B2AFB1F6,6.8257,81.58957,19.63,340.34,60.0,2026-08-11T07:41:00Z,VIIRS
FIRMS_CCEDC983,6.82637,81.59361,19.63,343.07,60.0,2026-08-11T07:41:00Z,VIIRS
FIRMS_9F0415A3,6.83064,81.59292,4.59,332.16,60.0,2026-08-11T07:41:00Z,VIIRS
FIRMS_55A59351,6.90725,81.61715,3.99,336.73,60.0,2026-08-11T07:41:00Z,VIIRS
FIRMS_E12475F2,6.90791,81.62111,3.99,335.65,60.0,2026-08-11T07:41:00Z,VIIRS
FIRMS_E371B5B5,6.91217,81.62042,3.99,330.19,60.0,2026-08-11T07:41:00Z,VIIRS
FIRMS_F5F2F40B,6.96249,81.588,2.43,332.65,60.0,2026-08-11T07:41:00Z,VIIRS
FIRMS_F8080C65,6.96316,81.59194,4.56,330.07,60.0,2026-08-11T07:41:00Z,VIIRS
FIRMS_5F704D98,6.96741,81.59118,7.47,348.3,60.0,2026-08-11T07:41:00Z,VIIRS
FIRMS_E7FC7D5B,7.14803,81.09077,2.03,330.98,60.0,2026-08-11T07:41:00Z,VIIRS
FIRMS_6F90D669,7.3861,81.2234,8.58,342.56,60.0,2026-08-11T07:41:00Z,VIIRS
FIRMS_9C0A740C,7.38883,81.13251,1.43,337.3,60.0,2026-08-11T07:41:00Z,VIIRS
FIRMS_DE928854,7.39043,81.22261,9.55,342.94,60.0,2026-08-11T07:41:00Z,VIIRS
FIRMS_19A2A5C9,7.40687,81.32104,3.62,336.07,60.0,2026-08-11T07:41:00Z,VIIRS
FIRMS_847A0700,7.41117,81.32027,3.62,333.42,60.0,2026-08-11T07:41:00Z,VIIRS
FIRMS_D5276D9E,7.42013,81.15775,3.02,333.81,60.0,2026-08-11T07:41:00Z,VIIRS
FIRMS_39117249,7.42813,81.15214,5.09,329.51,60.0,2026-08-11T07:41:00Z,VIIRS
FIRMS_062FDEF6,7.47229,81.30639,3.51,335.81,60.0,2026-08-11T07:41:00Z,VIIRS
FIRMS_17EBCDAE,7.65809,81.07646,5.39,340.34,60.0,2026-08-11T07:41:00Z,VIIRS
FIRMS_8E5A289F,7.76478,80.79965,6.5,343.36,60.0,2026-08-11T07:41:00Z,VIIRS
FIRMS_8202A6A3,7.89147,81.48035,2.25,333.41,60.0,2026-08-11T07:41:00Z,VIIRS
FIRMS_05BC0C5C,7.89212,81.48428,2.25,330.24,60.0,2026-08-11T07:41:00Z,VIIRS
FIRMS_895A5FEE,7.90745,81.47761,1.57,332.43,60.0,2026-08-11T07:41:00Z,VIIRS
FIRMS_26538B7E,8.0036,81.25312,9.78,343.11,60.0,2026-08-11T07:41:00Z,VIIRS
FIRMS_98201A8A,8.09114,81.10897,5.24,334.11,60.0,2026-08-11T07:41:00Z,VIIRS
FIRMS_E9B640A2,8.37599,80.77338,3.98,327.7,60.0,2026-08-11T07:41:00Z,VIIRS
FIRMS_B97EA3C0,8.84146,80.9937,4.82,332.16,60.0,2026-08-11T07:41:00Z,VIIRS
FIRMS_EA262B10,9.16179,77.91492,3.53,341.92,60.0,2026-08-11T07:41:00Z,VIIRS
FIRMS_B0B9FDC5,10.83465,78.6193,11.21,340.31,60.0,2026-08-11T07:44:00Z,VIIRS
FIRMS_4184DF73,10.93295,78.50113,2.47,335.0,60.0,2026-08-11T07:44:00Z,VIIRS
FIRMS_AA4FC6C0,10.93614,78.50137,7.51,334.18,60.0,2026-08-11T07:44:00Z,VIIRS
FIRMS_2812059B,11.65238,79.1266,9.66,341.69,60.0,2026-08-11T07:44:00Z,VIIRS
FIRMS_F56714C7,12.29835,78.21772,3.83,331.88,60.0,2026-08-11T07:44:00Z,VIIRS
FIRMS_1F28E0A0,13.35804,80.23712,4.38,330.27,60.0,2026-08-11T07:44:00Z,VIIRS
FIRMS_F59AC766,13.36924,80.1537,1.87,333.26,60.0,2026-08-11T07:44:00Z,VIIRS
FIRMS_992AD31D,13.46839,79.86543,5.22,330.21,60.0,2026-08-11T07:44:00Z,VIIRS
FIRMS_FF2EA96E,14.20572,76.8857,2.48,333.73,60.0,2026-08-11T07:44:00Z,VIIRS
FIRMS_3CD4FAFB,14.28755,77.5889,8.36,332.14,60.0,2026-08-11T07:44:00Z,VIIRS
FIRMS_15A59FE7,14.65185,79.52352,4.74,335.67,60.0,2026-08-11T07:44:00Z,VIIRS
FIRMS_4F41EFCA,14.72405,79.54469,2.55,336.35,60.0,2026-08-11T07:44:00Z,VIIRS
FIRMS_7C614929,14.79489,79.71674,2.24,341.48,60.0,2026-08-11T07:44:00Z,VIIRS
FIRMS_980334E4,14.85612,76.95194,3.81,333.96,60.0,2026-08-11T07:44:00Z,VIIRS
FIRMS_45BBADB0,14.8567,76.95497,3.81,347.51,60.0,2026-08-11T07:44:00Z,VIIRS
FIRMS_78FF4A31,14.8896,79.33846,3.12,330.6,60.0,2026-08-11T07:44:00Z,VIIRS
FIRMS_2A054117,14.92106,76.83829,3.24,333.55,60.0,2026-08-11T07:44:00Z,VIIRS
FIRMS_50958CE6,15.28784,78.3216,5.03,333.38,60.0,2026-08-11T07:44:00Z,VIIRS
FIRMS_70E9B1A2,15.50542,79.54381,1.58,333.42,60.0,2026-08-11T07:44:00Z,VIIRS
FIRMS_A8645C2D,15.56061,79.96441,3.18,331.98,60.0,2026-08-11T07:44:00Z,VIIRS
FIRMS_962DB47F,15.61035,79.47829,2.44,333.92,60.0,2026-08-11T07:44:00Z,VIIRS
FIRMS_1D65D7AF,15.74237,79.7478,13.35,367.0,90.0,2026-08-11T07:44:00Z,VIIRS
FIRMS_98F3009B,15.76487,79.08978,4.03,335.82,60.0,2026-08-11T07:44:00Z,VIIRS
FIRMS_B5208E6F,15.82722,80.0759,3.41,337.76,60.0,2026-08-11T07:44:00Z,VIIRS
FIRMS_82D4F49B,16.18703,79.21886,5.58,341.68,60.0,2026-08-11T07:44:00Z,VIIRS
FIRMS_0D388E1F,16.1912,79.21764,3.79,333.73,60.0,2026-08-11T07:44:00Z,VIIRS
FIRMS_326B0FFD,16.19199,79.22189,3.79,337.02,60.0,2026-08-11T07:44:00Z,VIIRS
FIRMS_6625254A,16.58509,80.65373,9.49,351.25,60.0,2026-08-11T07:44:00Z,VIIRS
FIRMS_2491F7EE,17.03344,80.86896,3.2,330.45,60.0,2026-08-11T07:44:00Z,VIIRS
FIRMS_4A412055,17.07935,79.29828,4.78,343.28,60.0,2026-08-11T07:44:00Z,VIIRS
FIRMS_3E1148B4,17.14975,80.77999,6.13,336.15,60.0,2026-08-11T07:44:00Z,VIIRS
FIRMS_B9F707B6,23.67603,86.39613,5.3,332.7,60.0,2026-08-11T07:46:00Z,VIIRS
FIRMS_312C2C32,23.67661,86.40046,5.3,339.43,60.0,2026-08-11T07:46:00Z,VIIRS
FIRMS_6F6E60BF,23.68312,86.39497,8.3,337.76,60.0,2026-08-11T07:46:00Z,VIIRS
FIRMS_D1251CE2,23.68666,86.39442,5.02,331.94,60.0,2026-08-11T07:46:00Z,VIIRS
FIRMS_D243C070,23.70852,86.44854,5.08,331.98,60.0,2026-08-11T07:46:00Z,VIIRS
FIRMS_3EF76267,23.71266,86.45232,8.07,345.01,60.0,2026-08-11T07:46:00Z,VIIRS
FIRMS_D58C8E6C,23.73802,86.43224,4.86,335.93,60.0,2026-08-11T07:46:00Z,VIIRS
FIRMS_0827AF4A,23.73859,86.43661,4.86,336.81,60.0,2026-08-11T07:46:00Z,VIIRS
FIRMS_F51974B2,23.75939,86.4022,3.56,334.36,60.0,2026-08-11T07:46:00Z,VIIRS
FIRMS_7960D0B6,23.76351,86.40594,3.56,335.54,60.0,2026-08-11T07:46:00Z,VIIRS
FIRMS_E7606EBF,23.7795,86.39009,4.26,336.13,60.0,2026-08-11T07:46:00Z,VIIRS
FIRMS_6182B202,23.79607,86.3521,5.15,334.26,60.0,2026-08-11T07:46:00Z,VIIRS
FIRMS_D95CAB24,23.82317,85.4987,6.34,331.16,30.0,2026-08-11T07:46:00Z,VIIRS
FIRMS_89785AC0,23.82334,84.57131,2.24,337.01,60.0,2026-08-11T07:46:00Z,VIIRS
FIRMS_6B2BD04D,23.8239,84.57516,8.57,338.45,60.0,2026-08-11T07:46:00Z,VIIRS
FIRMS_993883AF,25.23994,97.27036,6.35,337.19,60.0,2026-08-11T07:46:00Z,VIIRS
FIRMS_CB503FB0,26.85012,90.44472,4.4,330.6,60.0,2026-08-11T07:48:00Z,VIIRS
FIRMS_BAAC4C51,26.9619,90.02505,5.16,333.23,60.0,2026-08-11T07:48:00Z,VIIRS
FIRMS_BDC77D93,26.9697,90.05672,12.92,343.06,60.0,2026-08-11T07:48:00Z,VIIRS
FIRMS_DB5C274C,27.24553,88.29237,3.14,340.22,60.0,2026-08-11T07:48:00Z,VIIRS
FIRMS_858ECF3E,28.12306,81.62691,2.25,330.77,60.0,2026-08-11T07:48:00Z,VIIRS
FIRMS_55BB7AD7,30.66321,71.79121,2.94,343.03,60.0,2026-08-11T07:50:00Z,VIIRS
FIRMS_0BCE8293,30.66816,71.78967,3.15,337.42,60.0,2026-08-11T07:50:00Z,VIIRS
FIRMS_E75AD0BE,30.66169,71.88341,9.27,341.2,60.0,2026-08-11T09:30:00Z,VIIRS
FIRMS_AEDDB03D,35.99015,94.82831,1.25,300.33,60.0,2026-08-11T20:10:00Z,VIIRS
FIRMS_F6602EC6,29.22609,88.34823,1.32,305.48,60.0,2026-08-11T20:12:00Z,VIIRS
FIRMS_A02A2A38,29.26308,91.92442,0.9,297.31,60.0,2026-08-11T20:12:00Z,VIIRS
FIRMS_D80CEC10,29.78707,91.60531,0.94,299.61,60.0,2026-08-11T20:12:00Z,VIIRS
FIRMS_F83282FC,30.94722,97.36116,1.09,296.64,60.0,2026-08-11T20:12:00Z,VIIRS
FIRMS_F8A899D1,21.80074,85.56535,0.48,300.14,60.0,2026-08-11T20:14:00Z,VIIRS
FIRMS_C34D2F03,21.80238,82.03889,1.02,309.42,60.0,2026-08-11T20:14:00Z,VIIRS
FIRMS_6F5A6331,21.9254,85.22261,2.73,321.36,60.0,2026-08-11T20:14:00Z,VIIRS
FIRMS_939AAF08,21.92939,85.21943,1.54,299.69,60.0,2026-08-11T20:14:00Z,VIIRS
FIRMS_3A9483EC,21.96887,85.31376,0.61,299.0,60.0,2026-08-11T20:14:00Z,VIIRS
FIRMS_7DFBE5E8,22.20957,84.86221,1.66,304.71,60.0,2026-08-11T20:14:00Z,VIIRS
FIRMS_04610F3F,22.21289,84.86283,1.5,304.32,60.0,2026-08-11T20:14:00Z,VIIRS
FIRMS_0434352E,22.24713,87.38735,1.82,319.68,60.0,2026-08-11T20:14:00Z,VIIRS
FIRMS_6E6C636B,22.36411,87.30314,2.22,311.38,60.0,2026-08-11T20:14:00Z,VIIRS
FIRMS_014309AD,22.36491,87.29871,2.22,313.98,60.0,2026-08-11T20:14:00Z,VIIRS
FIRMS_ED399C49,22.36769,87.30388,2.22,313.1,60.0,2026-08-11T20:14:00Z,VIIRS
FIRMS_21404C82,22.38987,85.77188,0.82,300.14,60.0,2026-08-11T20:14:00Z,VIIRS
FIRMS_4F0EE180,22.78914,86.20744,0.62,300.76,60.0,2026-08-11T20:14:00Z,VIIRS
FIRMS_9DBD4E40,22.79121,86.19544,3.88,334.83,60.0,2026-08-11T20:14:00Z,VIIRS
FIRMS_59D50898,22.79186,86.21217,0.62,300.15,60.0,2026-08-11T20:14:00Z,VIIRS
FIRMS_97161B5D,22.79393,86.20012,1.06,299.38,60.0,2026-08-11T20:14:00Z,VIIRS
FIRMS_2950EC80,22.79597,86.20885,0.59,300.74,60.0,2026-08-11T20:14:00Z,VIIRS
FIRMS_E3BC6358,22.79735,86.20081,1.21,302.57,60.0,2026-08-11T20:14:00Z,VIIRS
FIRMS_04C3EA34,22.79881,86.0896,1.04,305.07,60.0,2026-08-11T20:14:00Z,VIIRS
FIRMS_6FA693C1,22.80221,86.09029,1.55,314.38,60.0,2026-08-11T20:14:00Z,VIIRS
FIRMS_339F3796,22.8097,86.08765,0.98,306.51,60.0,2026-08-11T20:14:00Z,VIIRS
FIRMS_E520AC4A,22.81718,86.085,0.52,303.35,60.0,2026-08-11T20:14:00Z,VIIRS
FIRMS_57B045F9,22.81786,86.03994,0.5,299.89,60.0,2026-08-11T20:14:00Z,VIIRS
FIRMS_B885F391,22.87343,86.06207,1.32,310.08,60.0,2026-08-11T20:14:00Z,VIIRS
FIRMS_0E9C696C,23.48925,87.36892,2.63,304.39,60.0,2026-08-11T20:14:00Z,VIIRS
FIRMS_E93ABA25,23.64553,85.43775,1.34,308.94,60.0,2026-08-11T20:14:00Z,VIIRS
FIRMS_08893DA8,23.64823,85.44222,1.1,304.68,60.0,2026-08-11T20:14:00Z,VIIRS
FIRMS_DA9D91B3,23.64886,85.43839,1.34,329.68,60.0,2026-08-11T20:14:00Z,VIIRS
FIRMS_AB2F733B,23.6495,85.43458,1.34,305.0,60.0,2026-08-11T20:14:00Z,VIIRS
FIRMS_90170B9F,23.66853,86.09152,0.88,305.9,60.0,2026-08-11T20:14:00Z,VIIRS
FIRMS_447E40AC,23.67521,86.40223,1.61,303.92,60.0,2026-08-11T20:14:00Z,VIIRS
FIRMS_5E4BAF5F,23.6759,86.3982,1.2,309.38,60.0,2026-08-11T20:14:00Z,VIIRS
FIRMS_5C6EF711,23.67595,86.08894,1.19,305.32,60.0,2026-08-11T20:14:00Z,VIIRS
FIRMS_2C318512,23.67658,86.39417,1.2,300.57,60.0,2026-08-11T20:14:00Z,VIIRS
FIRMS_366B4DC5,23.67662,86.08499,2.78,323.01,60.0,2026-08-11T20:14:00Z,VIIRS
FIRMS_6DA13DFF,23.67889,86.39733,0.83,301.55,60.0,2026-08-11T20:14:00Z,VIIRS
FIRMS_8B54749B,23.68136,86.0982,1.22,302.28,60.0,2026-08-11T20:14:00Z,VIIRS
FIRMS_E03B9E0F,23.68203,86.09425,3.39,324.49,60.0,2026-08-11T20:14:00Z,VIIRS
FIRMS_E09FFD1F,23.68299,86.394,0.83,304.58,60.0,2026-08-11T20:14:00Z,VIIRS
FIRMS_AE4FFB2D,23.68405,86.08242,3.23,327.32,60.0,2026-08-11T20:14:00Z,VIIRS
FIRMS_CD5BE0DB,23.70293,86.07401,6.82,307.24,60.0,2026-08-11T20:14:00Z,VIIRS
FIRMS_722BE1FC,23.7036,86.07006,6.82,312.66,60.0,2026-08-11T20:14:00Z,VIIRS
FIRMS_1F9B221E,23.7063,86.07467,6.82,310.76,60.0,2026-08-11T20:14:00Z,VIIRS
FIRMS_47336685,23.70697,86.07074,6.82,330.69,60.0,2026-08-11T20:14:00Z,VIIRS
FIRMS_E83A009C,23.74338,85.50407,0.53,303.06,60.0,2026-08-11T20:14:00Z,VIIRS
FIRMS_D14982E1,23.75401,85.85337,1.87,315.37,60.0,2026-08-11T20:14:00Z,VIIRS
FIRMS_66F096CA,23.75737,85.85403,1.87,315.63,60.0,2026-08-11T20:14:00Z,VIIRS
FIRMS_EFA7FF8C,23.7731,86.19726,2.38,315.9,60.0,2026-08-11T20:14:00Z,VIIRS
FIRMS_48119EE3,23.77445,86.20985,1.13,308.54,60.0,2026-08-11T20:14:00Z,VIIRS
FIRMS_8A6EDF45,23.77784,86.21052,1.13,307.26,60.0,2026-08-11T20:14:00Z,VIIRS
FIRMS_19B01BA2,23.77852,86.20654,1.13,308.56,60.0,2026-08-11T20:14:00Z,VIIRS
FIRMS_2EC7E0E9,23.77981,85.57465,2.52,309.27,60.0,2026-08-11T20:14:00Z,VIIRS
FIRMS_D7B770E2,23.78109,85.56696,1.35,310.23,60.0,2026-08-11T20:14:00Z,VIIRS
FIRMS_BB48A1A8,23.78123,86.21118,3.42,326.79,60.0,2026-08-11T20:14:00Z,VIIRS
FIRMS_08B83E30,23.78698,85.55224,1.93,318.72,60.0,2026-08-11T20:14:00Z,VIIRS
FIRMS_18064317,23.79478,86.2345,1.58,306.62,60.0,2026-08-11T20:14:00Z,VIIRS
FIRMS_14A15B18,23.8033,86.32986,1.34,309.99,60.0,2026-08-11T20:14:00Z,VIIRS
FIRMS_9C3E67E3,23.82094,84.57207,1.47,306.88,60.0,2026-08-11T20:14:00Z,VIIRS
FIRMS_44771B63,23.82424,84.57269,1.47,322.48,60.0,2026-08-11T20:14:00Z,VIIRS
FIRMS_E162C132,23.82754,84.57332,0.88,306.58,60.0,2026-08-11T20:14:00Z,VIIRS
FIRMS_981FBBC7,24.11535,86.86154,2.08,313.02,60.0,2026-08-11T20:14:00Z,VIIRS
FIRMS_997B6012,24.11607,86.85741,2.08,307.05,60.0,2026-08-11T20:14:00Z,VIIRS
FIRMS_649FFF56,24.1188,86.86226,3.12,307.85,60.0,2026-08-11T20:14:00Z,VIIRS
FIRMS_A74305CD,24.3549,93.26946,0.72,304.35,60.0,2026-08-11T20:14:00Z,VIIRS
FIRMS_CBBF4EDC,25.03476,87.37252,0.98,307.52,60.0,2026-08-11T20:14:00Z,VIIRS
FIRMS_DBF4BAB8,25.03586,87.38855,1.34,313.95,60.0,2026-08-11T20:14:00Z,VIIRS
FIRMS_0C169F37,25.54239,91.23597,1.11,308.27,60.0,2026-08-11T20:14:00Z,VIIRS
FIRMS_0B248F27,26.75969,83.19914,2.97,312.73,60.0,2026-08-11T20:14:00Z,VIIRS
FIRMS_56A57A2F,28.34927,77.25589,3.29,306.44,60.0,2026-08-11T20:14:00Z,VIIRS
FIRMS_C526365F,28.6487,77.58789,5.8,307.21,60.0,2026-08-11T20:14:00Z,VIIRS
FIRMS_A9CB47E9,28.65111,77.58927,6.51,306.15,60.0,2026-08-11T20:14:00Z,VIIRS
FIRMS_4E258912,7.71748,80.1267,1.26,308.07,60.0,2026-08-11T20:17:00Z,VIIRS
FIRMS_424515CB,7.77641,80.48136,0.97,310.32,60.0,2026-08-11T20:17:00Z,VIIRS
FIRMS_61169943,9.52184,77.45166,0.75,305.29,60.0,2026-08-11T20:17:00Z,VIIRS
FIRMS_01DB3D89,9.53687,77.45146,3.07,318.31,60.0,2026-08-11T20:17:00Z,VIIRS
FIRMS_46A8A537,10.61676,77.42188,0.72,305.01,60.0,2026-08-11T20:17:00Z,VIIRS
FIRMS_641EC8DC,10.93105,77.06483,1.31,305.29,60.0,2026-08-11T20:17:00Z,VIIRS
FIRMS_245F9B6B,15.02405,78.01597,1.89,311.37,60.0,2026-08-11T20:17:00Z,VIIRS
FIRMS_38B80C64,15.17621,77.1011,1.22,309.63,60.0,2026-08-11T20:17:00Z,VIIRS
FIRMS_28C016FF,16.36971,82.32138,1.81,321.87,60.0,2026-08-11T20:17:00Z,VIIRS
FIRMS_196B7E8D,17.02991,81.78046,0.7,305.16,60.0,2026-08-11T20:17:00Z,VIIRS
FIRMS_0C3592EB,17.46195,80.6544,1.61,308.67,60.0,2026-08-11T20:17:00Z,VIIRS
FIRMS_8AF30467,17.95707,80.7972,2.07,311.76,60.0,2026-08-11T20:17:00Z,VIIRS
FIRMS_2925CB6E,17.95764,80.79329,2.07,312.94,60.0,2026-08-11T20:17:00Z,VIIRS
FIRMS_4D110F82,21.24532,81.77042,0.82,304.8,60.0,2026-08-11T20:17:00Z,VIIRS
FIRMS_065CBE74,21.30995,81.5898,1.06,296.74,60.0,2026-08-11T20:17:00Z,VIIRS
FIRMS_D827A0E9,6.39361,80.91185,0.63,307.94,60.0,2026-08-11T20:19:00Z,VIIRS
FIRMS_3BD58144,12.74482,77.6194,0.42,297.44,60.0,2026-08-11T20:19:00Z,VIIRS
FIRMS_ADD5642A,13.39368,80.10179,1.0,304.89,60.0,2026-08-11T20:19:00Z,VIIRS
FIRMS_94B527E3,13.8981,76.56383,0.73,304.39,60.0,2026-08-11T20:19:00Z,VIIRS
FIRMS_016815B6,28.42528,69.70116,0.52,307.19,60.0,2026-08-11T21:53:00Z,VIIRS
FIRMS_1FA50F6C,32.88791,71.61516,1.93,308.03,60.0,2026-08-11T21:53:00Z,VIIRS
FIRMS_75A3B16E,35.96798,68.68655,1.23,306.61,60.0,2026-08-11T21:53:00Z,VIIRS
FIRMS_D6438BED,7.87641,81.48878,2.36,326.88,60.0,2026-08-12T07:24:00Z,VIIRS
FIRMS_B555F9D7,21.74449,83.84071,5.0,331.0,60.0,2026-08-12T07:29:00Z,VIIRS
FIRMS_13089BBD,21.74932,83.8451,2.72,334.46,60.0,2026-08-12T07:29:00Z,VIIRS
FIRMS_89BE0E82,23.16594,82.33984,3.73,329.58,60.0,2026-08-12T07:29:00Z,VIIRS
FIRMS_67604672,23.66504,87.15353,6.77,337.81,30.0,2026-08-12T07:29:00Z,VIIRS
FIRMS_402DC744,26.32264,87.24606,2.36,332.6,60.0,2026-08-12T07:29:00Z,VIIRS
FIRMS_2308BBC0,8.72599,77.55264,4.2,335.39,60.0,2026-08-12T09:05:00Z,VIIRS
FIRMS_80DF3A05,8.72601,77.55209,5.69,336.48,60.0,2026-08-12T09:05:00Z,VIIRS
FIRMS_0283175E,8.89707,77.86404,7.0,335.18,60.0,2026-08-12T09:05:00Z,VIIRS
FIRMS_D118826D,8.9007,77.85759,7.56,353.63,60.0,2026-08-12T09:05:00Z,VIIRS
FIRMS_7CC4ECCF,8.90267,77.85844,8.51,353.95,60.0,2026-08-12T09:05:00Z,VIIRS
FIRMS_A8B650C9,9.03714,77.75275,3.41,343.0,60.0,2026-08-12T09:05:00Z,VIIRS
FIRMS_12F81DE1,9.07997,77.74262,1.53,336.58,60.0,2026-08-12T09:05:00Z,VIIRS
FIRMS_9D7ACBE9,9.08511,77.74313,3.19,336.57,60.0,2026-08-12T09:05:00Z,VIIRS
FIRMS_BD760010,9.39539,78.73707,4.63,344.08,60.0,2026-08-12T09:05:00Z,VIIRS
FIRMS_635ADA67,9.39776,78.73965,12.13,354.56,60.0,2026-08-12T09:05:00Z,VIIRS
FIRMS_FD9D95AB,9.40201,78.73626,4.63,338.73,60.0,2026-08-12T09:05:00Z,VIIRS
FIRMS_C978BC21,29.76524,72.71796,3.21,330.41,60.0,2026-08-12T09:09:00Z,VIIRS
FIRMS_9C1F5D56,29.84647,71.29039,2.92,341.6,60.0,2026-08-12T09:09:00Z,VIIRS
FIRMS_379C53EE,30.30019,73.51273,7.14,338.0,60.0,2026-08-12T09:09:00Z,VIIRS
FIRMS_97BCF7F8,30.57857,71.62238,8.85,367.0,90.0,2026-08-12T09:09:00Z,VIIRS
FIRMS_FE6A8020,30.63067,72.02832,8.91,367.0,90.0,2026-08-12T09:09:00Z,VIIRS
FIRMS_1A0C10EF,30.63098,72.03254,8.91,338.06,60.0,2026-08-12T09:09:00Z,VIIRS
FIRMS_40F00429,30.87823,71.93729,2.66,333.98,60.0,2026-08-12T09:09:00Z,VIIRS
FIRMS_7EDD04A5,31.40686,72.34518,4.05,338.42,60.0,2026-08-12T09:09:00Z,VIIRS
FIRMS_73A9D25F,31.41129,72.3446,6.05,349.65,60.0,2026-08-12T09:09:00Z,VIIRS
FIRMS_BE7B56D2,31.41257,72.34469,3.11,330.33,60.0,2026-08-12T09:09:00Z,VIIRS
FIRMS_3F0283C8,30.94972,97.36299,1.13,297.17,60.0,2026-08-12T19:51:00Z,VIIRS
FIRMS_33A9177C,35.98915,94.82964,0.76,299.06,60.0,2026-08-12T19:51:00Z,VIIRS
FIRMS_34121350,35.99252,94.83054,0.76,296.9,60.0,2026-08-12T19:51:00Z,VIIRS
FIRMS_D7E35F35,26.64153,79.47498,1.03,306.13,60.0,2026-08-12T19:53:00Z,VIIRS
FIRMS_05BBAB47,27.60436,95.40337,3.89,306.69,60.0,2026-08-12T19:53:00Z,VIIRS
FIRMS_ED943EFA,21.2409,79.22372,0.42,299.56,60.0,2026-08-12T19:55:00Z,VIIRS
FIRMS_3B828002,21.24105,79.22495,0.63,300.81,60.0,2026-08-12T19:55:00Z,VIIRS
FIRMS_75D9AC75,21.24658,79.22227,0.52,299.72,60.0,2026-08-12T19:55:00Z,VIIRS
FIRMS_ACEB7F89,21.24792,79.20891,0.56,303.12,60.0,2026-08-12T19:55:00Z,VIIRS
FIRMS_018BB466,21.33618,78.96775,1.17,312.5,60.0,2026-08-12T19:55:00Z,VIIRS
FIRMS_4E3168A8,21.37776,81.68217,1.87,305.45,60.0,2026-08-12T19:55:00Z,VIIRS
FIRMS_59F7D16D,21.92072,83.35049,1.14,306.51,60.0,2026-08-12T19:55:00Z,VIIRS
FIRMS_52784497,22.00658,82.66907,1.29,298.55,60.0,2026-08-12T19:55:00Z,VIIRS
FIRMS_E01684C0,22.0304,83.36609,0.61,295.62,60.0,2026-08-12T19:55:00Z,VIIRS
FIRMS_33AF4BF6,22.35942,82.30392,0.97,302.34,60.0,2026-08-12T19:55:00Z,VIIRS
FIRMS_BD561AC5,24.16736,82.62198,0.77,297.19,60.0,2026-08-12T19:55:00Z,VIIRS
FIRMS_5A148BE1,24.20536,82.71243,2.57,303.22,60.0,2026-08-12T19:55:00Z,VIIRS
FIRMS_56592A47,25.03583,87.3895,3.04,312.2,60.0,2026-08-12T19:55:00Z,VIIRS
FIRMS_1AEF538D,6.8556,81.5332,1.22,310.08,60.0,2026-08-12T20:00:00Z,VIIRS
FIRMS_A5C2CE54,10.92167,78.51196,1.22,310.24,60.0,2026-08-12T20:00:00Z,VIIRS
FIRMS_331E6A9F,10.94375,76.38715,0.45,297.97,60.0,2026-08-12T20:00:00Z,VIIRS
FIRMS_14082D0D,10.94384,76.3857,0.58,301.34,60.0,2026-08-12T20:00:00Z,VIIRS
FIRMS_79B83AAF,26.64242,79.48309,2.67,313.16,60.0,2026-08-12T21:33:00Z,VIIRS
FIRMS_B002BADB,26.64256,79.48462,2.46,310.31,60.0,2026-08-12T21:33:00Z,VIIRS
FIRMS_D0D0D26C,31.25882,76.92647,0.61,304.8,60.0,2026-08-12T21:33:00Z,VIIRS
FIRMS_FC67938B,33.29638,71.18766,3.45,307.57,60.0,2026-08-12T21:33:00Z,VIIRS
FIRMS_32E851A8,35.96698,68.68506,1.68,312.77,60.0,2026-08-12T21:33:00Z,VIIRS
FIRMS_D53E9929,25.38832,68.58551,2.97,316.2,60.0,2026-08-12T21:36:00Z,VIIRS
FIRMS_9F076E84,23.73618,86.43395,4.16,332.8,60.0,2026-08-13T07:07:00Z,VIIRS
FIRMS_B4DE60ED,23.73811,86.43422,5.16,333.43,60.0,2026-08-13T07:07:00Z,VIIRS
FIRMS_6D5A2BF9,23.77803,86.38847,3.67,329.59,60.0,2026-08-13T07:07:00Z,VIIRS
FIRMS_630E775A,23.80264,86.33192,4.15,330.43,60.0,2026-08-13T07:07:00Z,VIIRS
FIRMS_A5034050,27.75595,96.12046,8.28,342.54,60.0,2026-08-13T07:09:00Z,VIIRS
FIRMS_365E4351,27.95328,94.17912,4.81,333.1,60.0,2026-08-13T07:09:00Z,VIIRS
FIRMS_D9F522DC,28.2101,95.63686,2.9,331.73,60.0,2026-08-13T07:09:00Z,VIIRS
FIRMS_3DBC0DCC,6.38202,81.0257,8.8,338.06,60.0,2026-08-13T08:43:00Z,VIIRS
FIRMS_F31B5711,6.3825,81.02918,16.19,367.0,90.0,2026-08-13T08:43:00Z,VIIRS
FIRMS_FD7D8B1B,6.68782,81.21521,6.02,334.78,60.0,2026-08-13T08:43:00Z,VIIRS
FIRMS_4073F4FA,6.68831,81.21883,6.02,367.0,90.0,2026-08-13T08:43:00Z,VIIRS
FIRMS_24A88ED5,7.18049,81.00858,4.38,337.71,60.0,2026-08-13T08:43:00Z,VIIRS
FIRMS_EB78BBBA,7.18077,81.00758,4.57,347.77,60.0,2026-08-13T08:43:00Z,VIIRS
FIRMS_7AE240FA,7.91424,81.47617,4.65,342.26,60.0,2026-08-13T08:45:00Z,VIIRS
FIRMS_E18B6DE1,7.93612,80.75471,6.15,354.15,60.0,2026-08-13T08:45:00Z,VIIRS
FIRMS_881C6CB5,8.15321,81.32706,2.49,331.23,60.0,2026-08-13T08:45:00Z,VIIRS
FIRMS_5F258E41,8.38041,80.17516,1.57,330.13,60.0,2026-08-13T08:45:00Z,VIIRS
FIRMS_D64DE2A8,8.50201,80.25056,8.17,346.28,60.0,2026-08-13T08:45:00Z,VIIRS
FIRMS_73158B24,8.50331,80.26043,3.89,330.37,60.0,2026-08-13T08:45:00Z,VIIRS
FIRMS_100A5CDE,8.58456,80.87868,1.26,333.07,60.0,2026-08-13T08:45:00Z,VIIRS
FIRMS_3E7D48CC,8.62785,80.65689,2.32,330.35,60.0,2026-08-13T08:45:00Z,VIIRS
FIRMS_58E68BE0,8.72843,80.47789,5.72,335.24,60.0,2026-08-13T08:45:00Z,VIIRS
FIRMS_6CBD6B95,8.72888,80.48133,5.72,354.36,60.0,2026-08-13T08:45:00Z,VIIRS
FIRMS_8724D8D3,8.76691,77.69192,2.92,337.11,60.0,2026-08-13T08:45:00Z,VIIRS
FIRMS_BB1CB652,8.96516,80.32503,3.03,333.72,60.0,2026-08-13T08:45:00Z,VIIRS
FIRMS_45EEAA1E,9.00208,80.6894,3.68,331.06,60.0,2026-08-13T08:45:00Z,VIIRS
FIRMS_950ACD69,9.13136,80.44212,6.48,334.15,60.0,2026-08-13T08:45:00Z,VIIRS
FIRMS_96D0EB6F,9.13221,80.44027,3.69,341.79,60.0,2026-08-13T08:45:00Z,VIIRS
FIRMS_00361712,9.16061,80.66372,4.06,331.66,60.0,2026-08-13T08:45:00Z,VIIRS
FIRMS_59746180,9.16139,80.66515,4.14,340.52,60.0,2026-08-13T08:45:00Z,VIIRS
FIRMS_06D34251,9.47122,78.82121,4.56,336.94,60.0,2026-08-13T08:45:00Z,VIIRS
FIRMS_288A74DB,9.67933,78.15241,7.88,343.29,60.0,2026-08-13T08:45:00Z,VIIRS
FIRMS_4DD2D352,10.16619,78.93098,5.27,335.29,60.0,2026-08-13T08:45:00Z,VIIRS
FIRMS_E47D9E77,10.77735,79.65633,5.45,351.27,60.0,2026-08-13T08:45:00Z,VIIRS
FIRMS_5943EC90,11.04338,78.72183,2.94,330.37,60.0,2026-08-13T08:45:00Z,VIIRS
FIRMS_490D1E05,11.54044,79.12389,2.58,339.14,60.0,2026-08-13T08:45:00Z,VIIRS
FIRMS_8CD99CE2,25.20996,68.73409,1.25,331.13,60.0,2026-08-13T08:50:00Z,VIIRS
FIRMS_7BF48E19,25.38725,68.58302,2.51,333.81,60.0,2026-08-13T08:50:00Z,VIIRS
FIRMS_4DBB2BC3,25.41183,68.25375,1.74,335.85,60.0,2026-08-13T08:50:00Z,VIIRS
FIRMS_8FDBAA3F,25.5373,68.85468,3.36,334.98,60.0,2026-08-13T08:50:00Z,VIIRS
FIRMS_2252D2B9,28.1092,69.16533,11.82,342.19,60.0,2026-08-13T08:52:00Z,VIIRS
FIRMS_A111AD0F,29.64513,71.6638,2.33,332.63,60.0,2026-08-13T08:52:00Z,VIIRS
FIRMS_7ED25E2D,29.64557,71.66782,3.02,330.4,60.0,2026-08-13T08:52:00Z,VIIRS
FIRMS_902A40BB,29.87196,72.63807,5.43,338.26,60.0,2026-08-13T08:52:00Z,VIIRS
FIRMS_E665039E,30.55099,71.64114,3.9,331.74,30.0,2026-08-13T08:52:00Z,VIIRS
FIRMS_D05ACBF8,30.62984,72.17395,2.84,337.62,60.0,2026-08-13T08:52:00Z,VIIRS
FIRMS_E2832EDB,30.63135,72.03081,3.8,342.08,60.0,2026-08-13T08:52:00Z,VIIRS
FIRMS_13385BCB,30.63265,72.03162,4.78,346.91,60.0,2026-08-13T08:52:00Z,VIIRS
FIRMS_F7540F1A,30.65683,71.97965,2.66,330.24,60.0,2026-08-13T08:52:00Z,VIIRS
FIRMS_3FB3058D,30.716,72.87063,6.98,330.12,60.0,2026-08-13T08:52:00Z,VIIRS
FIRMS_B6F3A341,30.7853,72.02888,3.51,335.81,60.0,2026-08-13T08:52:00Z,VIIRS
FIRMS_450004AF,31.03059,70.82815,4.69,330.22,30.0,2026-08-13T08:52:00Z,VIIRS
FIRMS_A536908D,35.83731,71.41198,3.12,341.46,60.0,2026-08-13T08:54:00Z,VIIRS
FIRMS_D425B891,35.99004,94.83039,0.8,298.82,60.0,2026-08-13T19:32:00Z,VIIRS
FIRMS_C1627393,29.26384,91.9249,2.11,309.09,60.0,2026-08-13T19:34:00Z,VIIRS
FIRMS_A51DD0E7,29.37553,91.15138,1.46,300.84,60.0,2026-08-13T19:34:00Z,VIIRS
FIRMS_39EA1018,29.6602,90.89964,1.21,296.79,60.0,2026-08-13T19:34:00Z,VIIRS
FIRMS_D6B8AAC8,29.6605,90.89847,0.7,295.22,60.0,2026-08-13T19:34:00Z,VIIRS
FIRMS_89977C8D,30.07011,96.97737,0.85,302.28,60.0,2026-08-13T19:34:00Z,VIIRS
FIRMS_BC5E12EE,30.94826,97.36237,0.82,298.25,60.0,2026-08-13T19:34:00Z,VIIRS
FIRMS_76D6BB82,23.73823,86.43073,2.09,298.21,60.0,2026-08-13T19:36:00Z,VIIRS
FIRMS_F3427064,23.74908,86.41685,2.09,296.97,60.0,2026-08-13T19:36:00Z,VIIRS
FIRMS_55FE7A65,23.75298,86.41855,2.36,298.67,60.0,2026-08-13T19:36:00Z,VIIRS
FIRMS_C41063C8,23.75365,86.41747,1.44,297.17,60.0,2026-08-13T19:36:00Z,VIIRS
FIRMS_45400CBD,24.54147,97.73922,1.27,299.76,60.0,2026-08-13T19:36:00Z,VIIRS
FIRMS_4F1CF47F,22.06258,88.11909,4.17,325.03,60.0,2026-08-13T19:38:00Z,VIIRS
FIRMS_ABD2D989,22.06281,88.12262,3.35,305.38,60.0,2026-08-13T19:38:00Z,VIIRS
FIRMS_D94F0FE8,22.06327,88.11887,4.92,332.34,60.0,2026-08-13T19:38:00Z,VIIRS
FIRMS_A541F8BE,22.06728,88.11946,3.26,323.97,60.0,2026-08-13T19:38:00Z,VIIRS
FIRMS_8964BECE,6.75746,80.83669,1.58,319.82,60.0,2026-08-13T19:42:00Z,VIIRS
FIRMS_A5192BF5,7.20609,81.10449,1.35,310.6,60.0,2026-08-13T19:42:00Z,VIIRS
FIRMS_F0A86C9E,35.96593,68.68664,1.0,309.89,60.0,2026-08-13T21:14:00Z,VIIRS
FIRMS_19CFA2EC,25.94058,72.19393,2.2,304.94,60.0,2026-08-13T21:16:00Z,VIIRS
FIRMS_14089A24,32.28909,70.73813,1.33,311.09,60.0,2026-08-13T21:16:00Z,VIIRS
FIRMS_035460DD,32.29366,70.73075,1.49,313.79,60.0,2026-08-13T21:16:00Z,VIIRS
FIRMS_3E4F4F2F,32.88816,71.61708,2.65,313.07,60.0,2026-08-13T21:16:00Z,VIIRS
FIRMS_1664E3FA,19.36947,71.35176,3.02,310.92,60.0,2026-08-13T21:18:00Z,VIIRS
FIRMS_E2063F60,24.66126,74.63389,0.71,296.63,60.0,2026-08-13T21:18:00Z,VIIRS
FIRMS_696C3A8D,12.98518,74.85353,0.59,303.49,60.0,2026-08-13T21:21:00Z,VIIRS
FIRMS_BDDFF3CA,22.70188,97.5589,2.98,336.01,60.0,2026-08-14T06:50:00Z,VIIRS
FIRMS_71724D11,29.55282,90.96188,2.72,331.65,30.0,2026-08-14T06:52:00Z,VIIRS
FIRMS_6D825C10,29.66986,90.99896,4.81,333.94,60.0,2026-08-14T06:52:00Z,VIIRS
FIRMS_CC34D8DD,29.6841,91.14074,3.76,334.97,30.0,2026-08-14T06:52:00Z,VIIRS
FIRMS_CF3FCDAD,29.70123,91.11729,6.32,332.09,30.0,2026-08-14T06:52:00Z,VIIRS
FIRMS_3671253F,29.70388,91.11877,6.41,336.3,60.0,2026-08-14T06:52:00Z,VIIRS
FIRMS_B2A8F766,6.71394,81.47736,3.67,331.43,60.0,2026-08-14T08:26:00Z,VIIRS
FIRMS_DE29C8AE,6.75863,81.78897,6.09,331.63,60.0,2026-08-14T08:26:00Z,VIIRS
FIRMS_30F2D947,6.76902,81.36734,8.53,351.93,60.0,2026-08-14T08:26:00Z,VIIRS
FIRMS_CBB91304,6.76952,81.3709,8.53,342.65,60.0,2026-08-14T08:26:00Z,VIIRS
FIRMS_D8783F6B,6.77589,81.53412,2.8,338.45,60.0,2026-08-14T08:26:00Z,VIIRS
FIRMS_D3BD589E,6.77634,81.53474,3.22,336.47,60.0,2026-08-14T08:26:00Z,VIIRS
FIRMS_FDA30935,6.77998,81.53358,2.8,341.37,60.0,2026-08-14T08:26:00Z,VIIRS
FIRMS_7A0D3282,6.78043,81.5342,3.22,338.06,60.0,2026-08-14T08:26:00Z,VIIRS
FIRMS_4A09B02F,6.78809,81.47303,4.27,346.08,60.0,2026-08-14T08:26:00Z,VIIRS
FIRMS_3B0C0090,6.79066,81.46186,7.08,334.12,60.0,2026-08-14T08:26:00Z,VIIRS
FIRMS_7CA66258,6.80085,81.47522,5.55,349.9,60.0,2026-08-14T08:26:00Z,VIIRS
FIRMS_4258FA18,6.86874,81.71575,8.71,339.26,60.0,2026-08-14T08:26:00Z,VIIRS
FIRMS_482E5B87,7.06421,81.81426,2.99,337.07,60.0,2026-08-14T08:26:00Z,VIIRS
FIRMS_B9D0A070,7.21928,81.10368,4.99,334.58,60.0,2026-08-14T08:26:00Z,VIIRS
FIRMS_259E4512,7.23446,81.77828,5.77,342.69,60.0,2026-08-14T08:26:00Z,VIIRS
FIRMS_31A70680,7.26114,81.30737,13.43,356.27,60.0,2026-08-14T08:26:00Z,VIIRS
FIRMS_F0ECF215,7.27627,81.3829,4.32,344.73,60.0,2026-08-14T08:26:00Z,VIIRS
FIRMS_C5FA2C38,7.29912,81.1978,4.35,337.71,60.0,2026-08-14T08:26:00Z,VIIRS
FIRMS_CC8C9B39,7.41772,81.64791,1.33,335.83,60.0,2026-08-14T08:26:00Z,VIIRS
FIRMS_64B4E2ED,7.51518,81.66447,2.07,334.28,60.0,2026-08-14T08:26:00Z,VIIRS
FIRMS_590FB364,7.52985,81.67784,6.31,342.28,60.0,2026-08-14T08:26:00Z,VIIRS
FIRMS_3D92D41F,7.53184,81.66215,3.62,337.53,60.0,2026-08-14T08:26:00Z,VIIRS
FIRMS_F807814C,7.69557,81.30759,15.08,356.3,60.0,2026-08-14T08:26:00Z,VIIRS
FIRMS_0A163223,7.69609,81.31118,8.54,343.16,60.0,2026-08-14T08:26:00Z,VIIRS
FIRMS_18F8E179,7.69964,81.30701,15.08,346.15,60.0,2026-08-14T08:26:00Z,VIIRS
FIRMS_A149BF32,7.70016,81.31061,8.54,342.13,60.0,2026-08-14T08:26:00Z,VIIRS
FIRMS_6B4630EB,7.79772,81.47552,2.61,336.68,60.0,2026-08-14T08:26:00Z,VIIRS
FIRMS_5C7F71BD,7.86656,81.46929,17.08,355.08,60.0,2026-08-14T08:26:00Z,VIIRS
FIRMS_0183C28A,7.86916,81.48792,4.01,344.85,60.0,2026-08-14T08:26:00Z,VIIRS
FIRMS_ECD1084E,7.86968,81.49164,4.01,346.08,60.0,2026-08-14T08:26:00Z,VIIRS
FIRMS_6246D092,7.87329,81.48734,4.01,339.46,60.0,2026-08-14T08:26:00Z,VIIRS
FIRMS_5D82351A,7.88716,81.43616,5.15,343.79,60.0,2026-08-14T08:26:00Z,VIIRS
FIRMS_639F8FF3,7.88768,81.43986,6.46,342.63,60.0,2026-08-14T08:26:00Z,VIIRS
FIRMS_12D5D696,7.90225,81.48327,4.13,331.82,60.0,2026-08-14T08:26:00Z,VIIRS
FIRMS_87F1E096,8.06051,80.6891,6.96,335.1,60.0,2026-08-14T08:26:00Z,VIIRS
FIRMS_15A2ABB8,8.12584,81.42531,4.62,336.64,60.0,2026-08-14T08:26:00Z,VIIRS
FIRMS_54C5969D,8.4068,80.52273,13.78,348.21,60.0,2026-08-14T08:26:00Z,VIIRS
FIRMS_975BAE76,8.41071,80.52218,7.43,337.57,60.0,2026-08-14T08:26:00Z,VIIRS
FIRMS_A8664DA9,8.55964,80.872,9.23,337.16,60.0,2026-08-14T08:26:00Z,VIIRS
FIRMS_2AB6281E,8.56307,80.58379,3.64,334.57,60.0,2026-08-14T08:26:00Z,VIIRS
FIRMS_3F3F0E9B,8.5659,80.46375,4.44,336.3,60.0,2026-08-14T08:26:00Z,VIIRS
FIRMS_EBE78088,8.56604,80.46652,3.5,333.18,60.0,2026-08-14T08:26:00Z,VIIRS
FIRMS_A60BE8F7,8.58222,80.85816,16.38,344.61,60.0,2026-08-14T08:26:00Z,VIIRS
FIRMS_4FD3420E,8.65779,80.8905,3.2,330.83,60.0,2026-08-14T08:26:00Z,VIIRS
FIRMS_B4990FB0,8.66231,80.89346,4.04,335.5,60.0,2026-08-14T08:26:00Z,VIIRS
FIRMS_0AB8C926,8.68916,80.46336,6.47,341.02,60.0,2026-08-14T08:26:00Z,VIIRS
FIRMS_9037BD41,8.69729,77.84816,1.51,337.29,60.0,2026-08-14T08:26:00Z,VIIRS
FIRMS_B2BB2020,8.76233,77.79604,2.81,339.05,60.0,2026-08-14T08:26:00Z,VIIRS
FIRMS_6DC172AC,8.80016,80.57328,4.24,339.74,60.0,2026-08-14T08:26:00Z,VIIRS
FIRMS_61744702,8.80066,80.57003,5.05,334.6,60.0,2026-08-14T08:26:00Z,VIIRS
FIRMS_91CCF1E8,8.80139,80.57509,3.59,334.87,60.0,2026-08-14T08:26:00Z,VIIRS
FIRMS_4EA47EA1,8.80411,80.57274,4.24,330.54,60.0,2026-08-14T08:26:00Z,VIIRS
FIRMS_EBDB947A,8.82694,80.67886,4.62,334.58,60.0,2026-08-14T08:26:00Z,VIIRS
FIRMS_76682AFF,8.83132,80.89387,2.66,330.97,60.0,2026-08-14T08:26:00Z,VIIRS
FIRMS_15938EEF,9.01102,80.67626,3.45,334.4,60.0,2026-08-14T08:26:00Z,VIIRS
FIRMS_527AD150,9.0128,80.67327,9.77,337.17,60.0,2026-08-14T08:26:00Z,VIIRS
FIRMS_8C002B2A,9.01351,80.67845,6.88,334.27,60.0,2026-08-14T08:26:00Z,VIIRS
FIRMS_883BCE0B,9.015,80.6757,3.45,336.11,60.0,2026-08-14T08:26:00Z,VIIRS
FIRMS_A92B82B5,9.0321,80.0744,7.09,338.55,60.0,2026-08-14T08:26:00Z,VIIRS
FIRMS_7027F606,9.31116,80.1535,5.96,342.32,60.0,2026-08-14T08:26:00Z,VIIRS
FIRMS_0F7E5520,9.41698,77.81709,14.1,344.56,60.0,2026-08-14T08:26:00Z,VIIRS
FIRMS_45CD4A80,9.49049,78.61933,6.35,342.11,60.0,2026-08-14T08:26:00Z,VIIRS
FIRMS_968B7A36,9.57608,78.31172,4.92,335.35,60.0,2026-08-14T08:26:00Z,VIIRS
FIRMS_6DF0235A,9.57666,78.31569,5.44,336.05,60.0,2026-08-14T08:26:00Z,VIIRS
FIRMS_05BF274D,9.94017,78.72459,3.47,338.41,60.0,2026-08-14T08:28:00Z,VIIRS
FIRMS_09692860,9.94318,78.71989,3.47,337.56,60.0,2026-08-14T08:28:00Z,VIIRS
FIRMS_820E2835,9.94619,78.71519,4.78,344.65,60.0,2026-08-14T08:28:00Z,VIIRS
FIRMS_7433697C,10.15349,78.50438,3.96,335.53,60.0,2026-08-14T08:28:00Z,VIIRS
FIRMS_69A74F30,10.16352,78.93459,3.95,335.38,60.0,2026-08-14T08:28:00Z,VIIRS
FIRMS_9FDE0300,10.6441,79.07843,5.06,342.53,60.0,2026-08-14T08:28:00Z,VIIRS
FIRMS_CEDA1407,10.79085,77.71056,0.61,334.83,60.0,2026-08-14T08:28:00Z,VIIRS
FIRMS_35579941,11.10117,78.03844,1.67,330.35,60.0,2026-08-14T08:28:00Z,VIIRS
FIRMS_EE70CDCA,12.34427,76.94675,2.02,332.13,60.0,2026-08-14T08:28:00Z,VIIRS
FIRMS_706F8403,12.92848,80.18225,3.63,340.81,60.0,2026-08-14T08:28:00Z,VIIRS
FIRMS_9C3B6F47,13.13813,79.96019,4.8,341.06,60.0,2026-08-14T08:28:00Z,VIIRS
FIRMS_2AE0E6E6,13.85388,78.33376,2.34,336.45,60.0,2026-08-14T08:28:00Z,VIIRS
FIRMS_5649CBF2,14.31833,77.41064,2.89,335.06,60.0,2026-08-14T08:28:00Z,VIIRS
FIRMS_9C4F49EC,14.3213,77.40604,3.25,340.06,60.0,2026-08-14T08:28:00Z,VIIRS
FIRMS_C06EA6E8,14.32188,77.41011,2.89,340.84,60.0,2026-08-14T08:28:00Z,VIIRS
FIRMS_0294D33C,14.32246,77.41421,2.89,338.61,60.0,2026-08-14T08:28:00Z,VIIRS
FIRMS_1D3FEDFE,14.32542,77.40958,3.04,341.0,60.0,2026-08-14T08:28:00Z,VIIRS
FIRMS_16ADEBB7,14.326,77.41369,3.04,338.16,60.0,2026-08-14T08:28:00Z,VIIRS
FIRMS_BEFAED10,14.32896,77.40906,3.04,346.67,60.0,2026-08-14T08:28:00Z,VIIRS
FIRMS_EF170D11,14.33192,77.40444,2.83,336.96,60.0,2026-08-14T08:28:00Z,VIIRS
FIRMS_AD4CEABC,14.33251,77.40853,7.7,353.07,60.0,2026-08-14T08:28:00Z,VIIRS
FIRMS_73397E9F,14.88612,77.45694,4.17,334.57,60.0,2026-08-14T08:28:00Z,VIIRS
FIRMS_5CA1B058,15.16369,76.38303,3.96,334.16,60.0,2026-08-14T08:28:00Z,VIIRS
FIRMS_2311BEE1,15.17222,76.66235,4.86,343.64,60.0,2026-08-14T08:28:00Z,VIIRS
FIRMS_1DC3E864,15.17322,76.69418,3.3,335.93,60.0,2026-08-14T08:28:00Z,VIIRS
FIRMS_4F7807A1,15.61406,78.3792,12.98,336.76,60.0,2026-08-14T08:28:00Z,VIIRS
FIRMS_92C63172,15.67526,78.37572,5.6,332.72,60.0,2026-08-14T08:28:00Z,VIIRS
FIRMS_965BE059,15.68431,80.11327,3.22,340.56,60.0,2026-08-14T08:28:00Z,VIIRS
FIRMS_11025CDA,15.74877,80.01529,3.47,346.84,60.0,2026-08-14T08:28:00Z,VIIRS
FIRMS_9D4AB7C0,15.84728,80.08014,2.4,334.29,60.0,2026-08-14T08:28:00Z,VIIRS
FIRMS_6A2C4BBB,18.68664,73.04058,8.31,336.58,60.0,2026-08-14T08:30:00Z,VIIRS
FIRMS_6867938C,29.34646,73.11682,3.83,336.71,60.0,2026-08-14T08:33:00Z,VIIRS
FIRMS_F89D0773,29.74283,71.27952,3.84,344.03,60.0,2026-08-14T08:33:00Z,VIIRS
FIRMS_7BFE4A0B,29.78008,72.30405,4.37,337.19,60.0,2026-08-14T08:33:00Z,VIIRS
FIRMS_F98E5F17,29.85568,71.38053,3.16,340.06,60.0,2026-08-14T08:33:00Z,VIIRS
FIRMS_98C53281,29.94082,72.06029,3.12,338.23,60.0,2026-08-14T08:33:00Z,VIIRS
FIRMS_83CBE1B2,29.95238,72.94431,3.6,338.9,60.0,2026-08-14T08:33:00Z,VIIRS
FIRMS_9F4793B5,29.95464,72.57912,4.39,341.73,60.0,2026-08-14T08:33:00Z,VIIRS
FIRMS_E537E0B7,29.97913,72.60475,22.79,339.93,60.0,2026-08-14T08:33:00Z,VIIRS
FIRMS_08645F74,30.01564,72.56848,3.24,336.95,60.0,2026-08-14T08:33:00Z,VIIRS
FIRMS_6784D4F5,30.03947,72.11456,3.51,337.05,60.0,2026-08-14T08:33:00Z,VIIRS
FIRMS_32C96EFA,30.07075,71.48827,3.16,337.79,60.0,2026-08-14T08:33:00Z,VIIRS
FIRMS_6189C4AC,30.07664,71.52844,4.27,347.16,60.0,2026-08-14T08:33:00Z,VIIRS
FIRMS_FFCB498A,30.41155,71.94455,5.06,337.54,60.0,2026-08-14T08:33:00Z,VIIRS
FIRMS_B667D0B1,30.4149,71.94391,2.34,330.06,60.0,2026-08-14T08:33:00Z,VIIRS
FIRMS_A66BB00D,30.4806,71.81483,4.41,344.58,60.0,2026-08-14T08:33:00Z,VIIRS
FIRMS_FF3C335F,30.53525,71.77944,2.08,330.78,60.0,2026-08-14T08:33:00Z,VIIRS
FIRMS_A3CD4B1C,30.54259,71.71091,5.68,337.49,60.0,2026-08-14T08:33:00Z,VIIRS
FIRMS_23DD2075,30.60084,72.0713,2.65,334.53,60.0,2026-08-14T08:33:00Z,VIIRS
FIRMS_1BC13F67,30.60707,72.18962,7.94,349.02,60.0,2026-08-14T08:33:00Z,VIIRS
FIRMS_B6B7CE12,30.61927,72.15311,3.17,336.05,60.0,2026-08-14T08:33:00Z,VIIRS
FIRMS_0B14BAE3,30.63605,71.72717,5.93,340.78,60.0,2026-08-14T08:33:00Z,VIIRS
FIRMS_B348144F,30.65054,73.60814,2.72,331.28,60.0,2026-08-14T08:33:00Z,VIIRS
FIRMS_6D7B87F9,30.65344,72.12532,4.74,345.54,60.0,2026-08-14T08:33:00Z,VIIRS
FIRMS_2CE4E1EE,30.89121,73.19951,2.93,330.74,30.0,2026-08-14T08:33:00Z,VIIRS
FIRMS_AB8C17A2,30.89181,73.20399,2.93,331.33,30.0,2026-08-14T08:33:00Z,VIIRS
FIRMS_A9198A9F,30.8953,73.20337,2.93,330.8,30.0,2026-08-14T08:33:00Z,VIIRS
FIRMS_F5DE7701,30.89589,73.20786,4.5,331.09,30.0,2026-08-14T08:33:00Z,VIIRS
FIRMS_F36864A0,30.89827,73.22582,3.06,331.16,30.0,2026-08-14T08:33:00Z,VIIRS
FIRMS_15AA482E,30.90756,73.21498,3.47,330.42,30.0,2026-08-14T08:33:00Z,VIIRS
FIRMS_03F71E85,30.75119,71.95432,13.73,347.09,60.0,2026-08-14T08:35:00Z,VIIRS
FIRMS_31A57F37,30.76738,72.01932,3.81,338.15,60.0,2026-08-14T08:35:00Z,VIIRS
FIRMS_11F80C4E,30.79395,71.93381,4.45,335.92,60.0,2026-08-14T08:35:00Z,VIIRS
FIRMS_02C11432,30.81083,71.85845,11.4,347.77,60.0,2026-08-14T08:35:00Z,VIIRS
FIRMS_441EAE0C,30.91165,73.21886,3.47,330.83,30.0,2026-08-14T08:35:00Z,VIIRS
FIRMS_602CC559,31.03194,73.37009,6.75,331.52,60.0,2026-08-14T08:35:00Z,VIIRS
FIRMS_241269C2,31.19237,72.09209,4.1,337.63,60.0,2026-08-14T08:35:00Z,VIIRS
FIRMS_3834107F,31.70236,72.48913,5.11,340.88,60.0,2026-08-14T08:35:00Z,VIIRS
FIRMS_7A234D38,31.7036,72.48791,3.79,338.18,60.0,2026-08-14T08:35:00Z,VIIRS
FIRMS_C7E31C4B,32.03644,71.12323,3.69,331.69,30.0,2026-08-14T08:35:00Z,VIIRS
FIRMS_E429B8B0,32.03977,71.12256,3.45,330.52,30.0,2026-08-14T08:35:00Z,VIIRS
FIRMS_4DAF1466,32.04037,71.12668,3.45,332.71,30.0,2026-08-14T08:35:00Z,VIIRS
FIRMS_81BD0F3B,32.88853,71.61611,3.3,334.49,60.0,2026-08-14T08:35:00Z,VIIRS
FIRMS_5125DD67,27.03289,94.89212,5.03,314.82,60.0,2026-08-14T19:17:00Z,VIIRS
FIRMS_7979A3F9,27.32576,95.27875,4.34,311.81,60.0,2026-08-14T19:17:00Z,VIIRS
FIRMS_76BDE9A7,7.49311,81.1361,2.42,300.3,60.0,2026-08-14T19:21:00Z,VIIRS
FIRMS_0EF8FDAC,33.29664,71.1873,0.89,305.45,60.0,2026-08-14T20:55:00Z,VIIRS
FIRMS_C9BA9008,33.68887,72.71381,0.95,310.22,60.0,2026-08-14T20:55:00Z,VIIRS
FIRMS_9E0778EC,35.9678,68.6875,1.44,310.43,60.0,2026-08-14T20:55:00Z,VIIRS
FIRMS_71A66E2C,22.9329,69.70402,0.96,302.22,60.0,2026-08-14T20:57:00Z,VIIRS
FIRMS_7C70D08C,23.31558,70.4867,1.06,303.46,60.0,2026-08-14T20:57:00Z,VIIRS
FIRMS_B62A182B,25.3884,68.58215,3.33,325.12,60.0,2026-08-14T20:57:00Z,VIIRS
FIRMS_F37590B1,25.94164,72.19266,1.49,321.57,60.0,2026-08-14T20:57:00Z,VIIRS
FIRMS_193E56A1,25.94279,72.19247,1.72,324.59,60.0,2026-08-14T20:57:00Z,VIIRS
FIRMS_1D8BC0A1,26.60479,73.68352,1.07,306.63,60.0,2026-08-14T20:57:00Z,VIIRS
FIRMS_3A179C33,26.87478,73.51643,0.84,304.98,60.0,2026-08-14T20:57:00Z,VIIRS
FIRMS_CBCF8B2B,26.87868,73.51321,0.84,305.24,60.0,2026-08-14T20:57:00Z,VIIRS
FIRMS_F87DCB7B,28.60834,68.63084,1.6,313.15,60.0,2026-08-14T20:57:00Z,VIIRS
FIRMS_EBAF832C,19.17778,70.94668,2.39,310.03,60.0,2026-08-14T20:59:00Z,VIIRS
FIRMS_00F41291,19.52935,71.30072,2.78,306.8,60.0,2026-08-14T20:59:00Z,VIIRS
FIRMS_0D190E94,19.52992,71.29703,2.67,304.31,60.0,2026-08-14T20:59:00Z,VIIRS
FIRMS_4D0C68FC,21.10971,72.63481,3.07,316.45,60.0,2026-08-14T20:59:00Z,VIIRS
FIRMS_8BE0831B,21.11126,72.64643,1.51,298.17,60.0,2026-08-14T20:59:00Z,VIIRS
FIRMS_C13752E7,22.3395,69.85548,1.98,304.65,60.0,2026-08-14T20:59:00Z,VIIRS
FIRMS_DEDCCD2B,10.70914,79.85674,4.8,295.3,60.0,2026-08-14T21:01:00Z,VIIRS
FIRMS_0E8C71AA,13.74471,76.84552,0.8,299.46,60.0,2026-08-14T21:01:00Z,VIIRS
FIRMS_DEE994BA,15.17404,76.69186,0.7,298.99,60.0,2026-08-14T21:01:00Z,VIIRS
FIRMS_651E5C2D,15.18089,76.67749,2.41,298.56,60.0,2026-08-14T21:01:00Z,VIIRS
FIRMS_D4C3DFB7,15.18296,76.66602,2.09,307.58,60.0,2026-08-14T21:01:00Z,VIIRS
FIRMS_74755B7B,15.22681,76.76525,0.8,301.71,60.0,2026-08-14T21:01:00Z,VIIRS
FIRMS_EFB71952,15.22752,76.76139,0.8,300.97,60.0,2026-08-14T21:01:00Z,VIIRS
FIRMS_5EA99E4D,23.88082,96.3227,2.08,328.68,60.0,2026-08-15T06:31:00Z,VIIRS
FIRMS_2D3DB905,27.60563,95.40367,1.91,328.54,60.0,2026-08-15T06:31:00Z,VIIRS
FIRMS_623248EB,29.63094,94.37956,4.52,328.54,30.0,2026-08-15T06:31:00Z,VIIRS
FIRMS_B311A0AF,6.37115,81.1376,2.89,342.49,60.0,2026-08-15T08:07:00Z,VIIRS
FIRMS_2961388E,6.37501,81.0518,3.71,336.62,60.0,2026-08-15T08:07:00Z,VIIRS
FIRMS_BC134C2F,6.37833,81.05128,3.71,330.3,60.0,2026-08-15T08:07:00Z,VIIRS
FIRMS_5DF49BD9,6.40712,80.86543,61.04,334.18,60.0,2026-08-15T08:07:00Z,VIIRS
FIRMS_77A5C5F6,6.41216,80.85397,7.89,331.36,60.0,2026-08-15T08:07:00Z,VIIRS
FIRMS_25B0974A,6.45107,81.01872,5.04,340.98,60.0,2026-08-15T08:07:00Z,VIIRS
FIRMS_1618B7AA,6.74334,81.44843,6.78,339.44,60.0,2026-08-15T08:07:00Z,VIIRS
FIRMS_B79C5B8D,6.75534,81.39326,3.48,337.53,60.0,2026-08-15T08:07:00Z,VIIRS
FIRMS_9BCDA83F,6.76564,81.50555,24.6,344.05,60.0,2026-08-15T08:07:00Z,VIIRS
FIRMS_E39A3D1E,6.76617,81.50903,12.22,356.79,60.0,2026-08-15T08:07:00Z,VIIRS
FIRMS_A80EE788,6.76897,81.50504,9.66,343.02,60.0,2026-08-15T08:07:00Z,VIIRS
FIRMS_49A8C734,6.7695,81.50852,7.32,339.15,60.0,2026-08-15T08:07:00Z,VIIRS
FIRMS_A998E609,6.77933,81.5284,2.22,335.32,60.0,2026-08-15T08:07:00Z,VIIRS
FIRMS_497C2F0B,6.78265,81.5279,2.22,335.84,60.0,2026-08-15T08:07:00Z,VIIRS
FIRMS_A1471451,6.79901,81.41767,4.2,341.82,60.0,2026-08-15T08:07:00Z,VIIRS
FIRMS_B27D5B71,6.82552,81.50262,20.84,345.37,60.0,2026-08-15T08:07:00Z,VIIRS
FIRMS_7A470FB4,6.87988,81.72637,5.14,332.19,60.0,2026-08-15T08:07:00Z,VIIRS
FIRMS_EE0DD2F1,6.92249,81.82744,4.07,338.67,60.0,2026-08-15T08:07:00Z,VIIRS
FIRMS_45B98E97,7.08286,81.548,1.91,334.3,60.0,2026-08-15T08:07:00Z,VIIRS
FIRMS_9E6345AD,7.08783,81.78349,2.56,336.33,60.0,2026-08-15T08:07:00Z,VIIRS
FIRMS_5533768D,7.08889,81.79051,3.93,331.34,30.0,2026-08-15T08:07:00Z,VIIRS
FIRMS_BE027E55,7.08942,81.79402,1.91,332.81,60.0,2026-08-15T08:07:00Z,VIIRS
FIRMS_6D42CD0C,7.09117,81.78297,2.56,337.21,60.0,2026-08-15T08:07:00Z,VIIRS
FIRMS_1418A1BC,7.09154,81.80807,15.76,338.98,60.0,2026-08-15T08:07:00Z,VIIRS
FIRMS_253754C0,7.11188,80.8494,1.73,330.41,60.0,2026-08-15T08:07:00Z,VIIRS
FIRMS_FDA977AA,7.13562,81.78342,3.53,336.51,60.0,2026-08-15T08:07:00Z,VIIRS
FIRMS_BD6EECEB,7.14985,81.14191,4.04,339.87,60.0,2026-08-15T08:07:00Z,VIIRS
FIRMS_00B2DCCF,7.15318,81.14142,3.21,337.71,60.0,2026-08-15T08:07:00Z,VIIRS
FIRMS_C8BD9A0F,7.17507,81.26253,1.4,332.28,60.0,2026-08-15T08:07:00Z,VIIRS
FIRMS_264EB6B4,7.17662,81.36192,3.58,331.11,60.0,2026-08-15T08:07:00Z,VIIRS
FIRMS_3C9314DA,7.20137,81.30119,2.35,331.85,60.0,2026-08-15T08:07:00Z,VIIRS
FIRMS_98C2A5F3,7.2127,81.75674,1.36,330.4,60.0,2026-08-15T08:07:00Z,VIIRS
FIRMS_97FFC476,7.2196,81.80241,3.25,342.03,60.0,2026-08-15T08:07:00Z,VIIRS
FIRMS_50A2647A,7.22044,81.36495,3.92,333.75,60.0,2026-08-15T08:07:00Z,VIIRS
FIRMS_FAB1E2BC,7.22135,81.79135,1.96,331.91,60.0,2026-08-15T08:07:00Z,VIIRS
FIRMS_92468789,7.22374,81.20788,3.49,340.75,60.0,2026-08-15T08:07:00Z,VIIRS
FIRMS_AC61FFBB,7.226,81.20042,3.14,332.23,60.0,2026-08-15T08:07:00Z,VIIRS
FIRMS_166C78B4,7.25144,81.69704,2.51,331.64,60.0,2026-08-15T08:07:00Z,VIIRS
FIRMS_32919A57,7.31725,81.13255,3.6,335.0,60.0,2026-08-15T08:07:00Z,VIIRS
FIRMS_6A2460B9,7.32174,81.20657,8.01,340.99,60.0,2026-08-15T08:07:00Z,VIIRS
FIRMS_3C490166,7.32294,81.19213,2.39,333.69,60.0,2026-08-15T08:07:00Z,VIIRS
FIRMS_B16559FB,7.32385,81.22048,4.41,346.41,60.0,2026-08-15T08:07:00Z,VIIRS
FIRMS_8B733B26,7.32439,81.22396,4.41,344.63,60.0,2026-08-15T08:07:00Z,VIIRS
FIRMS_34AC7A35,7.32838,81.20554,4.73,335.92,60.0,2026-08-15T08:07:00Z,VIIRS
FIRMS_284EA073,7.3329,81.19061,2.32,336.68,60.0,2026-08-15T08:07:00Z,VIIRS
FIRMS_32944489,7.34131,81.7579,3.07,333.99,60.0,2026-08-15T08:07:00Z,VIIRS
FIRMS_BD2CC52B,7.35452,81.26561,1.15,331.72,60.0,2026-08-15T08:07:00Z,VIIRS
FIRMS_3A507B46,7.37122,81.77496,2.62,335.67,60.0,2026-08-15T08:07:00Z,VIIRS
FIRMS_12332681,7.37176,81.77847,3.56,331.64,60.0,2026-08-15T08:07:00Z,VIIRS
FIRMS_06C920B3,7.4235,81.29427,4.42,342.35,60.0,2026-08-15T08:07:00Z,VIIRS
FIRMS_7F6A417C,7.42812,81.68315,3.55,343.47,60.0,2026-08-15T08:07:00Z,VIIRS
FIRMS_6B5DA035,7.42865,81.68666,3.55,342.69,60.0,2026-08-15T08:07:00Z,VIIRS
FIRMS_7DDE7CFC,7.43956,81.31653,8.01,354.43,60.0,2026-08-15T08:07:00Z,VIIRS
FIRMS_75A92810,7.44289,81.31603,9.5,346.97,60.0,2026-08-15T08:07:00Z,VIIRS
FIRMS_09CC2117,7.4536,81.69365,2.12,335.57,60.0,2026-08-15T08:07:00Z,VIIRS
FIRMS_22AD817C,7.45797,81.21402,3.81,335.72,60.0,2026-08-15T08:07:00Z,VIIRS
FIRMS_D65EA5E2,7.46201,81.68159,4.77,348.64,60.0,2026-08-15T08:07:00Z,VIIRS
FIRMS_CDC0A5A0,7.46924,81.26571,5.7,336.66,60.0,2026-08-15T08:07:00Z,VIIRS
FIRMS_B988FE17,7.46977,81.26918,10.19,341.58,60.0,2026-08-15T08:07:00Z,VIIRS
FIRMS_4267FA47,7.51028,81.09155,8.11,343.02,60.0,2026-08-15T08:07:00Z,VIIRS
FIRMS_BC049366,7.51081,81.09502,8.11,339.29,60.0,2026-08-15T08:07:00Z,VIIRS
FIRMS_1D6C2C7C,7.51134,81.0985,61.88,344.65,60.0,2026-08-15T08:07:00Z,VIIRS
FIRMS_7466FA85,7.55715,81.71012,2.96,339.1,60.0,2026-08-15T08:07:00Z,VIIRS
FIRMS_0DC1B1AA,7.71951,81.42249,11.86,339.53,60.0,2026-08-15T08:07:00Z,VIIRS
FIRMS_C5CA69C9,7.72114,81.34359,6.04,339.52,60.0,2026-08-15T08:07:00Z,VIIRS
FIRMS_A3A1802F,7.72394,81.3396,3.61,335.9,60.0,2026-08-15T08:07:00Z,VIIRS
FIRMS_DB346821,7.72447,81.34308,2.94,331.95,60.0,2026-08-15T08:07:00Z,VIIRS
FIRMS_318AC4C6,7.86744,81.48164,6.51,341.65,60.0,2026-08-15T08:07:00Z,VIIRS
FIRMS_3986C2E5,7.86798,81.48515,7.95,344.3,60.0,2026-08-15T08:07:00Z,VIIRS
FIRMS_26D2B246,8.18145,80.48837,0.8,331.15,60.0,2026-08-15T08:07:00Z,VIIRS
FIRMS_88B57371,8.27499,81.05516,3.53,332.41,60.0,2026-08-15T08:07:00Z,VIIRS
FIRMS_7B5488ED,8.34802,80.2693,8.35,347.84,60.0,2026-08-15T08:07:00Z,VIIRS
FIRMS_059C2599,8.35009,80.26845,5.07,343.95,60.0,2026-08-15T08:07:00Z,VIIRS
FIRMS_58C5EDFD,8.35063,80.27195,4.58,343.95,60.0,2026-08-15T08:07:00Z,VIIRS
FIRMS_F805AF51,8.55446,80.49377,1.82,335.03,60.0,2026-08-15T08:07:00Z,VIIRS
FIRMS_EFCB3678,8.61206,80.51968,6.41,346.01,60.0,2026-08-15T08:07:00Z,VIIRS
FIRMS_22DDC338,8.65191,81.13203,5.47,336.93,60.0,2026-08-15T08:07:00Z,VIIRS
FIRMS_0DA8F5CB,8.67931,80.75907,9.82,345.27,60.0,2026-08-15T08:07:00Z,VIIRS
FIRMS_4F6B88E1,8.80854,80.32371,1.44,330.01,60.0,2026-08-15T08:07:00Z,VIIRS
FIRMS_62D3E3E6,8.92352,80.47691,4.58,334.02,60.0,2026-08-15T08:07:00Z,VIIRS
FIRMS_2F6BA1FD,9.04828,80.18815,4.05,331.15,60.0,2026-08-15T08:07:00Z,VIIRS
FIRMS_C9088CCF,9.06104,80.53681,1.72,335.0,60.0,2026-08-15T08:07:00Z,VIIRS
FIRMS_FE6F7E13,11.4172,79.66978,2.76,336.37,60.0,2026-08-15T08:07:00Z,VIIRS
FIRMS_5C6A0B86,12.37895,76.98724,3.01,330.87,60.0,2026-08-15T08:07:00Z,VIIRS
FIRMS_C9F39494,14.05112,79.77888,7.99,347.47,60.0,2026-08-15T08:09:00Z,VIIRS
FIRMS_0FFBBE6D,14.47548,79.97254,4.62,338.98,60.0,2026-08-15T08:09:00Z,VIIRS
FIRMS_67099572,14.47881,79.97202,3.59,335.54,60.0,2026-08-15T08:09:00Z,VIIRS
FIRMS_43635378,14.66645,79.53525,2.34,334.11,60.0,2026-08-15T08:09:00Z,VIIRS
FIRMS_149EAD3F,15.10484,76.8101,6.87,338.38,60.0,2026-08-15T08:09:00Z,VIIRS
FIRMS_9D3DFF6B,15.30614,78.18951,4.07,335.73,60.0,2026-08-15T08:09:00Z,VIIRS
FIRMS_8F22876C,17.53543,79.50681,4.85,333.28,60.0,2026-08-15T08:09:00Z,VIIRS
FIRMS_4E34163E,18.66053,79.14503,10.47,331.03,60.0,2026-08-15T08:09:00Z,VIIRS
FIRMS_4C520B64,18.85886,72.92574,6.55,341.49,60.0,2026-08-15T08:09:00Z,VIIRS
FIRMS_FF7B6C40,22.36821,87.30191,3.8,330.19,60.0,2026-08-15T08:11:00Z,VIIRS
FIRMS_1B632183,25.72742,68.40441,5.38,333.58,60.0,2026-08-15T08:13:00Z,VIIRS
FIRMS_89F75909,27.80209,69.54681,6.32,330.09,30.0,2026-08-15T08:13:00Z,VIIRS
FIRMS_7C5F72F8,29.4572,71.3344,6.31,347.98,60.0,2026-08-15T08:13:00Z,VIIRS
FIRMS_22FFAD70,31.59891,72.30718,5.35,336.52,60.0,2026-08-15T08:13:00Z,VIIRS
FIRMS_EF2A96B3,34.0741,72.14128,2.32,336.42,60.0,2026-08-15T08:16:00Z,VIIRS
FIRMS_F8C7C320,22.35315,96.7031,0.66,301.77,60.0,2026-08-15T18:58:00Z,VIIRS
FIRMS_BB984319,22.35743,96.70364,0.54,302.57,60.0,2026-08-15T18:58:00Z,VIIRS
FIRMS_556A0873,35.96585,68.68399,1.22,305.92,60.0,2026-08-15T20:36:00Z,VIIRS
FIRMS_7918EF5D,28.27054,69.7699,0.57,307.35,60.0,2026-08-15T20:38:00Z,VIIRS
FIRMS_1032D27C,28.4244,69.69858,1.01,312.95,60.0,2026-08-15T20:38:00Z,VIIRS
FIRMS_1F86E0CF,28.42625,69.69794,0.85,307.18,60.0,2026-08-15T20:38:00Z,VIIRS
FIRMS_F0E1A17D,31.61599,74.3751,0.57,304.18,60.0,2026-08-15T20:38:00Z,VIIRS
FIRMS_72E36BFA,33.24784,71.28815,3.77,319.75,60.0,2026-08-15T20:38:00Z,VIIRS
FIRMS_C20C9C0F,33.2496,71.28826,1.43,313.68,60.0,2026-08-15T20:38:00Z,VIIRS
FIRMS_A316D8B9,33.27397,71.59183,0.75,309.07,60.0,2026-08-15T20:38:00Z,VIIRS
FIRMS_6747FB75,21.10614,72.64859,1.51,300.38,60.0,2026-08-15T20:40:00Z,VIIRS
FIRMS_1611B3D1,21.10682,72.64341,4.1,316.57,60.0,2026-08-15T20:40:00Z,VIIRS
FIRMS_98C003B9,23.16633,82.3391,1.77,297.19,60.0,2026-08-15T20:40:00Z,VIIRS
FIRMS_C5A6E7C6,25.39021,68.58022,0.51,306.4,60.0,2026-08-15T20:40:00Z,VIIRS
FIRMS_9672AE19,25.942,72.1899,1.12,307.92,60.0,2026-08-15T20:40:00Z,VIIRS
FIRMS_A639186D,12.23028,79.20409,0.65,303.61,60.0,2026-08-15T20:42:00Z,VIIRS
FIRMS_08F86F6D,12.28915,78.93369,0.9,299.95,60.0,2026-08-15T20:42:00Z,VIIRS
FIRMS_7D44D547,12.29187,78.93195,0.84,300.29,60.0,2026-08-15T20:42:00Z,VIIRS
FIRMS_3A921D6D,13.15892,80.28419,11.5,338.12,60.0,2026-08-15T20:42:00Z,VIIRS
FIRMS_E90DBEDF,13.16287,80.28493,5.01,313.34,60.0,2026-08-15T20:42:00Z,VIIRS
FIRMS_30E6463C,13.60553,76.79213,0.41,301.13,60.0,2026-08-15T20:42:00Z,VIIRS
FIRMS_0FAD914B,14.37725,79.89831,1.09,304.74,60.0,2026-08-15T20:42:00Z,VIIRS
FIRMS_87F57568,15.02144,78.01479,0.92,310.19,60.0,2026-08-15T20:42:00Z,VIIRS
FIRMS_582329E7,15.02488,78.01537,0.92,305.29,60.0,2026-08-15T20:42:00Z,VIIRS
FIRMS_0129A5A3,15.17622,77.09935,1.14,300.72,60.0,2026-08-15T20:42:00Z,VIIRS
FIRMS_EAE68490,15.17897,77.10359,0.75,302.38,60.0,2026-08-15T20:42:00Z,VIIRS
FIRMS_7BEF87AF,15.33481,76.28645,0.97,305.36,60.0,2026-08-15T20:42:00Z,VIIRS
FIRMS_C62DCC5C,18.68268,73.04128,3.45,305.74,60.0,2026-08-15T20:42:00Z,VIIRS
FIRMS_20DAF4B4,18.68394,73.03215,4.49,310.27,60.0,2026-08-15T20:42:00Z,VIIRS
FIRMS_C7BCC3C7,18.69004,73.0424,4.35,308.29,60.0,2026-08-15T20:42:00Z,VIIRS
FIRMS_1D221008,6.73721,81.02435,2.02,298.91,60.0,2026-08-15T20:44:00Z,VIIRS
FIRMS_35376287,6.73881,81.02721,1.29,305.05,60.0,2026-08-15T20:44:00Z,VIIRS
FIRMS_4CA5775F,6.81776,81.16775,1.84,307.37,60.0,2026-08-15T20:44:00Z,VIIRS
FIRMS_9C9EB26B,6.81964,81.17075,2.57,313.61,60.0,2026-08-15T20:44:00Z,VIIRS
FIRMS_07249727,6.82044,81.16622,2.05,308.11,60.0,2026-08-15T20:44:00Z,VIIRS
FIRMS_8F6DE340,6.82248,81.16821,1.84,316.25,60.0,2026-08-15T20:44:00Z,VIIRS
FIRMS_7BA32A3C,6.82433,81.17148,2.57,329.63,60.0,2026-08-15T20:44:00Z,VIIRS
FIRMS_38984977,6.82513,81.16695,2.05,301.6,60.0,2026-08-15T20:44:00Z,VIIRS
FIRMS_0C132133,6.82814,81.17716,0.94,301.74,60.0,2026-08-15T20:44:00Z,VIIRS
FIRMS_FE861F19,6.82898,81.17235,0.94,306.56,60.0,2026-08-15T20:44:00Z,VIIRS
FIRMS_F3C39BE6,9.33741,78.60825,1.12,304.15,60.0,2026-08-15T20:44:00Z,VIIRS
FIRMS_F295935B,10.61674,77.42191,0.44,296.05,60.0,2026-08-15T20:44:00Z,VIIRS
FIRMS_741E78B1,10.62393,79.12068,1.55,300.22,60.0,2026-08-15T20:44:00Z,VIIRS
FIRMS_2EC914F7,10.62608,79.11906,1.41,310.41,60.0,2026-08-15T20:44:00Z,VIIRS
FIRMS_F23E8889,10.92917,77.06458,0.54,302.5,60.0,2026-08-15T20:44:00Z,VIIRS
FIRMS_5905E118,11.21336,77.89606,0.91,304.47,60.0,2026-08-15T20:44:00Z,VIIRS
FIRMS_4E51B02D,11.80888,77.9234,1.75,309.59,60.0,2026-08-15T20:44:00Z,VIIRS
FIRMS_F47DEFBD,11.8096,77.92503,0.81,308.4,60.0,2026-08-15T20:44:00Z,VIIRS
FIRMS_E022C034,11.81028,77.92094,0.81,296.33,60.0,2026-08-15T20:44:00Z,VIIRS
FIRMS_6295363E,11.8396,78.97262,0.92,306.04,60.0,2026-08-15T20:44:00Z,VIIRS
FIRMS_EB4D6BC9,12.09803,78.35358,0.7,295.31,60.0,2026-08-15T20:44:00Z,VIIRS
FIRMS_DC825081,33.2472,71.29536,2.9,309.79,60.0,2026-08-15T22:18:00Z,VIIRS
FIRMS_00FB5235,33.24773,71.29378,3.28,317.5,60.0,2026-08-15T22:18:00Z,VIIRS
FIRMS_59C7F309,33.24935,71.28817,5.99,313.25,60.0,2026-08-15T22:18:00Z,VIIRS
FIRMS_0FFB2C57,33.24991,71.28664,3.28,306.94,60.0,2026-08-15T22:18:00Z,VIIRS
FIRMS_8050B5D7,6.72965,81.52991,7.91,337.55,60.0,2026-08-16T07:48:00Z,VIIRS
FIRMS_D3CDB0A3,7.18742,81.82262,3.53,329.86,60.0,2026-08-16T07:48:00Z,VIIRS
FIRMS_BE27DE6D,7.26022,81.79184,3.77,329.28,60.0,2026-08-16T07:48:00Z,VIIRS
FIRMS_CEEFFE21,7.31004,80.93993,5.54,327.22,60.0,2026-08-16T07:48:00Z,VIIRS
FIRMS_BCB87F1C,7.4564,81.34227,4.99,334.64,60.0,2026-08-16T07:48:00Z,VIIRS
FIRMS_FCAEBC48,7.73834,81.5024,1.61,330.97,60.0,2026-08-16T07:48:00Z,VIIRS
FIRMS_DAB43E34,7.73887,81.26031,1.89,327.95,60.0,2026-08-16T07:48:00Z,VIIRS
FIRMS_C00C09D3,7.86138,81.47504,10.54,339.81,60.0,2026-08-16T07:48:00Z,VIIRS
FIRMS_DAA27CC7,7.87655,81.41111,1.79,328.72,60.0,2026-08-16T07:48:00Z,VIIRS
FIRMS_5E4E8997,7.87693,81.48414,5.64,334.22,60.0,2026-08-16T07:48:00Z,VIIRS
FIRMS_FAF1FE8C,7.87898,81.48672,10.65,338.59,60.0,2026-08-16T07:48:00Z,VIIRS
FIRMS_E55F3122,7.88076,81.48351,5.64,344.73,60.0,2026-08-16T07:48:00Z,VIIRS
FIRMS_934C47BD,8.05386,81.24757,3.58,331.78,60.0,2026-08-16T07:48:00Z,VIIRS
FIRMS_6AA2F112,8.05624,81.24507,4.3,334.06,60.0,2026-08-16T07:48:00Z,VIIRS
FIRMS_6D41FD1C,8.05773,81.24693,3.58,330.12,60.0,2026-08-16T07:48:00Z,VIIRS
FIRMS_4078C748,8.06344,81.18587,6.49,340.33,60.0,2026-08-16T07:48:00Z,VIIRS
FIRMS_539FE9F7,8.76996,78.10783,2.39,335.8,60.0,2026-08-16T07:50:00Z,VIIRS
FIRMS_39B0A938,8.84015,80.60784,3.8,331.63,60.0,2026-08-16T07:50:00Z,VIIRS
FIRMS_0B7F7DCE,8.8501,80.42207,1.69,334.26,60.0,2026-08-16T07:50:00Z,VIIRS
FIRMS_FBFA19FA,8.90999,80.47983,7.28,344.01,60.0,2026-08-16T07:50:00Z,VIIRS
FIRMS_73E6FDA0,9.319,79.30539,4.67,337.47,60.0,2026-08-16T07:50:00Z,VIIRS
FIRMS_DA40140F,9.3233,80.19555,3.18,333.77,60.0,2026-08-16T07:50:00Z,VIIRS
FIRMS_0FA9E832,9.45503,80.47744,4.75,329.83,60.0,2026-08-16T07:50:00Z,VIIRS
FIRMS_9AF00767,9.45774,77.60921,5.97,339.95,60.0,2026-08-16T07:50:00Z,VIIRS
FIRMS_7A5FD772,9.45867,77.61446,5.97,342.14,60.0,2026-08-16T07:50:00Z,VIIRS
FIRMS_6D7EB77E,9.459,80.47677,4.75,341.37,60.0,2026-08-16T07:50:00Z,VIIRS
FIRMS_AE57DA11,9.6554,80.30992,9.63,355.1,60.0,2026-08-16T07:50:00Z,VIIRS
FIRMS_6E4002A9,9.85071,77.88331,1.3,332.78,60.0,2026-08-16T07:50:00Z,VIIRS
FIRMS_ACFB6593,9.85307,77.88065,1.64,335.86,60.0,2026-08-16T07:50:00Z,VIIRS
FIRMS_23F64515,10.20671,78.83601,3.96,333.99,60.0,2026-08-16T07:50:00Z,VIIRS
FIRMS_B9CCF22F,10.53129,79.73779,2.77,332.24,60.0,2026-08-16T07:50:00Z,VIIRS
FIRMS_FA273337,10.8337,79.31152,4.59,342.14,60.0,2026-08-16T07:50:00Z,VIIRS
FIRMS_2329A7E8,10.85651,79.07156,6.22,335.25,60.0,2026-08-16T07:50:00Z,VIIRS
FIRMS_C55CFDAF,10.92125,78.4465,3.75,333.11,60.0,2026-08-16T07:50:00Z,VIIRS
FIRMS_FD1144AD,10.95975,78.94122,2.66,336.56,60.0,2026-08-16T07:50:00Z,VIIRS
FIRMS_34BA7CCF,11.08317,79.47999,4.53,338.97,60.0,2026-08-16T07:50:00Z,VIIRS
FIRMS_6E647C85,11.40386,79.70392,2.19,332.63,60.0,2026-08-16T07:50:00Z,VIIRS
FIRMS_95BC6636,11.46932,79.35802,2.64,332.09,60.0,2026-08-16T07:50:00Z,VIIRS
FIRMS_919C1CAF,11.92912,79.67993,4.37,340.8,60.0,2026-08-16T07:50:00Z,VIIRS
FIRMS_F4296FB4,11.94788,79.04879,4.56,336.96,60.0,2026-08-16T07:50:00Z,VIIRS
FIRMS_52CDA3F5,12.03929,79.50043,3.09,339.7,60.0,2026-08-16T07:50:00Z,VIIRS
FIRMS_2FDE507B,12.21654,79.85169,3.2,337.97,60.0,2026-08-16T07:50:00Z,VIIRS
FIRMS_667EEE03,12.32878,78.75077,15.33,349.65,60.0,2026-08-16T07:50:00Z,VIIRS
FIRMS_71D6EC97,12.3682,78.99841,6.01,335.85,60.0,2026-08-16T07:50:00Z,VIIRS
FIRMS_174E0C18,12.43197,79.43339,3.07,339.44,60.0,2026-08-16T07:50:00Z,VIIRS
FIRMS_2A397986,12.61864,80.07019,3.24,331.42,30.0,2026-08-16T07:50:00Z,VIIRS
FIRMS_ECE7D44D,14.06632,77.34638,2.69,337.35,60.0,2026-08-16T07:50:00Z,VIIRS
FIRMS_E3846AB4,14.56593,77.56482,4.13,341.41,60.0,2026-08-16T07:50:00Z,VIIRS
FIRMS_B818598C,14.56621,77.56371,6.17,345.18,60.0,2026-08-16T07:50:00Z,VIIRS
FIRMS_8E614DFE,14.64689,79.2653,3.94,333.62,60.0,2026-08-16T07:50:00Z,VIIRS
FIRMS_C0CB15E3,16.85509,79.1368,4.27,330.97,60.0,2026-08-16T07:52:00Z,VIIRS
FIRMS_95F9F88D,22.36782,87.30247,2.37,330.84,60.0,2026-08-16T07:52:00Z,VIIRS
FIRMS_A091700D,22.37709,87.27881,5.71,332.37,60.0,2026-08-16T07:52:00Z,VIIRS
FIRMS_39BED4D6,23.71242,86.45026,2.04,332.31,60.0,2026-08-16T07:52:00Z,VIIRS
FIRMS_55DE3ABB,23.80482,86.32938,6.81,336.19,60.0,2026-08-16T07:52:00Z,VIIRS
FIRMS_EE871A49,27.32376,71.15984,2.66,339.18,60.0,2026-08-16T07:54:00Z,VIIRS
FIRMS_571F0B9E,27.4415,70.79316,2.1,337.65,60.0,2026-08-16T07:54:00Z,VIIRS
FIRMS_624F7450,29.97123,72.10835,2.95,330.37,60.0,2026-08-16T07:56:00Z,VIIRS
FIRMS_32DE4855,30.03752,72.56381,6.57,341.13,60.0,2026-08-16T07:56:00Z,VIIRS
FIRMS_2EF689B9,30.03814,71.55405,3.21,331.37,60.0,2026-08-16T07:56:00Z,VIIRS
FIRMS_7ED59331,30.30352,73.35507,2.95,330.83,60.0,2026-08-16T07:56:00Z,VIIRS
FIRMS_C9FE083F,30.42686,73.71638,4.55,342.02,60.0,2026-08-16T07:56:00Z,VIIRS
FIRMS_CA531314,30.56189,72.18955,3.98,336.38,60.0,2026-08-16T07:56:00Z,VIIRS
FIRMS_21B283D6,30.65555,74.16005,3.35,336.41,60.0,2026-08-16T07:56:00Z,VIIRS
FIRMS_0D9DEA7B,30.68955,71.74601,5.2,337.11,60.0,2026-08-16T07:56:00Z,VIIRS
FIRMS_1790CB1C,30.89985,71.96447,5.56,338.45,60.0,2026-08-16T07:56:00Z,VIIRS
FIRMS_F31B499E,31.0305,73.36909,6.02,330.39,30.0,2026-08-16T07:56:00Z,VIIRS
FIRMS_71CE45F5,31.37678,72.17642,4.21,338.72,60.0,2026-08-16T07:56:00Z,VIIRS
FIRMS_807AF764,27.30517,95.31655,4.12,299.58,60.0,2026-08-16T18:38:00Z,VIIRS
FIRMS_7F314EA4,23.48163,87.36025,3.31,311.77,60.0,2026-08-16T20:19:00Z,VIIRS
FIRMS_8C26CDC2,23.63231,86.29353,0.74,300.99,60.0,2026-08-16T20:19:00Z,VIIRS
FIRMS_CBA1AE6F,23.64809,85.43964,2.02,318.07,60.0,2026-08-16T20:19:00Z,VIIRS
FIRMS_F6E3C9AE,23.64884,85.43541,1.39,304.07,60.0,2026-08-16T20:19:00Z,VIIRS
FIRMS_C52D0C7D,23.67724,86.0871,1.11,300.84,60.0,2026-08-16T20:19:00Z,VIIRS
FIRMS_B25940E3,23.68001,86.09234,0.87,303.11,60.0,2026-08-16T20:19:00Z,VIIRS
FIRMS_67C7E740,23.68162,86.0834,0.92,299.64,60.0,2026-08-16T20:19:00Z,VIIRS
FIRMS_F02B5573,23.68358,86.09312,0.87,304.62,60.0,2026-08-16T20:19:00Z,VIIRS
FIRMS_9D5C767E,23.68976,87.09792,1.13,297.24,60.0,2026-08-16T20:19:00Z,VIIRS
FIRMS_E120382D,23.69622,85.37119,1.19,303.45,60.0,2026-08-16T20:19:00Z,VIIRS
FIRMS_3585CC43,23.69631,85.28904,0.64,300.29,60.0,2026-08-16T20:19:00Z,VIIRS
FIRMS_D1E8BC68,23.71088,85.28767,0.41,300.01,60.0,2026-08-16T20:19:00Z,VIIRS
FIRMS_84FF1040,23.72058,85.00829,0.44,302.03,60.0,2026-08-16T20:19:00Z,VIIRS
FIRMS_35CB052A,23.73841,85.00768,0.87,303.12,60.0,2026-08-16T20:19:00Z,VIIRS
FIRMS_046334F2,23.74492,85.50591,0.43,299.47,60.0,2026-08-16T20:19:00Z,VIIRS
FIRMS_ECB93A07,23.75624,85.8518,2.37,310.63,60.0,2026-08-16T20:19:00Z,VIIRS
FIRMS_6628F34E,23.75901,85.8569,1.26,305.05,60.0,2026-08-16T20:19:00Z,VIIRS
FIRMS_D850F43B,23.77923,86.20941,1.72,309.51,60.0,2026-08-16T20:19:00Z,VIIRS
FIRMS_4B53345D,23.78065,86.34676,1.23,295.08,60.0,2026-08-16T20:19:00Z,VIIRS
FIRMS_18A8999C,23.78283,86.21016,0.51,296.19,60.0,2026-08-16T20:19:00Z,VIIRS
FIRMS_D686FDC0,23.78699,85.55426,0.73,304.07,60.0,2026-08-16T20:19:00Z,VIIRS
FIRMS_43D12D23,23.79429,86.3544,0.52,296.66,60.0,2026-08-16T20:19:00Z,VIIRS
FIRMS_96C22B2C,23.79461,86.35178,1.21,296.15,60.0,2026-08-16T20:19:00Z,VIIRS
FIRMS_78B6A9D3,23.82256,85.49575,1.43,302.8,60.0,2026-08-16T20:19:00Z,VIIRS
FIRMS_89305A1D,23.82388,84.57319,1.28,307.11,60.0,2026-08-16T20:19:00Z,VIIRS
FIRMS_45B713A8,25.03796,87.39037,0.3,295.34,60.0,2026-08-16T20:19:00Z,VIIRS
FIRMS_0B6A68BB,27.32653,95.27569,1.01,303.59,60.0,2026-08-16T20:19:00Z,VIIRS
FIRMS_BD98C735,16.13906,78.94816,1.16,306.38,60.0,2026-08-16T20:21:00Z,VIIRS
FIRMS_C8BFD13B,16.48338,79.32732,2.43,301.16,60.0,2026-08-16T20:21:00Z,VIIRS
FIRMS_306EF38A,16.80935,79.91482,2.22,306.66,60.0,2026-08-16T20:21:00Z,VIIRS
FIRMS_405405B9,17.06268,76.97933,1.23,304.44,60.0,2026-08-16T20:21:00Z,VIIRS
FIRMS_B1D1CD8E,9.55242,80.3984,2.52,307.71,60.0,2026-08-16T20:23:00Z,VIIRS
FIRMS_DB375BC1,10.35551,77.15921,0.65,298.6,60.0,2026-08-16T20:23:00Z,VIIRS
FIRMS_5D72BA70,10.35654,77.1524,0.97,312.75,60.0,2026-08-16T20:23:00Z,VIIRS
FIRMS_A6C6C5D0,10.35705,77.14909,0.97,300.2,60.0,2026-08-16T20:23:00Z,VIIRS
FIRMS_D6E29F98,10.36002,77.15292,0.97,305.9,60.0,2026-08-16T20:23:00Z,VIIRS
FIRMS_B4462ABC,10.36054,77.14954,0.97,307.66,60.0,2026-08-16T20:23:00Z,VIIRS
FIRMS_5CD81846,11.00697,78.65388,0.34,301.05,60.0,2026-08-16T20:23:00Z,VIIRS
FIRMS_FDE85508,11.17648,79.08794,0.41,299.38,60.0,2026-08-16T20:23:00Z,VIIRS
FIRMS_5C4B6012,11.81462,77.91779,1.68,306.86,60.0,2026-08-16T20:23:00Z,VIIRS
FIRMS_043322F5,15.16656,76.67412,0.52,295.92,60.0,2026-08-16T20:23:00Z,VIIRS
FIRMS_1998C36C,15.17421,77.10181,0.59,298.95,60.0,2026-08-16T20:23:00Z,VIIRS
FIRMS_AE962F94,15.17668,76.65643,2.73,313.84,60.0,2026-08-16T20:23:00Z,VIIRS
FIRMS_B3EDFDBE,15.17785,76.67564,1.32,304.74,60.0,2026-08-16T20:23:00Z,VIIRS
FIRMS_8B9DA126,15.17787,77.10235,0.59,298.51,60.0,2026-08-16T20:23:00Z,VIIRS
FIRMS_C9AD6153,15.1829,76.66685,1.96,316.76,60.0,2026-08-16T20:23:00Z,VIIRS
FIRMS_7C20EFA2,15.22664,76.76346,0.82,300.09,60.0,2026-08-16T20:23:00Z,VIIRS
FIRMS_31629D52,15.65948,73.98701,1.31,305.13,60.0,2026-08-16T20:23:00Z,VIIRS
FIRMS_88349457,6.33424,81.09734,0.93,310.21,60.0,2026-08-16T20:25:00Z,VIIRS
FIRMS_AB33A458,6.60892,81.18781,1.68,309.21,60.0,2026-08-16T20:25:00Z,VIIRS
FIRMS_D3CDAC5F,6.68423,81.03857,1.51,315.79,60.0,2026-08-16T20:25:00Z,VIIRS
FIRMS_9EE1E00E,6.8011,81.494,2.7,323.83,60.0,2026-08-16T20:25:00Z,VIIRS
FIRMS_0D284204,7.34767,81.24226,1.57,307.5,60.0,2026-08-16T20:25:00Z,VIIRS
FIRMS_FAF61BBD,7.35945,81.23593,3.79,328.47,60.0,2026-08-16T20:25:00Z,VIIRS
FIRMS_67D05E75,7.38599,80.92137,1.11,313.44,60.0,2026-08-16T20:25:00Z,VIIRS
FIRMS_F2D063CC,7.38881,80.92573,1.11,305.81,60.0,2026-08-16T20:25:00Z,VIIRS
FIRMS_41715F3C,7.397,80.91884,5.39,342.42,60.0,2026-08-16T20:25:00Z,VIIRS
FIRMS_A960EF6C,7.437,81.27293,0.75,305.52,60.0,2026-08-16T20:25:00Z,VIIRS
FIRMS_06A1749F,7.52707,81.07053,2.35,323.31,60.0,2026-08-16T20:25:00Z,VIIRS
FIRMS_92AA62B0,7.78494,80.4927,2.84,330.13,60.0,2026-08-16T20:25:00Z,VIIRS
FIRMS_E7C5164F,7.98776,79.86501,1.82,304.05,60.0,2026-08-16T20:25:00Z,VIIRS
FIRMS_C52CFCC2,32.88736,71.61448,4.22,310.51,60.0,2026-08-16T21:57:00Z,VIIRS
FIRMS_9FF17FE3,33.25005,71.29332,1.26,313.83,60.0,2026-08-16T21:57:00Z,VIIRS
FIRMS_C4D9D2E6,33.25105,71.28937,1.26,305.23,60.0,2026-08-16T21:57:00Z,VIIRS
FIRMS_C1526F98,33.29679,71.18593,1.06,310.43,60.0,2026-08-16T21:57:00Z,VIIRS
FIRMS_D6F2F936,35.96718,68.68407,1.28,307.09,60.0,2026-08-16T21:57:00Z,VIIRS
FIRMS_09C8780B,32.28855,70.73765,3.53,308.76,60.0,2026-08-16T21:59:00Z,VIIRS
FIRMS_26FFCA4A,32.29563,70.73203,3.38,308.42,60.0,2026-08-16T21:59:00Z,VIIRS
FIRMS_604B7B22,7.35611,81.1077,3.45,340.48,60.0,2026-08-17T07:29:00Z,VIIRS
FIRMS_6B119C86,7.36152,81.10664,2.22,331.12,60.0,2026-08-17T07:29:00Z,VIIRS
FIRMS_EF71CBA9,7.39652,80.92043,10.54,347.59,60.0,2026-08-17T07:29:00Z,VIIRS
FIRMS_D7DF0418,7.39885,80.90202,13.44,367.0,90.0,2026-08-17T07:29:00Z,VIIRS
FIRMS_EE61B011,7.39953,80.90575,13.44,367.0,90.0,2026-08-17T07:29:00Z,VIIRS
FIRMS_F8C84006,7.40015,80.90923,11.96,336.2,60.0,2026-08-17T07:29:00Z,VIIRS
FIRMS_E54A4058,7.42131,81.18064,5.13,340.19,60.0,2026-08-17T07:29:00Z,VIIRS
FIRMS_705B1A4D,7.42405,81.13436,4.0,332.66,60.0,2026-08-17T07:29:00Z,VIIRS
FIRMS_7243D7E0,7.4248,81.18104,4.99,335.91,60.0,2026-08-17T07:29:00Z,VIIRS
FIRMS_430DA729,7.42786,81.1346,6.06,354.12,60.0,2026-08-17T07:29:00Z,VIIRS
FIRMS_89B2907A,7.42945,81.13339,5.19,343.76,60.0,2026-08-17T07:29:00Z,VIIRS
FIRMS_B01CAF41,7.59237,80.9697,4.47,330.68,60.0,2026-08-17T07:29:00Z,VIIRS
FIRMS_38A13484,7.68535,81.14362,2.94,334.69,60.0,2026-08-17T07:29:00Z,VIIRS
FIRMS_8DC33FE5,7.69074,81.1427,5.62,339.47,60.0,2026-08-17T07:29:00Z,VIIRS
FIRMS_B71E90FB,7.81238,79.93328,4.71,343.05,60.0,2026-08-17T07:29:00Z,VIIRS
FIRMS_9BA6ED6F,7.8946,81.41067,4.6,340.61,60.0,2026-08-17T07:29:00Z,VIIRS
FIRMS_6FD13F7C,7.903,81.49067,5.94,333.62,60.0,2026-08-17T07:29:00Z,VIIRS
FIRMS_AB540017,7.90644,81.47861,4.88,334.18,60.0,2026-08-17T07:29:00Z,VIIRS
FIRMS_2D3F9028,7.90649,81.48015,5.55,332.51,60.0,2026-08-17T07:29:00Z,VIIRS
FIRMS_1F548092,7.9129,81.45583,2.67,336.79,60.0,2026-08-17T07:29:00Z,VIIRS
FIRMS_2845AAE7,7.91302,81.45422,3.57,336.81,60.0,2026-08-17T07:29:00Z,VIIRS
FIRMS_A66E6DAD,7.99094,81.46861,3.67,335.06,60.0,2026-08-17T07:29:00Z,VIIRS
FIRMS_A5DAC1FF,8.00141,81.46672,21.33,367.0,90.0,2026-08-17T07:29:00Z,VIIRS
FIRMS_B06AEA68,8.09535,81.39194,1.76,336.13,60.0,2026-08-17T07:29:00Z,VIIRS
FIRMS_517688D9,8.82442,80.90121,5.79,353.07,60.0,2026-08-17T07:29:00Z,VIIRS
FIRMS_8AC3F647,8.82503,80.90459,5.79,342.57,60.0,2026-08-17T07:29:00Z,VIIRS
FIRMS_F0CC5126,8.82915,80.8968,11.63,357.25,30.0,2026-08-17T07:29:00Z,VIIRS
FIRMS_6D6B9BD6,8.82977,80.9002,6.06,333.33,60.0,2026-08-17T07:29:00Z,VIIRS
FIRMS_86EC8571,8.83039,80.90359,6.06,332.89,60.0,2026-08-17T07:29:00Z,VIIRS
FIRMS_24B7F7D3,9.42494,77.81399,5.99,332.66,60.0,2026-08-17T07:29:00Z,VIIRS
FIRMS_5DD7ADC7,9.75891,78.5976,6.91,337.94,60.0,2026-08-17T07:29:00Z,VIIRS
FIRMS_7A6C85D6,9.75952,78.60124,8.81,343.8,60.0,2026-08-17T07:29:00Z,VIIRS
FIRMS_A046B3E5,6.5092,80.98142,12.47,367.0,90.0,2026-08-17T07:31:00Z,VIIRS
FIRMS_AA592259,7.10485,81.78197,3.19,336.71,60.0,2026-08-17T07:31:00Z,VIIRS
FIRMS_BEC81E56,7.10503,81.78075,1.69,332.65,60.0,2026-08-17T07:31:00Z,VIIRS
FIRMS_ADF35E31,7.10559,81.78389,3.92,330.51,60.0,2026-08-17T07:31:00Z,VIIRS
FIRMS_D500F45B,7.12642,81.7802,2.65,340.0,60.0,2026-08-17T07:31:00Z,VIIRS
FIRMS_61DC3757,7.12697,81.78335,2.65,330.85,60.0,2026-08-17T07:31:00Z,VIIRS
FIRMS_0E8BF578,7.16783,81.80219,2.12,332.75,60.0,2026-08-17T07:31:00Z,VIIRS
FIRMS_910C1E66,7.20693,81.81159,3.5,343.9,60.0,2026-08-17T07:31:00Z,VIIRS
FIRMS_7FD422D3,7.20699,81.81147,3.29,343.26,60.0,2026-08-17T07:31:00Z,VIIRS
FIRMS_2B89BD1E,7.27778,81.81866,2.83,333.41,60.0,2026-08-17T07:31:00Z,VIIRS
FIRMS_9887C1C8,7.27832,81.82177,2.83,338.68,60.0,2026-08-17T07:31:00Z,VIIRS
FIRMS_B99F33E0,29.80713,73.34641,2.66,332.94,60.0,2026-08-17T07:35:00Z,VIIRS
FIRMS_81AEA660,29.91381,71.71052,13.13,343.62,60.0,2026-08-17T07:35:00Z,VIIRS
FIRMS_EEC37F2C,29.91521,71.71583,13.13,367.0,90.0,2026-08-17T07:35:00Z,VIIRS
FIRMS_43A65C40,30.40925,72.10819,3.26,332.07,60.0,2026-08-17T07:35:00Z,VIIRS
FIRMS_133323A9,30.53718,73.88202,1.99,331.82,60.0,2026-08-17T07:35:00Z,VIIRS
FIRMS_2C600204,9.88751,77.86655,7.76,338.98,60.0,2026-08-17T09:09:00Z,VIIRS
FIRMS_7CA4046A,9.88916,77.87049,3.89,337.09,60.0,2026-08-17T09:09:00Z,VIIRS
FIRMS_B535AF54,23.50516,69.26018,3.6,330.24,60.0,2026-08-17T09:15:00Z,VIIRS
FIRMS_97D6EFFF,23.50567,69.26427,3.46,330.78,60.0,2026-08-17T09:15:00Z,VIIRS
FIRMS_BF710819,26.22446,68.21117,5.76,339.48,60.0,2026-08-17T09:15:00Z,VIIRS
FIRMS_76FDD601,31.58373,72.28916,3.03,341.91,60.0,2026-08-17T09:17:00Z,VIIRS
FIRMS_B29E7930,35.24258,68.10051,3.1,338.67,60.0,2026-08-17T09:17:00Z,VIIRS
FIRMS_AAF9BCA0,35.24283,68.10374,2.88,341.91,60.0,2026-08-17T09:17:00Z,VIIRS
FIRMS_3DC04D5B,35.98857,94.83189,0.72,303.72,60.0,2026-08-17T19:57:00Z,VIIRS
FIRMS_4F36660B,29.65801,90.89878,1.24,303.14,60.0,2026-08-17T20:00:00Z,VIIRS
FIRMS_23F27C23,21.10202,72.64528,2.69,306.41,60.0,2026-08-17T20:02:00Z,VIIRS
FIRMS_5BE567E3,21.1071,72.64555,3.43,308.27,60.0,2026-08-17T20:02:00Z,VIIRS
FIRMS_F00AB6F2,17.60581,83.20076,1.01,298.13,60.0,2026-08-17T20:04:00Z,VIIRS
FIRMS_A5D9AEA9,17.60875,83.20546,0.78,305.86,60.0,2026-08-17T20:04:00Z,VIIRS
FIRMS_7234E45A,7.65789,80.73828,5.23,326.15,60.0,2026-08-17T20:06:00Z,VIIRS
FIRMS_4FFB47E9,8.39024,81.03989,0.43,307.93,60.0,2026-08-17T20:06:00Z,VIIRS
FIRMS_3690F38B,8.67061,77.99346,1.29,308.12,60.0,2026-08-17T20:06:00Z,VIIRS
FIRMS_BD7498FC,8.81313,80.58661,2.27,308.18,60.0,2026-08-17T20:06:00Z,VIIRS
FIRMS_7AACB0EA,10.35866,77.14888,0.99,302.98,60.0,2026-08-17T20:06:00Z,VIIRS
FIRMS_D51A640C,10.36136,77.14999,1.65,309.71,60.0,2026-08-17T20:06:00Z,VIIRS
FIRMS_21683854,10.36181,77.14661,1.65,304.57,60.0,2026-08-17T20:06:00Z,VIIRS
FIRMS_5BFB0BC0,10.36333,77.14931,0.99,310.09,60.0,2026-08-17T20:06:00Z,VIIRS
FIRMS_D37F1584,10.91686,78.14649,1.49,306.58,60.0,2026-08-17T20:06:00Z,VIIRS
FIRMS_ED18BF7E,10.92123,78.14713,1.49,310.07,60.0,2026-08-17T20:06:00Z,VIIRS
FIRMS_34E8A6E4,32.28934,70.74017,3.3,309.19,60.0,2026-08-17T21:40:00Z,VIIRS
FIRMS_FA0023A4,32.89033,71.61874,5.63,309.79,60.0,2026-08-17T21:40:00Z,VIIRS
FIRMS_ECEED0E4,33.29498,71.1871,1.98,309.29,60.0,2026-08-17T21:40:00Z,VIIRS
FIRMS_E9B92EE7,35.9673,68.68782,1.59,308.02,60.0,2026-08-17T21:40:00Z,VIIRS
FIRMS_7CD4719F,25.38917,68.58541,1.03,307.1,60.0,2026-08-17T21:42:00Z,VIIRS
FIRMS_753BF612,7.89501,81.47443,9.23,334.33,60.0,2026-08-18T07:12:00Z,VIIRS
FIRMS_42C38A96,7.89723,81.41067,5.29,332.88,60.0,2026-08-18T07:12:00Z,VIIRS
FIRMS_852C16FA,7.89822,81.47876,8.31,339.73,60.0,2026-08-18T07:12:00Z,VIIRS
FIRMS_05365EC7,8.17243,81.31873,9.68,341.97,60.0,2026-08-18T07:12:00Z,VIIRS
FIRMS_7AD3FD87,8.17521,81.31606,12.11,349.37,60.0,2026-08-18T07:12:00Z,VIIRS
FIRMS_0E5F91FA,20.12857,94.99934,2.31,332.36,60.0,2026-08-18T07:14:00Z,VIIRS
FIRMS_B41FA6C0,24.11654,96.44064,10.55,339.0,60.0,2026-08-18T07:14:00Z,VIIRS
FIRMS_5CA23464,6.35878,81.14948,32.9,350.74,60.0,2026-08-18T08:52:00Z,VIIRS
FIRMS_8E1B3435,6.35941,81.15408,32.9,367.0,90.0,2026-08-18T08:52:00Z,VIIRS
FIRMS_98BAE1A8,6.36902,81.26952,5.43,336.87,60.0,2026-08-18T08:52:00Z,VIIRS
FIRMS_53F0C75C,6.69037,80.83154,11.81,355.54,60.0,2026-08-18T08:52:00Z,VIIRS
FIRMS_300F2824,7.25844,81.21591,5.21,330.6,60.0,2026-08-18T08:52:00Z,VIIRS
FIRMS_E711466F,7.26356,81.21234,5.88,333.22,60.0,2026-08-18T08:52:00Z,VIIRS
FIRMS_F6437AFD,7.26419,81.21719,5.88,343.19,60.0,2026-08-18T08:52:00Z,VIIRS
FIRMS_B9C61993,7.26466,81.21556,5.21,351.28,60.0,2026-08-18T08:52:00Z,VIIRS
FIRMS_39165EFB,7.28158,81.30244,3.02,332.6,60.0,2026-08-18T08:52:00Z,VIIRS
FIRMS_21E4E2DD,7.54263,81.63725,2.87,338.79,60.0,2026-08-18T08:52:00Z,VIIRS
FIRMS_4E9352A2,7.59886,80.97195,2.68,333.14,60.0,2026-08-18T08:52:00Z,VIIRS
FIRMS_65233D59,7.86299,81.47017,5.46,331.26,60.0,2026-08-18T08:52:00Z,VIIRS
FIRMS_2CD31442,7.95368,81.35379,2.85,330.01,60.0,2026-08-18T08:52:00Z,VIIRS
FIRMS_50986676,8.44541,80.87798,6.25,333.68,60.0,2026-08-18T08:52:00Z,VIIRS
FIRMS_AC5E3755,8.51392,80.6392,6.33,335.11,60.0,2026-08-18T08:52:00Z,VIIRS
FIRMS_C3EA768E,8.61775,77.96022,1.25,334.7,60.0,2026-08-18T08:52:00Z,VIIRS
FIRMS_09AAB051,8.69215,80.8621,4.23,332.07,60.0,2026-08-18T08:52:00Z,VIIRS
FIRMS_A8A40AF4,8.88123,77.79373,2.78,331.3,60.0,2026-08-18T08:52:00Z,VIIRS
FIRMS_6FBAC68F,8.9135,77.99487,2.98,340.4,60.0,2026-08-18T08:52:00Z,VIIRS
FIRMS_5FEB2CE0,8.91391,77.99789,4.37,341.03,60.0,2026-08-18T08:52:00Z,VIIRS
FIRMS_4780F6D2,8.91704,80.38799,2.73,332.03,60.0,2026-08-18T08:52:00Z,VIIRS
FIRMS_3F762A36,8.92865,77.50169,9.79,342.66,60.0,2026-08-18T08:52:00Z,VIIRS
FIRMS_39F72C39,8.92939,77.50723,13.39,341.8,60.0,2026-08-18T08:52:00Z,VIIRS
FIRMS_108A32F1,8.94732,80.56693,5.0,344.94,60.0,2026-08-18T08:52:00Z,VIIRS
FIRMS_92BE224A,8.96803,78.03201,6.52,342.35,60.0,2026-08-18T08:52:00Z,VIIRS
FIRMS_9C6DA8DD,8.99168,77.85832,0.67,335.44,60.0,2026-08-18T08:52:00Z,VIIRS
FIRMS_A3A0D751,9.02396,78.0217,5.37,339.33,60.0,2026-08-18T08:52:00Z,VIIRS
FIRMS_3EC13E48,9.06209,80.29271,3.01,333.93,60.0,2026-08-18T08:52:00Z,VIIRS
FIRMS_828851D0,9.08152,78.16898,0.54,337.52,60.0,2026-08-18T08:52:00Z,VIIRS
FIRMS_EF3AAA40,9.31592,77.47726,13.56,344.24,60.0,2026-08-18T08:52:00Z,VIIRS
FIRMS_19D45994,9.31616,78.82542,2.23,347.61,60.0,2026-08-18T08:52:00Z,VIIRS
FIRMS_C37A6086,9.31747,77.48039,13.78,343.13,60.0,2026-08-18T08:52:00Z,VIIRS
FIRMS_300E4413,9.32526,77.54498,2.5,331.97,60.0,2026-08-18T08:52:00Z,VIIRS
FIRMS_FE2968CC,9.32631,77.54832,3.32,337.57,60.0,2026-08-18T08:52:00Z,VIIRS
FIRMS_C2AF2B67,9.3803,77.76629,7.4,347.32,60.0,2026-08-18T08:52:00Z,VIIRS
FIRMS_AD4C7203,9.39631,80.47998,2.51,336.87,60.0,2026-08-18T08:52:00Z,VIIRS
FIRMS_F72C3AED,9.57292,78.26406,1.93,340.68,60.0,2026-08-18T08:52:00Z,VIIRS
FIRMS_425D63D0,9.97656,77.62728,2.57,344.36,60.0,2026-08-18T08:52:00Z,VIIRS
FIRMS_3C3DBB7B,9.97747,77.62643,1.96,333.17,60.0,2026-08-18T08:52:00Z,VIIRS
FIRMS_569043E7,9.98813,77.85934,1.89,333.85,60.0,2026-08-18T08:52:00Z,VIIRS
FIRMS_48B72C38,10.01453,77.60332,3.89,335.04,60.0,2026-08-18T08:52:00Z,VIIRS
FIRMS_5D1C67EB,10.02321,79.23365,2.57,330.52,60.0,2026-08-18T08:52:00Z,VIIRS
FIRMS_C31709DF,10.08387,77.69878,2.46,342.31,60.0,2026-08-18T08:52:00Z,VIIRS
FIRMS_3399084B,10.08427,77.70177,5.9,367.0,90.0,2026-08-18T08:52:00Z,VIIRS
FIRMS_7D5E7C6F,10.08683,77.69904,4.08,354.14,60.0,2026-08-18T08:52:00Z,VIIRS
FIRMS_4077CE41,10.08721,77.70203,4.08,347.07,60.0,2026-08-18T08:52:00Z,VIIRS
FIRMS_1A0CAF19,10.58747,78.2113,2.74,332.8,60.0,2026-08-18T08:52:00Z,VIIRS
FIRMS_3307378C,10.90674,78.5377,2.85,342.06,60.0,2026-08-18T08:52:00Z,VIIRS
FIRMS_36806913,11.14147,78.58251,5.09,367.0,90.0,2026-08-18T08:52:00Z,VIIRS
FIRMS_1EC3E087,11.14221,78.58167,9.24,367.0,90.0,2026-08-18T08:52:00Z,VIIRS
FIRMS_94BAEAD1,11.14694,78.58183,5.09,334.73,60.0,2026-08-18T08:52:00Z,VIIRS
FIRMS_688A4797,11.66187,78.67394,25.85,353.32,60.0,2026-08-18T08:52:00Z,VIIRS
FIRMS_7A2183DA,11.66242,78.67835,25.85,367.0,90.0,2026-08-18T08:52:00Z,VIIRS
FIRMS_F6480CB7,11.66789,78.67705,25.85,356.8,30.0,2026-08-18T08:52:00Z,VIIRS
FIRMS_58334B10,11.70585,78.76863,3.09,334.85,60.0,2026-08-18T08:52:00Z,VIIRS
FIRMS_EFACE607,11.70775,78.76962,5.77,340.29,60.0,2026-08-18T08:52:00Z,VIIRS
FIRMS_FE63B74C,11.72489,78.6914,9.96,350.81,60.0,2026-08-18T08:52:00Z,VIIRS
FIRMS_7ED9CA66,13.98488,77.39144,0.93,332.67,60.0,2026-08-18T08:54:00Z,VIIRS
FIRMS_FEC0A4A9,14.07884,77.73779,4.91,334.27,60.0,2026-08-18T08:54:00Z,VIIRS
FIRMS_50D694B0,14.46839,78.25809,4.39,336.52,60.0,2026-08-18T08:54:00Z,VIIRS
FIRMS_EE5338C9,14.46883,78.26192,5.25,338.86,60.0,2026-08-18T08:54:00Z,VIIRS
FIRMS_8F59BF07,14.474,78.25748,4.46,335.97,60.0,2026-08-18T08:54:00Z,VIIRS
FIRMS_A3CCF632,22.03904,69.47427,3.92,337.49,60.0,2026-08-18T08:56:00Z,VIIRS
FIRMS_0A4DE243,24.8247,68.06085,4.0,333.28,60.0,2026-08-18T08:56:00Z,VIIRS
FIRMS_FC84CCFB,24.9635,68.29146,4.37,332.73,60.0,2026-08-18T08:56:00Z,VIIRS
FIRMS_CD9F1ADF,25.3872,68.58287,2.79,331.56,60.0,2026-08-18T08:56:00Z,VIIRS
FIRMS_4E257DF7,28.73033,68.09136,3.25,341.64,60.0,2026-08-18T08:58:00Z,VIIRS
FIRMS_C3C4C59E,28.73092,68.09602,3.25,341.18,60.0,2026-08-18T08:58:00Z,VIIRS
FIRMS_5FD3F471,29.90467,72.59055,11.88,343.08,60.0,2026-08-18T08:58:00Z,VIIRS
FIRMS_EFEA08E1,30.01328,72.56928,2.25,330.36,60.0,2026-08-18T08:58:00Z,VIIRS
FIRMS_6DFCA404,30.4691,73.88613,2.81,341.11,60.0,2026-08-18T08:58:00Z,VIIRS
FIRMS_C11EBA5B,30.47086,73.88448,2.56,334.87,60.0,2026-08-18T08:58:00Z,VIIRS
FIRMS_4AB1B16E,30.47113,73.88796,3.08,330.45,60.0,2026-08-18T08:58:00Z,VIIRS
FIRMS_805AE635,30.64728,71.75764,2.99,332.31,60.0,2026-08-18T08:58:00Z,VIIRS
FIRMS_9443C2E6,30.889,72.16714,3.49,341.14,60.0,2026-08-18T08:58:00Z,VIIRS
FIRMS_652E08EA,33.47198,68.28136,7.95,341.6,30.0,2026-08-18T08:58:00Z,VIIRS
FIRMS_7958926A,24.25639,91.37678,0.44,299.17,60.0,2026-08-18T19:42:00Z,VIIRS
FIRMS_6747CA49,27.00237,82.48734,2.13,295.81,60.0,2026-08-18T19:42:00Z,VIIRS
FIRMS_CE99A5FC,27.22178,95.34567,1.41,308.29,60.0,2026-08-18T19:42:00Z,VIIRS
FIRMS_DE5407BD,27.31664,95.26646,1.42,308.57,60.0,2026-08-18T19:42:00Z,VIIRS
FIRMS_8B7E1360,27.32538,95.27692,1.59,311.7,60.0,2026-08-18T19:42:00Z,VIIRS
FIRMS_CD0BC9F0,27.37571,95.08824,1.65,308.04,60.0,2026-08-18T19:42:00Z,VIIRS
FIRMS_0539A6FD,27.46271,95.47729,1.18,305.07,60.0,2026-08-18T19:42:00Z,VIIRS
FIRMS_2AA6E22E,27.46869,95.42249,1.03,306.92,60.0,2026-08-18T19:42:00Z,VIIRS
FIRMS_951F4D01,27.53036,77.65813,2.76,311.81,60.0,2026-08-18T19:42:00Z,VIIRS
FIRMS_57024CF5,27.5312,77.66014,2.9,312.08,60.0,2026-08-18T19:42:00Z,VIIRS
FIRMS_34D87F48,6.43064,80.86023,3.55,332.72,60.0,2026-08-18T19:47:00Z,VIIRS
FIRMS_FCBD95DB,6.62802,81.19518,1.5,306.83,60.0,2026-08-18T19:47:00Z,VIIRS
FIRMS_23BEB9B1,6.62906,81.1973,2.08,312.87,60.0,2026-08-18T19:47:00Z,VIIRS
FIRMS_B61263C3,6.69147,80.83995,1.5,308.59,60.0,2026-08-18T19:47:00Z,VIIRS
FIRMS_36B63457,6.69223,80.83482,1.5,309.63,60.0,2026-08-18T19:47:00Z,VIIRS
FIRMS_1F0D5C0A,6.69242,80.83759,3.9,321.53,60.0,2026-08-18T19:47:00Z,VIIRS
FIRMS_0CA9799F,6.85854,81.09821,0.87,304.43,60.0,2026-08-18T19:47:00Z,VIIRS
FIRMS_67C66F6F,6.86302,81.10007,0.49,300.57,60.0,2026-08-18T19:47:00Z,VIIRS
FIRMS_09E28535,10.48666,79.32134,1.88,317.51,60.0,2026-08-18T19:47:00Z,VIIRS
FIRMS_CA98448D,10.48713,79.31767,2.41,311.88,60.0,2026-08-18T19:47:00Z,VIIRS
FIRMS_99FB39AA,6.86042,81.10104,0.98,302.97,60.0,2026-08-18T19:49:00Z,VIIRS
FIRMS_92FAF979,6.86124,81.09518,1.29,302.63,60.0,2026-08-18T19:49:00Z,VIIRS
FIRMS_12BD6C6C,6.93897,81.60261,1.97,317.46,60.0,2026-08-18T19:49:00Z,VIIRS
FIRMS_FA908DC7,7.0516,80.8127,0.9,301.89,60.0,2026-08-18T19:49:00Z,VIIRS
FIRMS_53622475,7.22388,81.14285,2.71,312.03,60.0,2026-08-18T19:49:00Z,VIIRS
FIRMS_387222BF,7.22787,81.14833,2.19,308.07,60.0,2026-08-18T19:49:00Z,VIIRS
FIRMS_6930041E,7.22851,81.14391,2.9,339.88,60.0,2026-08-18T19:49:00Z,VIIRS
FIRMS_701207BF,7.22923,81.13885,2.9,305.75,60.0,2026-08-18T19:49:00Z,VIIRS
FIRMS_8C0F8A91,7.23261,81.14859,2.19,314.19,60.0,2026-08-18T19:49:00Z,VIIRS
FIRMS_254A9675,7.23396,81.13914,2.9,305.94,60.0,2026-08-18T19:49:00Z,VIIRS
FIRMS_0D0327A0,7.25981,81.20732,1.07,305.15,60.0,2026-08-18T19:49:00Z,VIIRS
FIRMS_C3572F50,7.26242,81.20609,1.32,304.43,60.0,2026-08-18T19:49:00Z,VIIRS
FIRMS_890BC2DA,7.62339,81.76878,2.12,309.93,60.0,2026-08-18T19:49:00Z,VIIRS
FIRMS_499660F6,7.6244,81.77097,0.75,308.42,60.0,2026-08-18T19:49:00Z,VIIRS
FIRMS_98A82782,9.31313,77.44205,1.7,313.02,60.0,2026-08-18T19:49:00Z,VIIRS
FIRMS_AEA91784,35.96759,68.68444,2.19,311.85,60.0,2026-08-18T21:21:00Z,VIIRS
FIRMS_3A7DBDA9,28.4253,69.70142,1.61,321.55,60.0,2026-08-18T21:23:00Z,VIIRS
FIRMS_D8BD7D56,32.2889,70.73969,1.19,310.03,60.0,2026-08-18T21:23:00Z,VIIRS
FIRMS_94222F2A,32.29366,70.73219,1.15,311.79,60.0,2026-08-18T21:23:00Z,VIIRS
FIRMS_F59833BF,32.57403,72.5666,1.33,308.16,60.0,2026-08-18T21:23:00Z,VIIRS
FIRMS_A901BD67,32.88902,71.61536,3.74,318.82,60.0,2026-08-18T21:23:00Z,VIIRS
FIRMS_5E3F7B5D,33.54516,71.54924,2.75,307.28,60.0,2026-08-18T21:23:00Z,VIIRS
FIRMS_DADA2991,25.38887,68.5822,2.5,324.11,60.0,2026-08-18T21:25:00Z,VIIRS
FIRMS_0FE7AFF6,26.25886,74.09746,0.44,302.57,60.0,2026-08-18T21:25:00Z,VIIRS
FIRMS_F7659F9B,20.95116,86.04971,4.92,330.14,60.0,2026-08-19T06:57:00Z,VIIRS
FIRMS_31C89DC9,6.23004,81.06303,5.31,334.03,60.0,2026-08-19T08:33:00Z,VIIRS
FIRMS_6C84C93A,6.23047,81.06284,5.29,337.63,60.0,2026-08-19T08:33:00Z,VIIRS
FIRMS_78A76C96,6.28867,80.91139,5.86,336.88,60.0,2026-08-19T08:33:00Z,VIIRS
FIRMS_D693FECD,6.29997,80.98937,2.95,335.51,60.0,2026-08-19T08:33:00Z,VIIRS
FIRMS_876C3005,6.41853,81.12688,3.4,333.13,60.0,2026-08-19T08:33:00Z,VIIRS
FIRMS_89C9370C,6.42231,81.122,3.17,335.05,60.0,2026-08-19T08:33:00Z,VIIRS
FIRMS_D59EA3EA,6.51853,81.10849,4.06,336.64,60.0,2026-08-19T08:33:00Z,VIIRS
FIRMS_E8FB96C4,6.64284,81.09991,3.64,335.38,60.0,2026-08-19T08:33:00Z,VIIRS
FIRMS_94D894DC,6.73667,81.62422,12.96,344.86,60.0,2026-08-19T08:33:00Z,VIIRS
FIRMS_7AFB6242,6.73724,81.6267,14.53,357.52,60.0,2026-08-19T08:33:00Z,VIIRS
FIRMS_A95B101C,6.7373,81.62887,12.96,367.0,90.0,2026-08-19T08:33:00Z,VIIRS
FIRMS_C24C2B53,6.73792,81.63136,10.86,347.12,60.0,2026-08-19T08:33:00Z,VIIRS
FIRMS_3F25C965,6.7623,81.50774,3.66,332.37,30.0,2026-08-19T08:33:00Z,VIIRS
FIRMS_9D88E6D0,6.83494,81.45702,5.19,337.33,60.0,2026-08-19T08:33:00Z,VIIRS
FIRMS_1AAC8566,6.83975,81.55939,2.04,334.49,60.0,2026-08-19T08:33:00Z,VIIRS
FIRMS_1DDFB6E0,6.91316,81.45554,3.78,332.07,60.0,2026-08-19T08:33:00Z,VIIRS
FIRMS_DD94A806,7.08648,81.79789,5.84,337.01,60.0,2026-08-19T08:33:00Z,VIIRS
FIRMS_8C81A5F5,7.08782,81.79578,5.44,334.31,60.0,2026-08-19T08:33:00Z,VIIRS
FIRMS_F6D9EA57,7.12555,81.73818,4.47,331.84,30.0,2026-08-19T08:33:00Z,VIIRS
FIRMS_F3D3B055,7.21426,81.77812,6.34,344.56,60.0,2026-08-19T08:33:00Z,VIIRS
FIRMS_8D8AC46C,7.22807,81.13277,4.99,330.19,60.0,2026-08-19T08:33:00Z,VIIRS
FIRMS_A0C03933,7.22857,81.1364,15.44,367.0,90.0,2026-08-19T08:33:00Z,VIIRS
FIRMS_1CE5FA9C,7.23305,81.13596,15.44,343.86,60.0,2026-08-19T08:33:00Z,VIIRS
FIRMS_5168474F,7.23752,81.13548,2.34,338.24,60.0,2026-08-19T08:33:00Z,VIIRS
FIRMS_B76B7A20,7.29642,81.83806,5.71,331.24,60.0,2026-08-19T08:33:00Z,VIIRS
FIRMS_70101C4F,7.30184,81.26899,3.17,330.73,60.0,2026-08-19T08:33:00Z,VIIRS
FIRMS_78479B22,7.31318,81.17209,4.2,340.67,60.0,2026-08-19T08:33:00Z,VIIRS
FIRMS_4DEFD610,7.31527,81.17111,3.98,343.27,60.0,2026-08-19T08:33:00Z,VIIRS
FIRMS_18ECCC4B,7.32558,81.43645,16.41,342.47,60.0,2026-08-19T08:33:00Z,VIIRS
FIRMS_1796A76F,7.3813,81.23574,4.71,337.56,60.0,2026-08-19T08:33:00Z,VIIRS
FIRMS_B55468C3,7.38174,81.10937,2.72,336.12,60.0,2026-08-19T08:33:00Z,VIIRS
FIRMS_D5B4FCA2,7.39139,81.30784,4.15,342.57,60.0,2026-08-19T08:33:00Z,VIIRS
FIRMS_73370D6C,7.39155,81.24351,5.32,335.74,60.0,2026-08-19T08:33:00Z,VIIRS
FIRMS_7F710AF7,7.39219,81.24805,5.32,347.37,60.0,2026-08-19T08:33:00Z,VIIRS
FIRMS_ACD6808A,7.39605,81.24292,2.6,334.8,60.0,2026-08-19T08:33:00Z,VIIRS
FIRMS_B8068E51,7.42954,81.75178,5.29,337.26,60.0,2026-08-19T08:33:00Z,VIIRS
FIRMS_12903228,7.44215,81.70579,4.17,342.61,60.0,2026-08-19T08:33:00Z,VIIRS
FIRMS_0590F125,7.44681,81.24532,4.54,338.77,60.0,2026-08-19T08:33:00Z,VIIRS
FIRMS_AD234D7C,7.44826,81.24146,7.17,343.7,60.0,2026-08-19T08:33:00Z,VIIRS
FIRMS_7810CC61,7.44888,81.24596,10.77,339.96,60.0,2026-08-19T08:33:00Z,VIIRS
FIRMS_EBA27487,7.51386,81.65334,5.04,332.75,60.0,2026-08-19T08:33:00Z,VIIRS
FIRMS_AD72D3A2,7.52232,80.90304,5.82,339.11,60.0,2026-08-19T08:33:00Z,VIIRS
FIRMS_0C4FBC39,7.52304,81.1058,5.86,335.87,60.0,2026-08-19T08:33:00Z,VIIRS
FIRMS_B8C8423F,7.52482,81.10393,6.73,333.25,60.0,2026-08-19T08:33:00Z,VIIRS
FIRMS_D4E637BC,7.52545,81.10831,5.58,335.83,60.0,2026-08-19T08:33:00Z,VIIRS
FIRMS_09337AA4,7.52607,81.11268,5.58,352.29,60.0,2026-08-19T08:33:00Z,VIIRS
FIRMS_B2BDA6CE,7.52671,80.90238,8.58,342.91,60.0,2026-08-19T08:33:00Z,VIIRS
FIRMS_B39B6EA1,7.52691,81.10084,4.07,341.13,60.0,2026-08-19T08:33:00Z,VIIRS
FIRMS_6A731819,7.5275,81.10516,4.07,330.83,60.0,2026-08-19T08:33:00Z,VIIRS
FIRMS_F8D74A30,7.5281,81.10955,7.15,338.78,60.0,2026-08-19T08:33:00Z,VIIRS
FIRMS_83FE711E,7.5287,81.11393,7.15,351.31,60.0,2026-08-19T08:33:00Z,VIIRS
FIRMS_12E8CBA0,7.52928,81.10335,4.94,344.25,60.0,2026-08-19T08:33:00Z,VIIRS
FIRMS_7F3ACF18,7.5299,81.10768,5.92,333.05,60.0,2026-08-19T08:33:00Z,VIIRS
FIRMS_4076BBDD,7.53053,81.11201,5.92,353.48,60.0,2026-08-19T08:33:00Z,VIIRS
FIRMS_A30B8470,7.53314,81.11317,7.15,335.15,60.0,2026-08-19T08:33:00Z,VIIRS
FIRMS_2FA334BE,7.59265,81.4476,5.37,330.13,60.0,2026-08-19T08:33:00Z,VIIRS
FIRMS_A5A36B35,7.70094,80.39207,2.23,332.5,60.0,2026-08-19T08:33:00Z,VIIRS
FIRMS_90064471,7.70519,80.39142,6.57,342.15,60.0,2026-08-19T08:33:00Z,VIIRS
FIRMS_D5B8B0AE,7.75189,81.25346,6.8,343.8,60.0,2026-08-19T08:33:00Z,VIIRS
FIRMS_DE87684A,7.75295,81.25404,4.92,337.8,60.0,2026-08-19T08:33:00Z,VIIRS
FIRMS_946B0FDC,7.82808,80.84888,3.14,336.97,60.0,2026-08-19T08:33:00Z,VIIRS
FIRMS_50BAA156,7.85508,81.42368,15.68,339.31,60.0,2026-08-19T08:33:00Z,VIIRS
FIRMS_2B82E5B2,7.85574,81.42837,15.09,343.44,60.0,2026-08-19T08:33:00Z,VIIRS
FIRMS_310E33B8,7.90849,81.36997,10.52,352.52,60.0,2026-08-19T08:33:00Z,VIIRS
FIRMS_37CFED39,8.06318,81.14916,4.58,342.05,60.0,2026-08-19T08:33:00Z,VIIRS
FIRMS_293EE0AE,8.06456,81.14703,7.79,345.76,60.0,2026-08-19T08:33:00Z,VIIRS
FIRMS_2745D155,8.1191,80.59635,6.74,336.38,60.0,2026-08-19T08:33:00Z,VIIRS
FIRMS_5103135D,8.12639,80.55296,2.51,334.29,60.0,2026-08-19T08:33:00Z,VIIRS
FIRMS_BD7F2CD9,8.19289,81.20457,8.19,342.81,60.0,2026-08-19T08:33:00Z,VIIRS
FIRMS_1532F4DD,8.19289,81.20832,7.25,341.82,60.0,2026-08-19T08:33:00Z,VIIRS
FIRMS_AFD06098,8.29942,81.03003,1.58,331.03,60.0,2026-08-19T08:33:00Z,VIIRS
FIRMS_AEE5F313,8.31046,80.65611,7.09,338.47,60.0,2026-08-19T08:33:00Z,VIIRS
FIRMS_8ACCA2E0,8.3952,80.68755,2.77,331.71,60.0,2026-08-19T08:33:00Z,VIIRS
FIRMS_4C07BB4B,8.41088,80.18614,4.33,334.15,60.0,2026-08-19T08:33:00Z,VIIRS
FIRMS_5BF2AAA3,8.44913,80.87863,5.77,337.09,60.0,2026-08-19T08:33:00Z,VIIRS
FIRMS_49793542,8.47491,80.3939,5.73,334.07,60.0,2026-08-19T08:33:00Z,VIIRS
FIRMS_4492AB72,8.47922,80.3933,5.73,341.14,60.0,2026-08-19T08:33:00Z,VIIRS
FIRMS_64810383,8.49986,80.66592,2.16,330.18,60.0,2026-08-19T08:33:00Z,VIIRS
FIRMS_3A3BF38A,8.50443,80.82825,4.9,335.23,60.0,2026-08-19T08:33:00Z,VIIRS
FIRMS_946367D3,8.51689,80.75557,10.51,345.77,60.0,2026-08-19T08:33:00Z,VIIRS
FIRMS_55FABAFB,8.56571,80.90945,10.95,345.33,60.0,2026-08-19T08:33:00Z,VIIRS
FIRMS_5A1F2473,8.56634,80.91386,7.84,341.31,60.0,2026-08-19T08:33:00Z,VIIRS
FIRMS_5C6CC36B,8.56811,80.90949,10.1,350.22,60.0,2026-08-19T08:33:00Z,VIIRS
FIRMS_503FCC41,8.5687,80.91391,5.25,331.19,60.0,2026-08-19T08:33:00Z,VIIRS
FIRMS_6C3A1340,8.60799,80.5139,5.89,338.86,60.0,2026-08-19T08:33:00Z,VIIRS
FIRMS_9298B877,8.61871,80.88013,3.86,333.61,60.0,2026-08-19T08:33:00Z,VIIRS
FIRMS_9042F5F2,8.62317,80.87952,2.1,336.76,60.0,2026-08-19T08:33:00Z,VIIRS
FIRMS_DE9434A9,8.66704,80.74513,5.98,331.19,60.0,2026-08-19T08:33:00Z,VIIRS
FIRMS_A88F9382,8.69701,80.86628,8.54,343.09,60.0,2026-08-19T08:33:00Z,VIIRS
FIRMS_28E20B41,8.73711,80.99287,6.69,338.6,60.0,2026-08-19T08:33:00Z,VIIRS
FIRMS_5CB4CABA,8.60867,77.97512,4.86,338.07,60.0,2026-08-19T08:35:00Z,VIIRS
FIRMS_499D7A06,8.63544,78.02991,3.21,333.63,60.0,2026-08-19T08:35:00Z,VIIRS
FIRMS_4E50512F,8.64296,77.89849,8.57,349.3,60.0,2026-08-19T08:35:00Z,VIIRS
FIRMS_D121839F,8.64359,77.90287,12.23,342.47,60.0,2026-08-19T08:35:00Z,VIIRS
FIRMS_ECEC5513,8.71568,77.94273,5.73,351.14,60.0,2026-08-19T08:35:00Z,VIIRS
FIRMS_3D6402A9,8.71631,77.94712,10.01,343.37,60.0,2026-08-19T08:35:00Z,VIIRS
FIRMS_D67E33A8,8.71938,77.94218,5.73,345.04,60.0,2026-08-19T08:35:00Z,VIIRS
FIRMS_8316C05A,8.74087,77.59978,5.47,336.15,60.0,2026-08-19T08:35:00Z,VIIRS
FIRMS_EF313CA5,8.80154,80.3954,10.19,345.86,60.0,2026-08-19T08:35:00Z,VIIRS
FIRMS_336EDE93,8.83535,77.7394,3.06,337.15,60.0,2026-08-19T08:35:00Z,VIIRS
FIRMS_4AA7E00B,8.89859,77.86332,9.44,350.18,60.0,2026-08-19T08:35:00Z,VIIRS
FIRMS_08AE4734,8.89924,77.86769,7.97,340.38,60.0,2026-08-19T08:35:00Z,VIIRS
FIRMS_16E534F0,8.8998,77.85522,7.59,341.75,60.0,2026-08-19T08:35:00Z,VIIRS
FIRMS_401D9B55,8.90038,77.80621,8.58,349.37,60.0,2026-08-19T08:35:00Z,VIIRS
FIRMS_27F30DFF,8.90042,77.8596,6.75,351.01,60.0,2026-08-19T08:35:00Z,VIIRS
FIRMS_D86684E6,8.90104,77.86399,6.75,348.91,60.0,2026-08-19T08:35:00Z,VIIRS
FIRMS_BDE3BD67,8.9035,77.85469,15.94,348.35,60.0,2026-08-19T08:35:00Z,VIIRS
FIRMS_A31BE3FA,8.90407,77.80566,7.93,349.6,60.0,2026-08-19T08:35:00Z,VIIRS
FIRMS_09AB0808,8.90412,77.85908,9.84,356.97,30.0,2026-08-19T08:35:00Z,VIIRS
FIRMS_D9CA4C75,8.90469,77.81,7.93,354.05,60.0,2026-08-19T08:35:00Z,VIIRS
FIRMS_F1083713,8.90474,77.86346,9.84,341.44,60.0,2026-08-19T08:35:00Z,VIIRS
FIRMS_6F5D66CE,8.90883,77.7077,2.39,336.15,60.0,2026-08-19T08:35:00Z,VIIRS
FIRMS_056CD03A,8.91504,78.00077,11.0,342.35,60.0,2026-08-19T08:35:00Z,VIIRS
FIRMS_F92694C1,8.97893,77.73409,6.63,343.11,60.0,2026-08-19T08:35:00Z,VIIRS
FIRMS_6BDD9726,9.02323,80.83984,5.11,340.52,60.0,2026-08-19T08:35:00Z,VIIRS
FIRMS_DA67F57E,9.02384,80.84435,5.11,337.3,60.0,2026-08-19T08:35:00Z,VIIRS
FIRMS_B1D88435,9.03106,77.75757,9.32,345.88,60.0,2026-08-19T08:35:00Z,VIIRS
FIRMS_1D43D106,9.03169,77.76192,11.65,344.0,60.0,2026-08-19T08:35:00Z,VIIRS
FIRMS_2CBB95FF,9.03474,77.75704,11.46,350.59,60.0,2026-08-19T08:35:00Z,VIIRS
FIRMS_969C0ED9,9.03537,77.76139,9.87,345.75,60.0,2026-08-19T08:35:00Z,VIIRS
FIRMS_76832A14,9.13059,77.62038,2.56,339.34,60.0,2026-08-19T08:35:00Z,VIIRS
FIRMS_86C29F49,9.1541,80.74639,6.37,340.57,60.0,2026-08-19T08:35:00Z,VIIRS
FIRMS_16F162B8,9.21012,80.80761,3.16,331.87,60.0,2026-08-19T08:35:00Z,VIIRS
FIRMS_64A4E5EA,9.36352,78.6637,4.18,341.86,60.0,2026-08-19T08:35:00Z,VIIRS
FIRMS_DF05259B,9.38257,78.68613,6.44,338.68,60.0,2026-08-19T08:35:00Z,VIIRS
FIRMS_5B8D6E0E,9.38992,80.58401,6.79,342.04,60.0,2026-08-19T08:35:00Z,VIIRS
FIRMS_B61AB3D1,9.39086,80.58241,8.48,355.55,60.0,2026-08-19T08:35:00Z,VIIRS
FIRMS_111C4E44,9.39435,80.58342,7.93,342.97,60.0,2026-08-19T08:35:00Z,VIIRS
FIRMS_D210D7E7,9.42854,80.37435,5.7,344.88,60.0,2026-08-19T08:35:00Z,VIIRS
FIRMS_755B5705,9.43555,80.42497,2.97,336.17,60.0,2026-08-19T08:35:00Z,VIIRS
FIRMS_8AA8D310,9.45543,78.69313,5.02,337.51,60.0,2026-08-19T08:35:00Z,VIIRS
FIRMS_9E5191D1,9.51772,78.22963,2.82,337.42,60.0,2026-08-19T08:35:00Z,VIIRS
FIRMS_7FB2DE5D,9.52153,78.22908,2.82,341.77,60.0,2026-08-19T08:35:00Z,VIIRS
FIRMS_E45DD02F,9.52219,78.23375,2.82,336.27,60.0,2026-08-19T08:35:00Z,VIIRS
FIRMS_B72812CC,9.52467,78.22387,5.7,342.78,60.0,2026-08-19T08:35:00Z,VIIRS
FIRMS_842EF447,9.57684,78.31702,10.51,340.72,60.0,2026-08-19T08:35:00Z,VIIRS
FIRMS_455DE45D,9.78078,80.23373,4.99,336.93,60.0,2026-08-19T08:35:00Z,VIIRS
FIRMS_3F986FBE,10.03752,78.66753,2.84,330.97,60.0,2026-08-19T08:35:00Z,VIIRS
FIRMS_3D9EF2C5,10.75007,78.63698,9.85,339.53,60.0,2026-08-19T08:35:00Z,VIIRS
FIRMS_DA0EA25C,10.93714,78.49078,8.01,341.28,60.0,2026-08-19T08:35:00Z,VIIRS
FIRMS_AFB5297D,10.95679,78.40086,6.15,335.84,60.0,2026-08-19T08:35:00Z,VIIRS
FIRMS_E27ECB3E,11.14616,76.89647,4.96,336.2,60.0,2026-08-19T08:35:00Z,VIIRS
FIRMS_C60B865C,11.14976,76.89596,4.96,331.53,60.0,2026-08-19T08:35:00Z,VIIRS
FIRMS_7A7A59B9,15.17723,76.65598,6.24,337.58,60.0,2026-08-19T08:35:00Z,VIIRS
FIRMS_754B7243,18.67997,73.0383,3.89,335.52,60.0,2026-08-19T08:35:00Z,VIIRS
FIRMS_EC110EB3,21.1031,72.63488,1.57,331.79,60.0,2026-08-19T08:35:00Z,VIIRS
FIRMS_30062A08,26.3985,71.93286,4.5,338.78,60.0,2026-08-19T08:37:00Z,VIIRS
FIRMS_9238F32D,29.90848,74.94983,3.03,333.01,60.0,2026-08-19T08:39:00Z,VIIRS
FIRMS_AE0314AF,29.95266,72.0762,4.51,339.04,60.0,2026-08-19T08:39:00Z,VIIRS
FIRMS_1468CBFE,29.95557,72.60442,3.23,331.66,60.0,2026-08-19T08:39:00Z,VIIRS
FIRMS_61D73550,29.96772,71.26892,7.85,341.22,60.0,2026-08-19T08:39:00Z,VIIRS
FIRMS_0030F8CD,29.96822,71.26781,6.72,340.56,60.0,2026-08-19T08:39:00Z,VIIRS
FIRMS_F3EE6C43,29.97297,72.62572,7.35,339.54,60.0,2026-08-19T08:39:00Z,VIIRS
FIRMS_949C6ADA,29.97413,72.18383,5.89,347.71,60.0,2026-08-19T08:39:00Z,VIIRS
FIRMS_AC9774B9,29.97657,72.62513,7.35,336.9,60.0,2026-08-19T08:39:00Z,VIIRS
FIRMS_CD95D204,29.97767,72.18323,5.89,331.41,60.0,2026-08-19T08:39:00Z,VIIRS
FIRMS_CE672951,30.0102,72.62923,5.91,338.31,60.0,2026-08-19T08:39:00Z,VIIRS
FIRMS_2CE1B817,30.01081,72.63397,9.02,331.26,60.0,2026-08-19T08:39:00Z,VIIRS
FIRMS_7C538879,30.01381,72.62862,5.91,337.11,60.0,2026-08-19T08:39:00Z,VIIRS
FIRMS_9D720D4E,30.12338,71.33872,2.27,333.13,60.0,2026-08-19T08:39:00Z,VIIRS
FIRMS_0C932889,30.32764,72.14849,2.77,336.66,60.0,2026-08-19T08:39:00Z,VIIRS
FIRMS_1CE4E8F5,30.32824,72.15308,2.77,334.61,60.0,2026-08-19T08:39:00Z,VIIRS
FIRMS_5B0AA3AA,30.41897,71.74954,3.1,332.68,60.0,2026-08-19T08:39:00Z,VIIRS
FIRMS_B60D952D,30.43392,73.87374,7.54,338.98,60.0,2026-08-19T08:39:00Z,VIIRS
FIRMS_9E91173B,30.63585,73.59945,2.33,336.02,60.0,2026-08-19T08:39:00Z,VIIRS
FIRMS_6E6F8D23,30.63913,71.97771,2.9,338.85,60.0,2026-08-19T08:39:00Z,VIIRS
FIRMS_372CF925,30.89714,71.94514,4.05,334.7,60.0,2026-08-19T08:39:00Z,VIIRS
FIRMS_260F5B99,31.52647,72.2468,6.98,337.63,60.0,2026-08-19T08:39:00Z,VIIRS
FIRMS_904D6CDF,27.22185,95.34703,3.23,307.97,60.0,2026-08-19T19:21:00Z,VIIRS
FIRMS_6C17290B,27.32527,95.27496,2.05,309.52,60.0,2026-08-19T19:21:00Z,VIIRS
FIRMS_CEC8F402,20.18982,94.93205,0.59,303.92,60.0,2026-08-19T19:23:00Z,VIIRS
FIRMS_FE9E68BA,20.94607,86.04922,1.2,305.35,60.0,2026-08-19T19:23:00Z,VIIRS
FIRMS_628784D2,20.95163,86.04997,1.2,306.94,60.0,2026-08-19T19:23:00Z,VIIRS
FIRMS_A4DEC1C0,20.95201,86.04612,3.94,322.73,60.0,2026-08-19T19:23:00Z,VIIRS
FIRMS_2AE1748D,20.96893,85.17625,1.5,315.76,60.0,2026-08-19T19:23:00Z,VIIRS
FIRMS_980F382C,20.97523,85.17226,1.5,303.35,60.0,2026-08-19T19:23:00Z,VIIRS
FIRMS_7AECE413,20.99886,86.01447,0.94,307.0,60.0,2026-08-19T19:23:00Z,VIIRS
FIRMS_F482A01E,20.99923,86.01053,1.12,307.18,60.0,2026-08-19T19:23:00Z,VIIRS
FIRMS_05F8FBB4,21.00053,86.01202,1.62,309.94,60.0,2026-08-19T19:23:00Z,VIIRS
FIRMS_EE83F7FD,21.07631,85.046,1.01,304.51,60.0,2026-08-19T19:23:00Z,VIIRS
FIRMS_E6BF57DA,21.07718,85.03671,2.6,307.33,60.0,2026-08-19T19:23:00Z,VIIRS
FIRMS_60289D00,22.36426,87.01864,1.23,317.31,60.0,2026-08-19T19:23:00Z,VIIRS
FIRMS_4D35FA26,22.57185,85.89693,1.56,310.32,60.0,2026-08-19T19:23:00Z,VIIRS
FIRMS_3D9F0CE9,22.58936,85.90438,1.15,305.62,60.0,2026-08-19T19:23:00Z,VIIRS
FIRMS_9B757F15,22.61078,85.91381,0.49,303.74,60.0,2026-08-19T19:23:00Z,VIIRS
FIRMS_EF6BFE6F,22.79074,86.20767,1.58,307.3,60.0,2026-08-19T19:23:00Z,VIIRS
FIRMS_44121C7C,23.56008,87.08398,0.72,298.21,60.0,2026-08-19T19:23:00Z,VIIRS
FIRMS_1D380787,23.56234,87.08282,1.05,301.66,60.0,2026-08-19T19:23:00Z,VIIRS
FIRMS_19AE368A,23.68837,87.1004,1.21,302.69,60.0,2026-08-19T19:23:00Z,VIIRS
FIRMS_EA7842D0,23.68871,87.09673,1.73,302.28,60.0,2026-08-19T19:23:00Z,VIIRS
FIRMS_EC1801FD,23.69172,87.12292,2.18,310.51,60.0,2026-08-19T19:23:00Z,VIIRS
FIRMS_6FE2DA5F,23.69341,87.10468,1.21,302.52,60.0,2026-08-19T19:23:00Z,VIIRS
FIRMS_FDA28A04,23.69443,87.0937,1.73,307.52,60.0,2026-08-19T19:23:00Z,VIIRS
FIRMS_86C650DA,24.28024,91.38567,3.5,309.04,60.0,2026-08-19T19:23:00Z,VIIRS
FIRMS_49644C93,25.54247,91.23459,1.51,305.72,60.0,2026-08-19T19:23:00Z,VIIRS
FIRMS_8BC343B5,25.60961,89.81148,3.35,313.78,60.0,2026-08-19T19:23:00Z,VIIRS
FIRMS_6219B6D7,25.61233,89.81267,2.28,307.28,60.0,2026-08-19T19:23:00Z,VIIRS
FIRMS_285F5DB5,20.80461,85.25742,1.98,307.64,60.0,2026-08-19T19:25:00Z,VIIRS
FIRMS_08CD6E66,20.96412,85.1883,2.18,308.22,60.0,2026-08-19T19:25:00Z,VIIRS
FIRMS_774FEB59,20.96539,85.175,2.73,308.01,60.0,2026-08-19T19:25:00Z,VIIRS
FIRMS_23D696EB,20.96581,85.17046,3.26,312.59,60.0,2026-08-19T19:25:00Z,VIIRS
FIRMS_CF21D376,20.97085,85.18008,1.2,306.86,60.0,2026-08-19T19:25:00Z,VIIRS
FIRMS_621AA399,20.97128,85.17556,1.2,307.44,60.0,2026-08-19T19:25:00Z,VIIRS
FIRMS_D8059D2B,6.60867,81.18574,5.18,341.77,60.0,2026-08-19T19:28:00Z,VIIRS
FIRMS_8F6B255D,7.57253,80.92683,1.46,301.28,60.0,2026-08-19T19:28:00Z,VIIRS
FIRMS_C8402E95,7.57323,80.92142,1.97,302.92,60.0,2026-08-19T19:28:00Z,VIIRS
FIRMS_1C5D0F72,7.57378,80.92686,1.42,300.8,60.0,2026-08-19T19:28:00Z,VIIRS
FIRMS_83B956B8,7.57451,80.92145,1.42,301.17,60.0,2026-08-19T19:28:00Z,VIIRS
FIRMS_8D197585,31.24975,76.93059,0.32,298.28,60.0,2026-08-19T21:01:00Z,VIIRS
FIRMS_8191D8F6,31.25838,76.92349,0.41,296.85,60.0,2026-08-19T21:01:00Z,VIIRS
FIRMS_F332A113,32.08467,74.16386,2.53,307.0,60.0,2026-08-19T21:01:00Z,VIIRS
FIRMS_FF928033,32.08796,74.16459,2.73,310.46,60.0,2026-08-19T21:01:00Z,VIIRS
FIRMS_4DB0E3DE,20.96749,86.01265,6.1,320.45,60.0,2026-08-19T21:04:00Z,VIIRS
FIRMS_DEC611DC,20.99709,86.02748,1.34,304.22,60.0,2026-08-19T21:04:00Z,VIIRS
FIRMS_C8463A99,21.00072,86.03053,0.67,302.51,60.0,2026-08-19T21:04:00Z,VIIRS
FIRMS_C101D70C,22.78883,86.20107,3.62,300.7,60.0,2026-08-19T21:04:00Z,VIIRS
FIRMS_2BE7D5B2,22.80233,86.09171,2.03,302.09,60.0,2026-08-19T21:04:00Z,VIIRS
FIRMS_C29CEDCE,22.87391,86.06372,1.74,304.33,60.0,2026-08-19T21:04:00Z,VIIRS
FIRMS_152D6E77,22.87589,86.06185,1.9,306.21,60.0,2026-08-19T21:04:00Z,VIIRS
FIRMS_3DBD8E44,23.68032,86.39847,3.34,297.79,60.0,2026-08-19T21:04:00Z,VIIRS
FIRMS_B40EB26B,23.68212,86.39163,2.84,300.13,60.0,2026-08-19T21:04:00Z,VIIRS
FIRMS_4C42B628,23.69582,87.09637,2.39,297.9,60.0,2026-08-19T21:04:00Z,VIIRS
FIRMS_5B583D4D,23.69837,87.09444,2.73,296.23,60.0,2026-08-19T21:04:00Z,VIIRS
FIRMS_A73B4FE0,23.76052,86.40015,4.7,302.24,60.0,2026-08-19T21:04:00Z,VIIRS
FIRMS_C172569D,24.14009,82.70357,0.72,300.69,60.0,2026-08-19T21:04:00Z,VIIRS
FIRMS_6DE7B8D7,25.38654,68.58464,1.46,306.93,60.0,2026-08-19T21:04:00Z,VIIRS
FIRMS_0AA8C0E9,25.38717,68.58005,1.46,314.92,60.0,2026-08-19T21:04:00Z,VIIRS
FIRMS_57B44DF5,25.94172,72.19282,1.78,315.34,60.0,2026-08-19T21:04:00Z,VIIRS
FIRMS_916544D4,26.0932,68.88027,0.85,308.76,60.0,2026-08-19T21:04:00Z,VIIRS
FIRMS_D16B2F68,26.25635,74.09737,0.62,308.4,60.0,2026-08-19T21:04:00Z,VIIRS
FIRMS_DB605EE9,26.87381,73.5167,2.95,308.59,60.0,2026-08-19T21:04:00Z,VIIRS
FIRMS_8130C966,26.87778,73.51348,1.56,301.9,60.0,2026-08-19T21:04:00Z,VIIRS
FIRMS_A3FAB0C9,28.30434,68.08573,0.74,311.52,60.0,2026-08-19T21:04:00Z,VIIRS
FIRMS_7D2A13F2,28.42477,69.7021,1.36,320.23,60.0,2026-08-19T21:04:00Z,VIIRS
FIRMS_4C282D83,29.12563,75.77744,2.07,307.57,60.0,2026-08-19T21:04:00Z,VIIRS
FIRMS_3D39DC2C,17.98492,80.8302,1.37,303.98,60.0,2026-08-19T21:06:00Z,VIIRS
FIRMS_85C5EB64,18.68423,73.03175,0.77,301.89,60.0,2026-08-19T21:06:00Z,VIIRS
FIRMS_3F29577F,19.36821,71.3552,3.41,320.19,60.0,2026-08-19T21:06:00Z,VIIRS
FIRMS_EF39E9FC,19.37153,71.3558,3.41,331.25,60.0,2026-08-19T21:06:00Z,VIIRS
FIRMS_C52C226B,19.37213,71.35212,5.9,307.08,60.0,2026-08-19T21:06:00Z,VIIRS
FIRMS_F7B6ED12,20.75702,85.29877,2.06,301.57,60.0,2026-08-19T21:06:00Z,VIIRS
FIRMS_2154D741,20.75727,85.29929,1.49,303.61,60.0,2026-08-19T21:06:00Z,VIIRS
FIRMS_C102D6E8,20.75867,85.29228,2.06,302.97,60.0,2026-08-19T21:06:00Z,VIIRS
FIRMS_E45AAD7D,20.75887,85.29279,2.83,305.28,60.0,2026-08-19T21:06:00Z,VIIRS
FIRMS_7BE0A989,20.78761,85.26431,2.28,302.5,60.0,2026-08-19T21:06:00Z,VIIRS
FIRMS_5181A742,20.79777,85.25298,4.38,306.61,60.0,2026-08-19T21:06:00Z,VIIRS
FIRMS_C2B73C84,20.79788,85.25243,2.83,305.54,60.0,2026-08-19T21:06:00Z,VIIRS
FIRMS_D0987E58,20.86326,84.99146,2.29,298.26,60.0,2026-08-19T21:06:00Z,VIIRS
FIRMS_182D5F85,20.95084,86.04825,2.2,304.82,60.0,2026-08-19T21:06:00Z,VIIRS
FIRMS_5537C1F8,20.96339,85.16812,2.94,305.31,60.0,2026-08-19T21:06:00Z,VIIRS
FIRMS_BE0951A4,20.96512,85.19021,2.37,306.9,60.0,2026-08-19T21:06:00Z,VIIRS
FIRMS_A2B53523,20.96682,85.18336,2.37,311.96,60.0,2026-08-19T21:06:00Z,VIIRS
FIRMS_9CB4C30C,20.96847,85.17673,3.04,310.25,60.0,2026-08-19T21:06:00Z,VIIRS
FIRMS_ADFC1B40,20.9701,85.17019,3.04,319.84,60.0,2026-08-19T21:06:00Z,VIIRS
FIRMS_830B0A6A,20.9768,85.17226,3.04,305.85,60.0,2026-08-19T21:06:00Z,VIIRS
FIRMS_FD503067,20.97829,85.13718,1.89,300.87,60.0,2026-08-19T21:06:00Z,VIIRS
FIRMS_E1B9AB9E,20.97995,85.13054,1.89,305.17,60.0,2026-08-19T21:06:00Z,VIIRS
FIRMS_A4BAEA56,21.07434,85.03826,1.92,296.86,60.0,2026-08-19T21:06:00Z,VIIRS
FIRMS_26AE27AA,21.081,85.04028,1.92,296.85,60.0,2026-08-19T21:06:00Z,VIIRS
FIRMS_77DD678F,8.73686,77.60081,7.27,337.37,60.0,2026-08-19T21:08:00Z,VIIRS
FIRMS_67303678,8.73753,77.59727,7.6,329.03,60.0,2026-08-19T21:08:00Z,VIIRS
FIRMS_8D1D241F,8.74163,77.60539,9.46,307.47,60.0,2026-08-19T21:08:00Z,VIIRS
FIRMS_7DC088AC,8.7423,77.60185,9.46,355.88,60.0,2026-08-19T21:08:00Z,VIIRS
FIRMS_14C87201,8.74296,77.59831,21.46,367.0,90.0,2026-08-19T21:08:00Z,VIIRS
FIRMS_D57B959D,15.65748,73.98986,1.1,303.04,60.0,2026-08-19T21:08:00Z,VIIRS
FIRMS_C973BE43,15.65996,73.98722,1.46,298.88,60.0,2026-08-19T21:08:00Z,VIIRS
FIRMS_C6FE8582,7.57133,80.92029,2.18,297.71,60.0,2026-08-19T21:10:00Z,VIIRS
FIRMS_BB551BD4,6.21678,80.89765,5.99,336.55,60.0,2026-08-20T08:13:00Z,VIIRS
FIRMS_CAADE94E,6.21973,80.87165,2.19,331.93,60.0,2026-08-20T08:13:00Z,VIIRS
FIRMS_19E25A48,6.29387,81.24715,4.01,336.98,60.0,2026-08-20T08:13:00Z,VIIRS
FIRMS_AF65B8C0,6.35584,81.14819,4.63,338.11,60.0,2026-08-20T08:13:00Z,VIIRS
FIRMS_C1022FA4,6.35923,81.14768,4.63,337.82,60.0,2026-08-20T08:13:00Z,VIIRS
FIRMS_DDC043AB,6.3817,81.29693,5.74,336.87,60.0,2026-08-20T08:13:00Z,VIIRS
FIRMS_58B3A4AA,6.48633,80.71687,11.31,345.02,60.0,2026-08-20T08:13:00Z,VIIRS
FIRMS_68FFA9DC,6.52056,81.05968,8.84,347.19,60.0,2026-08-20T08:13:00Z,VIIRS
FIRMS_E31B7928,6.54586,80.97478,2.84,330.9,60.0,2026-08-20T08:13:00Z,VIIRS
FIRMS_F63D095A,6.56569,80.94603,2.49,338.96,60.0,2026-08-20T08:13:00Z,VIIRS
FIRMS_B129540E,6.60576,80.88501,1.81,332.03,60.0,2026-08-20T08:13:00Z,VIIRS
FIRMS_1B271C78,6.6253,81.24866,6.04,335.44,60.0,2026-08-20T08:13:00Z,VIIRS
FIRMS_1A008DBA,6.62535,81.24851,2.46,334.21,30.0,2026-08-20T08:13:00Z,VIIRS
FIRMS_A6725D64,6.6259,81.25217,2.46,331.08,30.0,2026-08-20T08:13:00Z,VIIRS
FIRMS_DF12F5DA,6.70792,80.98251,4.57,338.65,60.0,2026-08-20T08:13:00Z,VIIRS
FIRMS_2AAF1730,6.71841,80.84508,2.78,333.17,60.0,2026-08-20T08:13:00Z,VIIRS
FIRMS_64A25A1F,6.72233,81.24533,2.22,337.11,60.0,2026-08-20T08:13:00Z,VIIRS
FIRMS_9E824089,6.72316,81.06162,3.0,335.84,60.0,2026-08-20T08:13:00Z,VIIRS
FIRMS_3FEE6286,6.72654,81.06101,10.21,350.79,60.0,2026-08-20T08:13:00Z,VIIRS
FIRMS_1AC1CDCA,6.72991,81.06036,10.21,356.7,60.0,2026-08-20T08:13:00Z,VIIRS
FIRMS_77281FE4,6.73046,81.06409,10.21,346.72,60.0,2026-08-20T08:13:00Z,VIIRS
FIRMS_55F86436,6.73328,81.05975,24.32,355.31,60.0,2026-08-20T08:13:00Z,VIIRS
FIRMS_4526898F,6.75499,81.74423,6.92,343.94,60.0,2026-08-20T08:13:00Z,VIIRS
FIRMS_4082F449,6.77269,81.20744,3.34,334.47,60.0,2026-08-20T08:13:00Z,VIIRS
FIRMS_0C445035,6.77621,81.18446,5.73,347.85,60.0,2026-08-20T08:13:00Z,VIIRS
FIRMS_1A4C6D14,6.7872,81.46957,3.08,336.68,60.0,2026-08-20T08:13:00Z,VIIRS
FIRMS_8EF6EB18,6.80653,81.24734,3.4,331.85,60.0,2026-08-20T08:13:00Z,VIIRS
FIRMS_EC7E71E3,6.8106,81.48529,5.58,345.87,60.0,2026-08-20T08:13:00Z,VIIRS
FIRMS_4B1B49BB,6.82714,81.50195,4.96,342.25,60.0,2026-08-20T08:13:00Z,VIIRS
FIRMS_FDFAD148,6.83426,81.43214,1.38,333.02,60.0,2026-08-20T08:13:00Z,VIIRS
FIRMS_6182A492,6.95979,81.57388,2.57,335.24,60.0,2026-08-20T08:13:00Z,VIIRS
FIRMS_C5CF138D,6.96545,81.61172,35.28,351.89,60.0,2026-08-20T08:13:00Z,VIIRS
FIRMS_1B5FB2B9,7.04992,81.78621,2.52,336.11,60.0,2026-08-20T08:13:00Z,VIIRS
FIRMS_C2BB6BC8,7.19321,81.76139,5.62,336.44,60.0,2026-08-20T08:13:00Z,VIIRS
FIRMS_0AC51BBA,7.2192,81.13906,4.19,331.21,60.0,2026-08-20T08:13:00Z,VIIRS
FIRMS_C4059D19,7.21973,81.14264,2.06,336.15,60.0,2026-08-20T08:13:00Z,VIIRS
FIRMS_A123958E,7.2488,81.26661,2.65,340.23,60.0,2026-08-20T08:13:00Z,VIIRS
FIRMS_30940D2B,7.27521,81.11919,2.61,334.07,60.0,2026-08-20T08:13:00Z,VIIRS
FIRMS_ACF326CF,7.30599,81.79197,10.5,347.92,60.0,2026-08-20T08:13:00Z,VIIRS
FIRMS_A1688722,7.30818,81.85501,6.5,335.17,60.0,2026-08-20T08:13:00Z,VIIRS
FIRMS_43D1D65C,7.30823,81.83119,5.92,330.47,60.0,2026-08-20T08:13:00Z,VIIRS
FIRMS_67F51FE5,7.31885,81.75852,9.86,345.08,60.0,2026-08-20T08:13:00Z,VIIRS
FIRMS_BB6584A9,7.32287,81.78553,4.13,342.25,60.0,2026-08-20T08:13:00Z,VIIRS
FIRMS_3837B9E9,7.32629,81.8325,6.35,339.07,60.0,2026-08-20T08:13:00Z,VIIRS
FIRMS_5BAE18B1,7.32756,81.21307,3.91,336.06,60.0,2026-08-20T08:13:00Z,VIIRS
FIRMS_A5D11AC3,7.3295,81.04007,3.78,334.27,60.0,2026-08-20T08:13:00Z,VIIRS
FIRMS_8F08EB9F,7.32988,81.76083,2.56,338.64,60.0,2026-08-20T08:13:00Z,VIIRS
FIRMS_9878C85D,7.33097,81.21256,6.96,346.04,60.0,2026-08-20T08:13:00Z,VIIRS
FIRMS_7580B582,7.33153,81.21626,3.1,340.26,60.0,2026-08-20T08:13:00Z,VIIRS
FIRMS_802E0594,7.33495,81.21577,3.1,333.8,60.0,2026-08-20T08:13:00Z,VIIRS
FIRMS_2394B270,7.34035,81.75928,3.59,335.49,60.0,2026-08-20T08:13:00Z,VIIRS
FIRMS_370001F9,7.38552,81.11015,1.97,343.3,60.0,2026-08-20T08:13:00Z,VIIRS
FIRMS_41161776,7.38607,81.11382,1.97,330.98,60.0,2026-08-20T08:13:00Z,VIIRS
FIRMS_11C0AA48,7.38893,81.10962,4.26,353.09,60.0,2026-08-20T08:13:00Z,VIIRS
FIRMS_C1CCC7BC,7.38948,81.11331,4.26,331.24,60.0,2026-08-20T08:13:00Z,VIIRS
FIRMS_36BF062F,7.40332,81.2776,3.27,334.13,60.0,2026-08-20T08:13:00Z,VIIRS
FIRMS_20E9082C,7.4271,80.96945,4.02,337.48,60.0,2026-08-20T08:13:00Z,VIIRS
FIRMS_99BF52FB,7.45547,81.08854,4.91,339.59,60.0,2026-08-20T08:13:00Z,VIIRS
FIRMS_210C36BD,7.45602,81.09219,6.89,341.46,60.0,2026-08-20T08:13:00Z,VIIRS
FIRMS_D51996D5,7.50024,80.96915,3.78,336.72,60.0,2026-08-20T08:13:00Z,VIIRS
FIRMS_617AE996,7.50069,81.27799,3.74,338.29,60.0,2026-08-20T08:13:00Z,VIIRS
FIRMS_D4C647DD,7.52927,80.93124,4.45,342.64,60.0,2026-08-20T08:13:00Z,VIIRS
FIRMS_B97B0F60,7.52982,80.93488,4.45,339.22,60.0,2026-08-20T08:13:00Z,VIIRS
FIRMS_8D3B399B,7.53321,80.93436,3.36,332.12,60.0,2026-08-20T08:13:00Z,VIIRS
FIRMS_46DACB64,7.57791,80.85709,5.69,346.72,60.0,2026-08-20T08:13:00Z,VIIRS
FIRMS_91E98E54,7.61121,80.964,3.96,347.49,60.0,2026-08-20T08:13:00Z,VIIRS
FIRMS_96714705,7.61461,80.96349,3.96,335.63,60.0,2026-08-20T08:13:00Z,VIIRS
FIRMS_E707EA8F,7.64166,80.67686,3.46,336.86,60.0,2026-08-20T08:13:00Z,VIIRS
FIRMS_C69CB72D,7.64815,80.93231,2.7,331.57,60.0,2026-08-20T08:13:00Z,VIIRS
FIRMS_14BEC156,7.70978,81.25452,5.0,338.33,60.0,2026-08-20T08:13:00Z,VIIRS
FIRMS_EF515C6B,7.72984,81.24775,12.48,350.83,60.0,2026-08-20T08:13:00Z,VIIRS
FIRMS_AF193648,7.79305,81.15463,6.44,336.72,60.0,2026-08-20T08:13:00Z,VIIRS
FIRMS_AC482EE0,7.92285,81.39185,3.61,338.55,60.0,2026-08-20T08:13:00Z,VIIRS
FIRMS_B96F61A7,7.94184,81.19656,4.82,337.62,60.0,2026-08-20T08:13:00Z,VIIRS
FIRMS_670D94E2,7.9423,81.31919,3.72,332.49,60.0,2026-08-20T08:13:00Z,VIIRS
FIRMS_33BBE2FA,7.94464,81.31114,3.91,335.61,60.0,2026-08-20T08:13:00Z,VIIRS
FIRMS_6DD90CB1,7.9452,81.3149,6.62,334.77,60.0,2026-08-20T08:13:00Z,VIIRS
FIRMS_70488B6C,7.9938,80.16321,2.49,330.74,60.0,2026-08-20T08:13:00Z,VIIRS
FIRMS_67EA0821,8.16379,79.83366,5.84,347.02,60.0,2026-08-20T08:13:00Z,VIIRS
FIRMS_800875EE,8.21754,81.10218,3.07,330.44,60.0,2026-08-20T08:13:00Z,VIIRS
FIRMS_5D11294B,8.41734,81.08703,2.9,334.09,60.0,2026-08-20T08:13:00Z,VIIRS
FIRMS_927DD4AB,8.45045,80.81741,3.69,330.74,60.0,2026-08-20T08:13:00Z,VIIRS
FIRMS_CC43580C,8.65339,80.63652,2.64,332.32,60.0,2026-08-20T08:13:00Z,VIIRS
FIRMS_3BA25F43,8.68008,80.83871,3.44,331.34,60.0,2026-08-20T08:13:00Z,VIIRS
FIRMS_FB53C924,8.68966,80.85621,4.11,330.75,60.0,2026-08-20T08:13:00Z,VIIRS
FIRMS_CBBC046B,8.82787,80.89571,3.25,331.38,60.0,2026-08-20T08:13:00Z,VIIRS
FIRMS_97D1AE61,8.87924,81.03294,9.71,339.85,60.0,2026-08-20T08:13:00Z,VIIRS
FIRMS_84F7743B,8.92556,77.96257,8.49,348.38,60.0,2026-08-20T08:13:00Z,VIIRS
FIRMS_B58135B8,8.95379,80.75946,2.26,332.3,60.0,2026-08-20T08:13:00Z,VIIRS
FIRMS_EDE790C4,9.00053,79.86462,3.48,336.71,60.0,2026-08-20T08:13:00Z,VIIRS
FIRMS_6E30BFCC,9.00601,79.87824,4.06,338.67,60.0,2026-08-20T08:13:00Z,VIIRS
FIRMS_09909596,9.0254,79.83466,1.97,331.19,60.0,2026-08-20T08:13:00Z,VIIRS
FIRMS_487B8382,9.41284,80.44965,4.4,348.03,60.0,2026-08-20T08:13:00Z,VIIRS
FIRMS_6ABB198C,9.43061,80.44665,2.42,336.91,60.0,2026-08-20T08:13:00Z,VIIRS
FIRMS_7DDEA071,10.20464,78.83772,11.72,339.24,60.0,2026-08-20T08:13:00Z,VIIRS
FIRMS_FF3234F5,10.57315,79.49966,2.25,330.82,60.0,2026-08-20T08:13:00Z,VIIRS
FIRMS_65037320,12.54274,79.87836,4.92,347.01,60.0,2026-08-20T08:16:00Z,VIIRS
FIRMS_A462AE5E,12.66698,79.70408,1.45,331.27,60.0,2026-08-20T08:16:00Z,VIIRS
FIRMS_9A234084,12.89302,78.87909,1.83,331.01,60.0,2026-08-20T08:16:00Z,VIIRS
FIRMS_6A0DE1B7,13.04383,79.59259,2.46,335.61,60.0,2026-08-20T08:16:00Z,VIIRS
FIRMS_799BD626,13.07203,79.95014,3.38,330.69,60.0,2026-08-20T08:16:00Z,VIIRS
FIRMS_25AB2D9A,13.34752,79.09665,1.8,337.78,60.0,2026-08-20T08:16:00Z,VIIRS
FIRMS_FDBC8B47,13.40582,80.21592,6.25,334.97,60.0,2026-08-20T08:16:00Z,VIIRS
FIRMS_8158AE07,13.66444,79.61813,6.06,341.5,60.0,2026-08-20T08:16:00Z,VIIRS
FIRMS_7C8D5394,14.28543,79.97816,2.41,338.42,60.0,2026-08-20T08:16:00Z,VIIRS
FIRMS_BBF679D0,14.34493,79.72159,5.86,345.53,60.0,2026-08-20T08:16:00Z,VIIRS
FIRMS_0B578B27,15.16424,76.3814,5.53,338.7,60.0,2026-08-20T08:16:00Z,VIIRS
FIRMS_F8574FD6,15.1676,76.38084,5.97,330.62,30.0,2026-08-20T08:16:00Z,VIIRS
FIRMS_78635507,15.1724,76.69444,2.38,335.7,60.0,2026-08-20T08:16:00Z,VIIRS
FIRMS_5BD8095E,15.26779,78.92377,3.8,336.08,60.0,2026-08-20T08:16:00Z,VIIRS
FIRMS_575891F7,15.58879,75.15228,5.86,332.36,30.0,2026-08-20T08:16:00Z,VIIRS
FIRMS_3AD8F9B5,16.07496,79.11341,3.87,341.12,60.0,2026-08-20T08:16:00Z,VIIRS
FIRMS_72B89C3E,16.07655,79.14837,1.46,330.86,60.0,2026-08-20T08:16:00Z,VIIRS
FIRMS_E555F805,17.29004,82.58302,1.58,331.27,60.0,2026-08-20T08:16:00Z,VIIRS
FIRMS_E071244A,17.50684,82.94902,3.79,342.7,60.0,2026-08-20T08:16:00Z,VIIRS
FIRMS_47AD9F90,17.50736,82.95307,3.79,335.65,60.0,2026-08-20T08:16:00Z,VIIRS
FIRMS_538C768A,17.51158,82.95251,6.78,348.49,60.0,2026-08-20T08:16:00Z,VIIRS
FIRMS_B6FF2589,17.54337,83.00231,3.18,335.63,60.0,2026-08-20T08:16:00Z,VIIRS
FIRMS_21EAF96A,17.77165,79.02434,2.96,336.41,60.0,2026-08-20T08:16:00Z,VIIRS
FIRMS_87199180,17.79435,83.16505,6.14,341.11,60.0,2026-08-20T08:16:00Z,VIIRS
FIRMS_4D9C4EE0,17.95594,80.79374,6.47,337.11,60.0,2026-08-20T08:16:00Z,VIIRS
FIRMS_AEFBEDB4,20.95271,86.0482,4.49,329.15,60.0,2026-08-20T08:18:00Z,VIIRS
FIRMS_CD9570E1,20.96745,86.01298,7.71,349.96,60.0,2026-08-20T08:18:00Z,VIIRS
FIRMS_DF018867,21.10092,72.63459,10.43,334.49,60.0,2026-08-20T08:18:00Z,VIIRS
FIRMS_AEBD0872,21.10331,72.64813,7.57,335.83,30.0,2026-08-20T08:18:00Z,VIIRS
FIRMS_37F69D89,21.10694,72.64742,13.54,340.92,60.0,2026-08-20T08:18:00Z,VIIRS
FIRMS_99465ECC,24.80284,71.78471,4.64,338.32,60.0,2026-08-20T08:20:00Z,VIIRS
FIRMS_C2A825A9,25.09726,68.29532,3.84,339.12,60.0,2026-08-20T08:20:00Z,VIIRS
FIRMS_2362A62D,27.93253,68.64394,1.41,331.31,60.0,2026-08-20T08:20:00Z,VIIRS
FIRMS_16D2F420,30.40259,73.87827,3.35,340.93,60.0,2026-08-20T08:20:00Z,VIIRS
FIRMS_26DB2D30,30.43244,73.96255,4.15,334.16,60.0,2026-08-20T08:20:00Z,VIIRS
FIRMS_EB9F15D0,31.14108,73.58968,5.6,330.28,30.0,2026-08-20T08:20:00Z,VIIRS
FIRMS_35C4D0E6,22.36236,87.01414,2.1,296.48,60.0,2026-08-20T19:06:00Z,VIIRS
FIRMS_845F1AA7,22.36499,87.0154,2.08,298.17,60.0,2026-08-20T19:06:00Z,VIIRS
FIRMS_AB6BC823,23.69259,87.12586,0.75,295.1,60.0,2026-08-20T19:06:00Z,VIIRS
FIRMS_348C282E,23.69308,87.11836,0.75,299.47,60.0,2026-08-20T19:06:00Z,VIIRS
FIRMS_C5D71F68,23.69355,87.111,0.98,298.67,60.0,2026-08-20T19:06:00Z,VIIRS
FIRMS_81A670E5,23.69403,87.10361,0.98,297.31,60.0,2026-08-20T19:06:00Z,VIIRS
FIRMS_F88DF2B2,23.69451,87.0962,2.15,296.66,60.0,2026-08-20T19:06:00Z,VIIRS
FIRMS_D0C3A7A0,23.69583,87.12293,1.59,298.65,60.0,2026-08-20T19:06:00Z,VIIRS
FIRMS_5CF818E1,23.69627,87.11548,0.63,295.82,60.0,2026-08-20T19:06:00Z,VIIRS
FIRMS_3F0E57A3,23.69671,87.10807,0.63,296.93,60.0,2026-08-20T19:06:00Z,VIIRS
FIRMS_291BDB8D,23.69758,87.09327,1.38,298.4,60.0,2026-08-20T19:06:00Z,VIIRS
FIRMS_0648A463,28.27534,77.18294,0.74,302.62,60.0,2026-08-20T20:44:00Z,VIIRS
FIRMS_2A214729,28.77214,76.70122,2.28,310.21,60.0,2026-08-20T20:44:00Z,VIIRS
FIRMS_48DDD63A,29.45876,76.86543,3.34,316.16,60.0,2026-08-20T20:44:00Z,VIIRS
FIRMS_C937C4B0,29.91072,74.94928,2.62,307.57,60.0,2026-08-20T20:44:00Z,VIIRS
FIRMS_5E2CF4A5,31.2492,76.92705,0.66,304.76,60.0,2026-08-20T20:44:00Z,VIIRS
FIRMS_CE8DD34A,31.25985,76.92484,0.5,302.16,60.0,2026-08-20T20:44:00Z,VIIRS
FIRMS_7EF7C45F,32.57539,72.56554,2.4,305.87,60.0,2026-08-20T20:44:00Z,VIIRS
FIRMS_6CE14CA1,32.57585,72.56123,2.78,310.55,60.0,2026-08-20T20:44:00Z,VIIRS
FIRMS_D3ECFB1B,14.60754,79.6615,2.56,308.19,60.0,2026-08-20T20:46:00Z,VIIRS
FIRMS_419AE139,15.02354,78.01447,1.4,308.12,60.0,2026-08-20T20:46:00Z,VIIRS
FIRMS_2FBDA37A,15.13803,76.70839,0.85,304.91,60.0,2026-08-20T20:46:00Z,VIIRS
FIRMS_17774420,15.14843,76.71026,0.81,304.65,60.0,2026-08-20T20:46:00Z,VIIRS
FIRMS_082955CB,15.16689,76.67173,1.09,305.06,60.0,2026-08-20T20:46:00Z,VIIRS
FIRMS_E6DFE945,15.16817,76.38058,1.14,304.25,60.0,2026-08-20T20:46:00Z,VIIRS
FIRMS_F9F52EE0,15.16889,76.67329,0.89,306.37,60.0,2026-08-20T20:46:00Z,VIIRS
FIRMS_6022F0CB,15.17304,76.65667,1.74,307.97,60.0,2026-08-20T20:46:00Z,VIIRS
FIRMS_D76A96F1,15.17371,76.65274,1.05,304.58,60.0,2026-08-20T20:46:00Z,VIIRS
FIRMS_E4B4027D,15.17391,76.69331,2.81,323.79,60.0,2026-08-20T20:46:00Z,VIIRS
FIRMS_BB3BF073,15.17649,76.6573,4.52,333.4,60.0,2026-08-20T20:46:00Z,VIIRS
FIRMS_64E0CDC3,15.17659,76.6776,1.7,305.91,60.0,2026-08-20T20:46:00Z,VIIRS
FIRMS_49F33072,15.17717,76.65337,2.8,323.16,60.0,2026-08-20T20:46:00Z,VIIRS
FIRMS_5F2792CA,15.18207,76.66643,3.01,323.44,60.0,2026-08-20T20:46:00Z,VIIRS
FIRMS_7A12AE50,15.22626,76.76389,0.82,304.55,60.0,2026-08-20T20:46:00Z,VIIRS
FIRMS_32677D5E,15.3343,76.28691,1.13,312.86,60.0,2026-08-20T20:46:00Z,VIIRS
FIRMS_13D09D91,16.20556,75.20766,0.67,303.43,60.0,2026-08-20T20:46:00Z,VIIRS
FIRMS_4A268789,20.96533,86.01462,1.93,308.0,60.0,2026-08-20T20:46:00Z,VIIRS
FIRMS_7F24FA51,20.96588,86.01382,1.91,318.18,60.0,2026-08-20T20:46:00Z,VIIRS
FIRMS_7BE88FAC,20.96618,86.01083,1.93,309.48,60.0,2026-08-20T20:46:00Z,VIIRS
FIRMS_B4535F57,20.96671,86.01003,1.91,302.63,60.0,2026-08-20T20:46:00Z,VIIRS
FIRMS_DC90C8B9,20.96791,86.00322,2.6,300.73,60.0,2026-08-20T20:46:00Z,VIIRS
FIRMS_970851BC,22.0552,88.12618,0.82,308.08,60.0,2026-08-20T20:46:00Z,VIIRS
FIRMS_1C134175,22.05638,88.12125,0.82,302.14,60.0,2026-08-20T20:46:00Z,VIIRS
FIRMS_F02CCBF4,22.08609,83.11594,2.44,316.03,60.0,2026-08-20T20:46:00Z,VIIRS
FIRMS_F4AD8124,22.78398,86.20503,0.97,301.39,60.0,2026-08-20T20:46:00Z,VIIRS
FIRMS_128227A1,22.78599,86.20644,0.78,305.61,60.0,2026-08-20T20:46:00Z,VIIRS
FIRMS_BF494C7A,22.78678,86.20286,0.78,301.24,60.0,2026-08-20T20:46:00Z,VIIRS
FIRMS_725AF67A,22.78835,86.19575,0.55,298.96,60.0,2026-08-20T20:46:00Z,VIIRS
FIRMS_F5872B8C,22.78925,86.20647,0.89,305.09,60.0,2026-08-20T20:46:00Z,VIIRS
FIRMS_F8F04F25,22.79088,86.19932,0.37,298.49,60.0,2026-08-20T20:46:00Z,VIIRS
FIRMS_1031D6B8,22.79169,86.19576,0.37,299.44,60.0,2026-08-20T20:46:00Z,VIIRS
FIRMS_D2098C20,22.79364,86.19712,0.58,297.16,60.0,2026-08-20T20:46:00Z,VIIRS
FIRMS_90EDE821,22.7945,86.20801,0.89,299.78,60.0,2026-08-20T20:46:00Z,VIIRS
FIRMS_77E1F040,22.7973,86.20584,1.63,304.34,60.0,2026-08-20T20:46:00Z,VIIRS
FIRMS_99FCFDBB,22.80075,86.08921,1.75,313.38,60.0,2026-08-20T20:46:00Z,VIIRS
FIRMS_EC7C9506,22.81689,86.08504,0.24,301.13,60.0,2026-08-20T20:46:00Z,VIIRS
FIRMS_1665AAAA,22.81808,86.08607,0.22,302.52,60.0,2026-08-20T20:46:00Z,VIIRS
FIRMS_29E4CEC9,23.51662,87.27167,0.73,303.04,60.0,2026-08-20T20:46:00Z,VIIRS
FIRMS_4C98D6E4,23.5566,87.23922,0.94,303.93,60.0,2026-08-20T20:46:00Z,VIIRS
FIRMS_79C22844,23.5599,87.08255,1.07,308.76,60.0,2026-08-20T20:46:00Z,VIIRS
FIRMS_C292E919,23.56212,87.24074,0.94,303.44,60.0,2026-08-20T20:46:00Z,VIIRS
FIRMS_F0FC44EE,23.56388,87.08366,1.58,310.88,60.0,2026-08-20T20:46:00Z,VIIRS
FIRMS_72582490,23.61454,86.79183,0.68,304.84,60.0,2026-08-20T20:46:00Z,VIIRS
FIRMS_615C9818,23.61549,86.78763,0.68,303.7,60.0,2026-08-20T20:46:00Z,VIIRS
FIRMS_B5E10165,23.61622,85.42603,0.49,302.01,60.0,2026-08-20T20:46:00Z,VIIRS
FIRMS_F540DE8E,23.64966,85.43914,0.69,314.37,60.0,2026-08-20T20:46:00Z,VIIRS
FIRMS_AD034F38,23.65035,85.43598,0.69,305.16,60.0,2026-08-20T20:46:00Z,VIIRS
FIRMS_9ACFDAEF,23.65573,85.50697,1.16,308.42,60.0,2026-08-20T20:46:00Z,VIIRS
FIRMS_2F829AD2,23.66165,85.55202,0.37,303.54,60.0,2026-08-20T20:46:00Z,VIIRS
FIRMS_B153C258,23.66331,87.15736,0.27,296.41,60.0,2026-08-20T20:46:00Z,VIIRS
FIRMS_ECBE2A2D,23.66421,87.1534,0.31,298.63,60.0,2026-08-20T20:46:00Z,VIIRS
FIRMS_A329B3C2,23.66743,86.9369,0.73,307.82,60.0,2026-08-20T20:46:00Z,VIIRS
FIRMS_715BB08C,23.66762,86.09156,0.94,306.33,60.0,2026-08-20T20:46:00Z,VIIRS
FIRMS_FEE21011,23.67428,86.08614,1.08,306.76,60.0,2026-08-20T20:46:00Z,VIIRS
FIRMS_E5FB1841,23.67467,86.40192,0.95,306.13,60.0,2026-08-20T20:46:00Z,VIIRS
FIRMS_8B73497B,23.67549,86.39829,0.95,307.45,60.0,2026-08-20T20:46:00Z,VIIRS
FIRMS_3552ECEC,23.6763,86.39473,1.46,308.25,60.0,2026-08-20T20:46:00Z,VIIRS
FIRMS_505B14C1,23.67731,86.07244,1.04,302.65,60.0,2026-08-20T20:46:00Z,VIIRS
FIRMS_8E33ABBD,23.68017,86.08412,1.56,305.76,60.0,2026-08-20T20:46:00Z,VIIRS
FIRMS_57656943,23.68076,86.39959,0.95,303.5,60.0,2026-08-20T20:46:00Z,VIIRS
FIRMS_49B7B7F6,23.68078,86.08385,1.77,307.33,60.0,2026-08-20T20:46:00Z,VIIRS
FIRMS_F0FEC2F7,23.68157,86.39599,1.46,308.75,60.0,2026-08-20T20:46:00Z,VIIRS
FIRMS_83A33C8C,23.68236,86.39249,1.46,312.1,60.0,2026-08-20T20:46:00Z,VIIRS
FIRMS_B936D942,23.68763,86.39378,1.11,308.4,60.0,2026-08-20T20:46:00Z,VIIRS
FIRMS_4F16C0A1,23.68785,87.10063,1.13,301.76,60.0,2026-08-20T20:46:00Z,VIIRS
FIRMS_66205DAD,23.68841,86.39032,1.63,305.25,60.0,2026-08-20T20:46:00Z,VIIRS
FIRMS_59CD00B1,23.69202,87.10435,1.24,298.55,60.0,2026-08-20T20:46:00Z,VIIRS
FIRMS_881C8226,23.69376,87.12176,1.51,305.75,60.0,2026-08-20T20:46:00Z,VIIRS
FIRMS_2AC58F2E,23.69603,85.37061,1.96,309.89,60.0,2026-08-20T20:46:00Z,VIIRS
FIRMS_1843527F,23.70871,86.44867,1.32,309.25,60.0,2026-08-20T20:46:00Z,VIIRS
FIRMS_D3444539,23.70951,86.44509,1.32,307.26,60.0,2026-08-20T20:46:00Z,VIIRS
FIRMS_D9A9E09A,23.71143,86.45005,1.84,318.51,60.0,2026-08-20T20:46:00Z,VIIRS
FIRMS_3F468C6C,23.71226,86.44649,1.84,316.2,60.0,2026-08-20T20:46:00Z,VIIRS
FIRMS_290B0A21,23.71398,86.45003,1.32,316.78,60.0,2026-08-20T20:46:00Z,VIIRS
FIRMS_131747D1,23.71431,86.42361,1.54,304.75,60.0,2026-08-20T20:46:00Z,VIIRS
FIRMS_9F575471,23.72326,86.4229,1.26,305.68,60.0,2026-08-20T20:46:00Z,VIIRS
FIRMS_4346B8FA,23.7374,86.4341,3.28,324.26,60.0,2026-08-20T20:46:00Z,VIIRS
FIRMS_ABC9910C,23.75525,86.40467,0.91,306.53,60.0,2026-08-20T20:46:00Z,VIIRS
FIRMS_9D2C2C99,23.76131,86.40248,1.24,322.91,60.0,2026-08-20T20:46:00Z,VIIRS
FIRMS_FCCD0ED6,23.76655,86.40386,1.24,307.05,60.0,2026-08-20T20:46:00Z,VIIRS
FIRMS_08C22B55,23.76735,86.40035,1.24,306.55,60.0,2026-08-20T20:46:00Z,VIIRS
FIRMS_3BA4A73A,23.78109,86.38872,2.9,306.48,60.0,2026-08-20T20:46:00Z,VIIRS
FIRMS_C1C25485,23.78225,85.57,1.34,302.54,60.0,2026-08-20T20:46:00Z,VIIRS
FIRMS_ECB7E9BF,23.7864,85.55096,1.48,308.04,60.0,2026-08-20T20:46:00Z,VIIRS
FIRMS_38770EF6,23.82381,85.49748,1.25,301.5,60.0,2026-08-20T20:46:00Z,VIIRS
FIRMS_984941EE,23.82423,85.49743,1.08,302.7,60.0,2026-08-20T20:46:00Z,VIIRS
FIRMS_673ADCEA,24.71524,75.95329,0.89,304.87,60.0,2026-08-20T20:46:00Z,VIIRS
FIRMS_6EC68367,25.03646,87.38701,0.72,304.58,60.0,2026-08-20T20:46:00Z,VIIRS
FIRMS_A96142EE,25.03673,87.38658,0.67,303.78,60.0,2026-08-20T20:46:00Z,VIIRS
FIRMS_4825A563,25.39003,68.58031,2.26,311.58,60.0,2026-08-20T20:46:00Z,VIIRS
FIRMS_27BCAA05,27.79252,75.33192,0.81,306.87,60.0,2026-08-20T20:46:00Z,VIIRS
FIRMS_1782EF78,6.56044,81.14934,0.52,302.17,60.0,2026-08-20T20:49:00Z,VIIRS
FIRMS_2287EF8F,6.64198,80.81609,1.04,317.08,60.0,2026-08-20T20:49:00Z,VIIRS
FIRMS_C1428EB2,6.64253,80.81303,1.13,302.78,60.0,2026-08-20T20:49:00Z,VIIRS
FIRMS_88460436,6.64453,80.81778,1.37,302.41,60.0,2026-08-20T20:49:00Z,VIIRS
FIRMS_76C31B91,6.64509,80.81454,1.37,327.34,60.0,2026-08-20T20:49:00Z,VIIRS
FIRMS_87FB81B9,6.64705,80.81706,0.41,302.64,60.0,2026-08-20T20:49:00Z,VIIRS
FIRMS_2BEFF8E5,6.64764,80.81381,0.43,301.23,60.0,2026-08-20T20:49:00Z,VIIRS
FIRMS_9F6C73D8,6.86048,81.57622,0.91,308.61,60.0,2026-08-20T20:49:00Z,VIIRS
FIRMS_D0A24C18,6.86581,81.57717,3.85,347.18,60.0,2026-08-20T20:49:00Z,VIIRS
FIRMS_B2362598,7.25554,81.11653,1.0,309.52,60.0,2026-08-20T20:49:00Z,VIIRS
FIRMS_6105C7B8,7.32876,81.21317,0.45,303.7,60.0,2026-08-20T20:49:00Z,VIIRS
FIRMS_83E3444B,7.39811,81.10191,1.65,313.18,60.0,2026-08-20T20:49:00Z,VIIRS
FIRMS_D25D9535,8.73957,77.60084,2.37,314.99,60.0,2026-08-20T20:49:00Z,VIIRS
FIRMS_55219F53,12.66991,76.85605,0.73,302.15,60.0,2026-08-20T20:49:00Z,VIIRS
FIRMS_C124417F,12.68449,76.45203,0.81,306.01,60.0,2026-08-20T20:49:00Z,VIIRS
FIRMS_A65DB58C,12.98436,74.85372,0.45,300.05,60.0,2026-08-20T20:49:00Z,VIIRS
FIRMS_175EEA57,18.57617,72.24023,3.65,306.94,60.0,2026-08-20T20:49:00Z,VIIRS
FIRMS_61A618FE,18.71585,79.53936,2.11,301.57,60.0,2026-08-20T20:49:00Z,VIIRS
FIRMS_954C26E4,24.26015,97.75832,5.24,332.76,60.0,2026-08-21T06:18:00Z,VIIRS
FIRMS_12AE93BE,7.39327,81.09946,6.4,345.34,30.0,2026-08-21T07:56:00Z,VIIRS
FIRMS_7FD3E4BD,7.39688,81.09885,6.4,332.08,30.0,2026-08-21T07:56:00Z,VIIRS
FIRMS_E5BBAB26,7.51083,81.69547,5.97,334.46,30.0,2026-08-21T07:56:00Z,VIIRS
FIRMS_CF141B82,7.80986,81.37318,5.27,339.32,30.0,2026-08-21T07:56:00Z,VIIRS
FIRMS_1B80BEBA,7.81049,81.37718,5.27,335.63,30.0,2026-08-21T07:56:00Z,VIIRS
FIRMS_167C31C2,7.81277,81.36861,13.76,349.14,60.0,2026-08-21T07:56:00Z,VIIRS
FIRMS_445D120F,7.8134,81.37262,10.42,333.7,30.0,2026-08-21T07:56:00Z,VIIRS
FIRMS_6B1D1DF5,8.07838,80.0887,15.5,331.6,60.0,2026-08-21T07:56:00Z,VIIRS
FIRMS_558C3E1D,8.24257,80.90491,7.18,333.1,30.0,2026-08-21T07:56:00Z,VIIRS
FIRMS_6D88FE23,8.43317,80.33639,14.02,334.3,30.0,2026-08-21T07:56:00Z,VIIRS
FIRMS_7CCD9D2F,8.58488,77.95021,2.49,335.12,60.0,2026-08-21T07:56:00Z,VIIRS
FIRMS_8609557D,8.77386,80.41042,15.2,349.35,60.0,2026-08-21T07:56:00Z,VIIRS
FIRMS_2B819061,8.77498,80.40853,7.54,335.22,30.0,2026-08-21T07:56:00Z,VIIRS
FIRMS_A7C350A7,9.31269,78.05367,7.06,338.9,60.0,2026-08-21T07:56:00Z,VIIRS
FIRMS_94D98B8D,9.3194,78.58262,1.47,336.47,60.0,2026-08-21T07:56:00Z,VIIRS
FIRMS_7779312D,9.34518,78.81236,1.58,335.72,60.0,2026-08-21T07:56:00Z,VIIRS
FIRMS_12825536,9.36559,78.66248,10.37,367.0,90.0,2026-08-21T07:56:00Z,VIIRS
FIRMS_94759049,9.46089,77.93649,2.92,343.41,60.0,2026-08-21T07:56:00Z,VIIRS
FIRMS_00342D63,9.74367,77.84486,1.11,336.43,60.0,2026-08-21T07:56:00Z,VIIRS
FIRMS_3B86354B,9.74707,77.88758,1.44,336.81,60.0,2026-08-21T07:56:00Z,VIIRS
FIRMS_8BDE755A,10.04823,77.95352,5.9,349.94,60.0,2026-08-21T07:56:00Z,VIIRS
FIRMS_6EF011B5,10.05175,77.94893,7.89,344.09,60.0,2026-08-21T07:56:00Z,VIIRS
FIRMS_C5D10B18,10.05242,77.9528,5.9,337.08,60.0,2026-08-21T07:56:00Z,VIIRS
FIRMS_757BE4B8,10.06246,77.61354,3.37,338.53,60.0,2026-08-21T07:56:00Z,VIIRS
FIRMS_AD5E4A17,10.40818,77.98702,8.58,344.36,60.0,2026-08-21T07:56:00Z,VIIRS
FIRMS_25F7B0BF,10.46239,77.96943,2.2,332.02,30.0,2026-08-21T07:56:00Z,VIIRS
FIRMS_4815237B,10.8355,78.05512,5.12,348.83,60.0,2026-08-21T07:56:00Z,VIIRS
FIRMS_2B88D50A,10.86179,78.60693,3.75,332.53,30.0,2026-08-21T07:56:00Z,VIIRS
FIRMS_51AB7579,10.86351,78.60498,3.6,334.68,60.0,2026-08-21T07:56:00Z,VIIRS
FIRMS_D3B2BFAA,10.89906,78.69358,8.39,335.4,60.0,2026-08-21T07:56:00Z,VIIRS
FIRMS_B4603985,10.90762,78.79076,4.54,339.02,60.0,2026-08-21T07:56:00Z,VIIRS
FIRMS_64A75B02,10.94861,77.29926,1.82,332.62,60.0,2026-08-21T07:56:00Z,VIIRS
FIRMS_D6149092,11.17986,76.86322,7.75,352.61,60.0,2026-08-21T07:56:00Z,VIIRS
FIRMS_9987E52D,11.25114,77.55007,1.81,335.0,60.0,2026-08-21T07:56:00Z,VIIRS
FIRMS_3B19E16A,11.3864,77.68139,3.66,337.39,60.0,2026-08-21T07:56:00Z,VIIRS
FIRMS_DC4FD1BD,11.52693,77.66856,1.03,331.72,60.0,2026-08-21T07:56:00Z,VIIRS
FIRMS_29303E0D,11.71186,79.12611,49.23,335.37,30.0,2026-08-21T07:56:00Z,VIIRS
FIRMS_F022CB47,11.71266,79.13078,13.01,335.7,30.0,2026-08-21T07:56:00Z,VIIRS
FIRMS_C97F4AFD,12.05267,79.61187,4.25,334.23,30.0,2026-08-21T07:56:00Z,VIIRS
FIRMS_5DD2C9DA,12.0637,76.96976,6.65,336.06,60.0,2026-08-21T07:56:00Z,VIIRS
FIRMS_7CA2D8AC,12.30416,76.82388,6.57,339.02,60.0,2026-08-21T07:56:00Z,VIIRS
FIRMS_8A9F05C0,12.35125,77.01255,5.9,340.97,60.0,2026-08-21T07:56:00Z,VIIRS
FIRMS_DBA1B662,14.52306,77.43476,4.98,336.84,60.0,2026-08-21T07:58:00Z,VIIRS
FIRMS_C47BCB86,14.60742,79.66074,24.47,347.79,60.0,2026-08-21T07:58:00Z,VIIRS
FIRMS_4B9E95D9,14.60819,79.65999,20.66,344.84,30.0,2026-08-21T07:58:00Z,VIIRS
FIRMS_4D8BE40A,15.1363,79.88412,3.42,332.13,60.0,2026-08-21T07:58:00Z,VIIRS
FIRMS_460BA1E0,15.34653,77.09008,1.89,330.63,60.0,2026-08-21T07:58:00Z,VIIRS
FIRMS_358E3BF9,16.29151,80.82072,4.54,334.45,60.0,2026-08-21T07:58:00Z,VIIRS
FIRMS_1C5988F5,17.60843,83.20383,4.98,335.84,60.0,2026-08-21T07:58:00Z,VIIRS
FIRMS_12A29567,19.48988,85.20114,3.89,328.82,60.0,2026-08-21T07:58:00Z,VIIRS
FIRMS_2D50BC01,23.66432,87.15331,2.74,330.29,60.0,2026-08-21T08:01:00Z,VIIRS
FIRMS_6E7DE8AC,23.67682,86.08707,4.24,330.7,60.0,2026-08-21T08:01:00Z,VIIRS
FIRMS_8416C7B4,23.67844,86.39668,8.2,331.72,60.0,2026-08-21T08:01:00Z,VIIRS
FIRMS_DA5931F2,23.68191,86.0946,7.7,349.84,60.0,2026-08-21T08:01:00Z,VIIRS
FIRMS_B9665A2C,23.68265,86.39607,5.68,334.93,60.0,2026-08-21T08:01:00Z,VIIRS
FIRMS_C33A9B01,23.68639,86.39134,5.68,330.74,60.0,2026-08-21T08:01:00Z,VIIRS
FIRMS_994288ED,23.70997,86.44798,7.64,334.64,60.0,2026-08-21T08:01:00Z,VIIRS
FIRMS_20B47059,23.71468,86.45161,8.89,338.05,60.0,2026-08-21T08:01:00Z,VIIRS
FIRMS_0B7635FE,23.75674,85.85435,5.93,334.01,60.0,2026-08-21T08:01:00Z,VIIRS
FIRMS_C08D0772,23.78134,86.2098,9.1,345.58,60.0,2026-08-21T08:01:00Z,VIIRS
FIRMS_4EF60DB8,27.43876,70.85847,8.02,344.68,60.0,2026-08-21T08:03:00Z,VIIRS
FIRMS_0007F883,29.47919,71.78834,7.1,342.21,60.0,2026-08-21T08:03:00Z,VIIRS
FIRMS_D02FFF35,29.48029,71.78488,6.67,341.43,60.0,2026-08-21T08:03:00Z,VIIRS
FIRMS_568FEEC7,29.56096,69.60496,9.47,335.89,60.0,2026-08-21T08:03:00Z,VIIRS
FIRMS_5A4A6FAD,29.82557,72.8396,2.06,334.4,60.0,2026-08-21T08:03:00Z,VIIRS
FIRMS_0DAF01A6,29.98619,72.59346,2.98,334.45,60.0,2026-08-21T08:03:00Z,VIIRS
FIRMS_DED24BE0,30.00368,72.55402,3.67,337.29,60.0,2026-08-21T08:03:00Z,VIIRS
FIRMS_113FAF49,30.4485,71.695,2.2,338.49,60.0,2026-08-21T08:03:00Z,VIIRS
FIRMS_98B52052,30.46146,72.13331,3.37,338.91,60.0,2026-08-21T08:03:00Z,VIIRS
FIRMS_3512B6C7,30.47054,72.13536,4.49,342.1,60.0,2026-08-21T08:03:00Z,VIIRS
FIRMS_A2F12CE0,30.48677,71.85528,7.01,343.91,60.0,2026-08-21T08:03:00Z,VIIRS
FIRMS_7A8E8DA5,30.4877,71.85971,5.77,338.94,60.0,2026-08-21T08:03:00Z,VIIRS
FIRMS_1F7E7B9E,30.62073,72.08163,3.93,337.31,60.0,2026-08-21T08:03:00Z,VIIRS
FIRMS_2319168D,30.6631,72.1522,7.36,347.82,60.0,2026-08-21T08:03:00Z,VIIRS
FIRMS_3A10625E,31.32454,72.16799,2.45,339.5,60.0,2026-08-21T08:03:00Z,VIIRS
FIRMS_1910EC10,31.53478,72.39529,3.29,342.48,60.0,2026-08-21T08:03:00Z,VIIRS
FIRMS_13913BB3,33.55837,70.22543,4.64,338.62,60.0,2026-08-21T08:03:00Z,VIIRS
FIRMS_4BB0DE45,35.77929,71.34325,2.09,319.44,60.0,2026-08-21T20:23:00Z,VIIRS
FIRMS_D066F20B,35.77944,71.34021,2.09,299.71,60.0,2026-08-21T20:23:00Z,VIIRS
FIRMS_0309776E,35.78532,71.34322,1.39,297.04,60.0,2026-08-21T20:23:00Z,VIIRS
FIRMS_DAA3DC66,23.56004,87.24049,2.79,307.65,60.0,2026-08-21T20:25:00Z,VIIRS
FIRMS_243B4E03,23.66372,87.15993,0.59,302.49,60.0,2026-08-21T20:25:00Z,VIIRS
FIRMS_EA19010E,23.6783,86.10711,0.56,305.64,60.0,2026-08-21T20:25:00Z,VIIRS
FIRMS_E40B045B,23.67846,86.08486,2.61,307.47,60.0,2026-08-21T20:25:00Z,VIIRS
FIRMS_9CDDF399,23.71933,85.00983,1.6,300.63,60.0,2026-08-21T20:25:00Z,VIIRS
FIRMS_54682667,24.18137,82.64606,0.93,307.55,60.0,2026-08-21T20:25:00Z,VIIRS
FIRMS_C894CF37,24.92917,84.14589,2.88,308.3,60.0,2026-08-21T20:25:00Z,VIIRS
FIRMS_C645F3DE,24.92936,84.14852,2.91,310.02,60.0,2026-08-21T20:25:00Z,VIIRS
FIRMS_A5F47737,28.77367,77.56798,2.57,309.15,60.0,2026-08-21T20:25:00Z,VIIRS
FIRMS_184A27EE,32.57627,72.55994,2.9,307.64,60.0,2026-08-21T20:25:00Z,VIIRS
FIRMS_847022EA,32.88974,71.61488,2.91,307.6,60.0,2026-08-21T20:25:00Z,VIIRS
FIRMS_D0FD15D9,16.87195,80.02106,1.5,308.57,60.0,2026-08-21T20:27:00Z,VIIRS
FIRMS_EA0874F1,17.08458,79.32294,2.91,309.57,60.0,2026-08-21T20:27:00Z,VIIRS
FIRMS_C570E4F9,17.29117,78.40939,0.73,314.49,60.0,2026-08-21T20:27:00Z,VIIRS
FIRMS_961931DB,17.29336,78.40997,1.01,316.83,60.0,2026-08-21T20:27:00Z,VIIRS
FIRMS_FA477CA7,17.37035,77.44494,0.79,304.8,60.0,2026-08-21T20:27:00Z,VIIRS
FIRMS_9F9FFBEC,18.8016,74.25277,0.73,301.85,60.0,2026-08-21T20:27:00Z,VIIRS
FIRMS_D0CDFC38,22.05068,88.12516,1.92,298.93,60.0,2026-08-21T20:27:00Z,VIIRS
FIRMS_60C1AFB6,22.05519,88.12621,1.92,303.92,60.0,2026-08-21T20:27:00Z,VIIRS
FIRMS_BB04516D,22.36072,87.01704,0.73,303.37,60.0,2026-08-21T20:27:00Z,VIIRS
FIRMS_F1113F10,22.36491,87.01798,0.73,303.61,60.0,2026-08-21T20:27:00Z,VIIRS
FIRMS_4507F2F2,22.36667,87.29975,1.47,307.2,60.0,2026-08-21T20:27:00Z,VIIRS
FIRMS_77C68CDD,22.37519,87.27901,1.07,306.49,60.0,2026-08-21T20:27:00Z,VIIRS
FIRMS_7784C0B0,22.37663,87.28174,1.69,311.32,60.0,2026-08-21T20:27:00Z,VIIRS
FIRMS_7B1EC019,22.37751,87.2774,1.69,313.32,60.0,2026-08-21T20:27:00Z,VIIRS
FIRMS_4E07D8CA,22.37945,87.28,1.79,312.84,60.0,2026-08-21T20:27:00Z,VIIRS
FIRMS_88A353E9,22.78901,86.19763,0.95,300.01,60.0,2026-08-21T20:27:00Z,VIIRS
FIRMS_8EDA9F49,24.76452,74.60926,0.71,304.28,60.0,2026-08-21T20:27:00Z,VIIRS
FIRMS_B7A1EE13,10.93034,77.06337,0.63,300.84,60.0,2026-08-21T20:29:00Z,VIIRS
FIRMS_74706C7B,11.11709,77.75499,0.46,302.08,60.0,2026-08-21T20:29:00Z,VIIRS
FIRMS_7254093C,11.42601,77.51267,0.62,301.37,60.0,2026-08-21T20:29:00Z,VIIRS
FIRMS_B38CAF69,13.39369,80.10202,0.81,305.09,60.0,2026-08-21T20:29:00Z,VIIRS
FIRMS_3DDB4BA8,13.8039,78.06523,0.25,305.05,60.0,2026-08-21T20:29:00Z,VIIRS
FIRMS_38C52F01,13.89879,76.56554,0.49,296.53,60.0,2026-08-21T20:29:00Z,VIIRS
FIRMS_F71F3EB8,14.60582,78.52377,0.67,302.1,60.0,2026-08-21T20:29:00Z,VIIRS
FIRMS_167911CE,14.82645,79.31465,0.8,303.62,60.0,2026-08-21T20:29:00Z,VIIRS
FIRMS_9A71A313,15.02356,78.01485,1.27,311.86,60.0,2026-08-21T20:29:00Z,VIIRS
FIRMS_4F0D585A,15.07157,76.86326,1.66,302.8,60.0,2026-08-21T20:29:00Z,VIIRS
FIRMS_DE6418AD,15.13683,76.70946,0.69,303.89,60.0,2026-08-21T20:29:00Z,VIIRS
FIRMS_3D3A7DF9,15.16701,76.67386,1.71,317.3,60.0,2026-08-21T20:29:00Z,VIIRS
FIRMS_1B4AE66F,15.16771,76.37908,0.87,300.81,60.0,2026-08-21T20:29:00Z,VIIRS
FIRMS_D5BBC9C9,15.1716,76.69071,0.76,305.37,60.0,2026-08-21T20:29:00Z,VIIRS
FIRMS_BE609076,15.17327,76.69061,1.63,321.24,60.0,2026-08-21T20:29:00Z,VIIRS
FIRMS_6A0BAF5E,15.17346,76.65458,2.09,313.46,60.0,2026-08-21T20:29:00Z,VIIRS
FIRMS_A669D6E7,15.17382,76.66235,1.39,306.23,60.0,2026-08-21T20:29:00Z,VIIRS
FIRMS_FE21A4BF,15.17439,76.65839,1.69,305.16,60.0,2026-08-21T20:29:00Z,VIIRS
FIRMS_F8BB6375,15.17497,76.65443,1.69,328.13,60.0,2026-08-21T20:29:00Z,VIIRS
FIRMS_DECA4BD3,15.17623,77.10031,1.16,305.69,60.0,2026-08-21T20:29:00Z,VIIRS
FIRMS_6D25F574,15.17635,76.65906,2.09,308.83,60.0,2026-08-21T20:29:00Z,VIIRS
FIRMS_EF39ABB1,15.17694,76.65511,2.09,335.65,60.0,2026-08-21T20:29:00Z,VIIRS
FIRMS_86F58543,15.17787,76.65893,1.69,306.97,60.0,2026-08-21T20:29:00Z,VIIRS
FIRMS_85B0D1DE,15.17844,76.65497,1.69,327.64,60.0,2026-08-21T20:29:00Z,VIIRS
FIRMS_C943E7C6,15.17905,76.67529,1.16,309.64,60.0,2026-08-21T20:29:00Z,VIIRS
FIRMS_798B1904,15.17908,77.10468,0.81,303.34,60.0,2026-08-21T20:29:00Z,VIIRS
FIRMS_4FB5FBB7,15.17962,76.67133,1.16,304.09,60.0,2026-08-21T20:29:00Z,VIIRS
FIRMS_7104350A,15.1802,76.66738,2.11,311.52,60.0,2026-08-21T20:29:00Z,VIIRS
FIRMS_83D1E5EB,15.18368,76.66792,2.11,326.21,60.0,2026-08-21T20:29:00Z,VIIRS
FIRMS_F1C86624,15.18423,76.63964,1.51,308.44,60.0,2026-08-21T20:29:00Z,VIIRS
FIRMS_5E677E0F,15.18658,76.6724,0.71,305.96,60.0,2026-08-21T20:29:00Z,VIIRS
FIRMS_7A6C7312,15.33276,76.28716,0.96,306.84,60.0,2026-08-21T20:29:00Z,VIIRS
FIRMS_085C7EFD,15.33696,76.27781,1.07,307.42,60.0,2026-08-21T20:29:00Z,VIIRS
FIRMS_03DA14E4,15.33752,76.27949,1.38,307.45,60.0,2026-08-21T20:29:00Z,VIIRS
FIRMS_9C156271,7.88986,80.12818,1.92,315.13,60.0,2026-08-21T20:32:00Z,VIIRS
FIRMS_DB7B8873,8.59524,77.89958,0.29,300.64,60.0,2026-08-21T20:32:00Z,VIIRS
FIRMS_3A1C7C19,8.74044,77.60186,0.68,310.06,60.0,2026-08-21T20:32:00Z,VIIRS
FIRMS_33A2AE29,8.74099,77.59838,0.82,309.44,60.0,2026-08-21T20:32:00Z,VIIRS
FIRMS_B372B499,9.24785,77.32679,0.4,304.23,60.0,2026-08-21T20:32:00Z,VIIRS
FIRMS_FB600D95,10.04985,77.95205,0.42,302.63,60.0,2026-08-21T20:32:00Z,VIIRS
FIRMS_DE1CDB5B,10.08768,77.23882,0.84,306.06,60.0,2026-08-21T20:32:00Z,VIIRS
FIRMS_FCE48D84,10.08821,77.23543,6.59,341.68,60.0,2026-08-21T20:32:00Z,VIIRS
FIRMS_766850D0,10.09154,77.23588,1.76,332.12,60.0,2026-08-21T20:32:00Z,VIIRS
FIRMS_7BC74425,10.09488,77.23631,1.76,300.78,60.0,2026-08-21T20:32:00Z,VIIRS
FIRMS_4556AB91,10.24319,77.2169,3.49,308.07,60.0,2026-08-21T20:32:00Z,VIIRS
FIRMS_54E9F288,10.24541,77.22453,0.45,299.32,60.0,2026-08-21T20:32:00Z,VIIRS
FIRMS_B230A2DB,10.24596,77.22096,0.45,296.36,60.0,2026-08-21T20:32:00Z,VIIRS
FIRMS_2725FDF9,10.24651,77.21736,3.49,330.64,60.0,2026-08-21T20:32:00Z,VIIRS
FIRMS_12BB5B45,10.24707,77.21375,3.49,340.55,60.0,2026-08-21T20:32:00Z,VIIRS
FIRMS_3428CEAD,10.24929,77.22139,0.7,301.71,60.0,2026-08-21T20:32:00Z,VIIRS
FIRMS_7FB390B8,10.2504,77.21418,2.02,318.29,60.0,2026-08-21T20:32:00Z,VIIRS
FIRMS_3A4356CF,10.61491,77.41926,0.5,300.63,60.0,2026-08-21T20:32:00Z,VIIRS
FIRMS_7A286BE6,35.78307,71.34697,2.48,312.25,60.0,2026-08-21T22:03:00Z,VIIRS
FIRMS_3B294A4F,35.78323,71.34509,2.51,316.02,60.0,2026-08-21T22:03:00Z,VIIRS
FIRMS_B725ADBF,35.78896,71.32448,2.06,299.59,60.0,2026-08-21T22:03:00Z,VIIRS
FIRMS_BC48408C,35.78955,71.32182,2.28,296.02,60.0,2026-08-21T22:03:00Z,VIIRS
FIRMS_75972FAE,32.28937,70.73895,1.86,306.47,60.0,2026-08-21T22:05:00Z,VIIRS
FIRMS_A976CBF1,32.29071,70.73856,3.07,306.65,60.0,2026-08-21T22:05:00Z,VIIRS
FIRMS_190561A6,32.29176,70.73003,3.24,306.58,60.0,2026-08-21T22:05:00Z,VIIRS
FIRMS_69191D96,27.50355,68.7322,1.28,314.2,60.0,2026-08-21T22:08:00Z,VIIRS
FIRMS_01B42564,27.50491,68.73128,1.16,305.99,60.0,2026-08-21T22:08:00Z,VIIRS
FIRMS_83CB1205,6.17408,80.89262,1.55,328.94,60.0,2026-08-22T07:35:00Z,VIIRS
FIRMS_2D5EA058,6.32669,81.36333,4.03,332.28,60.0,2026-08-22T07:35:00Z,VIIRS
FIRMS_91889F82,6.34838,81.34315,11.74,342.58,60.0,2026-08-22T07:35:00Z,VIIRS
FIRMS_EAD629F8,6.35328,81.34239,11.74,342.42,60.0,2026-08-22T07:35:00Z,VIIRS
FIRMS_1E932011,6.4117,81.11542,22.91,350.41,60.0,2026-08-22T07:35:00Z,VIIRS
FIRMS_3D3A8158,6.43771,81.08816,8.35,341.55,60.0,2026-08-22T07:35:00Z,VIIRS
FIRMS_031F4805,6.439,81.09145,6.58,340.14,60.0,2026-08-22T07:35:00Z,VIIRS
FIRMS_E1B125A9,6.71469,81.05596,5.45,336.11,60.0,2026-08-22T07:35:00Z,VIIRS
FIRMS_2C210CA8,6.72955,81.2878,6.07,331.18,60.0,2026-08-22T07:35:00Z,VIIRS
FIRMS_C8B10244,6.76594,81.58269,6.37,328.81,60.0,2026-08-22T07:35:00Z,VIIRS
FIRMS_38EAFC28,6.76642,81.58532,4.94,330.53,60.0,2026-08-22T07:35:00Z,VIIRS
FIRMS_A79F8ED7,6.76744,81.79575,4.34,335.16,60.0,2026-08-22T07:35:00Z,VIIRS
FIRMS_CF149FEC,6.77002,81.52097,4.78,339.64,60.0,2026-08-22T07:35:00Z,VIIRS
FIRMS_FF59559F,6.78047,81.52434,5.67,331.85,60.0,2026-08-22T07:35:00Z,VIIRS
FIRMS_7D3390F7,6.87378,81.61257,4.9,330.28,60.0,2026-08-22T07:35:00Z,VIIRS
FIRMS_C4059CA2,6.87433,81.61431,7.21,330.59,60.0,2026-08-22T07:35:00Z,VIIRS
FIRMS_25E98500,6.92842,80.95791,3.47,329.42,60.0,2026-08-22T07:35:00Z,VIIRS
FIRMS_EE0BE5E1,7.32121,81.73981,2.77,333.03,60.0,2026-08-22T07:35:00Z,VIIRS
FIRMS_EA352D65,7.32284,81.83524,3.62,332.59,60.0,2026-08-22T07:35:00Z,VIIRS
FIRMS_4025DC3F,7.33425,81.80524,4.57,335.6,60.0,2026-08-22T07:35:00Z,VIIRS
FIRMS_F84CC01D,7.33641,81.84488,5.49,343.04,60.0,2026-08-22T07:35:00Z,VIIRS
FIRMS_4ABC10F9,7.33737,81.80772,3.98,337.37,60.0,2026-08-22T07:35:00Z,VIIRS
FIRMS_5C676577,7.33841,81.84257,4.32,332.59,60.0,2026-08-22T07:35:00Z,VIIRS
FIRMS_4904F843,7.36009,81.76063,5.19,341.67,60.0,2026-08-22T07:35:00Z,VIIRS
FIRMS_5CBABB35,7.39444,81.76482,4.55,333.56,60.0,2026-08-22T07:35:00Z,VIIRS
FIRMS_17ECDD78,7.4015,81.54913,7.2,346.53,60.0,2026-08-22T07:35:00Z,VIIRS
FIRMS_E4E94E1B,7.40222,81.54768,8.19,342.18,60.0,2026-08-22T07:35:00Z,VIIRS
FIRMS_1F9E7390,7.4526,81.38583,8.7,343.64,60.0,2026-08-22T07:35:00Z,VIIRS
FIRMS_19F0CE55,7.51929,81.26375,7.14,333.2,60.0,2026-08-22T07:35:00Z,VIIRS
FIRMS_62EC0AD4,7.68064,80.17931,2.2,327.95,60.0,2026-08-22T07:35:00Z,VIIRS
FIRMS_3C60DD20,7.87591,81.39789,3.11,334.98,60.0,2026-08-22T07:35:00Z,VIIRS
FIRMS_BB2FBA94,7.90395,81.47636,4.51,339.6,60.0,2026-08-22T07:35:00Z,VIIRS
FIRMS_B12903B2,7.90481,81.42422,3.86,333.99,60.0,2026-08-22T07:35:00Z,VIIRS
FIRMS_C5675C49,8.0688,81.23716,13.1,341.01,60.0,2026-08-22T07:35:00Z,VIIRS
FIRMS_74159490,8.0697,81.24239,13.1,341.28,60.0,2026-08-22T07:35:00Z,VIIRS
FIRMS_CBF0608D,8.13909,81.41647,5.38,334.56,60.0,2026-08-22T07:35:00Z,VIIRS
FIRMS_6BB7F162,8.18642,81.32485,9.57,342.21,60.0,2026-08-22T07:35:00Z,VIIRS
FIRMS_2FE597FB,8.3067,80.45334,3.16,338.58,60.0,2026-08-22T07:35:00Z,VIIRS
FIRMS_E1535F86,8.38548,77.54631,5.8,332.37,60.0,2026-08-22T07:35:00Z,VIIRS
FIRMS_44D4440A,8.50192,80.8325,4.76,333.29,60.0,2026-08-22T07:35:00Z,VIIRS
FIRMS_E4C4ADFD,8.61922,81.18944,10.33,333.89,60.0,2026-08-22T07:35:00Z,VIIRS
FIRMS_A95D2819,8.63243,80.87387,3.96,333.89,60.0,2026-08-22T07:35:00Z,VIIRS
FIRMS_C3660D3C,9.29744,77.75079,1.45,330.78,60.0,2026-08-22T07:35:00Z,VIIRS
FIRMS_768CFEE0,9.29351,77.3167,7.09,334.7,60.0,2026-08-22T07:37:00Z,VIIRS
FIRMS_6FFA560F,9.29573,77.75149,1.47,333.98,60.0,2026-08-22T07:37:00Z,VIIRS
FIRMS_5FD32E66,10.75991,79.65319,2.68,336.62,60.0,2026-08-22T07:37:00Z,VIIRS
FIRMS_1AEF65BC,11.40803,78.71432,2.35,336.41,60.0,2026-08-22T07:37:00Z,VIIRS
FIRMS_4A28D95B,11.41039,78.7151,1.96,339.14,60.0,2026-08-22T07:37:00Z,VIIRS
FIRMS_A357F0B3,11.72656,78.68904,0.95,333.4,60.0,2026-08-22T07:37:00Z,VIIRS
FIRMS_D3803FD3,11.72925,78.6898,1.86,331.96,60.0,2026-08-22T07:37:00Z,VIIRS
FIRMS_26331741,12.23923,79.42413,2.81,332.77,60.0,2026-08-22T07:37:00Z,VIIRS
FIRMS_64C89473,15.16272,77.14871,5.69,331.26,60.0,2026-08-22T07:37:00Z,VIIRS
FIRMS_3E63D335,15.16347,77.15242,5.49,330.11,60.0,2026-08-22T07:37:00Z,VIIRS
FIRMS_F0074E24,15.20609,77.16582,6.3,330.78,60.0,2026-08-22T07:37:00Z,VIIRS
FIRMS_3A25FB8F,15.20629,77.16636,6.06,337.41,60.0,2026-08-22T07:37:00Z,VIIRS
FIRMS_CF945AAD,16.19788,78.35836,3.75,333.26,60.0,2026-08-22T07:37:00Z,VIIRS
FIRMS_66FC7EBB,16.66123,77.32803,4.72,335.42,60.0,2026-08-22T07:37:00Z,VIIRS
FIRMS_B52C5C04,21.92436,85.22442,2.33,328.0,60.0,2026-08-22T07:39:00Z,VIIRS
FIRMS_0E0BEC49,22.36426,87.3003,3.04,333.91,60.0,2026-08-22T07:39:00Z,VIIRS
FIRMS_8E16B13E,22.36824,87.3037,7.65,339.4,60.0,2026-08-22T07:39:00Z,VIIRS
FIRMS_5AAEB9C6,22.3785,87.27773,4.94,331.88,60.0,2026-08-22T07:39:00Z,VIIRS
FIRMS_DEB6F5CD,23.55723,87.24088,5.86,336.79,60.0,2026-08-22T07:39:00Z,VIIRS
FIRMS_D7D94A93,23.55952,87.23223,4.78,339.73,60.0,2026-08-22T07:39:00Z,VIIRS
FIRMS_44BBD550,23.56066,87.24033,5.86,338.44,60.0,2026-08-22T07:39:00Z,VIIRS
FIRMS_BB4E2BE6,23.66324,87.15393,2.97,339.39,60.0,2026-08-22T07:39:00Z,VIIRS
FIRMS_58EC29D6,23.66381,87.15797,2.97,334.21,60.0,2026-08-22T07:39:00Z,VIIRS
FIRMS_F5862F51,23.68436,86.39455,6.05,340.32,60.0,2026-08-22T07:39:00Z,VIIRS
FIRMS_362AE931,23.76498,86.40456,7.66,340.68,60.0,2026-08-22T07:39:00Z,VIIRS
FIRMS_17DAC82F,25.03907,96.37116,3.74,326.69,60.0,2026-08-22T07:39:00Z,VIIRS
FIRMS_4673B7B1,25.38784,86.15111,1.86,332.18,60.0,2026-08-22T07:39:00Z,VIIRS
FIRMS_E17E0690,25.98661,90.07365,2.88,330.23,60.0,2026-08-22T07:39:00Z,VIIRS
FIRMS_9BF1F867,29.45699,76.86504,13.33,346.56,60.0,2026-08-22T07:41:00Z,VIIRS
FIRMS_26D6D333,29.45792,76.8695,14.92,330.42,60.0,2026-08-22T07:41:00Z,VIIRS
FIRMS_F4417EA3,29.46026,76.85947,13.33,330.53,60.0,2026-08-22T07:41:00Z,VIIRS
FIRMS_C5B7B21A,29.46118,76.86392,13.33,339.97,60.0,2026-08-22T07:41:00Z,VIIRS
FIRMS_0C97AF88,29.88109,72.81339,3.04,338.62,60.0,2026-08-22T07:41:00Z,VIIRS
FIRMS_1F6E662C,29.95708,72.17453,15.89,367.0,90.0,2026-08-22T07:41:00Z,VIIRS
FIRMS_5E64750F,30.04478,71.98708,4.78,347.51,60.0,2026-08-22T07:44:00Z,VIIRS
FIRMS_BEF452BB,30.0458,71.99122,4.78,335.37,60.0,2026-08-22T07:44:00Z,VIIRS
FIRMS_3008DBFD,30.57678,72.26831,1.63,330.49,60.0,2026-08-22T07:44:00Z,VIIRS
FIRMS_6953F782,30.57812,72.26745,1.88,331.67,60.0,2026-08-22T07:44:00Z,VIIRS
FIRMS_AF86A7A7,31.24405,70.69089,2.99,331.79,60.0,2026-08-22T07:44:00Z,VIIRS
FIRMS_A3328941,31.57732,73.91469,6.0,334.27,60.0,2026-08-22T07:44:00Z,VIIRS
FIRMS_059BC0AB,35.77949,71.34142,5.71,352.2,60.0,2026-08-22T07:44:00Z,VIIRS
FIRMS_A90EC1A1,35.78005,71.34366,5.71,367.0,90.0,2026-08-22T07:44:00Z,VIIRS
FIRMS_91EEE9AD,35.78503,71.34227,3.86,337.64,60.0,2026-08-22T07:44:00Z,VIIRS
FIRMS_2B002688,25.38739,68.584,2.2,336.12,60.0,2026-08-22T09:22:00Z,VIIRS
FIRMS_18C9BBDD,30.07782,72.41095,5.66,338.8,60.0,2026-08-22T09:24:00Z,VIIRS
FIRMS_5CC77CD4,35.98956,94.83291,1.45,298.28,60.0,2026-08-22T20:04:00Z,VIIRS
FIRMS_4F6FA5C8,20.86423,84.99176,1.15,305.53,60.0,2026-08-22T20:08:00Z,VIIRS
FIRMS_C7C3AE08,20.86481,84.9881,1.27,309.45,60.0,2026-08-22T20:08:00Z,VIIRS
FIRMS_0640386F,20.87026,84.99661,1.75,305.12,60.0,2026-08-22T20:08:00Z,VIIRS
FIRMS_99D673CA,20.88578,84.98428,1.23,304.65,60.0,2026-08-22T20:08:00Z,VIIRS
FIRMS_25176252,20.94061,86.0614,0.62,305.0,60.0,2026-08-22T20:08:00Z,VIIRS
FIRMS_0ECB57E6,20.95027,86.04403,1.39,300.51,60.0,2026-08-22T20:08:00Z,VIIRS
FIRMS_D4C583E0,20.96898,86.01307,2.65,319.71,60.0,2026-08-22T20:08:00Z,VIIRS
FIRMS_5B25C8D6,20.96958,86.00936,2.65,330.3,60.0,2026-08-22T20:08:00Z,VIIRS
FIRMS_2A07A2B8,20.9735,86.00627,1.39,304.37,60.0,2026-08-22T20:08:00Z,VIIRS
FIRMS_C5EE062A,21.00038,86.02657,0.51,299.94,60.0,2026-08-22T20:08:00Z,VIIRS
FIRMS_EE9D770E,22.00386,82.66874,1.93,310.8,60.0,2026-08-22T20:08:00Z,VIIRS
FIRMS_4AE97D3C,22.01341,83.75511,1.06,304.08,60.0,2026-08-22T20:08:00Z,VIIRS
FIRMS_BD4FD8CA,22.03156,83.36552,1.15,308.14,60.0,2026-08-22T20:08:00Z,VIIRS
FIRMS_75ECAF14,22.03203,83.36678,1.44,303.47,60.0,2026-08-22T20:08:00Z,VIIRS
FIRMS_2198FCFF,22.05333,85.46575,0.32,299.31,60.0,2026-08-22T20:08:00Z,VIIRS
FIRMS_0EADF6C3,22.06613,83.70398,1.05,312.11,60.0,2026-08-22T20:08:00Z,VIIRS
FIRMS_D591B5A6,22.21849,84.75478,0.71,306.41,60.0,2026-08-22T20:08:00Z,VIIRS
FIRMS_1AFD34C4,22.22124,84.75909,0.71,302.73,60.0,2026-08-22T20:08:00Z,VIIRS
FIRMS_87B07936,22.57128,85.89787,1.74,311.38,60.0,2026-08-22T20:08:00Z,VIIRS
FIRMS_E524595B,22.57247,85.89046,1.49,309.05,60.0,2026-08-22T20:08:00Z,VIIRS
FIRMS_E72C31A8,22.57577,85.89106,1.53,308.49,60.0,2026-08-22T20:08:00Z,VIIRS
FIRMS_CDD30F72,22.59049,85.90527,2.02,309.42,60.0,2026-08-22T20:08:00Z,VIIRS
FIRMS_6F054FA1,22.6097,85.91267,1.21,309.26,60.0,2026-08-22T20:08:00Z,VIIRS
FIRMS_77EB9FE3,22.78465,86.0052,0.64,304.08,60.0,2026-08-22T20:08:00Z,VIIRS
FIRMS_71A8A0AC,22.792,86.20931,1.59,306.36,60.0,2026-08-22T20:08:00Z,VIIRS
FIRMS_669F2E92,22.79591,86.2062,0.85,303.11,60.0,2026-08-22T20:08:00Z,VIIRS
FIRMS_5C9DBC51,22.79791,86.09208,1.36,316.12,60.0,2026-08-22T20:08:00Z,VIIRS
FIRMS_FF0FEAE8,22.808,86.08934,0.51,301.5,60.0,2026-08-22T20:08:00Z,VIIRS
FIRMS_2C15A1B0,22.87344,86.06319,1.49,316.43,60.0,2026-08-22T20:08:00Z,VIIRS
FIRMS_8314CD2D,23.16562,82.3415,0.63,305.08,60.0,2026-08-22T20:08:00Z,VIIRS
FIRMS_926556C5,23.60973,85.67503,0.76,308.45,60.0,2026-08-22T20:08:00Z,VIIRS
FIRMS_A2AD1D55,23.64662,85.43901,0.88,314.18,60.0,2026-08-22T20:08:00Z,VIIRS
FIRMS_92BF2B3C,23.6472,85.43526,0.88,304.38,60.0,2026-08-22T20:08:00Z,VIIRS
FIRMS_DDB2321F,23.64993,85.43962,0.53,303.86,60.0,2026-08-22T20:08:00Z,VIIRS
FIRMS_32D39CD9,23.65051,85.43587,0.53,306.44,60.0,2026-08-22T20:08:00Z,VIIRS
FIRMS_48F5188F,23.65651,85.50643,0.82,302.38,60.0,2026-08-22T20:08:00Z,VIIRS
FIRMS_EDEAEBCD,23.66223,87.1543,1.5,310.48,60.0,2026-08-22T20:08:00Z,VIIRS
FIRMS_6FDD9A69,23.6631,85.00007,0.78,307.72,60.0,2026-08-22T20:08:00Z,VIIRS
FIRMS_11149CBC,23.66493,87.15879,0.19,298.22,60.0,2026-08-22T20:08:00Z,VIIRS
FIRMS_B083BFD3,23.66556,87.15495,0.53,297.9,60.0,2026-08-22T20:08:00Z,VIIRS
FIRMS_3256F0DE,23.66699,84.99687,0.78,305.87,60.0,2026-08-22T20:08:00Z,VIIRS
FIRMS_CC975CCF,23.67349,86.40237,1.25,303.05,60.0,2026-08-22T20:08:00Z,VIIRS
FIRMS_79698621,23.6741,86.39861,1.47,304.95,60.0,2026-08-22T20:08:00Z,VIIRS
FIRMS_69918F5C,23.67462,85.32437,1.02,304.67,60.0,2026-08-22T20:08:00Z,VIIRS
FIRMS_1F8116DF,23.67667,86.08633,0.83,308.2,60.0,2026-08-22T20:08:00Z,VIIRS
FIRMS_DD8E635C,23.6774,86.39924,1.47,318.96,60.0,2026-08-22T20:08:00Z,VIIRS
FIRMS_B91BDC4B,23.67801,86.39548,1.47,313.67,60.0,2026-08-22T20:08:00Z,VIIRS
FIRMS_D84DF9C4,23.68131,86.39611,1.78,312.42,60.0,2026-08-22T20:08:00Z,VIIRS
FIRMS_2BD9CC2E,23.68147,86.0988,0.33,300.33,60.0,2026-08-22T20:08:00Z,VIIRS
FIRMS_1A4CFE2A,23.68207,86.09506,0.33,304.46,60.0,2026-08-22T20:08:00Z,VIIRS
FIRMS_DAFDC9A5,23.68522,86.39298,2.79,318.66,60.0,2026-08-22T20:08:00Z,VIIRS
FIRMS_0BFCE4CD,23.68862,87.11987,0.15,296.46,60.0,2026-08-22T20:08:00Z,VIIRS
FIRMS_ED4E2E7C,23.69131,87.12435,0.16,295.39,60.0,2026-08-22T20:08:00Z,VIIRS
FIRMS_C0252FEB,23.69195,87.12051,0.48,297.67,60.0,2026-08-22T20:08:00Z,VIIRS
FIRMS_F462A9E3,23.69452,85.36971,1.49,308.97,60.0,2026-08-22T20:08:00Z,VIIRS
FIRMS_5A9B5D98,23.6964,87.09367,0.29,297.41,60.0,2026-08-22T20:08:00Z,VIIRS
FIRMS_2AF9577C,23.70707,86.44749,1.4,302.79,60.0,2026-08-22T20:08:00Z,VIIRS
FIRMS_2FB85749,23.71037,86.44811,1.4,316.07,60.0,2026-08-22T20:08:00Z,VIIRS
FIRMS_F399AA0C,23.71059,85.28751,0.8,308.75,60.0,2026-08-22T20:08:00Z,VIIRS
FIRMS_0646571D,23.71307,86.4525,1.28,314.36,60.0,2026-08-22T20:08:00Z,VIIRS
FIRMS_757A2493,23.71368,86.44874,1.28,305.31,60.0,2026-08-22T20:08:00Z,VIIRS
FIRMS_D2F84F05,23.71462,86.42181,1.19,307.49,60.0,2026-08-22T20:08:00Z,VIIRS
FIRMS_16C4AA7E,23.7182,86.44186,1.76,306.47,60.0,2026-08-22T20:08:00Z,VIIRS
FIRMS_8C4F9C93,23.71957,85.01024,0.74,308.24,60.0,2026-08-22T20:08:00Z,VIIRS
FIRMS_4BB9B2F9,23.72453,86.4237,1.02,303.85,60.0,2026-08-22T20:08:00Z,VIIRS
FIRMS_0A163F99,23.73633,86.43303,2.38,330.14,60.0,2026-08-22T20:08:00Z,VIIRS
FIRMS_7890D755,23.73694,86.42928,2.38,308.1,60.0,2026-08-22T20:08:00Z,VIIRS
FIRMS_69D67F8D,23.73948,85.00904,1.92,310.65,60.0,2026-08-22T20:08:00Z,VIIRS
FIRMS_F2FB5A5F,23.74471,85.50642,0.62,307.52,60.0,2026-08-22T20:08:00Z,VIIRS
FIRMS_64B686D9,23.75233,86.39735,0.95,305.3,60.0,2026-08-22T20:08:00Z,VIIRS
FIRMS_C4D5CA6F,23.75259,86.41676,1.47,310.5,60.0,2026-08-22T20:08:00Z,VIIRS
FIRMS_F187277E,23.75426,85.85425,1.37,314.65,60.0,2026-08-22T20:08:00Z,VIIRS
FIRMS_A06A532A,23.75485,85.8505,1.25,304.65,60.0,2026-08-22T20:08:00Z,VIIRS
FIRMS_60FFA449,23.75756,85.85487,1.37,312.65,60.0,2026-08-22T20:08:00Z,VIIRS
FIRMS_5B5ED69A,23.75772,86.40613,1.76,307.26,60.0,2026-08-22T20:08:00Z,VIIRS
FIRMS_25A39FDA,23.75833,86.40237,1.76,321.39,60.0,2026-08-22T20:08:00Z,VIIRS
FIRMS_720BE543,23.76163,86.403,2.89,325.95,60.0,2026-08-22T20:08:00Z,VIIRS
FIRMS_5DC7435B,23.76224,86.39925,1.64,308.2,60.0,2026-08-22T20:08:00Z,VIIRS
FIRMS_B94AF127,23.76345,86.39174,2.08,307.6,60.0,2026-08-22T20:08:00Z,VIIRS
FIRMS_7B2C93EE,23.76493,86.40363,2.89,327.37,60.0,2026-08-22T20:08:00Z,VIIRS
FIRMS_B6DDE394,23.76554,86.39987,1.64,309.21,60.0,2026-08-22T20:08:00Z,VIIRS
FIRMS_0FE2BF6D,23.76823,86.40426,1.61,313.83,60.0,2026-08-22T20:08:00Z,VIIRS
FIRMS_17B3180E,23.77052,86.19984,0.57,302.18,60.0,2026-08-22T20:08:00Z,VIIRS
FIRMS_500D9CC2,23.77112,86.19609,0.57,308.73,60.0,2026-08-22T20:08:00Z,VIIRS
FIRMS_476D50CF,23.77457,86.38611,1.52,308.73,60.0,2026-08-22T20:08:00Z,VIIRS
FIRMS_44965076,23.7749,86.36295,2.66,322.61,60.0,2026-08-22T20:08:00Z,VIIRS
FIRMS_B4324E1F,23.77592,86.20858,1.6,303.47,60.0,2026-08-22T20:08:00Z,VIIRS
FIRMS_D3C7FA9D,23.77727,86.39049,1.76,314.36,60.0,2026-08-22T20:08:00Z,VIIRS
FIRMS_4B2EC11F,23.77787,86.38673,2.2,312.67,60.0,2026-08-22T20:08:00Z,VIIRS
FIRMS_4A7BA729,23.77922,86.20919,1.47,321.79,60.0,2026-08-22T20:08:00Z,VIIRS
FIRMS_2074B98E,23.7803,86.37172,1.29,308.3,60.0,2026-08-22T20:08:00Z,VIIRS
FIRMS_25F643FE,23.78057,86.39111,1.76,317.42,60.0,2026-08-22T20:08:00Z,VIIRS
FIRMS_5F559C1E,23.78062,86.34858,2.08,315.53,60.0,2026-08-22T20:08:00Z,VIIRS
FIRMS_153B4064,23.78123,85.57403,1.57,305.43,60.0,2026-08-22T20:08:00Z,VIIRS
FIRMS_1759C9D4,23.78252,86.20982,1.47,306.98,60.0,2026-08-22T20:08:00Z,VIIRS
FIRMS_8A9F1300,23.78473,85.55153,0.47,303.07,60.0,2026-08-22T20:08:00Z,VIIRS
FIRMS_6DB4AF6B,23.78514,86.3417,1.08,309.47,60.0,2026-08-22T20:08:00Z,VIIRS
FIRMS_6CE42876,23.78804,85.55214,1.26,314.76,60.0,2026-08-22T20:08:00Z,VIIRS
FIRMS_F926A72B,23.79383,86.35108,1.52,309.25,60.0,2026-08-22T20:08:00Z,VIIRS
FIRMS_935BF153,23.79713,86.35172,2.06,318.21,60.0,2026-08-22T20:08:00Z,VIIRS
FIRMS_BB563A85,23.80076,86.32919,2.14,313.28,60.0,2026-08-22T20:08:00Z,VIIRS
FIRMS_EA111E7B,23.80196,86.32169,3.01,327.12,60.0,2026-08-22T20:08:00Z,VIIRS
FIRMS_F22F4C1D,23.80406,86.32982,2.14,334.6,60.0,2026-08-22T20:08:00Z,VIIRS
FIRMS_E62907AD,23.80466,86.32607,2.14,305.78,60.0,2026-08-22T20:08:00Z,VIIRS
FIRMS_A469AADF,23.82228,84.57104,0.72,302.53,60.0,2026-08-22T20:08:00Z,VIIRS
FIRMS_9853BFBA,23.82564,84.57165,0.72,302.04,60.0,2026-08-22T20:08:00Z,VIIRS
FIRMS_09DD730B,23.82765,84.92325,0.43,302.42,60.0,2026-08-22T20:08:00Z,VIIRS
FIRMS_6B48D066,24.1144,86.86147,1.07,308.81,60.0,2026-08-22T20:08:00Z,VIIRS
FIRMS_0E855219,24.11502,86.85769,1.07,307.86,60.0,2026-08-22T20:08:00Z,VIIRS
FIRMS_36719CEE,24.66097,74.6322,1.35,303.48,60.0,2026-08-22T20:08:00Z,VIIRS
FIRMS_0846E546,24.71618,75.953,0.56,302.53,60.0,2026-08-22T20:08:00Z,VIIRS
FIRMS_ACFD5AAC,25.5415,91.23676,1.22,301.27,60.0,2026-08-22T20:08:00Z,VIIRS
FIRMS_3A20498F,28.34062,77.22081,0.35,299.75,60.0,2026-08-22T20:08:00Z,VIIRS
FIRMS_7F2AAB36,28.66381,77.57708,1.14,314.6,60.0,2026-08-22T20:08:00Z,VIIRS
FIRMS_4A333C3F,15.17784,76.67703,2.83,302.6,60.0,2026-08-22T20:10:00Z,VIIRS
FIRMS_6EC5D1AE,15.17907,76.67417,1.99,298.84,60.0,2026-08-22T20:10:00Z,VIIRS
FIRMS_1E4BED73,15.18033,76.66441,1.2,296.01,60.0,2026-08-22T20:10:00Z,VIIRS
FIRMS_EE94F73F,15.18365,76.66782,3.25,299.67,60.0,2026-08-22T20:10:00Z,VIIRS
FIRMS_FDEBFCDF,15.18495,76.66499,1.01,295.13,60.0,2026-08-22T20:10:00Z,VIIRS
FIRMS_EF1D10F5,17.14179,77.18325,0.97,300.35,60.0,2026-08-22T20:10:00Z,VIIRS
FIRMS_455786BA,21.10145,72.63374,2.52,312.46,60.0,2026-08-22T20:10:00Z,VIIRS
FIRMS_D4D939FF,21.10257,72.63496,3.3,314.08,60.0,2026-08-22T20:10:00Z,VIIRS
FIRMS_F00DC2A9,21.10692,72.64557,2.11,306.14,60.0,2026-08-22T20:10:00Z,VIIRS
FIRMS_5DDC3876,21.10789,72.63438,1.56,297.41,60.0,2026-08-22T20:10:00Z,VIIRS
FIRMS_D861A70B,21.10811,72.64683,1.89,299.65,60.0,2026-08-22T20:10:00Z,VIIRS
FIRMS_3DFF723F,21.109,72.63563,2.38,296.9,60.0,2026-08-22T20:10:00Z,VIIRS
FIRMS_BE2CE72A,7.90925,81.23074,0.31,301.02,60.0,2026-08-22T20:12:00Z,VIIRS
FIRMS_F1D36739,7.91703,81.22473,0.37,299.45,60.0,2026-08-22T20:12:00Z,VIIRS
FIRMS_A0353027,8.06154,80.76864,4.08,336.76,60.0,2026-08-22T20:12:00Z,VIIRS
FIRMS_D34060CA,8.06492,80.76916,0.42,299.13,60.0,2026-08-22T20:12:00Z,VIIRS
FIRMS_5B1F651F,8.55599,80.63945,0.71,303.77,60.0,2026-08-22T20:12:00Z,VIIRS
FIRMS_2ECF6400,9.00172,80.64706,1.01,309.5,60.0,2026-08-22T20:12:00Z,VIIRS
FIRMS_B7810835,9.63003,77.42585,0.75,299.48,60.0,2026-08-22T20:12:00Z,VIIRS
FIRMS_0BB3D4FC,10.0821,77.23841,1.95,305.95,60.0,2026-08-22T20:12:00Z,VIIRS
FIRMS_33CC7B27,10.08541,77.24478,1.5,316.57,60.0,2026-08-22T20:12:00Z,VIIRS
FIRMS_96B9B7A7,10.2395,77.21495,1.38,306.04,60.0,2026-08-22T20:12:00Z,VIIRS
FIRMS_656D588B,10.61528,77.4217,0.7,309.99,60.0,2026-08-22T20:12:00Z,VIIRS
FIRMS_0EEAC77B,10.68565,77.50634,1.55,316.98,60.0,2026-08-22T20:12:00Z,VIIRS
FIRMS_D2C8F809,10.92703,77.06378,0.53,300.75,60.0,2026-08-22T20:12:00Z,VIIRS
FIRMS_48919709,10.93126,77.0644,0.62,306.28,60.0,2026-08-22T20:12:00Z,VIIRS
FIRMS_123805B8,11.81559,77.91829,1.22,302.45,60.0,2026-08-22T20:12:00Z,VIIRS
FIRMS_42F3CC5E,6.59516,81.25749,3.59,337.62,60.0,2026-08-22T20:14:00Z,VIIRS
FIRMS_3582D404,6.78544,81.53284,0.66,306.42,60.0,2026-08-22T20:14:00Z,VIIRS
FIRMS_53E4B84D,6.81104,81.30546,1.46,310.87,60.0,2026-08-22T20:14:00Z,VIIRS
FIRMS_77C5370A,6.81436,81.30598,1.46,317.36,60.0,2026-08-22T20:14:00Z,VIIRS
FIRMS_EAC16DE2,6.85888,81.5591,0.4,306.71,60.0,2026-08-22T20:14:00Z,VIIRS
FIRMS_A7032CFF,6.93446,81.59588,0.56,298.79,60.0,2026-08-22T20:14:00Z,VIIRS
FIRMS_94D2904D,6.93567,80.96031,0.54,295.53,60.0,2026-08-22T20:14:00Z,VIIRS
FIRMS_2DF51078,6.939,80.96082,0.74,304.14,60.0,2026-08-22T20:14:00Z,VIIRS
FIRMS_F21267AE,6.96207,81.59312,1.71,320.4,60.0,2026-08-22T20:14:00Z,VIIRS
FIRMS_A10F5119,7.00823,81.19087,0.43,298.18,60.0,2026-08-22T20:14:00Z,VIIRS
FIRMS_861C0DB6,7.00877,81.18748,0.91,299.81,60.0,2026-08-22T20:14:00Z,VIIRS
FIRMS_50A18DA0,7.01209,81.18801,1.6,317.06,60.0,2026-08-22T20:14:00Z,VIIRS
FIRMS_D71D0436,7.10348,80.99658,0.77,301.12,60.0,2026-08-22T20:14:00Z,VIIRS
FIRMS_B2EBACE1,7.21913,81.1442,0.46,302.36,60.0,2026-08-22T20:14:00Z,VIIRS
FIRMS_FB1E3AB4,32.0888,74.16383,0.77,302.24,60.0,2026-08-22T21:46:00Z,VIIRS
FIRMS_4EF5999B,24.66165,74.63514,1.61,301.51,60.0,2026-08-22T21:48:00Z,VIIRS
FIRMS_C5E30195,26.25974,74.09682,0.87,301.85,60.0,2026-08-22T21:48:00Z,VIIRS
FIRMS_EEBCDB07,28.42265,69.70271,1.24,306.25,60.0,2026-08-22T21:48:00Z,VIIRS
FIRMS_2EFFE40E,21.10465,72.63463,1.71,303.18,60.0,2026-08-22T21:50:00Z,VIIRS
FIRMS_0F9718BF,21.1083,72.64712,1.43,305.07,60.0,2026-08-22T21:50:00Z,VIIRS
FIRMS_C73724BE,6.36817,81.33694,14.47,328.48,60.0,2026-08-23T07:16:00Z,VIIRS
FIRMS_E185C9B5,6.37194,81.33924,12.65,347.15,60.0,2026-08-23T07:16:00Z,VIIRS
FIRMS_C4A063D2,6.38213,81.1468,6.68,333.25,60.0,2026-08-23T07:16:00Z,VIIRS
FIRMS_4490A276,6.38365,81.1438,6.25,330.47,60.0,2026-08-23T07:16:00Z,VIIRS
FIRMS_7E38ABD2,6.71637,81.49741,5.16,327.59,60.0,2026-08-23T07:18:00Z,VIIRS
FIRMS_6D44DFC0,6.73045,81.28866,9.77,333.87,60.0,2026-08-23T07:18:00Z,VIIRS
FIRMS_527D457A,6.7437,81.28638,10.99,336.34,60.0,2026-08-23T07:18:00Z,VIIRS
FIRMS_56902CE5,6.98739,81.59515,4.74,331.91,60.0,2026-08-23T07:18:00Z,VIIRS
FIRMS_D72A8E80,7.30336,81.1138,4.61,329.2,60.0,2026-08-23T07:18:00Z,VIIRS
FIRMS_D2519F3A,7.30796,81.81413,4.73,329.27,60.0,2026-08-23T07:18:00Z,VIIRS
FIRMS_B59D5448,7.32888,81.82094,9.07,335.59,60.0,2026-08-23T07:18:00Z,VIIRS
FIRMS_F3BB8191,7.32968,81.81718,5.91,328.91,60.0,2026-08-23T07:18:00Z,VIIRS
FIRMS_904D3DB4,7.34757,81.45149,8.35,331.66,60.0,2026-08-23T07:18:00Z,VIIRS
FIRMS_13230BCA,7.34827,81.45456,7.2,327.95,60.0,2026-08-23T07:18:00Z,VIIRS
FIRMS_F66E3726,7.35866,81.40395,7.21,328.15,60.0,2026-08-23T07:18:00Z,VIIRS
FIRMS_2C37ED4A,7.80901,81.38439,8.14,343.87,60.0,2026-08-23T07:18:00Z,VIIRS
FIRMS_C093F11F,7.80918,81.38655,9.2,336.18,60.0,2026-08-23T07:18:00Z,VIIRS
FIRMS_64E315D8,8.07391,80.77219,18.56,354.43,60.0,2026-08-23T07:18:00Z,VIIRS
FIRMS_00F25CB0,8.07671,80.76878,14.65,344.09,60.0,2026-08-23T07:18:00Z,VIIRS
FIRMS_6BED035B,8.07786,80.77467,14.89,333.38,60.0,2026-08-23T07:18:00Z,VIIRS
FIRMS_63C6468D,8.47523,80.67675,5.61,332.86,60.0,2026-08-23T07:18:00Z,VIIRS
FIRMS_D5F078C9,8.5725,80.62511,10.15,331.61,60.0,2026-08-23T07:18:00Z,VIIRS
FIRMS_90266E3E,8.78643,80.98024,6.7,331.0,60.0,2026-08-23T07:18:00Z,VIIRS
FIRMS_E36447A5,8.99527,80.7809,9.1,332.78,60.0,2026-08-23T07:18:00Z,VIIRS
FIRMS_505E811E,23.67774,86.39987,6.81,333.05,30.0,2026-08-23T07:22:00Z,VIIRS
FIRMS_A44AD941,23.68413,86.3939,6.14,334.02,30.0,2026-08-23T07:22:00Z,VIIRS
FIRMS_95888F5B,23.71326,86.45322,7.52,334.56,30.0,2026-08-23T07:22:00Z,VIIRS
FIRMS_CD32D817,23.76439,86.40546,9.11,337.61,30.0,2026-08-23T07:22:00Z,VIIRS
FIRMS_7120130C,24.07321,96.04733,4.17,332.14,60.0,2026-08-23T07:22:00Z,VIIRS
FIRMS_4F35770F,24.07573,96.04757,4.06,339.63,60.0,2026-08-23T07:22:00Z,VIIRS
FIRMS_3EDD8895,24.07692,96.54836,5.15,328.57,60.0,2026-08-23T07:22:00Z,VIIRS
FIRMS_DDDD9A66,25.70774,93.52971,3.21,330.99,60.0,2026-08-23T07:22:00Z,VIIRS
FIRMS_B0648764,26.96694,90.04264,1.8,325.3,60.0,2026-08-23T07:22:00Z,VIIRS
FIRMS_2AA56BA2,26.96781,89.97786,3.79,339.06,60.0,2026-08-23T07:22:00Z,VIIRS
FIRMS_A323ECCF,28.90347,89.5985,3.41,331.37,60.0,2026-08-23T07:22:00Z,VIIRS
FIRMS_521A478B,29.22488,88.35183,2.99,330.47,30.0,2026-08-23T07:22:00Z,VIIRS
FIRMS_FEBE1345,29.24969,88.8512,3.49,338.83,60.0,2026-08-23T07:22:00Z,VIIRS
FIRMS_81A3AB17,29.25687,88.85385,4.48,337.9,60.0,2026-08-23T07:22:00Z,VIIRS
FIRMS_EA90AC54,29.45837,76.8635,4.4,335.25,60.0,2026-08-23T07:24:00Z,VIIRS
FIRMS_CDC0AC31,6.43755,81.07249,5.15,326.26,60.0,2026-08-23T08:58:00Z,VIIRS
FIRMS_4EC4A890,7.18133,81.19161,5.51,334.1,60.0,2026-08-23T08:58:00Z,VIIRS
FIRMS_D5F068E5,7.3016,81.11191,3.86,328.46,60.0,2026-08-23T08:58:00Z,VIIRS
FIRMS_45426695,7.30424,81.11216,5.52,330.98,60.0,2026-08-23T08:58:00Z,VIIRS
FIRMS_F58A4E0C,7.42141,81.16647,3.34,332.98,60.0,2026-08-23T08:58:00Z,VIIRS
FIRMS_5A3F4C05,7.93745,81.35905,6.03,331.44,60.0,2026-08-23T08:58:00Z,VIIRS
FIRMS_9819FFB0,7.93791,81.36346,6.32,332.71,60.0,2026-08-23T08:58:00Z,VIIRS
FIRMS_8227810F,8.20317,79.9137,9.28,338.28,60.0,2026-08-23T08:58:00Z,VIIRS
FIRMS_92ABCD3B,8.43758,80.66031,10.95,335.86,60.0,2026-08-23T08:58:00Z,VIIRS
FIRMS_4D1B7D59,8.60119,77.89647,3.94,336.19,60.0,2026-08-23T08:58:00Z,VIIRS
FIRMS_D2D6CD30,9.11287,77.61896,1.9,331.28,60.0,2026-08-23T08:58:00Z,VIIRS
FIRMS_5F284AC3,9.30156,77.52041,2.15,337.02,60.0,2026-08-23T08:58:00Z,VIIRS
FIRMS_08A29123,9.33903,77.85733,3.16,333.04,60.0,2026-08-23T08:58:00Z,VIIRS
FIRMS_BCBEBFF1,9.40167,78.73985,4.17,338.39,60.0,2026-08-23T08:58:00Z,VIIRS
FIRMS_51196AA6,9.75798,77.86183,4.86,333.4,60.0,2026-08-23T08:58:00Z,VIIRS
FIRMS_39E8675F,30.39994,73.71344,4.05,344.3,60.0,2026-08-23T09:05:00Z,VIIRS
FIRMS_22A97B61,30.45492,72.11394,4.82,330.65,60.0,2026-08-23T09:05:00Z,VIIRS
FIRMS_0C3A5314,30.50964,72.80186,1.56,330.7,60.0,2026-08-23T09:05:00Z,VIIRS
FIRMS_3163CCE8,31.00338,72.18047,3.01,338.92,60.0,2026-08-23T09:05:00Z,VIIRS
FIRMS_713A1412,31.40315,72.50063,2.43,333.35,60.0,2026-08-23T09:05:00Z,VIIRS
FIRMS_0098B602,29.45605,76.86481,4.86,326.44,60.0,2026-08-23T19:47:00Z,VIIRS
FIRMS_ADF95C26,29.45934,76.86684,3.52,311.09,60.0,2026-08-23T19:47:00Z,VIIRS
FIRMS_B0E284D0,29.45968,76.85906,2.79,307.01,60.0,2026-08-23T19:47:00Z,VIIRS
FIRMS_C37EF39E,35.98909,94.83257,0.81,295.22,60.0,2026-08-23T19:47:00Z,VIIRS
FIRMS_DB826A4D,35.98978,94.82835,0.81,299.61,60.0,2026-08-23T19:47:00Z,VIIRS
FIRMS_4B19B780,22.04995,88.12524,0.97,300.72,60.0,2026-08-23T19:49:00Z,VIIRS
FIRMS_60F21227,22.05338,88.12582,0.97,312.77,60.0,2026-08-23T19:49:00Z,VIIRS
FIRMS_B8BF4446,22.24415,87.38719,2.84,316.48,60.0,2026-08-23T19:49:00Z,VIIRS
FIRMS_3911E2D8,22.35846,87.28915,3.44,315.8,60.0,2026-08-23T19:49:00Z,VIIRS
FIRMS_50EBCA94,22.36347,87.01639,1.1,307.08,60.0,2026-08-23T19:49:00Z,VIIRS
FIRMS_71BEB8E5,22.36435,87.29896,3.59,320.25,60.0,2026-08-23T19:49:00Z,VIIRS
FIRMS_A2137E4E,22.36707,87.01698,1.1,305.19,60.0,2026-08-23T19:49:00Z,VIIRS
FIRMS_AC2853BE,22.37646,87.2821,3.46,311.21,60.0,2026-08-23T19:49:00Z,VIIRS
FIRMS_4A18D420,22.37705,87.27776,3.46,331.69,60.0,2026-08-23T19:49:00Z,VIIRS
FIRMS_455A6A6B,22.37808,87.27902,6.18,335.54,60.0,2026-08-23T19:49:00Z,VIIRS
FIRMS_62E1E5F6,22.37884,87.29135,1.24,304.28,60.0,2026-08-23T19:49:00Z,VIIRS
FIRMS_01AE4F70,22.37943,87.28702,1.24,304.16,60.0,2026-08-23T19:49:00Z,VIIRS
FIRMS_A57A863A,22.38041,87.28827,2.54,307.22,60.0,2026-08-23T19:49:00Z,VIIRS
FIRMS_658D7D2E,23.67103,86.11588,1.63,308.29,60.0,2026-08-23T19:49:00Z,VIIRS
FIRMS_34B78A5B,23.675,86.08497,0.74,311.06,60.0,2026-08-23T19:49:00Z,VIIRS
FIRMS_A7AFE3F2,23.67588,86.40126,1.83,314.16,60.0,2026-08-23T19:49:00Z,VIIRS
FIRMS_4D9AEAC3,23.67651,86.3963,1.83,313.29,60.0,2026-08-23T19:49:00Z,VIIRS
FIRMS_80D2FCA6,23.67659,86.3998,3.66,319.75,60.0,2026-08-23T19:49:00Z,VIIRS
FIRMS_5D1C02FA,23.67725,86.39486,1.95,309.09,60.0,2026-08-23T19:49:00Z,VIIRS
FIRMS_8DAECFFE,23.68028,86.39692,1.83,310.89,60.0,2026-08-23T19:49:00Z,VIIRS
FIRMS_3BC7A6E9,23.68102,86.39546,1.95,308.42,60.0,2026-08-23T19:49:00Z,VIIRS
FIRMS_B6A97DB4,23.68469,86.39252,4.18,319.99,60.0,2026-08-23T19:49:00Z,VIIRS
FIRMS_0E2EF50E,23.68479,86.39607,1.98,308.93,60.0,2026-08-23T19:49:00Z,VIIRS
FIRMS_C5A505F0,23.68546,86.39105,1.98,315.22,60.0,2026-08-23T19:49:00Z,VIIRS
FIRMS_5B4587D8,23.68946,87.10056,1.4,303.81,60.0,2026-08-23T19:49:00Z,VIIRS
FIRMS_1AE234F3,23.69184,87.11031,2.47,304.34,60.0,2026-08-23T19:49:00Z,VIIRS
FIRMS_6CE3A6B2,23.69225,87.10797,3.18,302.31,60.0,2026-08-23T19:49:00Z,VIIRS
FIRMS_89DC4058,23.69247,87.10574,1.4,304.11,60.0,2026-08-23T19:49:00Z,VIIRS
FIRMS_4DAECF3B,23.6977,87.09478,2.05,303.2,60.0,2026-08-23T19:49:00Z,VIIRS
FIRMS_78597679,23.70849,86.44699,1.32,306.06,60.0,2026-08-23T19:49:00Z,VIIRS
FIRMS_55BD0331,23.71161,86.45256,2.32,316.85,60.0,2026-08-23T19:49:00Z,VIIRS
FIRMS_0A2B4560,23.71226,86.44759,1.32,304.5,60.0,2026-08-23T19:49:00Z,VIIRS
FIRMS_29067AF8,23.71483,86.4277,1.37,303.14,60.0,2026-08-23T19:49:00Z,VIIRS
FIRMS_A61271FC,23.71547,86.42276,1.37,309.67,60.0,2026-08-23T19:49:00Z,VIIRS
FIRMS_AC6F5699,23.71666,86.44323,2.41,307.55,60.0,2026-08-23T19:49:00Z,VIIRS
FIRMS_6DC84B81,23.71924,86.42335,0.68,302.48,60.0,2026-08-23T19:49:00Z,VIIRS
FIRMS_FAF988D1,23.72301,86.42394,0.68,302.85,60.0,2026-08-23T19:49:00Z,VIIRS
FIRMS_4AB8329E,23.72365,86.41901,1.4,304.57,60.0,2026-08-23T19:49:00Z,VIIRS
FIRMS_4D886169,23.72484,86.43946,1.33,305.83,60.0,2026-08-23T19:49:00Z,VIIRS
FIRMS_121E57BE,23.73679,86.43628,0.7,301.72,60.0,2026-08-23T19:49:00Z,VIIRS
FIRMS_0DF7F9AE,23.73744,86.43132,3.36,315.58,60.0,2026-08-23T19:49:00Z,VIIRS
FIRMS_FAA64A5B,23.7507,86.41822,3.23,311.61,60.0,2026-08-23T19:49:00Z,VIIRS
FIRMS_DB1CA91A,23.76086,86.39946,3.24,312.32,60.0,2026-08-23T19:49:00Z,VIIRS
FIRMS_9A921DB8,23.76398,86.40508,3.24,320.1,60.0,2026-08-23T19:49:00Z,VIIRS
FIRMS_0D851FE0,23.77302,86.36568,2.7,319.44,60.0,2026-08-23T19:49:00Z,VIIRS
FIRMS_B3E7CA38,23.77368,86.36065,2.7,305.88,60.0,2026-08-23T19:49:00Z,VIIRS
FIRMS_26A3F011,23.77992,86.37187,2.64,307.54,60.0,2026-08-23T19:49:00Z,VIIRS
FIRMS_A1AC8C5D,23.79316,86.35529,3.48,302.79,60.0,2026-08-23T19:49:00Z,VIIRS
FIRMS_26C22A2A,23.79394,86.35359,3.37,310.56,60.0,2026-08-23T19:49:00Z,VIIRS
FIRMS_2805ACEC,24.11497,86.86179,1.2,315.04,60.0,2026-08-23T19:49:00Z,VIIRS
FIRMS_A0BC3DED,24.11867,86.86238,1.2,304.73,60.0,2026-08-23T19:49:00Z,VIIRS
FIRMS_D2CE208D,25.03607,87.38985,0.78,300.94,60.0,2026-08-23T19:49:00Z,VIIRS
FIRMS_124B6224,11.1382,77.34947,0.63,295.69,60.0,2026-08-23T19:51:00Z,VIIRS
FIRMS_067DF74F,17.60466,83.20252,1.86,308.79,60.0,2026-08-23T19:51:00Z,VIIRS
FIRMS_064EC769,17.6089,83.2031,2.51,312.06,60.0,2026-08-23T19:51:00Z,VIIRS
FIRMS_17BFA295,6.73874,81.20061,0.89,302.52,60.0,2026-08-23T19:53:00Z,VIIRS
FIRMS_D4724088,7.0567,81.00087,1.89,324.92,60.0,2026-08-23T19:53:00Z,VIIRS
FIRMS_13112D93,7.0977,81.07322,1.21,301.64,60.0,2026-08-23T19:53:00Z,VIIRS
FIRMS_312B3486,7.09819,81.07236,2.2,303.83,60.0,2026-08-23T19:53:00Z,VIIRS
FIRMS_F0CC347C,7.09829,81.06927,2.8,328.06,60.0,2026-08-23T19:53:00Z,VIIRS
FIRMS_D255CACC,7.09879,81.06809,2.99,326.48,60.0,2026-08-23T19:53:00Z,VIIRS
FIRMS_A5DFF426,7.16669,81.71954,0.84,302.1,60.0,2026-08-23T19:53:00Z,VIIRS
FIRMS_5F1334B6,7.22024,81.14927,1.48,304.43,60.0,2026-08-23T19:53:00Z,VIIRS
FIRMS_B6DEAFB8,7.27776,81.28109,1.23,306.72,60.0,2026-08-23T19:53:00Z,VIIRS
FIRMS_2AF2187C,7.27879,81.28441,1.21,304.32,60.0,2026-08-23T19:53:00Z,VIIRS
FIRMS_5D5CC320,10.07071,77.25803,1.65,298.24,60.0,2026-08-23T19:53:00Z,VIIRS
FIRMS_70397DD3,10.0711,77.255,1.65,318.01,60.0,2026-08-23T19:53:00Z,VIIRS
FIRMS_D3C39C46,10.07149,77.25207,2.47,301.66,60.0,2026-08-23T19:53:00Z,VIIRS
FIRMS_CF970B2B,10.07236,77.25639,1.63,313.63,60.0,2026-08-23T19:53:00Z,VIIRS
FIRMS_5CEAF2C0,10.07274,77.25336,1.63,313.23,60.0,2026-08-23T19:53:00Z,VIIRS
FIRMS_9FE5815E,27.66743,76.13509,0.76,303.8,60.0,2026-08-23T21:27:00Z,VIIRS
FIRMS_CAB971FE,29.35946,76.95735,0.77,305.21,60.0,2026-08-23T21:27:00Z,VIIRS
FIRMS_44ED2132,29.45706,76.87043,3.77,345.96,60.0,2026-08-23T21:27:00Z,VIIRS
FIRMS_4860E571,29.45788,76.86697,2.77,309.22,60.0,2026-08-23T21:27:00Z,VIIRS
FIRMS_8DFF72AF,29.45798,76.88937,1.17,307.07,60.0,2026-08-23T21:27:00Z,VIIRS
FIRMS_F8EAB010,31.25972,76.92417,1.06,303.56,60.0,2026-08-23T21:27:00Z,VIIRS
FIRMS_E0C78E75,31.26044,76.92447,1.21,303.03,60.0,2026-08-23T21:27:00Z,VIIRS
FIRMS_34576EAF,32.29051,70.73896,0.69,297.42,60.0,2026-08-23T21:27:00Z,VIIRS
FIRMS_63D66C7E,32.88889,71.6182,2.84,320.66,60.0,2026-08-23T21:27:00Z,VIIRS
FIRMS_C47D7D16,33.29773,71.18772,1.22,309.52,60.0,2026-08-23T21:27:00Z,VIIRS
FIRMS_045CFF84,33.5474,71.55044,1.1,307.58,60.0,2026-08-23T21:27:00Z,VIIRS
FIRMS_129A042B,24.68984,73.00451,1.64,307.66,60.0,2026-08-23T21:29:00Z,VIIRS
FIRMS_D799B9B5,28.425,69.69938,1.53,315.86,60.0,2026-08-23T21:29:00Z,VIIRS
FIRMS_8E04A8C3,16.7534,74.28566,0.63,301.79,60.0,2026-08-23T21:31:00Z,VIIRS
FIRMS_8325944C,20.96418,94.86232,1.74,333.63,60.0,2026-08-24T07:01:00Z,VIIRS
FIRMS_1C5B0148,29.08405,88.01155,4.66,330.14,60.0,2026-08-24T07:03:00Z,VIIRS
FIRMS_AB44D5C7,29.66766,91.91384,2.43,329.32,60.0,2026-08-24T07:03:00Z,VIIRS
FIRMS_FD738C25,31.99853,78.5369,4.85,333.62,60.0,2026-08-24T07:05:00Z,VIIRS
FIRMS_946AB9F9,6.52771,81.11231,4.55,332.84,60.0,2026-08-24T08:37:00Z,VIIRS
FIRMS_0A060238,6.71762,81.08398,7.81,336.16,60.0,2026-08-24T08:37:00Z,VIIRS
FIRMS_FE0156F8,6.74807,81.51759,2.92,332.68,60.0,2026-08-24T08:37:00Z,VIIRS
FIRMS_0C5705B2,6.79838,81.44492,5.18,332.22,60.0,2026-08-24T08:37:00Z,VIIRS
FIRMS_35D1BFA2,6.85608,81.75537,17.37,354.45,60.0,2026-08-24T08:37:00Z,VIIRS
FIRMS_B9FD51E9,7.15503,80.97341,13.5,345.3,60.0,2026-08-24T08:37:00Z,VIIRS
FIRMS_0F0E3FAE,7.15662,80.97082,22.92,352.63,60.0,2026-08-24T08:37:00Z,VIIRS
FIRMS_1642AB36,7.15935,80.96866,15.32,339.98,60.0,2026-08-24T08:37:00Z,VIIRS
FIRMS_34E9E835,7.16001,80.97327,15.32,341.89,60.0,2026-08-24T08:37:00Z,VIIRS
FIRMS_19709586,7.16158,80.97058,22.92,367.0,90.0,2026-08-24T08:37:00Z,VIIRS
FIRMS_D920E88F,7.16425,80.96798,15.32,350.82,60.0,2026-08-24T08:37:00Z,VIIRS
FIRMS_23BF62FA,7.1649,80.97253,15.32,343.27,60.0,2026-08-24T08:37:00Z,VIIRS
FIRMS_F525A7BE,7.16641,80.96938,20.36,354.16,60.0,2026-08-24T08:37:00Z,VIIRS
FIRMS_762359A3,7.16668,81.01984,4.18,330.62,60.0,2026-08-24T08:37:00Z,VIIRS
FIRMS_900ECE34,7.30329,81.19003,9.89,338.57,60.0,2026-08-24T08:37:00Z,VIIRS
FIRMS_2C06AAB0,7.30441,81.79688,2.08,332.84,60.0,2026-08-24T08:37:00Z,VIIRS
FIRMS_2477754A,7.31644,81.84643,2.89,339.07,60.0,2026-08-24T08:37:00Z,VIIRS
FIRMS_93493937,7.32001,81.79483,5.67,351.6,60.0,2026-08-24T08:37:00Z,VIIRS
FIRMS_8C22663F,7.34063,81.42898,2.2,330.92,60.0,2026-08-24T08:37:00Z,VIIRS
FIRMS_F6BF4E21,7.38769,81.77917,5.9,351.78,60.0,2026-08-24T08:37:00Z,VIIRS
FIRMS_0EC04838,7.44249,81.39476,2.24,330.5,60.0,2026-08-24T08:37:00Z,VIIRS
FIRMS_8B3BE3AC,7.69291,81.59333,3.38,335.54,60.0,2026-08-24T08:39:00Z,VIIRS
FIRMS_45F96391,7.88901,80.67115,6.95,343.1,60.0,2026-08-24T08:39:00Z,VIIRS
FIRMS_1ABC6D6B,8.01478,80.62977,4.21,330.11,60.0,2026-08-24T08:39:00Z,VIIRS
FIRMS_DEF1DD8B,8.01957,80.31305,6.13,342.68,60.0,2026-08-24T08:39:00Z,VIIRS
FIRMS_E6611808,8.30899,80.57829,4.19,332.05,60.0,2026-08-24T08:39:00Z,VIIRS
FIRMS_ACBF9219,8.49439,80.82851,15.6,341.74,60.0,2026-08-24T08:39:00Z,VIIRS
FIRMS_3160C420,8.56913,80.77627,6.43,337.4,60.0,2026-08-24T08:39:00Z,VIIRS
FIRMS_94554122,8.56977,80.46552,9.45,338.31,60.0,2026-08-24T08:39:00Z,VIIRS
FIRMS_DBA45F66,8.61324,80.83712,26.33,356.02,60.0,2026-08-24T08:39:00Z,VIIRS
FIRMS_4BEF413F,8.61819,80.8364,26.33,334.97,60.0,2026-08-24T08:39:00Z,VIIRS
FIRMS_9FC61AAA,8.62862,80.64883,10.64,340.74,60.0,2026-08-24T08:39:00Z,VIIRS
FIRMS_5B2EE276,8.62935,80.6543,11.03,331.68,60.0,2026-08-24T08:39:00Z,VIIRS
FIRMS_CCE3F9C0,8.86698,78.08605,3.33,332.97,60.0,2026-08-24T08:39:00Z,VIIRS
FIRMS_6AC50EC2,8.86875,78.15804,5.2,341.5,60.0,2026-08-24T08:39:00Z,VIIRS
FIRMS_B642D576,8.92843,80.69376,7.31,340.86,60.0,2026-08-24T08:39:00Z,VIIRS
FIRMS_AD2FFC12,8.92972,80.69118,9.03,339.81,60.0,2026-08-24T08:39:00Z,VIIRS
FIRMS_BD40A8DA,9.41015,80.39861,11.22,349.18,60.0,2026-08-24T08:39:00Z,VIIRS
FIRMS_8C58883C,9.4129,80.40137,12.45,341.51,60.0,2026-08-24T08:39:00Z,VIIRS
FIRMS_471E0437,9.42267,80.38055,3.37,330.97,60.0,2026-08-24T08:39:00Z,VIIRS
FIRMS_3FDCB192,9.61047,80.29727,3.54,338.24,60.0,2026-08-24T08:39:00Z,VIIRS
FIRMS_9A5CE89D,9.61269,80.30055,1.85,334.09,60.0,2026-08-24T08:39:00Z,VIIRS
FIRMS_D8882A6D,16.55141,82.59755,7.24,347.47,60.0,2026-08-24T08:41:00Z,VIIRS
FIRMS_3199E6B0,28.42584,69.70153,3.88,333.73,60.0,2026-08-24T08:45:00Z,VIIRS
FIRMS_81812277,29.95974,72.17165,3.61,336.35,60.0,2026-08-24T08:45:00Z,VIIRS
FIRMS_7EFAB8A8,30.4505,74.18115,4.16,332.79,60.0,2026-08-24T08:45:00Z,VIIRS
FIRMS_F3619CBD,30.63301,73.60488,1.26,331.62,60.0,2026-08-24T08:45:00Z,VIIRS
FIRMS_C8B439CD,30.80869,71.99914,6.94,339.51,60.0,2026-08-24T08:45:00Z,VIIRS
FIRMS_80F6A976,30.89104,73.20267,9.8,332.43,30.0,2026-08-24T08:45:00Z,VIIRS
FIRMS_8818BE18,31.08036,74.34518,2.38,332.85,60.0,2026-08-24T08:45:00Z,VIIRS
FIRMS_37840CB8,31.40357,72.55518,3.16,338.43,60.0,2026-08-24T08:45:00Z,VIIRS
FIRMS_DD3EF9AC,31.51264,72.28911,7.14,335.05,60.0,2026-08-24T08:45:00Z,VIIRS
FIRMS_193B7CDF,32.88841,71.6194,3.56,332.27,30.0,2026-08-24T08:45:00Z,VIIRS
FIRMS_705FD4BE,29.08693,88.00976,1.73,296.87,60.0,2026-08-24T19:28:00Z,VIIRS
FIRMS_75F98AE7,22.3605,87.29447,3.51,314.52,60.0,2026-08-24T19:30:00Z,VIIRS
FIRMS_1B6A1123,22.36139,87.01068,3.56,308.79,60.0,2026-08-24T19:30:00Z,VIIRS
FIRMS_322490F4,22.36172,87.01392,2.67,310.09,60.0,2026-08-24T19:30:00Z,VIIRS
FIRMS_FD245F2A,22.37227,87.27415,5.77,325.21,60.0,2026-08-24T19:30:00Z,VIIRS
FIRMS_02D4EEA3,22.56736,85.89178,1.65,306.82,60.0,2026-08-24T19:30:00Z,VIIRS
FIRMS_92765003,22.58314,85.89967,1.24,302.78,60.0,2026-08-24T19:30:00Z,VIIRS
FIRMS_1E2A5502,22.58779,85.89744,1.66,301.86,60.0,2026-08-24T19:30:00Z,VIIRS
FIRMS_6AFE8414,22.58832,85.90031,1.24,303.06,60.0,2026-08-24T19:30:00Z,VIIRS
FIRMS_80B94987,22.86855,86.05769,0.98,301.01,60.0,2026-08-24T19:30:00Z,VIIRS
FIRMS_D3CDD2A0,23.55243,87.23839,2.3,302.43,60.0,2026-08-24T19:30:00Z,VIIRS
FIRMS_889DBEB7,27.37654,95.08727,1.51,307.83,60.0,2026-08-24T19:30:00Z,VIIRS
FIRMS_0F00EB71,7.64049,80.96828,0.87,304.64,60.0,2026-08-24T19:34:00Z,VIIRS
FIRMS_016D18F8,7.2735,81.28102,0.82,304.67,60.0,2026-08-24T19:36:00Z,VIIRS
FIRMS_3617DD4E,33.29536,71.18689,0.78,314.36,60.0,2026-08-24T21:08:00Z,VIIRS
FIRMS_6104CF85,33.54464,71.54842,0.69,311.57,60.0,2026-08-24T21:08:00Z,VIIRS
FIRMS_7EA1F870,33.68822,72.71246,1.55,313.03,60.0,2026-08-24T21:08:00Z,VIIRS
FIRMS_8099468C,33.85027,72.87061,1.01,307.87,60.0,2026-08-24T21:08:00Z,VIIRS
FIRMS_198E5126,33.90289,71.91724,1.75,309.84,60.0,2026-08-24T21:08:00Z,VIIRS
FIRMS_08790D4F,33.90868,71.46279,0.66,306.75,60.0,2026-08-24T21:08:00Z,VIIRS
FIRMS_3A4A0F99,25.94131,72.19123,1.76,311.79,60.0,2026-08-24T21:10:00Z,VIIRS
FIRMS_AFBA9A7D,26.25756,74.09525,1.39,308.52,60.0,2026-08-24T21:10:00Z,VIIRS
FIRMS_D14A295D,26.87662,73.51538,1.23,307.36,60.0,2026-08-24T21:10:00Z,VIIRS
FIRMS_63C19050,28.42683,69.69943,1.17,316.43,60.0,2026-08-24T21:10:00Z,VIIRS
FIRMS_7D235024,29.45879,76.8923,2.12,303.48,60.0,2026-08-24T21:10:00Z,VIIRS
FIRMS_E2A0CCEA,31.25866,76.92591,1.06,304.88,60.0,2026-08-24T21:10:00Z,VIIRS
FIRMS_F425858E,32.08799,74.16105,1.38,309.75,60.0,2026-08-24T21:10:00Z,VIIRS
FIRMS_E190F4B6,32.10258,74.17775,1.18,313.6,60.0,2026-08-24T21:10:00Z,VIIRS
FIRMS_85525BF6,32.28942,70.74173,2.64,310.18,60.0,2026-08-24T21:10:00Z,VIIRS
FIRMS_17BE4A54,32.29401,70.73388,2.41,312.37,60.0,2026-08-24T21:10:00Z,VIIRS
FIRMS_55546426,32.57596,72.56307,2.72,317.37,60.0,2026-08-24T21:10:00Z,VIIRS
FIRMS_F570B7FE,32.71789,72.77715,0.6,307.23,60.0,2026-08-24T21:10:00Z,VIIRS
FIRMS_6CCC8483,32.88977,71.61715,2.53,324.91,60.0,2026-08-24T21:10:00Z,VIIRS
FIRMS_330E3270,20.35698,72.95097,2.0,301.25,60.0,2026-08-24T21:12:00Z,VIIRS
FIRMS_E58B4958,20.91151,71.45895,1.54,310.03,60.0,2026-08-24T21:12:00Z,VIIRS
FIRMS_A17CB7FF,21.10352,72.63773,9.49,330.98,60.0,2026-08-24T21:12:00Z,VIIRS
FIRMS_AEEA97BF,21.10552,72.64716,10.73,337.64,60.0,2026-08-24T21:12:00Z,VIIRS
FIRMS_BDB6BA9A,21.1091,72.64789,3.01,309.92,60.0,2026-08-24T21:12:00Z,VIIRS
FIRMS_678D8550,21.11144,72.63482,2.9,311.12,60.0,2026-08-24T21:12:00Z,VIIRS
FIRMS_4D6EE545,22.3408,69.85459,1.87,305.94,60.0,2026-08-24T21:12:00Z,VIIRS
FIRMS_B09A541F,22.34174,69.87002,1.78,322.14,60.0,2026-08-24T21:12:00Z,VIIRS
FIRMS_5F3928FF,22.34504,69.87063,1.78,323.05,60.0,2026-08-24T21:12:00Z,VIIRS
FIRMS_BC03A2F2,22.92933,70.10716,1.04,313.68,60.0,2026-08-24T21:12:00Z,VIIRS
FIRMS_91047FE8,22.93312,69.69794,2.55,324.97,60.0,2026-08-24T21:12:00Z,VIIRS
FIRMS_695CD237,22.93583,69.70226,3.69,321.57,60.0,2026-08-24T21:12:00Z,VIIRS
FIRMS_33C35AFE,22.93641,69.69853,2.55,325.35,60.0,2026-08-24T21:12:00Z,VIIRS
FIRMS_C8AD348E,23.05546,69.99567,0.63,308.71,60.0,2026-08-24T21:12:00Z,VIIRS
FIRMS_185C0373,23.10639,70.1897,0.54,306.28,60.0,2026-08-24T21:12:00Z,VIIRS
FIRMS_E03B10BD,23.2488,69.87011,0.82,307.12,60.0,2026-08-24T21:12:00Z,VIIRS
FIRMS_53760348,23.25788,70.26331,0.65,307.92,60.0,2026-08-24T21:12:00Z,VIIRS
FIRMS_BAA73DBB,23.3162,70.48951,1.26,309.1,60.0,2026-08-24T21:12:00Z,VIIRS
FIRMS_F1151674,24.68826,72.99875,1.05,309.39,60.0,2026-08-24T21:12:00Z,VIIRS
FIRMS_DBB10500,24.8168,73.0893,0.76,306.65,60.0,2026-08-24T21:12:00Z,VIIRS
FIRMS_C565A941,25.38534,68.57845,2.22,316.67,60.0,2026-08-24T21:12:00Z,VIIRS
FIRMS_1B11EFFE,18.68346,73.03221,1.88,304.3,60.0,2026-08-24T21:14:00Z,VIIRS
FIRMS_67088EA8,18.68722,73.03297,1.88,305.75,60.0,2026-08-24T21:14:00Z,VIIRS
FIRMS_C2769554,28.49712,97.02263,4.41,332.53,60.0,2026-08-25T06:44:00Z,VIIRS
FIRMS_F5D13DF1,28.49912,97.02243,5.91,332.25,60.0,2026-08-25T06:44:00Z,VIIRS
FIRMS_A08CACA1,29.66602,91.18839,4.17,325.57,60.0,2026-08-25T06:46:00Z,VIIRS
FIRMS_89BA1693,29.68351,91.14562,14.14,348.33,60.0,2026-08-25T06:46:00Z,VIIRS
FIRMS_353F0A7B,29.69793,91.15185,3.79,325.94,30.0,2026-08-25T06:46:00Z,VIIRS
FIRMS_2E48517D,6.25056,81.16558,1.87,331.6,60.0,2026-08-25T08:20:00Z,VIIRS
FIRMS_2C71BEAA,6.59563,81.12982,3.38,335.19,60.0,2026-08-25T08:20:00Z,VIIRS
FIRMS_8F4CD1C3,6.62764,81.1975,6.36,348.58,60.0,2026-08-25T08:20:00Z,VIIRS
FIRMS_31658369,6.62826,81.20171,6.36,347.17,60.0,2026-08-25T08:20:00Z,VIIRS
FIRMS_232AC4DE,6.62887,81.20591,8.09,350.02,60.0,2026-08-25T08:20:00Z,VIIRS
FIRMS_B2B41165,6.6325,81.20537,22.55,350.36,60.0,2026-08-25T08:20:00Z,VIIRS
FIRMS_A1515B54,6.70091,81.21671,5.69,340.74,60.0,2026-08-25T08:20:00Z,VIIRS
FIRMS_C4ADE111,6.70154,81.22091,7.97,353.96,60.0,2026-08-25T08:20:00Z,VIIRS
FIRMS_B7D9BB71,6.70454,81.21617,5.69,347.56,60.0,2026-08-25T08:20:00Z,VIIRS
FIRMS_BD3AD590,6.70469,81.21725,6.58,352.33,60.0,2026-08-25T08:20:00Z,VIIRS
FIRMS_FB853593,6.70517,81.22038,7.97,342.63,60.0,2026-08-25T08:20:00Z,VIIRS
FIRMS_D341D821,6.70529,81.22145,8.62,334.79,60.0,2026-08-25T08:20:00Z,VIIRS
FIRMS_EA110BDA,6.70817,81.21564,3.26,332.43,60.0,2026-08-25T08:20:00Z,VIIRS
FIRMS_6861E730,6.70832,81.21671,6.58,336.35,60.0,2026-08-25T08:20:00Z,VIIRS
FIRMS_FEDE7D84,6.7088,81.21983,5.82,331.02,60.0,2026-08-25T08:20:00Z,VIIRS
FIRMS_B3BD848E,6.70943,81.22404,5.82,346.17,60.0,2026-08-25T08:20:00Z,VIIRS
FIRMS_BA28706F,6.70953,81.22513,8.62,340.38,60.0,2026-08-25T08:20:00Z,VIIRS
FIRMS_BD8E3119,6.72541,81.36154,6.46,336.4,60.0,2026-08-25T08:20:00Z,VIIRS
FIRMS_EC8FBA93,6.72609,81.36019,6.66,343.27,60.0,2026-08-25T08:20:00Z,VIIRS
FIRMS_1EEA3895,6.73775,81.53931,3.99,332.76,60.0,2026-08-25T08:20:00Z,VIIRS
FIRMS_FAA1F129,6.74745,81.38467,9.27,338.5,60.0,2026-08-25T08:20:00Z,VIIRS
FIRMS_14AE005D,6.75111,81.38413,4.68,332.28,60.0,2026-08-25T08:20:00Z,VIIRS
FIRMS_8D767CA4,6.75276,81.09026,6.7,340.77,60.0,2026-08-25T08:20:00Z,VIIRS
FIRMS_FA672BDD,6.76355,81.4702,3.69,337.33,60.0,2026-08-25T08:20:00Z,VIIRS
FIRMS_1BA55DA0,6.7767,81.53517,6.92,343.23,60.0,2026-08-25T08:20:00Z,VIIRS
FIRMS_780DC597,6.79162,81.55989,9.54,350.53,60.0,2026-08-25T08:20:00Z,VIIRS
FIRMS_E6CA5E8D,6.8122,81.16679,3.79,337.27,60.0,2026-08-25T08:20:00Z,VIIRS
FIRMS_3C984605,6.81303,81.1674,4.76,333.67,60.0,2026-08-25T08:20:00Z,VIIRS
FIRMS_75481415,6.86466,81.47404,6.06,340.1,60.0,2026-08-25T08:20:00Z,VIIRS
FIRMS_84FF288E,6.86836,81.47356,6.06,341.88,60.0,2026-08-25T08:20:00Z,VIIRS
FIRMS_5B099D6A,6.87135,81.44212,2.2,331.31,60.0,2026-08-25T08:20:00Z,VIIRS
FIRMS_CAC5F14A,6.87901,81.52132,6.91,337.32,60.0,2026-08-25T08:20:00Z,VIIRS
FIRMS_1C19372F,6.87965,81.52573,6.91,338.09,60.0,2026-08-25T08:20:00Z,VIIRS
FIRMS_9E682BB7,6.88271,81.52078,6.91,336.86,60.0,2026-08-25T08:20:00Z,VIIRS
FIRMS_70032B16,6.88335,81.52519,6.91,337.45,60.0,2026-08-25T08:20:00Z,VIIRS
FIRMS_8B0270D0,6.88819,81.66446,3.57,337.67,60.0,2026-08-25T08:20:00Z,VIIRS
FIRMS_ED15257B,6.90784,81.4859,56.74,339.31,60.0,2026-08-25T08:20:00Z,VIIRS
FIRMS_7E5B7581,6.91892,81.48431,2.34,330.33,60.0,2026-08-25T08:20:00Z,VIIRS
FIRMS_C7906380,6.9783,81.33369,5.87,342.41,60.0,2026-08-25T08:20:00Z,VIIRS
FIRMS_9C6B70C4,6.98196,81.33311,12.19,340.19,60.0,2026-08-25T08:20:00Z,VIIRS
FIRMS_C741D57A,6.99311,81.48762,3.08,332.26,60.0,2026-08-25T08:20:00Z,VIIRS
FIRMS_CCDA5003,6.99681,81.48708,16.58,340.92,60.0,2026-08-25T08:20:00Z,VIIRS
FIRMS_1C869BFE,7.00675,81.50349,3.8,335.27,60.0,2026-08-25T08:20:00Z,VIIRS
FIRMS_7662986A,7.01044,81.50293,3.8,337.65,60.0,2026-08-25T08:20:00Z,VIIRS
FIRMS_3A2A3551,7.10648,81.71599,6.16,344.34,60.0,2026-08-25T08:20:00Z,VIIRS
FIRMS_D9892756,7.10673,81.71281,5.72,337.37,60.0,2026-08-25T08:20:00Z,VIIRS
FIRMS_82C464DA,7.10736,81.71725,4.59,333.35,60.0,2026-08-25T08:20:00Z,VIIRS
FIRMS_17F9747A,7.28552,81.70193,1.86,330.33,60.0,2026-08-25T08:20:00Z,VIIRS
FIRMS_5193B3D5,7.28824,81.13609,7.17,339.35,60.0,2026-08-25T08:20:00Z,VIIRS
FIRMS_61FB27D3,7.29306,81.77975,5.51,340.33,60.0,2026-08-25T08:20:00Z,VIIRS
FIRMS_0F3AF61B,7.29373,81.78432,5.05,337.62,60.0,2026-08-25T08:20:00Z,VIIRS
FIRMS_E1F4B1D0,7.29552,81.13499,4.34,331.24,60.0,2026-08-25T08:20:00Z,VIIRS
FIRMS_386817A0,7.29684,81.77921,5.51,336.78,60.0,2026-08-25T08:20:00Z,VIIRS
FIRMS_A3E0C708,7.2975,81.78377,5.05,339.7,60.0,2026-08-25T08:20:00Z,VIIRS
FIRMS_71CF7A9A,7.29885,81.79293,7.42,336.01,60.0,2026-08-25T08:20:00Z,VIIRS
FIRMS_36659E7B,7.3017,81.75987,3.31,336.92,60.0,2026-08-25T08:20:00Z,VIIRS
FIRMS_674D4330,7.30556,81.83883,3.69,339.33,60.0,2026-08-25T08:20:00Z,VIIRS
FIRMS_D5751CD3,7.30826,81.85727,2.31,332.35,60.0,2026-08-25T08:20:00Z,VIIRS
FIRMS_AAC31268,7.3126,81.7816,7.74,344.96,60.0,2026-08-25T08:20:00Z,VIIRS
FIRMS_568AB0CD,7.3149,81.8234,3.82,338.03,60.0,2026-08-25T08:20:00Z,VIIRS
FIRMS_5699B27B,7.32252,81.76852,5.16,337.87,60.0,2026-08-25T08:20:00Z,VIIRS
FIRMS_59E37287,7.3246,81.78455,5.04,337.46,60.0,2026-08-25T08:20:00Z,VIIRS
FIRMS_D0E9512A,7.3251,81.78683,8.5,338.15,60.0,2026-08-25T08:20:00Z,VIIRS
FIRMS_74D6DC0B,7.32867,81.81205,4.57,333.14,60.0,2026-08-25T08:20:00Z,VIIRS
FIRMS_F919DFD9,7.329,81.81437,6.33,336.95,60.0,2026-08-25T08:20:00Z,VIIRS
FIRMS_C899A972,7.32906,81.78858,8.69,342.36,60.0,2026-08-25T08:20:00Z,VIIRS
FIRMS_DFD3EFC7,7.32953,81.79086,9.32,346.5,60.0,2026-08-25T08:20:00Z,VIIRS
FIRMS_0ABE2842,7.33148,81.7789,5.32,333.8,60.0,2026-08-25T08:20:00Z,VIIRS
FIRMS_46AD19D6,7.33417,81.45088,7.83,336.54,60.0,2026-08-25T08:20:00Z,VIIRS
FIRMS_A4C26FC7,7.36528,81.26039,12.2,340.56,60.0,2026-08-25T08:20:00Z,VIIRS
FIRMS_4F186D0D,7.36624,81.2598,12.49,354.22,60.0,2026-08-25T08:20:00Z,VIIRS
FIRMS_4D471195,7.36896,81.25998,12.2,348.81,60.0,2026-08-25T08:20:00Z,VIIRS
FIRMS_7CEBA763,7.41669,81.25322,5.13,342.01,60.0,2026-08-25T08:20:00Z,VIIRS
FIRMS_A759C44D,7.42036,81.25268,5.13,341.33,60.0,2026-08-25T08:20:00Z,VIIRS
FIRMS_5EBEC376,7.42791,81.59241,4.09,335.72,60.0,2026-08-25T08:20:00Z,VIIRS
FIRMS_2D085306,7.44073,81.28928,3.29,338.06,60.0,2026-08-25T08:20:00Z,VIIRS
FIRMS_2F329DAE,7.44835,81.68165,2.9,333.83,60.0,2026-08-25T08:20:00Z,VIIRS
FIRMS_6DBCF230,7.46413,81.39714,2.9,331.61,60.0,2026-08-25T08:20:00Z,VIIRS
FIRMS_68B4A6DC,7.4673,81.31651,4.67,343.85,60.0,2026-08-25T08:20:00Z,VIIRS
FIRMS_813C95FF,7.48018,81.02367,7.84,332.9,60.0,2026-08-25T08:20:00Z,VIIRS
FIRMS_C087E287,7.48079,81.02785,9.52,335.73,60.0,2026-08-25T08:20:00Z,VIIRS
FIRMS_2E21421B,7.54853,81.36391,2.63,338.36,60.0,2026-08-25T08:20:00Z,VIIRS
FIRMS_C197CA1F,7.57043,81.61926,3.22,336.86,60.0,2026-08-25T08:20:00Z,VIIRS
FIRMS_E93A382C,7.57651,81.40005,9.06,349.09,60.0,2026-08-25T08:20:00Z,VIIRS
FIRMS_C9B15E05,7.57716,81.40447,9.06,335.59,60.0,2026-08-25T08:20:00Z,VIIRS
FIRMS_86D2061F,7.63637,80.97568,5.47,338.61,60.0,2026-08-25T08:20:00Z,VIIRS
FIRMS_D3F4EF78,7.637,80.97987,11.88,349.1,60.0,2026-08-25T08:20:00Z,VIIRS
FIRMS_28282C90,7.63762,80.98406,11.88,348.83,60.0,2026-08-25T08:20:00Z,VIIRS
FIRMS_4252A480,8.17185,80.48933,5.88,337.53,60.0,2026-08-25T08:20:00Z,VIIRS
FIRMS_8CCDFDD9,8.22376,79.9154,8.69,335.11,60.0,2026-08-25T08:20:00Z,VIIRS
FIRMS_A610C569,8.29243,80.20691,11.89,348.62,60.0,2026-08-25T08:20:00Z,VIIRS
FIRMS_229135D6,8.33228,81.02814,5.71,336.9,60.0,2026-08-25T08:20:00Z,VIIRS
FIRMS_EBDE160E,8.3507,80.67214,3.94,330.59,60.0,2026-08-25T08:20:00Z,VIIRS
FIRMS_5FEFED97,8.35207,80.67225,6.02,338.64,60.0,2026-08-25T08:20:00Z,VIIRS
FIRMS_82EBE9E4,8.35752,80.23368,7.87,344.91,60.0,2026-08-25T08:20:00Z,VIIRS
FIRMS_4E13CAE0,8.36105,80.23316,3.9,334.08,60.0,2026-08-25T08:20:00Z,VIIRS
FIRMS_C2E3A6EB,8.37075,80.59804,3.91,338.74,60.0,2026-08-25T08:20:00Z,VIIRS
FIRMS_C389E96C,8.4179,80.5202,1.09,334.3,60.0,2026-08-25T08:20:00Z,VIIRS
FIRMS_A9328BEE,8.41851,80.52428,3.76,335.59,60.0,2026-08-25T08:20:00Z,VIIRS
FIRMS_217A8A49,8.42033,80.56149,5.89,339.71,60.0,2026-08-25T08:20:00Z,VIIRS
FIRMS_495B8CB2,8.42392,80.56097,10.47,342.91,60.0,2026-08-25T08:20:00Z,VIIRS
FIRMS_AF27BF78,8.44314,80.35169,5.12,331.81,60.0,2026-08-25T08:20:00Z,VIIRS
FIRMS_0C6197C3,8.44372,80.35572,11.18,339.94,60.0,2026-08-25T08:20:00Z,VIIRS
FIRMS_DF561A1C,8.44847,80.80316,4.05,335.04,60.0,2026-08-25T08:20:00Z,VIIRS
FIRMS_435F74D8,8.47277,81.33554,9.87,334.73,60.0,2026-08-25T08:20:00Z,VIIRS
FIRMS_6AA3983C,8.47545,80.57486,3.83,334.97,60.0,2026-08-25T08:20:00Z,VIIRS
FIRMS_7C36382B,8.52343,80.70296,2.65,330.42,60.0,2026-08-25T08:20:00Z,VIIRS
FIRMS_85366C66,8.52601,80.82277,4.38,333.46,60.0,2026-08-25T08:20:00Z,VIIRS
FIRMS_C5D3D16F,8.53026,80.82647,4.38,336.45,60.0,2026-08-25T08:20:00Z,VIIRS
FIRMS_9F5623BF,8.56757,80.34253,3.72,334.74,60.0,2026-08-25T08:20:00Z,VIIRS
FIRMS_FD929EEE,8.57438,80.56564,4.5,343.12,60.0,2026-08-25T08:20:00Z,VIIRS
FIRMS_C2194838,8.58405,80.45564,2.8,332.59,60.0,2026-08-25T08:20:00Z,VIIRS
FIRMS_8498D65D,8.59756,80.82961,4.69,333.91,60.0,2026-08-25T08:20:00Z,VIIRS
FIRMS_9D5BAEEC,8.62952,80.64198,3.74,333.52,60.0,2026-08-25T08:20:00Z,VIIRS
FIRMS_856C0E6E,8.63257,80.34579,8.37,344.64,60.0,2026-08-25T08:20:00Z,VIIRS
FIRMS_9D382919,8.63329,80.34522,7.19,338.37,60.0,2026-08-25T08:20:00Z,VIIRS
FIRMS_76FE739F,8.66378,80.43628,3.55,332.82,60.0,2026-08-25T08:20:00Z,VIIRS
FIRMS_B5CBB8BC,8.67924,80.44233,6.78,346.52,60.0,2026-08-25T08:20:00Z,VIIRS
FIRMS_6EAB8EFB,8.69478,80.34908,3.86,339.58,60.0,2026-08-25T08:20:00Z,VIIRS
FIRMS_F0CC3281,8.7244,80.32823,4.74,336.03,60.0,2026-08-25T08:20:00Z,VIIRS
FIRMS_FCCA3648,10.21385,79.24151,3.48,330.12,60.0,2026-08-25T08:22:00Z,VIIRS
FIRMS_B72B2BC6,10.2144,79.2453,4.51,332.07,60.0,2026-08-25T08:22:00Z,VIIRS
FIRMS_1719B91F,14.20531,77.38112,3.89,337.11,60.0,2026-08-25T08:22:00Z,VIIRS
FIRMS_9C948CE1,14.86806,79.7366,9.7,350.15,60.0,2026-08-25T08:22:00Z,VIIRS
FIRMS_D1AA79E1,15.65774,78.98273,6.07,344.31,60.0,2026-08-25T08:22:00Z,VIIRS
FIRMS_1412345D,16.00588,79.10636,1.63,330.37,60.0,2026-08-25T08:22:00Z,VIIRS
FIRMS_CBC32964,17.08652,79.68517,3.75,330.79,60.0,2026-08-25T08:22:00Z,VIIRS
FIRMS_77D61BA7,29.78545,72.26527,3.8,343.41,60.0,2026-08-25T08:26:00Z,VIIRS
FIRMS_22E9E52B,30.15438,73.2097,1.61,330.18,30.0,2026-08-25T08:26:00Z,VIIRS
FIRMS_845891F6,30.16365,72.41509,3.03,342.79,60.0,2026-08-25T08:26:00Z,VIIRS
FIRMS_411C46D6,30.26614,72.98603,2.28,336.39,60.0,2026-08-25T08:26:00Z,VIIRS
FIRMS_F84ADB22,30.35581,73.60623,2.79,330.28,30.0,2026-08-25T08:26:00Z,VIIRS
FIRMS_C50301E9,30.38699,73.90166,3.83,331.03,30.0,2026-08-25T08:26:00Z,VIIRS
FIRMS_D4AE63AD,30.41115,73.77779,1.7,332.39,60.0,2026-08-25T08:26:00Z,VIIRS
FIRMS_EE76808F,30.55025,73.47831,4.79,339.44,60.0,2026-08-25T08:26:00Z,VIIRS
FIRMS_01424325,30.6344,73.05245,4.64,336.05,60.0,2026-08-25T08:26:00Z,VIIRS
FIRMS_8CA778E9,30.64405,72.29908,2.22,333.31,60.0,2026-08-25T08:26:00Z,VIIRS
FIRMS_C36F81CC,30.85566,71.98112,2.21,334.02,60.0,2026-08-25T08:26:00Z,VIIRS
FIRMS_4E7DE3FE,30.8567,71.94377,8.91,347.82,60.0,2026-08-25T08:26:00Z,VIIRS
FIRMS_838A3754,31.09643,72.31196,2.31,333.55,30.0,2026-08-25T08:28:00Z,VIIRS
FIRMS_1CAACA68,31.09704,72.31596,3.38,335.48,30.0,2026-08-25T08:28:00Z,VIIRS
FIRMS_58D18F90,31.74621,72.21912,2.73,332.48,30.0,2026-08-25T08:28:00Z,VIIRS
FIRMS_42B8E29E,31.86618,72.92677,4.26,332.25,30.0,2026-08-25T08:28:00Z,VIIRS
FIRMS_C461334A,32.57449,72.56425,4.02,334.07,30.0,2026-08-25T08:28:00Z,VIIRS
FIRMS_01B7DE4E,22.24567,87.3872,0.71,301.79,60.0,2026-08-25T19:10:00Z,VIIRS
FIRMS_3E9AABE4,22.35603,87.28809,1.02,299.91,60.0,2026-08-25T19:10:00Z,VIIRS
FIRMS_F178AEBE,22.36498,87.01769,0.5,302.1,60.0,2026-08-25T19:10:00Z,VIIRS
FIRMS_34CB90C2,22.36787,87.30032,1.59,305.12,60.0,2026-08-25T19:10:00Z,VIIRS
FIRMS_CB645452,22.37608,87.27892,3.21,311.74,60.0,2026-08-25T19:10:00Z,VIIRS
FIRMS_E62D18F1,22.37654,87.27341,2.54,299.76,60.0,2026-08-25T19:10:00Z,VIIRS
FIRMS_F993368A,22.37812,87.2802,2.05,307.89,60.0,2026-08-25T19:10:00Z,VIIRS
FIRMS_32831EAB,22.37854,87.27468,2.05,305.68,60.0,2026-08-25T19:10:00Z,VIIRS
FIRMS_18B7A2B7,27.31814,95.26488,2.44,317.39,60.0,2026-08-25T19:10:00Z,VIIRS
FIRMS_6BC8E21B,27.32489,95.27836,2.34,310.53,60.0,2026-08-25T19:10:00Z,VIIRS
FIRMS_36B17EF7,31.61505,74.37461,0.89,312.1,60.0,2026-08-25T20:51:00Z,VIIRS
FIRMS_E5D685E6,32.10264,74.17625,3.45,323.42,60.0,2026-08-25T20:51:00Z,VIIRS
FIRMS_8BFCA9F2,33.2966,71.18492,1.13,314.05,60.0,2026-08-25T20:51:00Z,VIIRS
FIRMS_7E94E1CF,33.6881,72.71527,0.98,307.75,60.0,2026-08-25T20:51:00Z,VIIRS
FIRMS_C9269367,35.96903,68.68799,2.05,304.65,60.0,2026-08-25T20:51:00Z,VIIRS
FIRMS_C75FAF9A,15.17508,76.67832,2.28,297.22,60.0,2026-08-25T20:53:00Z,VIIRS
FIRMS_74853EC8,15.1759,76.67371,0.71,305.07,60.0,2026-08-25T20:53:00Z,VIIRS
FIRMS_650C1213,15.17962,76.67442,0.71,300.33,60.0,2026-08-25T20:53:00Z,VIIRS
FIRMS_20ACCC0E,17.95564,80.7951,1.62,310.43,60.0,2026-08-25T20:53:00Z,VIIRS
FIRMS_DB799A5D,17.95664,80.79015,2.22,304.6,60.0,2026-08-25T20:53:00Z,VIIRS
FIRMS_AEF0CB6D,17.95771,80.79256,4.11,318.24,60.0,2026-08-25T20:53:00Z,VIIRS
FIRMS_B013E0F9,18.57702,72.242,2.8,318.46,60.0,2026-08-25T20:53:00Z,VIIRS
FIRMS_75246640,18.80515,74.26173,0.58,306.85,60.0,2026-08-25T20:53:00Z,VIIRS
FIRMS_2AE6E541,21.37644,81.67916,1.1,295.33,60.0,2026-08-25T20:53:00Z,VIIRS
FIRMS_1D303E7A,21.46661,80.1269,0.53,300.63,60.0,2026-08-25T20:53:00Z,VIIRS
FIRMS_85707465,21.74012,83.84026,2.32,308.08,60.0,2026-08-25T20:53:00Z,VIIRS
FIRMS_082DA15D,21.7445,83.84505,2.32,298.77,60.0,2026-08-25T20:53:00Z,VIIRS
FIRMS_93A5ECF8,21.74524,83.84165,2.32,344.62,60.0,2026-08-25T20:53:00Z,VIIRS
FIRMS_7DFA49CD,21.75037,83.84305,0.9,301.57,60.0,2026-08-25T20:53:00Z,VIIRS
FIRMS_EB5C7D12,21.80047,83.89091,0.38,298.89,60.0,2026-08-25T20:53:00Z,VIIRS
FIRMS_13CD490E,21.80072,82.0384,0.72,300.33,60.0,2026-08-25T20:53:00Z,VIIRS
FIRMS_4DA76BD5,21.82554,83.90067,0.53,298.76,60.0,2026-08-25T20:53:00Z,VIIRS
FIRMS_7A8AA5B4,22.03749,83.35403,1.02,297.68,60.0,2026-08-25T20:53:00Z,VIIRS
FIRMS_5696B441,22.93243,69.69887,2.23,311.42,60.0,2026-08-25T20:53:00Z,VIIRS
FIRMS_8B9CFC63,22.93312,69.69748,2.18,314.65,60.0,2026-08-25T20:53:00Z,VIIRS
FIRMS_A20CBBB3,25.38861,68.58073,2.1,319.53,60.0,2026-08-25T20:53:00Z,VIIRS
FIRMS_16CCF7A5,25.9415,72.19053,0.87,306.2,60.0,2026-08-25T20:53:00Z,VIIRS
FIRMS_7BEFD933,26.09389,68.87976,1.18,305.55,60.0,2026-08-25T20:53:00Z,VIIRS
FIRMS_AC360551,28.42473,69.69848,1.64,315.47,60.0,2026-08-25T20:53:00Z,VIIRS
FIRMS_46C1E42C,9.70498,77.43482,1.89,295.89,60.0,2026-08-25T20:55:00Z,VIIRS
FIRMS_618F9629,14.87239,78.05413,2.06,309.87,60.0,2026-08-25T20:55:00Z,VIIRS
FIRMS_8A04EC51,19.82175,79.2376,0.86,301.47,60.0,2026-08-25T20:55:00Z,VIIRS
FIRMS_11554219,21.10119,72.63515,7.38,333.85,60.0,2026-08-25T20:55:00Z,VIIRS
FIRMS_827A602F,21.10456,72.63571,3.21,316.63,60.0,2026-08-25T20:55:00Z,VIIRS
FIRMS_3478C270,21.1062,72.64778,1.33,310.96,60.0,2026-08-25T20:55:00Z,VIIRS
FIRMS_D8498067,21.10678,72.64395,2.31,316.16,60.0,2026-08-25T20:55:00Z,VIIRS
FIRMS_820E1D62,21.1113,72.63686,1.51,301.26,60.0,2026-08-25T20:55:00Z,VIIRS
FIRMS_10D2F732,22.4152,69.03896,1.39,305.3,60.0,2026-08-25T20:55:00Z,VIIRS
FIRMS_ED7ADE40,28.49955,97.02465,4.07,329.5,60.0,2026-08-26T06:27:00Z,VIIRS
FIRMS_92856F83,28.49959,97.02323,3.98,333.15,60.0,2026-08-26T06:27:00Z,VIIRS
FIRMS_5ED394D0,8.54511,80.56976,4.23,330.72,60.0,2026-08-26T08:01:00Z,VIIRS
FIRMS_605344B3,8.66969,80.53839,11.4,341.19,30.0,2026-08-26T08:01:00Z,VIIRS
FIRMS_6FC17825,8.69024,80.84766,4.04,336.1,30.0,2026-08-26T08:01:00Z,VIIRS
FIRMS_ECD6FC75,8.77482,80.87483,6.12,340.62,30.0,2026-08-26T08:01:00Z,VIIRS
FIRMS_64F09282,8.87628,80.67516,21.83,349.07,30.0,2026-08-26T08:01:00Z,VIIRS
FIRMS_DE6766A5,8.99618,80.83887,7.74,341.16,30.0,2026-08-26T08:01:00Z,VIIRS
FIRMS_3D411884,9.00604,80.68044,7.86,342.47,60.0,2026-08-26T08:01:00Z,VIIRS
FIRMS_F20FF6BC,9.04064,80.67525,4.64,336.15,60.0,2026-08-26T08:01:00Z,VIIRS
FIRMS_E0A370ED,9.07845,80.47284,1.79,330.08,30.0,2026-08-26T08:01:00Z,VIIRS
FIRMS_0F58CE24,9.15012,80.21935,6.6,335.19,30.0,2026-08-26T08:01:00Z,VIIRS
FIRMS_8D513208,9.34108,80.16885,4.26,334.89,30.0,2026-08-26T08:01:00Z,VIIRS
FIRMS_148E97AE,9.38904,78.88414,5.44,334.56,30.0,2026-08-26T08:01:00Z,VIIRS
FIRMS_4950B16C,9.38948,78.88505,6.1,336.31,30.0,2026-08-26T08:01:00Z,VIIRS
FIRMS_68665803,9.6447,79.92132,4.9,332.66,30.0,2026-08-26T08:01:00Z,VIIRS
FIRMS_1C69A0E0,9.80408,78.17467,4.0,337.02,60.0,2026-08-26T08:01:00Z,VIIRS
FIRMS_D9B94F71,9.90823,78.08034,5.5,333.85,60.0,2026-08-26T08:01:00Z,VIIRS
FIRMS_3FFAD4A5,9.90871,78.08326,5.83,333.9,60.0,2026-08-26T08:01:00Z,VIIRS
FIRMS_659B07DF,10.05334,77.95324,10.17,348.01,60.0,2026-08-26T08:01:00Z,VIIRS
FIRMS_D2915847,12.13064,79.65323,24.35,333.44,30.0,2026-08-26T08:01:00Z,VIIRS
FIRMS_0DA8B945,13.84194,79.25305,5.29,330.21,30.0,2026-08-26T08:03:00Z,VIIRS
FIRMS_7B3E25EA,14.2594,80.11615,5.44,332.94,30.0,2026-08-26T08:03:00Z,VIIRS
FIRMS_5AB513D7,14.25997,80.11976,9.65,330.87,30.0,2026-08-26T08:03:00Z,VIIRS
FIRMS_C016F954,15.17995,76.68201,3.33,334.96,60.0,2026-08-26T08:03:00Z,VIIRS
FIRMS_C53C6449,15.90841,79.10486,3.57,332.68,30.0,2026-08-26T08:03:00Z,VIIRS
FIRMS_1192F3A1,16.40065,79.36692,4.44,335.87,60.0,2026-08-26T08:03:00Z,VIIRS
FIRMS_8DCDC336,17.95717,80.79728,3.39,333.75,60.0,2026-08-26T08:03:00Z,VIIRS
FIRMS_A923F671,18.54734,74.17914,5.43,332.83,60.0,2026-08-26T08:03:00Z,VIIRS
FIRMS_480470ED,21.10126,72.63638,11.1,355.87,60.0,2026-08-26T08:05:00Z,VIIRS
FIRMS_22EF3F42,21.10306,72.64542,4.7,336.67,60.0,2026-08-26T08:05:00Z,VIIRS
FIRMS_894D7AF8,21.74366,83.84032,5.71,332.06,60.0,2026-08-26T08:05:00Z,VIIRS
FIRMS_4F582276,21.74819,83.84499,5.71,338.5,60.0,2026-08-26T08:05:00Z,VIIRS
FIRMS_C8F41F49,21.75594,83.84392,10.06,339.67,60.0,2026-08-26T08:05:00Z,VIIRS
FIRMS_B8C2F98E,22.35679,82.30565,5.19,330.32,60.0,2026-08-26T08:05:00Z,VIIRS
FIRMS_3DB5EFC2,25.21213,68.3015,2.42,334.66,60.0,2026-08-26T08:05:00Z,VIIRS
FIRMS_E1A5E5FA,26.53106,68.25273,1.97,331.86,30.0,2026-08-26T08:07:00Z,VIIRS
FIRMS_A72FAFFD,28.51536,68.00385,1.93,338.07,60.0,2026-08-26T08:07:00Z,VIIRS
FIRMS_5B8B600D,28.51605,68.00181,1.59,336.73,60.0,2026-08-26T08:07:00Z,VIIRS
FIRMS_264E8F79,30.37163,73.89048,4.25,336.49,60.0,2026-08-26T08:07:00Z,VIIRS
FIRMS_EE2C2F1F,30.37266,73.89281,4.26,332.4,30.0,2026-08-26T08:07:00Z,VIIRS
FIRMS_891320DB,31.608,74.33546,3.2,330.73,30.0,2026-08-26T08:07:00Z,VIIRS
FIRMS_6EBEDBEC,32.5758,72.56439,4.02,333.08,30.0,2026-08-26T08:07:00Z,VIIRS
FIRMS_DAD806D0,33.57693,74.22216,2.99,330.71,60.0,2026-08-26T08:07:00Z,VIIRS
FIRMS_7B469FCF,30.06765,96.97842,1.22,305.39,60.0,2026-08-26T18:49:00Z,VIIRS
FIRMS_70CA7878,22.47516,91.73235,3.27,303.45,60.0,2026-08-26T18:51:00Z,VIIRS
FIRMS_F1DA092E,24.92307,92.52792,4.53,297.19,60.0,2026-08-26T18:51:00Z,VIIRS
FIRMS_78CC2AC3,35.96835,68.68652,1.57,304.54,60.0,2026-08-26T20:29:00Z,VIIRS
FIRMS_7B18C0C4,35.97722,79.17194,0.62,296.85,60.0,2026-08-26T20:29:00Z,VIIRS
FIRMS_CE7D5DD4,29.39776,70.99824,0.46,307.06,60.0,2026-08-26T20:32:00Z,VIIRS
FIRMS_00D75112,29.92137,74.95252,0.96,298.99,60.0,2026-08-26T20:32:00Z,VIIRS
FIRMS_FB0D585B,32.29348,70.72976,2.39,309.52,60.0,2026-08-26T20:32:00Z,VIIRS
FIRMS_E5FD3770,32.57602,72.56142,4.27,308.57,60.0,2026-08-26T20:32:00Z,VIIRS
FIRMS_030D53A2,32.88788,71.61542,1.4,314.24,60.0,2026-08-26T20:32:00Z,VIIRS
FIRMS_BF520014,33.29676,71.18489,1.05,312.33,60.0,2026-08-26T20:32:00Z,VIIRS
FIRMS_A807C486,33.40617,71.93729,0.77,314.78,60.0,2026-08-26T20:32:00Z,VIIRS
FIRMS_2CD86BA9,33.40668,71.93626,0.93,315.38,60.0,2026-08-26T20:32:00Z,VIIRS
FIRMS_07FBCD34,20.78876,85.25801,1.13,301.02,60.0,2026-08-26T20:34:00Z,VIIRS
FIRMS_C58792F9,20.79303,85.25893,1.13,302.21,60.0,2026-08-26T20:34:00Z,VIIRS
FIRMS_9CE4F5F3,20.79388,85.25462,1.13,303.84,60.0,2026-08-26T20:34:00Z,VIIRS
FIRMS_BB07EC71,20.86296,84.99215,2.41,308.93,60.0,2026-08-26T20:34:00Z,VIIRS
FIRMS_ED569D4D,20.86377,84.98796,2.41,331.05,60.0,2026-08-26T20:34:00Z,VIIRS
FIRMS_4BAC83BB,20.86633,84.99726,1.86,302.62,60.0,2026-08-26T20:34:00Z,VIIRS
FIRMS_34388376,20.86715,84.99306,2.21,303.85,60.0,2026-08-26T20:34:00Z,VIIRS
FIRMS_9FDDB916,22.9245,69.82229,1.76,301.64,60.0,2026-08-26T20:34:00Z,VIIRS
FIRMS_719E2AFC,22.92565,69.82343,0.67,303.65,60.0,2026-08-26T20:34:00Z,VIIRS
FIRMS_110489E5,23.12196,70.08334,1.48,311.0,60.0,2026-08-26T20:34:00Z,VIIRS
FIRMS_87B319EE,23.55976,87.23328,2.46,304.51,60.0,2026-08-26T20:34:00Z,VIIRS
FIRMS_CB5B6B60,23.56083,87.22818,2.21,300.7,60.0,2026-08-26T20:34:00Z,VIIRS
FIRMS_2476C088,23.61321,86.7896,3.11,311.97,60.0,2026-08-26T20:34:00Z,VIIRS
FIRMS_3C60CA85,23.61457,86.79169,3.56,311.36,60.0,2026-08-26T20:34:00Z,VIIRS
FIRMS_1FB3E090,23.69875,87.09306,2.02,301.23,60.0,2026-08-26T20:34:00Z,VIIRS
FIRMS_2281A8BA,23.79305,86.23392,3.42,297.85,60.0,2026-08-26T20:34:00Z,VIIRS
FIRMS_44A4E976,23.79604,86.28603,1.39,299.33,60.0,2026-08-26T20:34:00Z,VIIRS
FIRMS_92653770,13.62073,78.48496,0.4,299.89,60.0,2026-08-26T20:36:00Z,VIIRS
FIRMS_2FB908A6,13.70935,79.61942,0.92,304.18,60.0,2026-08-26T20:36:00Z,VIIRS
FIRMS_95149E3F,13.8324,79.25771,0.19,300.63,60.0,2026-08-26T20:36:00Z,VIIRS
FIRMS_51230FE5,15.0046,77.00061,0.69,310.42,60.0,2026-08-26T20:36:00Z,VIIRS
FIRMS_97A29AD0,15.01486,79.80273,4.81,316.21,60.0,2026-08-26T20:36:00Z,VIIRS
FIRMS_DCAB5530,15.02314,78.01447,1.12,308.69,60.0,2026-08-26T20:36:00Z,VIIRS
FIRMS_E007CDD2,15.16735,76.6746,0.5,304.85,60.0,2026-08-26T20:36:00Z,VIIRS
FIRMS_2D6339C7,15.16791,76.67098,1.47,309.55,60.0,2026-08-26T20:36:00Z,VIIRS
FIRMS_51EC1239,15.16815,76.38161,1.39,308.5,60.0,2026-08-26T20:36:00Z,VIIRS
FIRMS_4DFC17CE,15.1712,76.69366,1.32,302.91,60.0,2026-08-26T20:36:00Z,VIIRS
FIRMS_23967F42,15.17149,76.38216,0.46,301.43,60.0,2026-08-26T20:36:00Z,VIIRS
FIRMS_939D5CBC,15.1731,76.78556,0.82,304.39,60.0,2026-08-26T20:36:00Z,VIIRS
FIRMS_C19724AA,15.17348,76.65711,1.0,311.66,60.0,2026-08-26T20:36:00Z,VIIRS
FIRMS_D3413115,15.17403,76.65352,1.0,310.22,60.0,2026-08-26T20:36:00Z,VIIRS
FIRMS_70D6EB1D,15.17453,76.69421,1.32,316.22,60.0,2026-08-26T20:36:00Z,VIIRS
FIRMS_BFFD6298,15.17495,77.10123,0.81,306.08,60.0,2026-08-26T20:36:00Z,VIIRS
FIRMS_CAC4B406,15.17624,76.66125,1.72,304.34,60.0,2026-08-26T20:36:00Z,VIIRS
FIRMS_9840D0DD,15.1768,76.65766,2.93,332.51,60.0,2026-08-26T20:36:00Z,VIIRS
FIRMS_E9EAB57F,15.17733,76.67619,3.51,328.74,60.0,2026-08-26T20:36:00Z,VIIRS
FIRMS_8EF845E8,15.17736,76.65406,2.93,327.76,60.0,2026-08-26T20:36:00Z,VIIRS
FIRMS_BCD32D5C,15.17826,77.10178,0.81,302.31,60.0,2026-08-26T20:36:00Z,VIIRS
FIRMS_8A949320,15.17922,76.67965,1.91,309.1,60.0,2026-08-26T20:36:00Z,VIIRS
FIRMS_C67984F9,15.18088,76.66885,2.45,306.97,60.0,2026-08-26T20:36:00Z,VIIRS
FIRMS_75EAD714,15.18143,76.66524,1.57,326.3,60.0,2026-08-26T20:36:00Z,VIIRS
FIRMS_6FC024BC,15.18476,76.64362,0.6,304.82,60.0,2026-08-26T20:36:00Z,VIIRS
FIRMS_2CAD5BF8,15.18476,76.66579,1.57,311.2,60.0,2026-08-26T20:36:00Z,VIIRS
FIRMS_692B8FA7,15.30111,76.21888,0.69,304.95,60.0,2026-08-26T20:36:00Z,VIIRS
FIRMS_9606950C,15.33239,76.28411,0.93,306.46,60.0,2026-08-26T20:36:00Z,VIIRS
FIRMS_2F55BF0C,15.68362,78.45876,0.94,306.97,60.0,2026-08-26T20:36:00Z,VIIRS
FIRMS_53DB00A8,16.63467,74.34213,0.52,301.82,60.0,2026-08-26T20:36:00Z,VIIRS
FIRMS_DF663FD0,18.68293,73.03869,2.52,308.16,60.0,2026-08-26T20:36:00Z,VIIRS
FIRMS_8ED03351,18.68391,73.0312,2.8,312.29,60.0,2026-08-26T20:36:00Z,VIIRS
FIRMS_87D21261,18.95733,73.94366,2.23,324.36,60.0,2026-08-26T20:36:00Z,VIIRS
FIRMS_F3B81B4D,11.18108,79.10128,0.43,303.57,60.0,2026-08-26T20:38:00Z,VIIRS
FIRMS_C598F9C3,11.2694,80.00464,1.4,310.68,60.0,2026-08-26T20:38:00Z,VIIRS
FIRMS_3C9E266B,11.80979,77.00835,0.44,302.99,60.0,2026-08-26T20:38:00Z,VIIRS
FIRMS_6DEA15FA,11.81618,77.91673,2.03,315.08,60.0,2026-08-26T20:38:00Z,VIIRS
FIRMS_2C501A68,32.29206,70.73114,2.11,305.52,60.0,2026-08-26T22:12:00Z,VIIRS
FIRMS_08AF6B5B,32.88802,71.61938,2.92,305.79,60.0,2026-08-26T22:12:00Z,VIIRS
FIRMS_826466F6,33.2675,71.31137,2.25,320.75,60.0,2026-08-26T22:12:00Z,VIIRS
FIRMS_54B6D359,33.27002,71.31249,2.72,321.14,60.0,2026-08-26T22:12:00Z,VIIRS
FIRMS_F911873E,7.47004,81.04136,9.14,346.12,60.0,2026-08-27T07:41:00Z,VIIRS
FIRMS_86869A48,7.60005,81.70477,4.67,330.28,60.0,2026-08-27T07:41:00Z,VIIRS
FIRMS_1AC5B168,7.62258,80.95859,1.45,334.5,60.0,2026-08-27T07:41:00Z,VIIRS
FIRMS_232FA34D,7.72983,79.9324,6.21,335.01,60.0,2026-08-27T07:41:00Z,VIIRS
FIRMS_DE611878,7.93105,81.38248,3.19,331.54,60.0,2026-08-27T07:41:00Z,VIIRS
FIRMS_9A58B765,7.93113,81.2623,8.43,347.38,60.0,2026-08-27T07:41:00Z,VIIRS
FIRMS_B0DE4B9C,7.93412,81.38229,4.3,340.78,60.0,2026-08-27T07:41:00Z,VIIRS
FIRMS_D52AC5B3,7.93437,81.33264,3.31,334.16,60.0,2026-08-27T07:41:00Z,VIIRS
FIRMS_62AD5088,8.07976,81.34676,3.62,341.29,60.0,2026-08-27T07:41:00Z,VIIRS
FIRMS_5EDF3B33,8.16389,81.33283,2.9,331.58,60.0,2026-08-27T07:41:00Z,VIIRS
FIRMS_A1EC4BD7,8.18319,81.21323,4.85,333.47,60.0,2026-08-27T07:41:00Z,VIIRS
FIRMS_E37D4E2B,8.18388,81.21734,3.52,335.58,60.0,2026-08-27T07:41:00Z,VIIRS
FIRMS_A0D8C144,8.18817,81.2166,2.87,332.07,60.0,2026-08-27T07:41:00Z,VIIRS
FIRMS_8EDEB72D,8.39403,81.18223,2.83,333.39,60.0,2026-08-27T07:41:00Z,VIIRS
FIRMS_B2D6D320,8.49397,80.63341,4.77,341.23,60.0,2026-08-27T07:41:00Z,VIIRS
FIRMS_C78782CA,8.53706,77.95217,2.88,335.66,60.0,2026-08-27T07:44:00Z,VIIRS
FIRMS_4D66C6F1,8.53767,77.95551,2.88,330.37,60.0,2026-08-27T07:44:00Z,VIIRS
FIRMS_70647DFD,8.90006,80.48241,5.58,343.34,60.0,2026-08-27T07:44:00Z,VIIRS
FIRMS_41ED62E4,8.92234,80.68958,5.85,340.84,60.0,2026-08-27T07:44:00Z,VIIRS
FIRMS_46C9BD6A,8.93558,77.80733,2.63,336.01,60.0,2026-08-27T07:44:00Z,VIIRS
FIRMS_B14706A4,9.13009,77.84245,4.92,341.07,60.0,2026-08-27T07:44:00Z,VIIRS
FIRMS_EA365A1D,9.1307,77.84574,4.28,335.59,60.0,2026-08-27T07:44:00Z,VIIRS
FIRMS_7622F14D,9.13252,77.84334,3.68,338.51,60.0,2026-08-27T07:44:00Z,VIIRS
FIRMS_5178162A,9.13851,80.74121,5.95,330.75,60.0,2026-08-27T07:44:00Z,VIIRS
FIRMS_FE09AA70,9.20093,77.46384,1.61,331.96,60.0,2026-08-27T07:44:00Z,VIIRS
FIRMS_0F7CA1DD,9.30457,78.81348,0.98,334.81,60.0,2026-08-27T07:44:00Z,VIIRS
FIRMS_5EF44547,9.30486,78.81577,6.54,336.81,60.0,2026-08-27T07:44:00Z,VIIRS
FIRMS_B5B23BF2,9.38627,80.50593,3.62,341.96,60.0,2026-08-27T07:44:00Z,VIIRS
FIRMS_54CA9B13,9.4147,80.41617,2.19,330.97,60.0,2026-08-27T07:44:00Z,VIIRS
FIRMS_22DE3C4A,9.42552,80.37328,7.33,340.3,60.0,2026-08-27T07:44:00Z,VIIRS
FIRMS_8A7510C3,9.45494,80.49021,5.54,344.21,60.0,2026-08-27T07:44:00Z,VIIRS
FIRMS_47C6EF3F,9.91843,77.93557,2.57,335.55,60.0,2026-08-27T07:44:00Z,VIIRS
FIRMS_EC593C95,9.9931,79.18903,1.7,333.06,60.0,2026-08-27T07:44:00Z,VIIRS
FIRMS_726BF9D0,10.02469,78.36389,2.55,334.84,60.0,2026-08-27T07:44:00Z,VIIRS
FIRMS_D820063A,10.28012,78.98431,7.07,339.64,60.0,2026-08-27T07:44:00Z,VIIRS
FIRMS_1B55CBDE,10.87787,77.24078,3.26,330.18,60.0,2026-08-27T07:44:00Z,VIIRS
FIRMS_9A22973C,10.99141,78.89906,10.52,338.6,60.0,2026-08-27T07:44:00Z,VIIRS
FIRMS_3F17D825,11.69187,79.39234,1.98,332.69,60.0,2026-08-27T07:44:00Z,VIIRS
FIRMS_66016E31,12.19828,79.71751,2.89,331.74,60.0,2026-08-27T07:44:00Z,VIIRS
FIRMS_8A323FA9,17.64342,74.69589,4.07,335.54,60.0,2026-08-27T07:46:00Z,VIIRS
FIRMS_BE624D44,20.78782,85.26209,1.55,335.01,60.0,2026-08-27T07:46:00Z,VIIRS
FIRMS_4073D8F3,20.86458,84.98833,4.15,338.21,60.0,2026-08-27T07:46:00Z,VIIRS
FIRMS_3F47AF56,20.884,84.98126,2.97,330.65,60.0,2026-08-27T07:46:00Z,VIIRS
FIRMS_CCE7A0D6,26.63018,70.38756,4.07,336.05,60.0,2026-08-27T07:48:00Z,VIIRS
FIRMS_94F44863,26.63397,70.38496,3.37,340.33,60.0,2026-08-27T07:48:00Z,VIIRS
FIRMS_BCE26A80,27.26775,88.31142,4.19,332.2,60.0,2026-08-27T07:48:00Z,VIIRS
FIRMS_DC2573D6,27.73219,68.73432,6.08,334.98,60.0,2026-08-27T07:48:00Z,VIIRS
FIRMS_834D0E3B,29.47649,70.75252,2.16,330.8,60.0,2026-08-27T07:50:00Z,VIIRS
FIRMS_F62FC0DD,29.70477,72.60225,4.11,337.54,60.0,2026-08-27T07:50:00Z,VIIRS
FIRMS_1EA15D4D,30.60386,74.03584,3.14,337.14,60.0,2026-08-27T07:50:00Z,VIIRS
FIRMS_DA7C94A6,30.69802,74.17593,3.07,330.82,30.0,2026-08-27T07:50:00Z,VIIRS
FIRMS_16784601,31.39647,72.43313,5.73,330.38,60.0,2026-08-27T07:50:00Z,VIIRS
FIRMS_40B5CDEE,31.39734,72.43457,6.59,343.26,60.0,2026-08-27T07:50:00Z,VIIRS
FIRMS_58A93781,31.39786,72.4391,5.73,334.97,60.0,2026-08-27T07:50:00Z,VIIRS
FIRMS_69BC09A3,31.4112,72.16735,4.74,336.49,60.0,2026-08-27T07:50:00Z,VIIRS
FIRMS_AAA44ACD,31.45704,72.16631,8.53,341.89,60.0,2026-08-27T07:50:00Z,VIIRS
FIRMS_818E9EF1,30.17446,72.42593,7.18,335.47,60.0,2026-08-27T09:30:00Z,VIIRS
FIRMS_0B727099,30.17456,72.42779,8.86,331.62,60.0,2026-08-27T09:30:00Z,VIIRS
FIRMS_8394B051,22.24742,87.38844,1.81,309.29,60.0,2026-08-27T20:14:00Z,VIIRS
FIRMS_BA811CC4,22.3576,87.29176,1.78,305.77,60.0,2026-08-27T20:14:00Z,VIIRS
FIRMS_0DD011F7,22.36518,87.3004,3.88,323.59,60.0,2026-08-27T20:14:00Z,VIIRS
FIRMS_9F4A7478,22.3763,87.27986,3.31,324.45,60.0,2026-08-27T20:14:00Z,VIIRS
FIRMS_38986A0A,22.3771,87.27546,1.49,307.83,60.0,2026-08-27T20:14:00Z,VIIRS
FIRMS_C21BA44D,22.78921,86.19717,3.24,327.01,60.0,2026-08-27T20:14:00Z,VIIRS
FIRMS_60A2D3B1,22.79055,86.20983,1.08,306.4,60.0,2026-08-27T20:14:00Z,VIIRS
FIRMS_3D2BF391,23.54881,87.24468,0.54,296.44,60.0,2026-08-27T20:14:00Z,VIIRS
FIRMS_D97A6627,23.55232,87.24541,0.54,308.68,60.0,2026-08-27T20:14:00Z,VIIRS
FIRMS_582FC46D,23.55659,87.24186,1.94,305.1,60.0,2026-08-27T20:14:00Z,VIIRS
FIRMS_22DE89CB,23.56009,87.24259,1.94,308.29,60.0,2026-08-27T20:14:00Z,VIIRS
FIRMS_6752AAC6,23.56085,87.2383,1.94,327.01,60.0,2026-08-27T20:14:00Z,VIIRS
FIRMS_FB3CAE25,23.66214,87.15569,2.08,314.34,60.0,2026-08-27T20:14:00Z,VIIRS
FIRMS_88BAA88E,23.66489,87.16066,0.75,304.31,60.0,2026-08-27T20:14:00Z,VIIRS
FIRMS_53B97929,23.68629,87.12115,0.41,295.74,60.0,2026-08-27T20:14:00Z,VIIRS
FIRMS_AA0EBDC2,23.69652,85.29062,0.74,304.11,60.0,2026-08-27T20:14:00Z,VIIRS
FIRMS_980FE5E2,23.84105,85.30284,0.35,296.4,60.0,2026-08-27T20:14:00Z,VIIRS
FIRMS_3CAE3246,25.81079,88.8863,3.4,303.34,60.0,2026-08-27T20:14:00Z,VIIRS
FIRMS_B5624622,29.08417,88.0132,1.48,300.12,60.0,2026-08-27T20:14:00Z,VIIRS
FIRMS_2168F93F,29.457,76.86609,7.66,334.4,60.0,2026-08-27T20:14:00Z,VIIRS
FIRMS_6692110C,29.90909,74.95557,2.25,306.55,60.0,2026-08-27T20:14:00Z,VIIRS
FIRMS_E548B4DD,29.9094,74.95135,13.61,321.57,60.0,2026-08-27T20:14:00Z,VIIRS
FIRMS_B919CD61,29.90971,74.94712,13.61,350.51,60.0,2026-08-27T20:14:00Z,VIIRS
FIRMS_EE186FF6,29.91002,74.94289,12.52,346.19,60.0,2026-08-27T20:14:00Z,VIIRS
FIRMS_7F515152,29.91033,74.93867,12.52,305.44,60.0,2026-08-27T20:14:00Z,VIIRS
FIRMS_461CCB13,29.91498,74.95193,1.59,306.17,60.0,2026-08-27T20:14:00Z,VIIRS
FIRMS_C5A8F3AF,29.91529,74.9477,1.59,308.09,60.0,2026-08-27T20:14:00Z,VIIRS
FIRMS_40B0AA5D,8.99971,80.67416,1.16,308.64,60.0,2026-08-27T20:17:00Z,VIIRS
FIRMS_17465352,9.49335,77.62408,0.45,304.15,60.0,2026-08-27T20:17:00Z,VIIRS
FIRMS_A7EE1F95,9.49338,77.62221,0.44,302.0,60.0,2026-08-27T20:17:00Z,VIIRS
FIRMS_0DDB9CF3,10.14528,78.35623,0.73,306.72,60.0,2026-08-27T20:17:00Z,VIIRS
FIRMS_4E949FA4,11.10949,77.76649,1.12,309.44,60.0,2026-08-27T20:17:00Z,VIIRS
FIRMS_E84CE69B,11.17704,79.08945,1.27,307.88,60.0,2026-08-27T20:17:00Z,VIIRS
FIRMS_85ABE85D,11.18222,79.10208,2.06,304.71,60.0,2026-08-27T20:17:00Z,VIIRS
FIRMS_4017B467,11.26739,80.00417,1.56,312.59,60.0,2026-08-27T20:17:00Z,VIIRS
FIRMS_958CBE87,11.81603,77.91864,2.43,320.62,60.0,2026-08-27T20:17:00Z,VIIRS
FIRMS_C570CF87,11.81781,77.91653,2.88,311.73,60.0,2026-08-27T20:17:00Z,VIIRS
FIRMS_71BADB0C,15.84457,79.77414,3.7,312.68,60.0,2026-08-27T20:17:00Z,VIIRS
FIRMS_37F1188D,15.99257,78.3996,1.89,304.82,60.0,2026-08-27T20:17:00Z,VIIRS
FIRMS_9428DC5D,16.54488,79.75774,3.09,307.31,60.0,2026-08-27T20:17:00Z,VIIRS
FIRMS_12F40036,17.46458,80.65409,2.91,319.97,60.0,2026-08-27T20:17:00Z,VIIRS
FIRMS_57D39487,17.95565,80.79626,2.91,317.3,60.0,2026-08-27T20:17:00Z,VIIRS
FIRMS_91660DA5,17.95681,80.78843,3.03,308.3,60.0,2026-08-27T20:17:00Z,VIIRS
FIRMS_F7B0E6A9,21.10433,72.64272,2.66,305.89,60.0,2026-08-27T20:17:00Z,VIIRS
FIRMS_4E8684DB,22.38937,73.11508,0.59,295.06,60.0,2026-08-27T20:17:00Z,VIIRS
FIRMS_43605C85,6.85014,81.04932,0.66,295.85,60.0,2026-08-27T20:19:00Z,VIIRS
FIRMS_60778829,6.8742,81.44757,1.04,306.05,60.0,2026-08-27T20:19:00Z,VIIRS
FIRMS_3010AD45,7.3066,80.94781,1.88,306.31,60.0,2026-08-27T20:19:00Z,VIIRS
FIRMS_469F0F71,7.30935,80.95189,1.58,304.57,60.0,2026-08-27T20:19:00Z,VIIRS
FIRMS_73CADCA8,7.30991,80.94836,1.88,325.87,60.0,2026-08-27T20:19:00Z,VIIRS
FIRMS_C08A823B,7.31267,80.95242,2.22,316.66,60.0,2026-08-27T20:19:00Z,VIIRS
FIRMS_36B4DAEC,7.31323,80.94892,3.94,332.47,60.0,2026-08-27T20:19:00Z,VIIRS
FIRMS_4B4A7244,8.30407,77.63763,1.33,313.44,60.0,2026-08-27T20:19:00Z,VIIRS
FIRMS_27FAFB24,8.30766,77.63818,1.33,310.18,60.0,2026-08-27T20:19:00Z,VIIRS
FIRMS_7DCFD331,8.40721,80.75729,0.38,303.08,60.0,2026-08-27T20:19:00Z,VIIRS
FIRMS_1F551223,8.41052,80.75783,0.38,302.76,60.0,2026-08-27T20:19:00Z,VIIRS
FIRMS_768018FD,13.39244,80.10186,2.51,316.57,60.0,2026-08-27T20:19:00Z,VIIRS
FIRMS_45FA2554,13.70962,79.61949,1.84,310.51,60.0,2026-08-27T20:19:00Z,VIIRS
FIRMS_4CDCB630,13.82483,79.2569,1.07,309.05,60.0,2026-08-27T20:19:00Z,VIIRS
FIRMS_3171CD7A,15.02335,78.01398,2.22,308.39,60.0,2026-08-27T20:19:00Z,VIIRS
FIRMS_37400865,15.07126,76.86606,1.52,302.03,60.0,2026-08-27T20:19:00Z,VIIRS
FIRMS_89E6C674,15.17269,76.6937,1.21,297.01,60.0,2026-08-27T20:19:00Z,VIIRS
FIRMS_1F399D4A,15.17371,76.65434,2.19,309.23,60.0,2026-08-27T20:19:00Z,VIIRS
FIRMS_19ADE1CA,15.17564,77.10123,1.48,299.95,60.0,2026-08-27T20:19:00Z,VIIRS
FIRMS_F05C7358,15.33388,76.28443,1.24,306.14,60.0,2026-08-27T20:19:00Z,VIIRS
FIRMS_6B055F15,15.33447,76.2467,0.65,304.65,60.0,2026-08-27T20:19:00Z,VIIRS
FIRMS_A46306E7,28.42398,69.70206,1.46,310.73,60.0,2026-08-27T21:53:00Z,VIIRS
FIRMS_D6B843B4,32.88834,71.61575,1.67,316.14,60.0,2026-08-27T21:53:00Z,VIIRS
FIRMS_E501CBAE,33.29675,71.1889,0.62,308.48,60.0,2026-08-27T21:53:00Z,VIIRS
FIRMS_85AD855F,33.80159,72.09836,0.73,307.55,60.0,2026-08-27T21:53:00Z,VIIRS
FIRMS_9484B76F,29.47338,76.864,2.54,304.0,60.0,2026-08-27T21:55:00Z,VIIRS
FIRMS_F6E26DE5,29.90638,74.95924,19.52,319.9,60.0,2026-08-27T21:55:00Z,VIIRS
FIRMS_4E22CE47,29.90671,74.9599,15.44,317.64,60.0,2026-08-27T21:55:00Z,VIIRS
FIRMS_7BD4FDEB,29.90808,74.95317,14.38,367.0,90.0,2026-08-27T21:55:00Z,VIIRS
FIRMS_DE659F90,29.90838,74.95381,15.44,367.0,90.0,2026-08-27T21:55:00Z,VIIRS
FIRMS_EE75759D,29.90978,74.9471,14.38,319.17,60.0,2026-08-27T21:55:00Z,VIIRS
FIRMS_4C6CD221,29.91005,74.94773,28.69,319.45,60.0,2026-08-27T21:55:00Z,VIIRS
FIRMS_60E9426E,29.91436,74.95547,14.38,310.32,60.0,2026-08-27T21:55:00Z,VIIRS
FIRMS_D0ACA197,29.91466,74.95614,15.44,306.96,60.0,2026-08-27T21:55:00Z,VIIRS
FIRMS_7E24400E,29.91607,74.94938,14.38,305.84,60.0,2026-08-27T21:55:00Z,VIIRS
FIRMS_964E0EFC,6.82944,81.44043,3.32,331.7,60.0,2026-08-28T07:24:00Z,VIIRS
FIRMS_BC4F527D,6.8483,81.47719,8.93,341.48,60.0,2026-08-28T07:24:00Z,VIIRS
FIRMS_95489128,6.84907,81.48148,11.54,349.79,60.0,2026-08-28T07:24:00Z,VIIRS
FIRMS_5E95D41D,7.12036,81.83202,7.49,340.52,60.0,2026-08-28T07:24:00Z,VIIRS
FIRMS_B2CAF3A6,7.20586,81.80885,3.52,327.81,60.0,2026-08-28T07:24:00Z,VIIRS
FIRMS_313AF2ED,8.57365,80.37617,3.95,329.17,60.0,2026-08-28T07:24:00Z,VIIRS
FIRMS_2968FDDD,8.66278,81.14859,2.39,330.04,60.0,2026-08-28T07:24:00Z,VIIRS
FIRMS_BD764E0D,8.71467,77.97586,6.6,332.45,60.0,2026-08-28T07:24:00Z,VIIRS
FIRMS_482021A4,8.72573,80.74754,7.24,337.93,60.0,2026-08-28T07:24:00Z,VIIRS
FIRMS_B837F095,8.72874,78.1054,9.62,335.79,60.0,2026-08-28T07:24:00Z,VIIRS
FIRMS_87BD7D3A,8.73258,78.10741,7.04,334.15,60.0,2026-08-28T07:24:00Z,VIIRS
FIRMS_097C7DBD,8.97291,80.68935,7.29,336.86,60.0,2026-08-28T07:24:00Z,VIIRS
FIRMS_0E50D961,9.277,78.39668,6.4,334.35,60.0,2026-08-28T07:24:00Z,VIIRS
FIRMS_23E6DAA7,9.27714,78.39496,4.62,335.92,60.0,2026-08-28T07:24:00Z,VIIRS
FIRMS_597FD825,14.49166,79.70969,6.57,339.76,60.0,2026-08-28T07:26:00Z,VIIRS
FIRMS_4AB0385C,14.49187,79.7094,5.47,335.09,60.0,2026-08-28T07:26:00Z,VIIRS
FIRMS_CB7F083F,14.75162,79.71841,2.94,330.88,60.0,2026-08-28T07:26:00Z,VIIRS
FIRMS_E2A61256,15.02867,79.75406,2.51,334.11,60.0,2026-08-28T07:26:00Z,VIIRS
FIRMS_3186F2AA,15.63637,79.58625,4.78,330.26,60.0,2026-08-28T07:26:00Z,VIIRS
FIRMS_D2AE5AB6,15.76769,79.49413,3.29,331.28,60.0,2026-08-28T07:26:00Z,VIIRS
FIRMS_89595D1B,21.74797,83.84405,4.65,332.09,60.0,2026-08-28T07:29:00Z,VIIRS
FIRMS_922F5EF0,22.36216,87.01751,4.8,332.41,60.0,2026-08-28T07:29:00Z,VIIRS
FIRMS_54EB27F7,22.377,87.2805,7.49,341.05,60.0,2026-08-28T07:29:00Z,VIIRS
FIRMS_113C577C,26.60799,90.33498,5.57,336.49,60.0,2026-08-28T07:29:00Z,VIIRS
FIRMS_75C117CA,28.31779,95.1801,4.86,329.86,60.0,2026-08-28T07:29:00Z,VIIRS
FIRMS_EDE22735,29.08413,88.01273,2.79,331.12,30.0,2026-08-28T07:31:00Z,VIIRS
FIRMS_F6BDDB2A,29.13515,89.25123,3.97,330.31,30.0,2026-08-28T07:31:00Z,VIIRS
FIRMS_78454215,9.27846,78.39858,6.18,336.74,60.0,2026-08-28T09:05:00Z,VIIRS
FIRMS_F424627A,9.33079,77.52433,4.97,334.37,60.0,2026-08-28T09:05:00Z,VIIRS
FIRMS_53352735,9.33131,77.52667,1.72,334.29,60.0,2026-08-28T09:05:00Z,VIIRS
FIRMS_799202EA,9.4159,77.509,1.46,332.41,60.0,2026-08-28T09:05:00Z,VIIRS
FIRMS_24767F95,9.41621,77.50993,2.78,334.29,60.0,2026-08-28T09:05:00Z,VIIRS
FIRMS_6878E9A6,22.92944,70.106,4.39,336.34,60.0,2026-08-28T09:07:00Z,VIIRS
FIRMS_AA8B91C9,24.84141,68.06506,3.72,342.24,60.0,2026-08-28T09:09:00Z,VIIRS
FIRMS_6912C33F,25.9428,72.19143,18.43,351.1,60.0,2026-08-28T09:09:00Z,VIIRS
FIRMS_726A3D34,25.94312,72.19508,21.83,367.0,90.0,2026-08-28T09:09:00Z,VIIRS
FIRMS_AC31C21E,25.94344,72.1987,21.83,330.75,60.0,2026-08-28T09:09:00Z,VIIRS
FIRMS_E52BC273,29.27192,71.18018,4.02,356.76,60.0,2026-08-28T09:09:00Z,VIIRS
FIRMS_8BBD7ABA,29.27299,71.17931,3.38,347.95,60.0,2026-08-28T09:09:00Z,VIIRS
FIRMS_6E8DB9B9,27.32473,95.27738,0.89,308.91,60.0,2026-08-28T19:53:00Z,VIIRS
FIRMS_1842D029,27.326,95.27651,0.92,309.19,60.0,2026-08-28T19:53:00Z,VIIRS
FIRMS_E6A63C47,27.37818,95.33735,2.81,310.91,60.0,2026-08-28T19:53:00Z,VIIRS
FIRMS_A7A202AA,27.37928,95.33176,3.02,306.89,60.0,2026-08-28T19:53:00Z,VIIRS
FIRMS_E6C5BF85,24.11609,86.8623,1.75,299.6,60.0,2026-08-28T19:55:00Z,VIIRS
FIRMS_0AE41D29,24.11668,86.85818,1.25,299.08,60.0,2026-08-28T19:55:00Z,VIIRS
FIRMS_CC89B525,13.71205,79.61907,2.67,307.18,60.0,2026-08-28T19:57:00Z,VIIRS
FIRMS_B70FF4FB,15.17497,77.10068,0.83,306.28,60.0,2026-08-28T19:57:00Z,VIIRS
FIRMS_E83EBFD1,15.17508,76.67622,0.95,297.14,60.0,2026-08-28T19:57:00Z,VIIRS
FIRMS_2F21BBCF,15.17742,76.65607,2.55,302.89,60.0,2026-08-28T19:57:00Z,VIIRS
FIRMS_37205F04,15.17891,76.65431,1.76,302.81,60.0,2026-08-28T19:57:00Z,VIIRS
FIRMS_0A7EEE7B,15.18081,76.67679,1.49,307.26,60.0,2026-08-28T19:57:00Z,VIIRS
FIRMS_7350B91A,15.18128,76.67277,2.0,310.62,60.0,2026-08-28T19:57:00Z,VIIRS
FIRMS_48EBEC60,15.18174,76.66875,2.0,301.69,60.0,2026-08-28T19:57:00Z,VIIRS
FIRMS_8BCDD23D,15.18244,76.67507,2.9,315.47,60.0,2026-08-28T19:57:00Z,VIIRS
FIRMS_141D3237,15.18288,76.67104,1.48,302.34,60.0,2026-08-28T19:57:00Z,VIIRS
FIRMS_7928D64D,15.18332,76.66703,1.48,307.26,60.0,2026-08-28T19:57:00Z,VIIRS
FIRMS_0009A305,15.18653,76.67741,1.49,301.38,60.0,2026-08-28T19:57:00Z,VIIRS
FIRMS_F5956E21,15.65942,73.98846,0.75,301.95,60.0,2026-08-28T19:57:00Z,VIIRS
FIRMS_816F38F1,15.66104,73.9874,0.86,299.07,60.0,2026-08-28T19:57:00Z,VIIRS
FIRMS_D9AD1465,17.46277,80.65205,2.54,305.23,60.0,2026-08-28T19:57:00Z,VIIRS
FIRMS_423D814A,17.46345,80.65358,1.06,305.28,60.0,2026-08-28T19:57:00Z,VIIRS
FIRMS_840D1CE0,17.95635,80.79659,1.61,310.34,60.0,2026-08-28T19:57:00Z,VIIRS
FIRMS_1A9CBCAC,6.81137,80.87222,3.98,303.74,60.0,2026-08-28T20:00:00Z,VIIRS
FIRMS_216AE74D,6.81319,80.87464,3.37,314.97,60.0,2026-08-28T20:00:00Z,VIIRS
FIRMS_1F0F3551,6.81385,80.87016,3.37,325.37,60.0,2026-08-28T20:00:00Z,VIIRS
FIRMS_20E00B1E,6.81518,80.87301,3.98,337.37,60.0,2026-08-28T20:00:00Z,VIIRS
FIRMS_35FE2124,6.817,80.87542,0.96,303.83,60.0,2026-08-28T20:00:00Z,VIIRS
FIRMS_38C248DC,6.81763,80.87114,0.96,310.41,60.0,2026-08-28T20:00:00Z,VIIRS
FIRMS_EF4A68AE,6.86092,81.53809,1.08,305.96,60.0,2026-08-28T20:00:00Z,VIIRS
FIRMS_7E82DEA0,7.8021,80.47414,1.63,305.84,60.0,2026-08-28T20:00:00Z,VIIRS
FIRMS_E52D03AC,8.11868,80.81451,2.69,303.83,60.0,2026-08-28T20:00:00Z,VIIRS
FIRMS_B3961422,8.11915,80.81272,1.65,304.91,60.0,2026-08-28T20:00:00Z,VIIRS
FIRMS_5C8C86E9,8.1194,80.80952,1.75,307.31,60.0,2026-08-28T20:00:00Z,VIIRS
FIRMS_F56262F5,8.1199,80.80773,1.65,309.11,60.0,2026-08-28T20:00:00Z,VIIRS
FIRMS_2E9B3521,8.12011,80.80454,1.75,304.51,60.0,2026-08-28T20:00:00Z,VIIRS
FIRMS_7121A3D3,8.12065,80.80275,2.23,305.22,60.0,2026-08-28T20:00:00Z,VIIRS
FIRMS_3773AF7A,8.12404,80.80512,1.75,309.4,60.0,2026-08-28T20:00:00Z,VIIRS
FIRMS_8CE3AC54,10.61728,77.41994,0.23,301.09,60.0,2026-08-28T20:00:00Z,VIIRS
FIRMS_014A6A5F,30.47519,76.58662,0.86,304.01,60.0,2026-08-28T21:33:00Z,VIIRS
FIRMS_86BBDABE,31.76995,70.11077,2.36,309.2,60.0,2026-08-28T21:33:00Z,VIIRS
FIRMS_64E53D68,32.29657,74.31654,2.54,307.16,60.0,2026-08-28T21:33:00Z,VIIRS
FIRMS_EB1A03E1,32.64531,72.97565,1.63,307.22,60.0,2026-08-28T21:33:00Z,VIIRS
FIRMS_F92F881C,32.88881,71.6145,4.89,315.56,60.0,2026-08-28T21:33:00Z,VIIRS
FIRMS_0BD59C80,33.23443,71.51507,2.87,309.83,60.0,2026-08-28T21:33:00Z,VIIRS
FIRMS_4354C1BA,33.24416,71.29903,4.38,315.28,60.0,2026-08-28T21:33:00Z,VIIRS
FIRMS_B63DD6AC,33.29671,71.18774,3.28,310.92,60.0,2026-08-28T21:33:00Z,VIIRS
FIRMS_47BD976B,34.84531,73.12538,1.3,298.62,60.0,2026-08-28T21:33:00Z,VIIRS
FIRMS_63EAFDF0,24.66053,74.63365,1.34,302.81,60.0,2026-08-28T21:36:00Z,VIIRS
FIRMS_63B4EB90,25.94091,72.19165,2.14,311.26,60.0,2026-08-28T21:36:00Z,VIIRS
FIRMS_403E7ADE,28.42477,69.69869,1.06,313.81,60.0,2026-08-28T21:36:00Z,VIIRS
FIRMS_E9B116BD,28.42534,69.70181,1.63,313.98,60.0,2026-08-28T21:36:00Z,VIIRS
FIRMS_A3A92795,20.9107,71.46196,2.89,305.7,60.0,2026-08-28T21:38:00Z,VIIRS
FIRMS_0F075EBD,21.10043,72.63733,1.2,305.36,60.0,2026-08-28T21:38:00Z,VIIRS
FIRMS_E5319271,21.1034,72.64882,0.74,301.14,60.0,2026-08-28T21:38:00Z,VIIRS
FIRMS_5F5276A5,21.84742,97.18694,3.89,334.06,60.0,2026-08-29T07:07:00Z,VIIRS
FIRMS_9D9687EB,22.37586,87.27822,4.74,331.92,60.0,2026-08-29T07:07:00Z,VIIRS
FIRMS_57E08AA4,22.37665,87.28234,4.74,332.05,60.0,2026-08-29T07:07:00Z,VIIRS
FIRMS_D39631C4,23.74449,90.5308,3.85,337.63,30.0,2026-08-29T07:07:00Z,VIIRS
FIRMS_C026052C,23.55899,87.24026,2.57,330.62,60.0,2026-08-29T07:09:00Z,VIIRS
FIRMS_3D346FCC,24.08363,90.3568,6.46,330.71,30.0,2026-08-29T07:09:00Z,VIIRS
FIRMS_CB392859,28.10045,95.53236,2.14,330.43,60.0,2026-08-29T07:09:00Z,VIIRS
FIRMS_70C972BF,29.23654,88.87944,2.4,329.58,60.0,2026-08-29T07:09:00Z,VIIRS
FIRMS_7E958F1A,31.65704,78.40268,4.03,329.09,30.0,2026-08-29T07:12:00Z,VIIRS
FIRMS_FF73132E,7.52567,81.08916,8.15,339.17,60.0,2026-08-29T08:45:00Z,VIIRS
FIRMS_FB763AF6,8.57969,77.66151,3.72,339.99,60.0,2026-08-29T08:45:00Z,VIIRS
FIRMS_1F710B3D,8.60485,77.9724,3.44,339.73,60.0,2026-08-29T08:45:00Z,VIIRS
FIRMS_C2B7E7CF,8.60874,77.96722,2.7,336.02,60.0,2026-08-29T08:45:00Z,VIIRS
FIRMS_442DAD50,8.64795,77.83846,2.82,336.15,60.0,2026-08-29T08:45:00Z,VIIRS
FIRMS_636BAF81,8.65245,77.83784,1.92,330.16,60.0,2026-08-29T08:45:00Z,VIIRS
FIRMS_10D59802,8.74677,78.08665,2.69,332.55,60.0,2026-08-29T08:45:00Z,VIIRS
FIRMS_074B598E,9.38294,80.44886,5.38,345.5,60.0,2026-08-29T08:45:00Z,VIIRS
FIRMS_485DD756,9.38339,80.4523,4.82,329.01,60.0,2026-08-29T08:45:00Z,VIIRS
FIRMS_797503A6,9.41203,80.44762,3.19,328.29,60.0,2026-08-29T08:45:00Z,VIIRS
FIRMS_4BB8A0D0,9.41747,80.44695,3.19,343.39,60.0,2026-08-29T08:45:00Z,VIIRS
FIRMS_508F98F6,9.50563,77.60714,4.45,335.3,60.0,2026-08-29T08:45:00Z,VIIRS
FIRMS_E4212117,10.93459,78.47301,5.59,337.47,60.0,2026-08-29T08:45:00Z,VIIRS
FIRMS_537E1696,11.74922,79.71774,2.57,333.73,60.0,2026-08-29T08:45:00Z,VIIRS
FIRMS_F7FFBD25,11.83292,79.64937,2.65,332.56,60.0,2026-08-29T08:45:00Z,VIIRS
FIRMS_368332D7,12.17967,79.73842,7.67,344.66,60.0,2026-08-29T08:45:00Z,VIIRS
FIRMS_F0E780B8,13.51015,78.18242,6.93,335.03,60.0,2026-08-29T08:48:00Z,VIIRS
FIRMS_DDEC4E38,14.14709,77.40031,1.36,330.17,60.0,2026-08-29T08:48:00Z,VIIRS
FIRMS_0EFDB9D9,14.20221,79.16484,2.54,336.34,60.0,2026-08-29T08:48:00Z,VIIRS
FIRMS_E740A7F0,14.78831,79.94443,6.21,332.64,60.0,2026-08-29T08:48:00Z,VIIRS
FIRMS_321695DB,15.46434,80.16425,5.8,349.37,60.0,2026-08-29T08:48:00Z,VIIRS
FIRMS_12D8A934,15.47011,80.16361,5.8,333.26,60.0,2026-08-29T08:48:00Z,VIIRS
FIRMS_B9226F6E,16.22416,80.35689,3.15,334.08,60.0,2026-08-29T08:48:00Z,VIIRS
FIRMS_51CB98E8,16.34823,78.444,3.06,337.73,60.0,2026-08-29T08:48:00Z,VIIRS
FIRMS_8C97C1B7,24.95683,68.29113,2.12,330.06,30.0,2026-08-29T08:50:00Z,VIIRS
FIRMS_CBA46B90,25.38717,68.58321,2.16,337.92,60.0,2026-08-29T08:50:00Z,VIIRS
FIRMS_2730D549,27.31574,72.3643,3.5,338.67,60.0,2026-08-29T08:52:00Z,VIIRS
FIRMS_A1283F5F,27.62484,69.46795,10.69,340.88,30.0,2026-08-29T08:52:00Z,VIIRS
FIRMS_0BF1D155,27.62835,69.46737,11.26,343.7,30.0,2026-08-29T08:52:00Z,VIIRS
FIRMS_ADC71A05,27.75767,68.69473,20.55,344.79,60.0,2026-08-29T08:52:00Z,VIIRS
FIRMS_E94ADF1A,29.90926,74.9532,6.53,331.09,60.0,2026-08-29T08:52:00Z,VIIRS
FIRMS_080EBBBF,30.46343,71.93924,2.04,331.01,60.0,2026-08-29T08:52:00Z,VIIRS
FIRMS_16DCA130,31.50933,72.26437,4.54,341.2,60.0,2026-08-29T08:52:00Z,VIIRS
FIRMS_E5EE6576,31.93829,72.37972,3.06,336.33,60.0,2026-08-29T08:52:00Z,VIIRS
FIRMS_2FE51663,32.88894,71.61886,2.94,332.63,30.0,2026-08-29T08:52:00Z,VIIRS
FIRMS_235E2432,27.22117,95.34689,1.76,312.89,60.0,2026-08-29T19:36:00Z,VIIRS
FIRMS_23665CEA,27.37603,95.33333,1.99,305.91,60.0,2026-08-29T19:36:00Z,VIIRS
FIRMS_008A0591,27.37836,95.08643,2.62,306.1,60.0,2026-08-29T19:36:00Z,VIIRS
FIRMS_0391BD18,27.37933,95.33401,1.99,331.37,60.0,2026-08-29T19:36:00Z,VIIRS
FIRMS_5FD8188F,27.47018,95.42361,1.89,307.94,60.0,2026-08-29T19:36:00Z,VIIRS
FIRMS_BB8D05A0,21.59176,96.22928,0.81,301.52,60.0,2026-08-29T19:38:00Z,VIIRS
FIRMS_E1CB059E,22.36034,87.01775,0.63,301.87,60.0,2026-08-29T19:38:00Z,VIIRS
FIRMS_D7A2D27D,22.36468,87.01837,0.63,303.34,60.0,2026-08-29T19:38:00Z,VIIRS
FIRMS_04D59994,22.36584,87.30197,0.61,304.37,60.0,2026-08-29T19:38:00Z,VIIRS
FIRMS_DD263A5B,22.37698,87.28178,0.46,298.14,60.0,2026-08-29T19:38:00Z,VIIRS
FIRMS_DA33AF98,22.37749,87.27749,0.46,301.79,60.0,2026-08-29T19:38:00Z,VIIRS
FIRMS_D1379B6B,9.75551,77.517,1.86,308.74,60.0,2026-08-29T19:40:00Z,VIIRS
FIRMS_19C32EDB,9.75605,77.51919,1.18,313.12,60.0,2026-08-29T19:40:00Z,VIIRS
FIRMS_B5867049,10.93793,78.46664,1.99,321.14,60.0,2026-08-29T19:40:00Z,VIIRS
FIRMS_1E51F120,10.94446,78.46751,1.99,302.27,60.0,2026-08-29T19:40:00Z,VIIRS
FIRMS_27EDC6A7,7.43697,81.32012,0.33,295.42,60.0,2026-08-29T19:42:00Z,VIIRS
FIRMS_A0FE977C,35.22365,72.93259,0.66,298.49,60.0,2026-08-29T21:14:00Z,VIIRS
FIRMS_2A49D2D9,26.8731,73.51817,1.12,306.91,60.0,2026-08-29T21:16:00Z,VIIRS
FIRMS_820F7A1D,26.87508,73.5155,1.58,307.67,60.0,2026-08-29T21:16:00Z,VIIRS
FIRMS_EFA75A46,28.37428,77.22549,1.03,303.85,60.0,2026-08-29T21:16:00Z,VIIRS
FIRMS_89F9E76D,28.42461,69.70064,1.83,327.1,60.0,2026-08-29T21:16:00Z,VIIRS
FIRMS_5E12DA37,29.12339,75.77961,1.65,313.16,60.0,2026-08-29T21:16:00Z,VIIRS
FIRMS_D487EF3E,29.45932,76.89091,4.63,330.32,60.0,2026-08-29T21:16:00Z,VIIRS
FIRMS_D3DF2640,31.76838,70.1084,2.61,314.19,60.0,2026-08-29T21:16:00Z,VIIRS
FIRMS_D441F5CB,32.08598,74.16589,0.84,308.49,60.0,2026-08-29T21:16:00Z,VIIRS
FIRMS_7BA514A3,32.08685,74.16118,0.89,310.53,60.0,2026-08-29T21:16:00Z,VIIRS
FIRMS_5CACCB30,32.29058,70.73904,3.05,314.07,60.0,2026-08-29T21:16:00Z,VIIRS
FIRMS_B63BF940,32.57529,72.56393,2.59,313.33,60.0,2026-08-29T21:16:00Z,VIIRS
FIRMS_3BB8F070,33.23603,71.51531,1.67,310.32,60.0,2026-08-29T21:16:00Z,VIIRS
FIRMS_7E1851A6,33.40789,71.94046,2.04,309.3,60.0,2026-08-29T21:16:00Z,VIIRS
FIRMS_D4F67121,33.54621,71.55232,0.76,307.93,60.0,2026-08-29T21:16:00Z,VIIRS
FIRMS_A1E04365,20.86841,71.39706,2.52,303.07,60.0,2026-08-29T21:18:00Z,VIIRS
FIRMS_8B9B04DD,24.66208,74.63699,0.36,297.67,60.0,2026-08-29T21:18:00Z,VIIRS
FIRMS_BE3DB8D8,24.66288,74.63297,0.45,297.52,60.0,2026-08-29T21:18:00Z,VIIRS
FIRMS_73A6E1EE,24.69089,73.00126,0.74,300.42,60.0,2026-08-29T21:18:00Z,VIIRS
FIRMS_6CE491EF,24.82164,73.09422,0.53,296.48,60.0,2026-08-29T21:18:00Z,VIIRS
FIRMS_AF75A485,25.94332,72.19199,0.98,305.54,60.0,2026-08-29T21:18:00Z,VIIRS
FIRMS_68E861BC,12.07226,78.52171,1.07,302.25,60.0,2026-08-29T21:21:00Z,VIIRS
FIRMS_EB8952AF,12.49513,76.73359,0.38,298.77,60.0,2026-08-29T21:21:00Z,VIIRS
FIRMS_914AACE2,13.03323,77.87466,0.36,295.27,60.0,2026-08-29T21:21:00Z,VIIRS
FIRMS_D208288F,18.68072,73.03546,1.16,301.74,60.0,2026-08-29T21:21:00Z,VIIRS
FIRMS_8A6A8898,18.68258,73.03453,1.27,301.67,60.0,2026-08-29T21:21:00Z,VIIRS
FIRMS_D793FCED,18.68334,73.03059,1.66,312.61,60.0,2026-08-29T21:21:00Z,VIIRS
FIRMS_2BD6BA19,18.68747,73.03146,1.66,301.4,60.0,2026-08-29T21:21:00Z,VIIRS
FIRMS_577DE12E,18.77881,73.74908,0.99,300.74,60.0,2026-08-29T21:21:00Z,VIIRS
FIRMS_E2390E56,9.75523,77.51794,2.38,313.52,60.0,2026-08-29T21:23:00Z,VIIRS
FIRMS_B893BA0C,10.94256,78.46865,2.26,309.17,60.0,2026-08-29T21:23:00Z,VIIRS
FIRMS_AE13B02A,27.98973,94.2222,18.02,336.75,60.0,2026-08-30T06:52:00Z,VIIRS
FIRMS_464CBB26,29.55473,90.99751,4.5,325.18,30.0,2026-08-30T06:52:00Z,VIIRS
FIRMS_C265DA12,29.55749,90.99095,5.61,328.38,60.0,2026-08-30T06:52:00Z,VIIRS
FIRMS_BCC36F1E,29.65337,90.98225,3.42,327.32,60.0,2026-08-30T06:52:00Z,VIIRS
FIRMS_7A72DF84,6.24721,80.86079,2.37,335.72,60.0,2026-08-30T08:26:00Z,VIIRS
FIRMS_2E90306D,6.26749,81.05721,13.47,334.91,60.0,2026-08-30T08:26:00Z,VIIRS
FIRMS_9348ABE2,6.45618,81.09254,7.3,345.43,60.0,2026-08-30T08:26:00Z,VIIRS
FIRMS_C876B6FC,6.45692,81.09754,19.19,349.51,60.0,2026-08-30T08:26:00Z,VIIRS
FIRMS_CE1619A1,6.45926,81.09015,8.32,346.16,60.0,2026-08-30T08:26:00Z,VIIRS
FIRMS_0F1D889C,6.45996,81.09512,8.32,348.18,60.0,2026-08-30T08:26:00Z,VIIRS
FIRMS_06296C16,6.46012,81.09199,7.3,341.66,60.0,2026-08-30T08:26:00Z,VIIRS
FIRMS_0AF371B7,6.55183,80.87236,11.61,346.14,60.0,2026-08-30T08:26:00Z,VIIRS
FIRMS_CC83315B,6.55189,80.87561,8.33,334.36,60.0,2026-08-30T08:26:00Z,VIIRS
FIRMS_EFA70BFC,6.56987,81.05585,39.3,349.19,60.0,2026-08-30T08:26:00Z,VIIRS
FIRMS_4D6AE1E4,6.57044,81.05381,18.25,336.92,60.0,2026-08-30T08:26:00Z,VIIRS
FIRMS_D6F34B36,6.57118,81.0588,18.25,337.67,60.0,2026-08-30T08:26:00Z,VIIRS
FIRMS_F165C13E,6.71188,81.53472,3.03,341.78,60.0,2026-08-30T08:26:00Z,VIIRS
FIRMS_0F6851D9,6.72053,81.5371,5.65,342.87,60.0,2026-08-30T08:26:00Z,VIIRS
FIRMS_C4906093,6.72105,81.5407,5.65,343.31,60.0,2026-08-30T08:26:00Z,VIIRS
FIRMS_8B1424C9,6.72933,81.16361,4.87,339.18,60.0,2026-08-30T08:26:00Z,VIIRS
FIRMS_EFBE23A9,6.7333,81.16302,19.5,349.54,60.0,2026-08-30T08:26:00Z,VIIRS
FIRMS_31A5141F,6.7412,81.50845,4.05,342.02,60.0,2026-08-30T08:26:00Z,VIIRS
FIRMS_C9637837,6.74123,81.50769,3.86,340.69,60.0,2026-08-30T08:26:00Z,VIIRS
FIRMS_FBF06E82,6.74882,81.53226,3.11,335.77,30.0,2026-08-30T08:26:00Z,VIIRS
FIRMS_5D6A2ACC,6.74896,81.53299,3.24,336.66,60.0,2026-08-30T08:26:00Z,VIIRS
FIRMS_2ADF51A1,6.77788,81.78619,4.91,338.04,60.0,2026-08-30T08:26:00Z,VIIRS
FIRMS_5E3337E3,6.7977,81.55489,6.68,349.29,60.0,2026-08-30T08:26:00Z,VIIRS
FIRMS_DBF7E070,6.81451,81.55614,3.16,340.43,60.0,2026-08-30T08:26:00Z,VIIRS
FIRMS_C3044C86,6.81849,81.5262,2.63,339.07,60.0,2026-08-30T08:26:00Z,VIIRS
FIRMS_97C0DA7B,6.863,81.43449,3.02,332.96,60.0,2026-08-30T08:26:00Z,VIIRS
FIRMS_AEF3E40F,6.89576,81.66621,3.31,331.54,30.0,2026-08-30T08:26:00Z,VIIRS
FIRMS_80B15F36,6.96385,81.61536,6.91,336.56,60.0,2026-08-30T08:26:00Z,VIIRS
FIRMS_75B3BB60,7.01565,81.40194,3.69,344.36,60.0,2026-08-30T08:26:00Z,VIIRS
FIRMS_5A627902,7.01929,81.60059,2.25,332.84,60.0,2026-08-30T08:26:00Z,VIIRS
FIRMS_EDA755AA,7.10918,81.68468,4.05,335.1,30.0,2026-08-30T08:26:00Z,VIIRS
FIRMS_4EB3CABD,7.13256,81.41004,2.12,330.14,60.0,2026-08-30T08:26:00Z,VIIRS
FIRMS_36057D8C,7.21619,81.59032,5.44,337.99,60.0,2026-08-30T08:26:00Z,VIIRS
FIRMS_2B46FD70,7.27317,81.1773,2.91,330.44,30.0,2026-08-30T08:26:00Z,VIIRS
FIRMS_056919BD,7.27678,81.14547,4.38,337.26,60.0,2026-08-30T08:26:00Z,VIIRS
FIRMS_C916F066,7.27753,81.15067,4.38,337.79,60.0,2026-08-30T08:26:00Z,VIIRS
FIRMS_E4B1F9D8,7.27994,81.59621,5.24,340.82,60.0,2026-08-30T08:26:00Z,VIIRS
FIRMS_937B69A0,7.29368,81.80795,2.34,332.54,30.0,2026-08-30T08:26:00Z,VIIRS
FIRMS_E7D4D715,7.31546,81.10326,6.49,334.42,30.0,2026-08-30T08:26:00Z,VIIRS
FIRMS_08B8C78C,7.31621,81.10839,9.05,336.91,60.0,2026-08-30T08:26:00Z,VIIRS
FIRMS_FD1A1802,7.31681,81.76224,5.41,344.78,60.0,2026-08-30T08:26:00Z,VIIRS
FIRMS_C08B99A3,7.32021,81.10786,2.2,336.09,60.0,2026-08-30T08:26:00Z,VIIRS
FIRMS_7DBCEC69,7.32289,81.80387,2.59,340.57,60.0,2026-08-30T08:26:00Z,VIIRS
FIRMS_1E546A87,7.3236,81.80315,2.14,331.97,30.0,2026-08-30T08:26:00Z,VIIRS
FIRMS_1DF33963,7.32474,81.2229,5.09,344.58,60.0,2026-08-30T08:26:00Z,VIIRS
FIRMS_2476B04F,7.33473,81.20717,10.19,357.22,60.0,2026-08-30T08:26:00Z,VIIRS
FIRMS_2E156715,7.34377,81.73465,3.47,336.86,60.0,2026-08-30T08:26:00Z,VIIRS
FIRMS_461B206A,7.35118,81.19792,3.8,336.49,30.0,2026-08-30T08:26:00Z,VIIRS
FIRMS_4D747573,7.35132,81.81868,2.2,335.23,60.0,2026-08-30T08:26:00Z,VIIRS
FIRMS_F086B855,7.35166,81.2014,3.8,348.5,60.0,2026-08-30T08:26:00Z,VIIRS
FIRMS_2E55F50C,7.35215,81.2049,6.09,344.63,60.0,2026-08-30T08:26:00Z,VIIRS
FIRMS_EC6E5FCF,7.35264,81.2084,6.09,348.0,60.0,2026-08-30T08:26:00Z,VIIRS
FIRMS_82C132CD,7.35635,81.76369,4.46,340.63,60.0,2026-08-30T08:26:00Z,VIIRS
FIRMS_86E312D5,7.36431,81.55346,4.19,330.83,30.0,2026-08-30T08:26:00Z,VIIRS
FIRMS_C6B5C8DC,7.36655,81.24904,19.27,343.12,60.0,2026-08-30T08:26:00Z,VIIRS
FIRMS_FB935185,7.36683,81.77773,5.08,338.06,60.0,2026-08-30T08:26:00Z,VIIRS
FIRMS_0AF9892D,7.36748,81.57545,2.71,332.45,30.0,2026-08-30T08:26:00Z,VIIRS
FIRMS_6C50443C,7.37411,81.56326,5.71,342.4,60.0,2026-08-30T08:26:00Z,VIIRS
FIRMS_C8FDE1B1,7.37766,81.24046,3.11,336.16,30.0,2026-08-30T08:26:00Z,VIIRS
FIRMS_92261B07,7.37768,81.55894,3.86,331.05,30.0,2026-08-30T08:26:00Z,VIIRS
FIRMS_6954D578,7.3884,81.54617,4.46,340.43,60.0,2026-08-30T08:26:00Z,VIIRS
FIRMS_3D789AB0,7.38893,81.54981,4.08,338.13,60.0,2026-08-30T08:26:00Z,VIIRS
FIRMS_C386BDA8,7.39143,81.54616,4.74,342.88,60.0,2026-08-30T08:26:00Z,VIIRS
FIRMS_7A46C030,7.39302,81.54917,5.04,343.05,60.0,2026-08-30T08:26:00Z,VIIRS
FIRMS_BCF4A860,7.39604,81.54919,8.59,349.53,60.0,2026-08-30T08:26:00Z,VIIRS
FIRMS_03D58303,7.39712,81.54854,5.04,336.74,60.0,2026-08-30T08:26:00Z,VIIRS
FIRMS_DF0833FE,7.4049,81.77624,3.36,342.42,60.0,2026-08-30T08:26:00Z,VIIRS
FIRMS_0794B248,7.4156,81.56924,2.32,341.29,60.0,2026-08-30T08:26:00Z,VIIRS
FIRMS_1F12B86E,7.43686,81.39532,4.3,337.73,60.0,2026-08-30T08:26:00Z,VIIRS
FIRMS_CD9B8433,7.43925,81.32561,4.43,340.99,60.0,2026-08-30T08:26:00Z,VIIRS
FIRMS_81486878,7.45403,81.34198,4.67,340.72,60.0,2026-08-30T08:26:00Z,VIIRS
FIRMS_0E265537,7.4743,81.05003,3.44,337.26,60.0,2026-08-30T08:26:00Z,VIIRS
FIRMS_5F0C192E,7.48906,81.38728,3.0,338.59,60.0,2026-08-30T08:26:00Z,VIIRS
FIRMS_17F7EBA8,7.51956,81.30991,2.27,334.71,30.0,2026-08-30T08:26:00Z,VIIRS
FIRMS_CE119A65,7.61757,81.15485,15.47,356.38,60.0,2026-08-30T08:26:00Z,VIIRS
FIRMS_2FC96554,7.61807,81.15833,34.65,367.0,90.0,2026-08-30T08:26:00Z,VIIRS
FIRMS_ED2603A1,7.62159,81.15429,15.47,335.61,60.0,2026-08-30T08:26:00Z,VIIRS
FIRMS_0D170A2D,7.67645,81.44918,6.52,347.74,60.0,2026-08-30T08:26:00Z,VIIRS
FIRMS_D2145094,7.69219,81.52925,2.33,336.39,60.0,2026-08-30T08:26:00Z,VIIRS
FIRMS_53A64E72,7.78376,81.21587,9.22,341.02,60.0,2026-08-30T08:26:00Z,VIIRS
FIRMS_304B3E5C,7.78425,81.21941,7.08,334.77,60.0,2026-08-30T08:26:00Z,VIIRS
FIRMS_EB19B992,7.80813,81.45168,4.97,339.35,60.0,2026-08-30T08:26:00Z,VIIRS
FIRMS_4B5D6F7D,7.80942,81.45202,4.33,342.3,60.0,2026-08-30T08:26:00Z,VIIRS
FIRMS_A6B60E2F,7.81643,81.36108,7.87,338.02,30.0,2026-08-30T08:26:00Z,VIIRS
FIRMS_D080CD56,7.87288,81.46512,4.66,336.09,30.0,2026-08-30T08:26:00Z,VIIRS
FIRMS_7A36A5D3,7.87428,81.41622,9.46,347.81,60.0,2026-08-30T08:26:00Z,VIIRS
FIRMS_8A8ACD85,8.60875,77.83811,2.3,330.12,60.0,2026-08-30T08:26:00Z,VIIRS
FIRMS_5EBD28BA,8.78732,78.01003,4.32,339.42,60.0,2026-08-30T08:28:00Z,VIIRS
FIRMS_B058A4A1,8.80542,78.10815,2.62,335.36,60.0,2026-08-30T08:28:00Z,VIIRS
FIRMS_3F5B7CEC,8.88687,77.78855,3.0,336.67,60.0,2026-08-30T08:28:00Z,VIIRS
FIRMS_CB7DF347,8.91,77.59529,1.37,335.65,60.0,2026-08-30T08:28:00Z,VIIRS
FIRMS_6274D7DA,8.93239,77.96133,2.9,333.2,60.0,2026-08-30T08:28:00Z,VIIRS
FIRMS_910A8807,8.93294,77.9651,2.9,349.29,60.0,2026-08-30T08:28:00Z,VIIRS
FIRMS_084AD65F,9.11369,77.77237,1.37,334.29,60.0,2026-08-30T08:28:00Z,VIIRS
FIRMS_E2920E6F,9.15121,78.32916,1.56,331.35,60.0,2026-08-30T08:28:00Z,VIIRS
FIRMS_373E9768,9.32007,77.4914,2.53,333.17,60.0,2026-08-30T08:28:00Z,VIIRS
FIRMS_2A733E99,9.40266,80.43048,4.05,328.22,60.0,2026-08-30T08:28:00Z,VIIRS
FIRMS_C2FB4B51,9.42778,80.38101,1.83,331.15,60.0,2026-08-30T08:28:00Z,VIIRS
FIRMS_115AEA80,9.44417,77.66956,5.42,357.05,60.0,2026-08-30T08:28:00Z,VIIRS
FIRMS_FC4F3EA5,9.44472,77.67329,5.42,339.12,60.0,2026-08-30T08:28:00Z,VIIRS
FIRMS_BD97E355,9.49209,77.66238,7.59,342.98,60.0,2026-08-30T08:28:00Z,VIIRS
FIRMS_CD6B6F15,9.51278,78.066,10.29,343.56,60.0,2026-08-30T08:28:00Z,VIIRS
FIRMS_07C7B618,9.82619,77.39869,1.05,331.44,30.0,2026-08-30T08:28:00Z,VIIRS
FIRMS_D190A184,9.86126,78.18573,4.18,338.34,60.0,2026-08-30T08:28:00Z,VIIRS
FIRMS_429AEBAF,9.87797,78.03197,1.97,336.6,60.0,2026-08-30T08:28:00Z,VIIRS
FIRMS_37DAF64C,10.00316,76.4542,0.94,333.81,60.0,2026-08-30T08:28:00Z,VIIRS
FIRMS_01ACBF5E,11.80984,77.21425,61.33,335.6,60.0,2026-08-30T08:28:00Z,VIIRS
FIRMS_CAD0E1EF,12.07999,76.99017,3.7,338.02,60.0,2026-08-30T08:28:00Z,VIIRS
FIRMS_B148AB8A,12.48661,76.3177,3.61,336.89,60.0,2026-08-30T08:28:00Z,VIIRS
FIRMS_EB2E3E0A,12.81456,78.60983,2.64,333.07,60.0,2026-08-30T08:28:00Z,VIIRS
FIRMS_487297DA,13.9402,78.66064,2.81,331.18,60.0,2026-08-30T08:28:00Z,VIIRS
FIRMS_D56350D2,13.99587,79.86121,3.16,330.58,60.0,2026-08-30T08:28:00Z,VIIRS
FIRMS_2003BF2D,14.18999,77.3446,3.06,342.86,60.0,2026-08-30T08:28:00Z,VIIRS
FIRMS_F9584330,14.29174,77.98407,3.76,337.34,60.0,2026-08-30T08:28:00Z,VIIRS
FIRMS_453560E5,14.3499,77.63499,3.47,335.71,60.0,2026-08-30T08:28:00Z,VIIRS
FIRMS_C802465D,14.4991,79.69765,1.87,330.15,60.0,2026-08-30T08:28:00Z,VIIRS
FIRMS_09960F1B,14.50312,79.69711,1.54,336.85,60.0,2026-08-30T08:28:00Z,VIIRS
FIRMS_9EC62718,14.67836,76.89172,2.11,333.67,60.0,2026-08-30T08:28:00Z,VIIRS
FIRMS_A74E5A4B,14.69206,79.62556,2.12,331.61,60.0,2026-08-30T08:28:00Z,VIIRS
FIRMS_B21725C6,14.71446,79.98879,7.26,342.4,60.0,2026-08-30T08:28:00Z,VIIRS
FIRMS_7FFCAEF1,14.84624,78.37249,2.01,332.45,60.0,2026-08-30T08:28:00Z,VIIRS
FIRMS_99CC4385,15.43925,77.664,2.43,333.31,60.0,2026-08-30T08:28:00Z,VIIRS
FIRMS_8171FD34,15.93384,79.5267,4.06,343.13,60.0,2026-08-30T08:28:00Z,VIIRS
FIRMS_A5C246A0,19.7772,73.79005,2.03,333.97,60.0,2026-08-30T08:30:00Z,VIIRS
FIRMS_6DA56D1B,21.17639,74.58324,1.91,334.94,60.0,2026-08-30T08:30:00Z,VIIRS
FIRMS_C94B2B81,30.02923,71.74337,0.57,332.13,30.0,2026-08-30T08:35:00Z,VIIRS
FIRMS_BE244AAD,30.08648,71.7243,1.66,334.33,60.0,2026-08-30T08:35:00Z,VIIRS
FIRMS_4216D87A,30.11638,73.26059,3.03,335.4,30.0,2026-08-30T08:35:00Z,VIIRS
FIRMS_F5E59298,30.11697,73.26498,5.74,336.37,60.0,2026-08-30T08:35:00Z,VIIRS
FIRMS_DEF615FD,30.16407,74.51582,3.35,331.57,30.0,2026-08-30T08:35:00Z,VIIRS
FIRMS_414AC964,30.35123,73.65195,1.82,334.44,60.0,2026-08-30T08:35:00Z,VIIRS
FIRMS_20C38C82,30.51386,73.90864,2.87,335.57,60.0,2026-08-30T08:35:00Z,VIIRS
FIRMS_ED8B3C5F,31.10913,74.49384,9.69,345.2,60.0,2026-08-30T08:35:00Z,VIIRS
FIRMS_AF421E22,31.12675,74.30208,4.14,342.96,60.0,2026-08-30T08:35:00Z,VIIRS
FIRMS_B07F504B,31.2082,73.91856,3.87,337.22,60.0,2026-08-30T08:35:00Z,VIIRS
FIRMS_A3CC5CC9,31.2118,73.91795,2.3,331.16,60.0,2026-08-30T08:35:00Z,VIIRS
FIRMS_C186B2E9,31.39489,72.12487,1.87,333.23,60.0,2026-08-30T08:35:00Z,VIIRS
FIRMS_A706B219,31.4235,72.12935,3.19,331.22,60.0,2026-08-30T08:35:00Z,VIIRS
FIRMS_5F7E18C7,31.46879,72.1555,3.6,335.84,60.0,2026-08-30T08:35:00Z,VIIRS
FIRMS_F80FB6DB,31.56918,72.22474,2.25,334.87,60.0,2026-08-30T08:35:00Z,VIIRS
FIRMS_A78DFCAA,31.56943,72.27724,1.98,340.52,60.0,2026-08-30T08:35:00Z,VIIRS
FIRMS_DBD2F669,31.58139,72.28816,2.12,337.8,60.0,2026-08-30T08:35:00Z,VIIRS
FIRMS_78C6018D,32.05318,73.38254,3.08,337.5,60.0,2026-08-30T08:35:00Z,VIIRS
FIRMS_76C497BB,32.09223,73.23719,2.2,330.89,60.0,2026-08-30T08:35:00Z,VIIRS
FIRMS_197A9F13,32.30693,73.28819,3.64,337.47,60.0,2026-08-30T08:35:00Z,VIIRS
FIRMS_FF3A62CE,32.8883,71.61584,1.77,331.99,30.0,2026-08-30T08:35:00Z,VIIRS
FIRMS_A6204725,33.58202,69.2417,3.52,340.44,30.0,2026-08-30T08:35:00Z,VIIRS
FIRMS_B4354EAE,33.84936,72.20547,3.38,340.8,60.0,2026-08-30T08:35:00Z,VIIRS
FIRMS_C16E7822,7.13631,81.13902,1.72,296.16,60.0,2026-08-30T19:21:00Z,VIIRS
FIRMS_8E9F7ADE,7.14013,81.1341,3.59,297.7,60.0,2026-08-30T19:21:00Z,VIIRS
FIRMS_B1F944FF,7.28379,81.16539,1.34,304.2,60.0,2026-08-30T19:21:00Z,VIIRS
FIRMS_E519B42C,7.6078,81.15397,0.82,303.16,60.0,2026-08-30T19:21:00Z,VIIRS
FIRMS_ED8EC429,8.86712,81.02701,1.75,309.61,60.0,2026-08-30T19:21:00Z,VIIRS
FIRMS_45C4675A,8.86843,81.02491,2.71,316.5,60.0,2026-08-30T19:21:00Z,VIIRS
FIRMS_3E801B30,31.61482,74.37532,0.61,311.52,60.0,2026-08-30T20:55:00Z,VIIRS
FIRMS_E6ABD09E,31.64126,74.42704,0.49,308.12,60.0,2026-08-30T20:55:00Z,VIIRS
FIRMS_A68B7156,31.769,70.10805,4.57,312.33,60.0,2026-08-30T20:55:00Z,VIIRS
FIRMS_E83C2B30,32.0868,74.16059,2.11,315.49,60.0,2026-08-30T20:55:00Z,VIIRS
FIRMS_2AF9B9D1,32.08741,74.15643,0.65,308.49,60.0,2026-08-30T20:55:00Z,VIIRS
FIRMS_180F9624,32.13232,74.17843,0.79,312.92,60.0,2026-08-30T20:55:00Z,VIIRS
FIRMS_A5745789,32.57351,72.56357,4.1,309.26,60.0,2026-08-30T20:55:00Z,VIIRS
FIRMS_F7D4E4C5,32.64409,72.9769,1.59,307.1,60.0,2026-08-30T20:55:00Z,VIIRS
FIRMS_1D8CC208,32.88999,71.6175,3.33,308.91,60.0,2026-08-30T20:55:00Z,VIIRS
FIRMS_8D1D1F48,33.29611,71.18341,0.8,310.8,60.0,2026-08-30T20:55:00Z,VIIRS
FIRMS_6161A846,33.29622,71.18803,1.09,306.97,60.0,2026-08-30T20:55:00Z,VIIRS
FIRMS_D18FADD8,24.68952,73.00175,1.08,308.21,60.0,2026-08-30T20:57:00Z,VIIRS
FIRMS_56D87EB9,25.9433,72.19072,2.98,329.62,60.0,2026-08-30T20:57:00Z,VIIRS
FIRMS_033CDFAB,25.94431,72.19051,2.14,325.37,60.0,2026-08-30T20:57:00Z,VIIRS
FIRMS_393F8949,26.09499,68.87773,0.92,305.36,60.0,2026-08-30T20:57:00Z,VIIRS
FIRMS_B421F10E,26.60605,73.68385,0.71,305.13,60.0,2026-08-30T20:57:00Z,VIIRS
FIRMS_1D7353C9,26.87274,73.51597,1.35,306.77,60.0,2026-08-30T20:57:00Z,VIIRS
FIRMS_5CA43C2A,26.87605,73.51661,1.26,309.34,60.0,2026-08-30T20:57:00Z,VIIRS
FIRMS_44E9A802,26.87664,73.51275,1.39,304.99,60.0,2026-08-30T20:57:00Z,VIIRS
FIRMS_728B3DFA,27.66868,76.13271,0.32,296.11,60.0,2026-08-30T20:57:00Z,VIIRS
FIRMS_C7CC644B,27.66938,76.12862,0.32,299.11,60.0,2026-08-30T20:57:00Z,VIIRS
FIRMS_0FE6A3A2,28.35198,70.13081,0.75,307.1,60.0,2026-08-30T20:57:00Z,VIIRS
FIRMS_0FF2B7FA,28.42588,69.698,1.83,310.32,60.0,2026-08-30T20:57:00Z,VIIRS
FIRMS_E8957ED8,28.74306,76.92912,1.91,316.04,60.0,2026-08-30T20:57:00Z,VIIRS
FIRMS_39A6F663,29.45914,76.89161,3.18,316.03,60.0,2026-08-30T20:57:00Z,VIIRS
FIRMS_8217523B,29.4759,76.85623,2.28,311.77,60.0,2026-08-30T20:57:00Z,VIIRS
FIRMS_9AF0BF7F,18.54634,74.25378,1.13,311.92,60.0,2026-08-30T20:59:00Z,VIIRS
FIRMS_F47A917C,18.68969,73.04101,1.57,304.97,60.0,2026-08-30T20:59:00Z,VIIRS
FIRMS_DCEAF6BA,18.69302,73.0416,3.62,319.89,60.0,2026-08-30T20:59:00Z,VIIRS
FIRMS_AAECEB22,19.93695,73.71136,2.32,323.05,60.0,2026-08-30T20:59:00Z,VIIRS
FIRMS_097D17C9,20.35619,72.94963,1.84,305.96,60.0,2026-08-30T20:59:00Z,VIIRS
FIRMS_55307A6D,21.10102,72.63954,0.49,295.93,60.0,2026-08-30T20:59:00Z,VIIRS
FIRMS_6B58A622,21.1016,72.63586,1.65,315.23,60.0,2026-08-30T20:59:00Z,VIIRS
FIRMS_D911C6C0,21.26307,72.94081,2.1,312.03,60.0,2026-08-30T20:59:00Z,VIIRS
FIRMS_27DD7D6D,21.79665,72.08905,1.45,308.36,60.0,2026-08-30T20:59:00Z,VIIRS
FIRMS_CA03CEF0,9.67002,77.45597,0.77,297.92,60.0,2026-08-30T21:01:00Z,VIIRS
FIRMS_C69C204B,11.62482,79.08276,0.94,304.91,60.0,2026-08-30T21:01:00Z,VIIRS
FIRMS_6A3C104A,13.71089,79.62021,1.05,304.97,60.0,2026-08-30T21:01:00Z,VIIRS
FIRMS_109E53CF,13.82755,79.33979,0.49,302.83,60.0,2026-08-30T21:01:00Z,VIIRS
FIRMS_ED1CF745,13.82812,79.33691,0.49,305.97,60.0,2026-08-30T21:01:00Z,VIIRS
FIRMS_697DB4F5,13.82816,79.33921,0.64,305.91,60.0,2026-08-30T21:01:00Z,VIIRS
FIRMS_58DA73A7,13.82868,79.33408,0.73,302.13,60.0,2026-08-30T21:01:00Z,VIIRS
FIRMS_2E45A823,13.82871,79.33633,0.64,304.76,60.0,2026-08-30T21:01:00Z,VIIRS
FIRMS_04AEF0D8,15.16888,76.67051,0.4,297.02,60.0,2026-08-30T21:01:00Z,VIIRS
FIRMS_519A63DC,15.17345,76.78623,0.79,302.27,60.0,2026-08-30T21:01:00Z,VIIRS
FIRMS_407E663F,15.17362,76.69113,0.52,301.13,60.0,2026-08-30T21:01:00Z,VIIRS
FIRMS_4DAE0938,15.1757,76.65623,3.12,320.74,60.0,2026-08-30T21:01:00Z,VIIRS
FIRMS_78E23624,15.17636,76.67603,2.05,312.47,60.0,2026-08-30T21:01:00Z,VIIRS
FIRMS_FB54D6B6,15.17842,76.66464,1.47,301.31,60.0,2026-08-30T21:01:00Z,VIIRS
FIRMS_7A2ED9D6,15.18182,76.66927,1.46,302.97,60.0,2026-08-30T21:01:00Z,VIIRS
FIRMS_3A843570,15.1825,76.66548,1.46,315.65,60.0,2026-08-30T21:01:00Z,VIIRS
FIRMS_3D3D4728,6.95868,79.95699,1.05,300.79,60.0,2026-08-30T21:04:00Z,VIIRS
